"cenario","ano","variavel","mu","lci","uci"
"J1_C1_ingenuo","1989","B","19944.1399753838","8295.23380199323","87290.5267937819"
"J1_C1_ingenuo","1990","B","20764.8858419273","8391.88237540279","97424.1765192802"
"J1_C1_ingenuo","1991","B","22038.2431168624","9022.01816432975","108888.249009893"
"J1_C1_ingenuo","1992","B","22921.8826097243","9519.2928262258","115405.817184615"
"J1_C1_ingenuo","1993","B","22310.3531627655","8807.1478871068","119576.793366333"
"J1_C1_ingenuo","1994","B","22580.8609327883","9148.45114126539","121386.69221556"
"J1_C1_ingenuo","1995","B","22296.8933487622","9040.65097774162","122646.880316088"
"J1_C1_ingenuo","1996","B","22548.4165270723","9300.36308771929","125123.389988557"
"J1_C1_ingenuo","1997","B","22784.8362369913","9568.95566867441","125851.215996051"
"J1_C1_ingenuo","1998","B","21647.8717027698","8616.0095168938","125640.604515957"
"J1_C1_ingenuo","1999","B","20793.0262720361","7839.56292538553","125451.425330708"
"J1_C1_ingenuo","2000","B","20385.0919270976","7310.39792006555","126232.620480331"
"J1_C1_ingenuo","2001","B","20976.092383133","7493.81839259454","129182.535155946"
"J1_C1_ingenuo","2002","B","21949.3548008774","8206.30583161079","131766.503936407"
"J1_C1_ingenuo","2003","B","21958.3150218825","8127.08835585953","130939.130622271"
"J1_C1_ingenuo","2004","B","22609.2042826038","8349.63666375598","133597.206689397"
"J1_C1_ingenuo","2005","B","23209.5998780973","8638.05696651412","133878.712043142"
"J1_C1_ingenuo","2006","B","22847.9636137372","8444.3893379013","133237.53305354"
"J1_C1_ingenuo","2007","B","21784.5800979333","7718.96014933468","131971.943494055"
"J1_C1_ingenuo","2008","B","20533.5630910166","6620.80234349741","130227.685124483"
"J1_C1_ingenuo","2009","B","19933.1213982703","5909.63433006137","129786.081742131"
"J1_C1_ingenuo","2010","B","19985.8301774734","5706.24894912366","129692.47951218"
"J1_C1_ingenuo","2011","B","20096.4105265784","5490.62771860451","130958.107403293"
"J1_C1_ingenuo","2012","B","19601.1975868623","4796.16970666425","129236.78362835"
"J1_C1_ingenuo","2013","B","18434.8017950164","3491.8374205502","128924.607618211"
"J1_C1_ingenuo","2014","B","18008.082026941","2364.60586713144","128537.250805631"
"J1_C1_ingenuo","2015","B","18587.5516527417","1759.85054509962","128446.364676181"
"J1_C1_ingenuo","2016","B","19698.7917391543","1737.14038066202","129055.758876677"
"J1_C1_ingenuo","2017","B","20251.5098403016","1669.66215694073","129721.176923998"
"J1_C1_ingenuo","2018","B","20605.2266587191","1594.24632050734","129725.734824698"
"J1_C1_ingenuo","2019","B","21051.8641034086","1559.97596227887","129568.542246877"
"J1_C1_ingenuo","2020","B","20729.7654579853","1184.74188477718","127932.041943493"
"J1_C1_ingenuo","2021","B","21079.7103628589","1145.53156789499","126721.4359551"
"J1_C1_ingenuo","2022","B","21475.9624904321","1341.31535054344","126690.725897813"
"J1_C1_ingenuo","2023","B","21922.9340768943","1533.58804771912","128623.084676353"
"J1_C1_ingenuo","2024","B","22440.9622518869","1701.87675759504","129273.601068175"
"J1_C1_ingenuo","2025","B","22702.9666247048","1836.44566784409","129407.444307845"
"J1_C1_ingenuo","1989","F","0.0826805555652248","0.0181559218398576","0.218038781188488"
"J1_C1_ingenuo","1990","F","0.047451415965684","0.00979790375965635","0.131681849339803"
"J1_C1_ingenuo","1991","F","0.0564952710641385","0.0115594001968531","0.152608967711078"
"J1_C1_ingenuo","1992","F","0.0936537827847796","0.0183968296737129","0.253611515456516"
"J1_C1_ingenuo","1993","F","0.0634080420596092","0.0115728917416369","0.176702565907215"
"J1_C1_ingenuo","1994","F","0.0848161255612105","0.0155995766011336","0.227642042477129"
"J1_C1_ingenuo","1995","F","0.0691665109256546","0.0125974035742636","0.187031246961881"
"J1_C1_ingenuo","1996","F","0.0755723097953286","0.0136503860096726","0.200455350774328"
"J1_C1_ingenuo","1997","F","0.126087639960402","0.0229885180314364","0.325371912062779"
"J1_C1_ingenuo","1998","F","0.13493303046645","0.0230740911474052","0.35066003136116"
"J1_C1_ingenuo","1999","F","0.127046580107007","0.0210211756748927","0.344015516201334"
"J1_C1_ingenuo","2000","F","0.0892858879930785","0.0144523866253895","0.259251077377314"
"J1_C1_ingenuo","2001","F","0.064276263431938","0.0104505945065687","0.191192829631631"
"J1_C1_ingenuo","2002","F","0.0988788740513616","0.0166458192871043","0.276503124041252"
"J1_C1_ingenuo","2003","F","0.0817058958317934","0.0133417452287418","0.239276739171922"
"J1_C1_ingenuo","2004","F","0.0755225189450586","0.0127564045724718","0.221143751966482"
"J1_C1_ingenuo","2005","F","0.0926245033858141","0.0154636357175792","0.261975948039166"
"J1_C1_ingenuo","2006","F","0.113440092541394","0.0190448787606844","0.332780848111709"
"J1_C1_ingenuo","2007","F","0.130125133699831","0.0207242043106258","0.399484175324854"
"J1_C1_ingenuo","2008","F","0.115378728975422","0.0179140746659746","0.390619059293675"
"J1_C1_ingenuo","2009","F","0.0892291597305632","0.0134746920677426","0.326558074349305"
"J1_C1_ingenuo","2010","F","0.0879063058357797","0.0133527583065007","0.329295878872972"
"J1_C1_ingenuo","2011","F","0.110012449597142","0.0161675328228226","0.428718589957824"
"J1_C1_ingenuo","2012","F","0.139236413789815","0.0197967582377232","0.590655806220485"
"J1_C1_ingenuo","2013","F","0.121827162036182","0.0171100748668234","0.674621465610376"
"J1_C1_ingenuo","2014","F","0.0807345288155614","0.0108980638577912","0.627872500560744"
"J1_C1_ingenuo","2015","F","0.0358252259908299","0.00493993476535897","0.392859306354713"
"J1_C1_ingenuo","2016","F","0.0336864058294682","0.0047761973381985","0.403770617161792"
"J1_C1_ingenuo","2017","F","0.033339040088669","0.00493080009624667","0.420882738337336"
"J1_C1_ingenuo","2018","F","0.0270806823056379","0.00419225304456513","0.379932387231775"
"J1_C1_ingenuo","2019","F","0.0392791693164784","0.00611720230951147","0.585787649006751"
"J1_C1_ingenuo","2020","F","0.0202144565254582","0.00311669005835417","0.382833025657079"
"J1_C1_ingenuo","2021","F","0.00782109267306526","0.00123995338822397","0.148509955421186"
"J1_C1_ingenuo","2022","F","0.00838037618053909","0.00134108363891042","0.141588160941787"
"J1_C1_ingenuo","2023","F","0.0114530229996229","0.00186985787236306","0.174647625186149"
"J1_C1_ingenuo","2024","F","0.0130861585742463","0.00216437152764866","0.176955280749251"
"J1_C1_ingenuo","2025","F","0.00278247789752059","0.000457638879551099","0.0356861543145746"
"J1_C1_ingenuo","1989","BBmsy","1.24268240646686","0.817527679402669","1.83260335315221"
"J1_C1_ingenuo","1990","BBmsy","1.3252168860853","0.804219637250949","1.87707274619896"
"J1_C1_ingenuo","1991","BBmsy","1.43284975601951","0.846087994341375","1.95432493424839"
"J1_C1_ingenuo","1992","BBmsy","1.50643890119327","0.868996493492936","2.0209405582159"
"J1_C1_ingenuo","1993","BBmsy","1.49184723657568","0.808369045746467","2.00393458745551"
"J1_C1_ingenuo","1994","BBmsy","1.52852937621499","0.820920695850792","2.03372492454539"
"J1_C1_ingenuo","1995","BBmsy","1.5284941468331","0.814701503556768","2.0262216249593"
"J1_C1_ingenuo","1996","BBmsy","1.55440134159455","0.839068783094999","2.05284426628483"
"J1_C1_ingenuo","1997","BBmsy","1.56724666558381","0.865116280343008","2.06943371895851"
"J1_C1_ingenuo","1998","BBmsy","1.49221327632678","0.805679962604109","2.01989560200885"
"J1_C1_ingenuo","1999","BBmsy","1.43457869251017","0.739540016617658","2.01675868690099"
"J1_C1_ingenuo","2000","BBmsy","1.41372093324647","0.692339223436492","2.0127862354666"
"J1_C1_ingenuo","2001","BBmsy","1.47847981346998","0.705212866261539","2.05966713659558"
"J1_C1_ingenuo","2002","BBmsy","1.55504803171538","0.753781910741137","2.11178803309322"
"J1_C1_ingenuo","2003","BBmsy","1.5625674885166","0.741337655877936","2.13066826781717"
"J1_C1_ingenuo","2004","BBmsy","1.60631503165765","0.761325967891115","2.16186939819359"
"J1_C1_ingenuo","2005","BBmsy","1.645593556752","0.782382629153028","2.26542333150218"
"J1_C1_ingenuo","2006","BBmsy","1.6363578312832","0.759624920808625","2.24786371672737"
"J1_C1_ingenuo","2007","BBmsy","1.57797359873613","0.690138315888652","2.18798442347918"
"J1_C1_ingenuo","2008","BBmsy","1.5103469980157","0.598389906031384","2.10236798341985"
"J1_C1_ingenuo","2009","BBmsy","1.47658676134229","0.53056693144897","2.0671200186102"
"J1_C1_ingenuo","2010","BBmsy","1.48117570208323","0.499332557468098","2.07734402279725"
"J1_C1_ingenuo","2011","BBmsy","1.49550675928428","0.476082632049623","2.07608715462516"
"J1_C1_ingenuo","2012","BBmsy","1.46300811519604","0.416484152581735","2.05862213271111"
"J1_C1_ingenuo","2013","BBmsy","1.39400818830048","0.308148111254439","2.02308308692564"
"J1_C1_ingenuo","2014","BBmsy","1.36933538235597","0.22044635746914","2.02872662482058"
"J1_C1_ingenuo","2015","BBmsy","1.40911548154195","0.169969949569133","2.0390902978242"
"J1_C1_ingenuo","2016","BBmsy","1.49787855880333","0.1645084771569","2.07989817670242"
"J1_C1_ingenuo","2017","BBmsy","1.55314477431721","0.156989906085622","2.11158745281296"
"J1_C1_ingenuo","2018","BBmsy","1.58453593850757","0.147242994458941","2.12436486747908"
"J1_C1_ingenuo","2019","BBmsy","1.6064005042558","0.139720075135744","2.12240705964793"
"J1_C1_ingenuo","2020","BBmsy","1.59962828650475","0.108614609817884","2.112918171053"
"J1_C1_ingenuo","2021","BBmsy","1.593769933974","0.101592338027812","2.10713467671593"
"J1_C1_ingenuo","2022","BBmsy","1.6134635687409","0.114807698729094","2.12530664671139"
"J1_C1_ingenuo","2023","BBmsy","1.65298258689694","0.127534090788858","2.13563330606807"
"J1_C1_ingenuo","2024","BBmsy","1.67822171017275","0.137663220656194","2.14141724218051"
"J1_C1_ingenuo","2025","BBmsy","1.70348958600296","0.146665623233057","2.14658183962076"
"J1_C1_ingenuo","1989","FFmsy","0.470189985090107","0.0819489908515606","1.34994305033444"
"J1_C1_ingenuo","1990","FFmsy","0.271021552890032","0.0428974547278658","0.840690119029256"
"J1_C1_ingenuo","1991","FFmsy","0.314473568829294","0.0495509190382964","1.01314754953865"
"J1_C1_ingenuo","1992","FFmsy","0.516220798279396","0.0779573160525104","1.69937198132375"
"J1_C1_ingenuo","1993","FFmsy","0.3494035252564","0.0510235960897937","1.19453239506853"
"J1_C1_ingenuo","1994","FFmsy","0.462819493244031","0.0660277024444762","1.55534223007903"
"J1_C1_ingenuo","1995","FFmsy","0.374767689780823","0.0547340429853129","1.29567651256875"
"J1_C1_ingenuo","1996","FFmsy","0.418011774876826","0.0594641794262446","1.40038328063844"
"J1_C1_ingenuo","1997","FFmsy","0.692065078313789","0.101578524454125","2.21080541719023"
"J1_C1_ingenuo","1998","FFmsy","0.738446502858437","0.101742021478457","2.34586759015839"
"J1_C1_ingenuo","1999","FFmsy","0.684999153398732","0.0919584860842632","2.28544048317224"
"J1_C1_ingenuo","2000","FFmsy","0.487627039390806","0.0620185570532036","1.66726461233129"
"J1_C1_ingenuo","2001","FFmsy","0.34246725838213","0.0464610440402145","1.24262336383783"
"J1_C1_ingenuo","2002","FFmsy","0.51851908542004","0.0743909791969717","1.81659589505121"
"J1_C1_ingenuo","2003","FFmsy","0.423312052466781","0.0596312770953265","1.55312809596128"
"J1_C1_ingenuo","2004","FFmsy","0.394980712592075","0.057857673633705","1.48307746883793"
"J1_C1_ingenuo","2005","FFmsy","0.47659180306194","0.0698627336433149","1.81613944151103"
"J1_C1_ingenuo","2006","FFmsy","0.582262574140711","0.0838257166417193","2.27306749394328"
"J1_C1_ingenuo","2007","FFmsy","0.666569416346849","0.0934191114932205","2.69518445780119"
"J1_C1_ingenuo","2008","FFmsy","0.572030324770181","0.0803083626910279","2.60340233162709"
"J1_C1_ingenuo","2009","FFmsy","0.446686366305451","0.0592086525791988","2.18005563042566"
"J1_C1_ingenuo","2010","FFmsy","0.429811561031659","0.0585825081231079","2.23398998354516"
"J1_C1_ingenuo","2011","FFmsy","0.53023924730739","0.0713401551063051","2.93192134607831"
"J1_C1_ingenuo","2012","FFmsy","0.671738241959219","0.0887643029907757","4.06767789236076"
"J1_C1_ingenuo","2013","FFmsy","0.587398086760295","0.0755729235048887","4.44967650385947"
"J1_C1_ingenuo","2014","FFmsy","0.381899385542111","0.0482307546187092","3.9306170243423"
"J1_C1_ingenuo","2015","FFmsy","0.168822291665376","0.0219440252393395","2.35942586498643"
"J1_C1_ingenuo","2016","FFmsy","0.158254632147481","0.0218091526179275","2.49379780859807"
"J1_C1_ingenuo","2017","FFmsy","0.151917921157547","0.0214162886716578","2.62441030353584"
"J1_C1_ingenuo","2018","FFmsy","0.126941293223609","0.0190522053078181","2.39538190709913"
"J1_C1_ingenuo","2019","FFmsy","0.182960429005937","0.0279592022493465","3.68473285243517"
"J1_C1_ingenuo","2020","FFmsy","0.0921210918466936","0.0135380825764278","2.41892386004974"
"J1_C1_ingenuo","2021","FFmsy","0.0358853707832896","0.00535681314222641","0.969094426572131"
"J1_C1_ingenuo","2022","FFmsy","0.0384139751883393","0.00587540792584504","0.968299025584428"
"J1_C1_ingenuo","2023","FFmsy","0.0540886724159733","0.00824239971970895","1.22275456474775"
"J1_C1_ingenuo","2024","FFmsy","0.0617218199537549","0.00955683446743328","1.3033315100766"
"J1_C1_ingenuo","2025","FFmsy","0.0130184572475951","0.00202605348909824","0.267130258554342"
"J1_C1_ingenuo","1989","BB0","0.621341203233431","0.408763839701335","0.916301676576107"
"J1_C1_ingenuo","1990","BB0","0.662608443042649","0.402109818625475","0.938536373099479"
"J1_C1_ingenuo","1991","BB0","0.716424878009754","0.423043997170688","0.977162467124195"
"J1_C1_ingenuo","1992","BB0","0.753219450596633","0.434498246746468","1.01047027910795"
"J1_C1_ingenuo","1993","BB0","0.745923618287842","0.404184522873233","1.00196729372776"
"J1_C1_ingenuo","1994","BB0","0.764264688107497","0.410460347925396","1.0168624622727"
"J1_C1_ingenuo","1995","BB0","0.764247073416548","0.407350751778384","1.01311081247965"
"J1_C1_ingenuo","1996","BB0","0.777200670797275","0.4195343915475","1.02642213314242"
"J1_C1_ingenuo","1997","BB0","0.783623332791903","0.432558140171504","1.03471685947925"
"J1_C1_ingenuo","1998","BB0","0.74610663816339","0.402839981302055","1.00994780100443"
"J1_C1_ingenuo","1999","BB0","0.717289346255084","0.369770008308829","1.00837934345049"
"J1_C1_ingenuo","2000","BB0","0.706860466623236","0.346169611718246","1.0063931177333"
"J1_C1_ingenuo","2001","BB0","0.739239906734992","0.352606433130769","1.02983356829779"
"J1_C1_ingenuo","2002","BB0","0.777524015857692","0.376890955370568","1.05589401654661"
"J1_C1_ingenuo","2003","BB0","0.781283744258302","0.370668827938968","1.06533413390859"
"J1_C1_ingenuo","2004","BB0","0.803157515828826","0.380662983945557","1.0809346990968"
"J1_C1_ingenuo","2005","BB0","0.822796778375999","0.391191314576514","1.13271166575109"
"J1_C1_ingenuo","2006","BB0","0.818178915641601","0.379812460404312","1.12393185836369"
"J1_C1_ingenuo","2007","BB0","0.788986799368065","0.345069157944326","1.09399221173959"
"J1_C1_ingenuo","2008","BB0","0.755173499007851","0.299194953015692","1.05118399170993"
"J1_C1_ingenuo","2009","BB0","0.738293380671146","0.265283465724485","1.0335600093051"
"J1_C1_ingenuo","2010","BB0","0.740587851041616","0.249666278734049","1.03867201139862"
"J1_C1_ingenuo","2011","BB0","0.74775337964214","0.238041316024811","1.03804357731258"
"J1_C1_ingenuo","2012","BB0","0.731504057598022","0.208242076290867","1.02931106635556"
"J1_C1_ingenuo","2013","BB0","0.697004094150241","0.154074055627219","1.01154154346282"
"J1_C1_ingenuo","2014","BB0","0.684667691177984","0.11022317873457","1.01436331241029"
"J1_C1_ingenuo","2015","BB0","0.704557740770974","0.0849849747845663","1.0195451489121"
"J1_C1_ingenuo","2016","BB0","0.748939279401665","0.0822542385784501","1.03994908835121"
"J1_C1_ingenuo","2017","BB0","0.776572387158605","0.0784949530428109","1.05579372640648"
"J1_C1_ingenuo","2018","BB0","0.792267969253785","0.0736214972294705","1.06218243373954"
"J1_C1_ingenuo","2019","BB0","0.8032002521279","0.0698600375678722","1.06120352982397"
"J1_C1_ingenuo","2020","BB0","0.799814143252377","0.0543073049089419","1.0564590855265"
"J1_C1_ingenuo","2021","BB0","0.796884966987","0.0507961690139059","1.05356733835796"
"J1_C1_ingenuo","2022","BB0","0.80673178437045","0.0574038493645471","1.0626533233557"
"J1_C1_ingenuo","2023","BB0","0.826491293448468","0.0637670453944288","1.06781665303404"
"J1_C1_ingenuo","2024","BB0","0.839110855086375","0.0688316103280971","1.07070862109025"
"J1_C1_ingenuo","2025","BB0","0.85174479300148","0.0733328116165285","1.07329091981038"
"J1_C1_ingenuo","1989","procB","-0.00282233976059354","-0.154113685261845","0.136951151042195"
"J1_C1_ingenuo","1990","procB","0.000349823891141909","-0.140573851171842","0.139880526625599"
"J1_C1_ingenuo","1991","procB","-0.00146557412518855","-0.149607534382831","0.135215553125621"
"J1_C1_ingenuo","1992","procB","0.00531066269333191","-0.130245489396356","0.153087973567949"
"J1_C1_ingenuo","1993","procB","-0.00434433900863573","-0.159267548816612","0.128973096994083"
"J1_C1_ingenuo","1994","procB","0.00128528286095286","-0.144160983749945","0.138214261913854"
"J1_C1_ingenuo","1995","procB","0.00343154604070306","-0.133738839732068","0.14811219168254"
"J1_C1_ingenuo","1996","procB","0.0064447053352028","-0.123956636873172","0.154155076286877"
"J1_C1_ingenuo","1997","procB","0.010892680223306","-0.114318932301529","0.169236787246869"
"J1_C1_ingenuo","1998","procB","0.00932992797159682","-0.119456560001376","0.168722452347238"
"J1_C1_ingenuo","1999","procB","0.00976759107046532","-0.11761371018633","0.167405792369645"
"J1_C1_ingenuo","2000","procB","0.012739241553151","-0.113675065023227","0.181381344247324"
"J1_C1_ingenuo","2001","procB","0.016172611554836","-0.111200276938425","0.185735280996921"
"J1_C1_ingenuo","2002","procB","0.0162303825588921","-0.106989735668907","0.194072075022408"
"J1_C1_ingenuo","2003","procB","0.0162742546078936","-0.103270945264082","0.191840347362467"
"J1_C1_ingenuo","2004","procB","0.0177411177053601","-0.105003466598725","0.202521010882463"
"J1_C1_ingenuo","2005","procB","0.0193545357024546","-0.10106273267809","0.216887281269235"
"J1_C1_ingenuo","2006","procB","0.0117110633775099","-0.115531077081744","0.177636360944304"
"J1_C1_ingenuo","2007","procB","0.00455518582812131","-0.131374967756287","0.15290309009472"
"J1_C1_ingenuo","2008","procB","-0.0000619292208262623","-0.142392413660993","0.140071451813292"
"J1_C1_ingenuo","2009","procB","-0.00403036624465836","-0.151240404305049","0.130221892461026"
"J1_C1_ingenuo","2010","procB","-0.00286953324178985","-0.15253072294506","0.130146644757058"
"J1_C1_ingenuo","2011","procB","-0.00256643032960491","-0.150966710499787","0.134202055226395"
"J1_C1_ingenuo","2012","procB","-0.00615650005636403","-0.164942222438574","0.128777139237276"
"J1_C1_ingenuo","2013","procB","-0.00993351725634584","-0.177776320375531","0.11710070596442"
"J1_C1_ingenuo","2014","procB","-0.00856859947214128","-0.176347955966028","0.120875131462051"
"J1_C1_ingenuo","2015","procB","-0.00887721744853409","-0.170935158687993","0.125944671920986"
"J1_C1_ingenuo","2016","procB","-0.00809745195625244","-0.18045273234778","0.118945231986236"
"J1_C1_ingenuo","2017","procB","-0.0108030299786857","-0.186632444808952","0.114239361872821"
"J1_C1_ingenuo","2018","procB","-0.0115294831000934","-0.211700654201701","0.114866082889798"
"J1_C1_ingenuo","2019","procB","-0.0124471883942124","-0.20005637339494","0.11209659637326"
"J1_C1_ingenuo","2020","procB","-0.0180136629995866","-0.23677093157448","0.104884227205589"
"J1_C1_ingenuo","2021","procB","-0.02140433308302","-0.262217982854175","0.100002487262906"
"J1_C1_ingenuo","2022","procB","-0.0185931525152669","-0.213495461417632","0.100548860660635"
"J1_C1_ingenuo","2023","procB","-0.0142423653458147","-0.189958750946601","0.112278967287278"
"J1_C1_ingenuo","2024","procB","-0.0103866565821924","-0.16616321549159","0.121289650756489"
"J1_C1_ingenuo","2025","procB","-0.00927955496558175","-0.175940434079846","0.121867229684334"
"J1_C1_ingenuo","1989","SPt","0","0","0"
"J1_C1_ingenuo","1990","SPt","2424.86113837039","-1351.02431461635","14763.5968205583"
"J1_C1_ingenuo","1991","SPt","2252.76517775173","-1849.00859270872","13064.7930918536"
"J1_C1_ingenuo","1992","SPt","2150.18353574173","-1799.04606712805","12740.5546524449"
"J1_C1_ingenuo","1993","SPt","1695.72335612246","-3678.90457976124","10563.3751712657"
"J1_C1_ingenuo","1994","SPt","1864.84553659368","-3775.15606193483","9642.40686430219"
"J1_C1_ingenuo","1995","SPt","1844.77958450975","-3893.84466007975","9140.25067540503"
"J1_C1_ingenuo","1996","SPt","1931.00551563946","-3880.12656451741","9315.355141575"
"J1_C1_ingenuo","1997","SPt","1963.69512475184","-4152.73106527293","9103.16129182905"
"J1_C1_ingenuo","1998","SPt","1943.18099256389","-4651.86740048472","8693.89260832579"
"J1_C1_ingenuo","1999","SPt","2135.21204130572","-3690.04273912049","9433.20900707031"
"J1_C1_ingenuo","2000","SPt","2246.4756198877","-3631.02143055346","9701.1218978002"
"J1_C1_ingenuo","2001","SPt","2286.59308621449","-3116.78311311512","10148.5175842772"
"J1_C1_ingenuo","2002","SPt","2167.83597461816","-3531.95878588423","10232.9780850503"
"J1_C1_ingenuo","2003","SPt","2104.4591959659","-4219.35917895045","10096.9361477352"
"J1_C1_ingenuo","2004","SPt","2094.72831460571","-4063.51305304713","10275.6039689814"
"J1_C1_ingenuo","2005","SPt","2101.92722538731","-4405.35749618868","10538.9381072254"
"J1_C1_ingenuo","2006","SPt","1859.90656086858","-5532.04439873478","9856.41335373565"
"J1_C1_ingenuo","2007","SPt","1695.31632295868","-5866.08067016802","8656.28644469515"
"J1_C1_ingenuo","2008","SPt","1663.21033731663","-6253.46205176013","8008.80556169032"
"J1_C1_ingenuo","2009","SPt","1641.63720709192","-6020.82712986658","8288.49872846028"
"J1_C1_ingenuo","2010","SPt","1619.11455723923","-5116.19226838564","8653.53815337788"
"J1_C1_ingenuo","2011","SPt","1549.45773200855","-5017.35870498492","8465.68318231024"
"J1_C1_ingenuo","2012","SPt","1415.02413804591","-5364.52891023781","8479.13177042678"
"J1_C1_ingenuo","2013","SPt","1288.32380824853","-5915.91975546829","7598.40558905869"
"J1_C1_ingenuo","2014","SPt","1213.14007025088","-4928.08484193536","7927.94196714866"
"J1_C1_ingenuo","2015","SPt","1008.61485956234","-4828.63270541901","8196.59170502233"
"J1_C1_ingenuo","2016","SPt","842.141945096334","-4851.13855565867","8119.94629900946"
"J1_C1_ingenuo","2017","SPt","732.465809565483","-5208.56192837943","7577.20234525852"
"J1_C1_ingenuo","2018","SPt","661.517444770132","-5882.8219551258","7428.7894697406"
"J1_C1_ingenuo","2019","SPt","617.380119900542","-6270.31815944967","7134.92852530213"
"J1_C1_ingenuo","2020","SPt","538.119492094139","-6422.9831506777","6567.77333788315"
"J1_C1_ingenuo","2021","SPt","485.202165699165","-6758.09844834235","6283.81886733439"
"J1_C1_ingenuo","2022","SPt","526.29780816842","-5917.02833755901","6726.47954372933"
"J1_C1_ingenuo","2023","SPt","600.511966473167","-5918.09527970648","7343.84774382234"
"J1_C1_ingenuo","2024","SPt","685.214080161975","-5897.18631687892","7472.50616333187"
"J1_C1_ingenuo","2025","SPt","716.157360220658","-5725.0352088635","7044.16253854605"
"J2_C2C3_nominal","1989","B","11730.9603081848","4676.71306481444","43443.1672535713"
"J2_C2C3_nominal","1990","B","12016.7064418967","4714.8429605108","47353.8152237658"
"J2_C2C3_nominal","1991","B","12941.0796654097","5387.37793378642","53208.8706556329"
"J2_C2C3_nominal","1992","B","13548.1333995139","5995.78054894335","56533.0758503896"
"J2_C2C3_nominal","1993","B","12847.851390564","5152.71889548764","56913.4538727119"
"J2_C2C3_nominal","1994","B","13176.7417814724","5479.10477149586","58742.7668503935"
"J2_C2C3_nominal","1995","B","12961.5196183304","5245.75014413564","59678.8888937783"
"J2_C2C3_nominal","1996","B","13287.9292696377","5526.13009789092","61361.3848659423"
"J2_C2C3_nominal","1997","B","13402.6115278253","5746.88783976797","61944.0086051713"
"J2_C2C3_nominal","1998","B","12292.9621318308","4875.72610273225","61371.6901710066"
"J2_C2C3_nominal","1999","B","11342.6007805012","4145.03213978005","61250.4682112849"
"J2_C2C3_nominal","2000","B","10802.9000298392","3780.03173016158","62377.1142449258"
"J2_C2C3_nominal","2001","B","11154.682920752","4096.08368376861","62589.6397461"
"J2_C2C3_nominal","2002","B","11980.3315403705","4856.4825184556","64657.5428226262"
"J2_C2C3_nominal","2003","B","11889.7413400238","4961.79024292161","64502.5140633138"
"J2_C2C3_nominal","2004","B","12109.1234094979","5327.37279343983","65525.1385274422"
"J2_C2C3_nominal","2005","B","12459.3288519121","5817.1292509049","68322.0502784899"
"J2_C2C3_nominal","2006","B","12164.7141176122","5723.11665819792","68465.5789059771"
"J2_C2C3_nominal","2007","B","11148.7154301657","5104.01798592773","67140.4735595112"
"J2_C2C3_nominal","2008","B","9854.65833770076","4282.12163017659","65719.7547145326"
"J2_C2C3_nominal","2009","B","9067.76328259646","3706.2058652199","66560.9160905227"
"J2_C2C3_nominal","2010","B","8855.57708520639","3764.71810002208","66969.115105173"
"J2_C2C3_nominal","2011","B","8590.24790154841","3792.61888530119","67454.0291261004"
"J2_C2C3_nominal","2012","B","7722.63622481866","3306.8434843961","67126.7969351156"
"J2_C2C3_nominal","2013","B","5913.33760223472","2228.19418260132","66186.5644032923"
"J2_C2C3_nominal","2014","B","4536.44703244676","1369.77890288051","65672.8867078837"
"J2_C2C3_nominal","2015","B","4465.09780201872","761.931019332144","66405.6548253596"
"J2_C2C3_nominal","2016","B","4875.83084067903","756.080370124904","68448.998625699"
"J2_C2C3_nominal","2017","B","3896.11208732267","724.16633450917","68785.3235497941"
"J2_C2C3_nominal","2018","B","4406.41213948289","671.694877121393","70520.9061114935"
"J2_C2C3_nominal","2019","B","4335.42970974387","672.405889151572","70400.6417623797"
"J2_C2C3_nominal","2020","B","3929.73477377669","369.247913097804","69250.9957873825"
"J2_C2C3_nominal","2021","B","3560.4996783514","217.051827566597","69512.4283116934"
"J2_C2C3_nominal","2022","B","4243.48971281322","236.241899233606","68880.2195301318"
"J2_C2C3_nominal","2023","B","3477.32366273501","272.01992163222","70317.6309713564"
"J2_C2C3_nominal","2024","B","4275.11614513096","274.713215403537","70211.1295720275"
"J2_C2C3_nominal","2025","B","3858.64614162196","211.370054606681","70160.3215017418"
"J2_C2C3_nominal","1989","F","0.143335302601469","0.0376290243491134","0.397044843857858"
"J2_C2C3_nominal","1990","F","0.0829281890839715","0.019873954132347","0.233259669673724"
"J2_C2C3_nominal","1991","F","0.0969716108316758","0.0231696005341492","0.253988628862497"
"J2_C2C3_nominal","1992","F","0.160595239574675","0.0374809455262732","0.419279133533451"
"J2_C2C3_nominal","1993","F","0.109366234169377","0.0237052187906041","0.303372838410613"
"J2_C2C3_nominal","1994","F","0.145654750983681","0.0325093490207082","0.390227284361736"
"J2_C2C3_nominal","1995","F","0.119137948776266","0.0253691955838143","0.321483427177921"
"J2_C2C3_nominal","1996","F","0.127924578473463","0.0281009866853826","0.328202725112683"
"J2_C2C3_nominal","1997","F","0.213656526845654","0.046344472892708","0.507064577963995"
"J2_C2C3_nominal","1998","F","0.233838176918852","0.0473153901303091","0.592712171056587"
"J2_C2C3_nominal","1999","F","0.225582618232335","0.0426880260006427","0.605028192428962"
"J2_C2C3_nominal","2000","F","0.163573450775793","0.0298130092329156","0.466723575174571"
"J2_C2C3_nominal","2001","F","0.117248939922175","0.0213911343780046","0.330999553858905"
"J2_C2C3_nominal","2002","F","0.174039425524015","0.0327810689145911","0.442830889181941"
"J2_C2C3_nominal","2003","F","0.145419232047397","0.0270596515273718","0.366075215281476"
"J2_C2C3_nominal","2004","F","0.133358285609312","0.0254619597802539","0.322924830707887"
"J2_C2C3_nominal","2005","F","0.165213732980675","0.0308469923271818","0.373080846499917"
"J2_C2C3_nominal","2006","F","0.207005508237947","0.0369291504229958","0.479813840005853"
"J2_C2C3_nominal","2007","F","0.251066201438487","0.0415047544670623","0.576046638516922"
"J2_C2C3_nominal","2008","F","0.240347656522081","0.0351197733875286","0.60174460838274"
"J2_C2C3_nominal","2009","F","0.190360558114516","0.0263960579084564","0.504962874382372"
"J2_C2C3_nominal","2010","F","0.193429891705278","0.0257528095032733","0.502539345932541"
"J2_C2C3_nominal","2011","F","0.252835350612843","0.0312231212120373","0.629887694016978"
"J2_C2C3_nominal","2012","F","0.36092520005927","0.0384676294855814","0.879320033241237"
"J2_C2C3_nominal","2013","F","0.385115139362797","0.0330305375699635","1.04244367663934"
"J2_C2C3_nominal","2014","F","0.314254644901575","0.021199614973424","1.19918626528542"
"J2_C2C3_nominal","2015","F","0.141802630083472","0.00928010378533303","0.831612268446973"
"J2_C2C3_nominal","2016","F","0.152443218285534","0.00910723001016918","0.844399177981037"
"J2_C2C3_nominal","2017","F","0.149845588599452","0.00906682958118749","0.900573871527636"
"J2_C2C3_nominal","2018","F","0.129594258144011","0.00766171177313528","0.812434083521558"
"J2_C2C3_nominal","2019","F","0.224689203616121","0.0109199350940479","1.2856759103857"
"J2_C2C3_nominal","2020","F","0.112173101070019","0.00564358071357208","1.25555144718836"
"J2_C2C3_nominal","2021","F","0.0486644055129072","0.00216777082068766","0.758549062555752"
"J2_C2C3_nominal","2022","F","0.0495141205256152","0.00243362072178564","0.714382633221026"
"J2_C2C3_nominal","2023","F","0.0654017330615747","0.0034648551531943","0.849522744005549"
"J2_C2C3_nominal","2024","F","0.0773218077480972","0.00396716056454932","1.0625651616132"
"J2_C2C3_nominal","2025","F","0.0130454131684206","0.000846489108605756","0.321977812700509"
"J2_C2C3_nominal","1989","BBmsy","1.12908499817915","0.776418700150686","1.65557638551827"
"J2_C2C3_nominal","1990","BBmsy","1.1809255429227","0.767206506517943","1.7079388192584"
"J2_C2C3_nominal","1991","BBmsy","1.29287980093987","0.835323060255393","1.82563490562439"
"J2_C2C3_nominal","1992","BBmsy","1.3678456558199","0.886136262520768","1.89093849064906"
"J2_C2C3_nominal","1993","BBmsy","1.30530568143669","0.81418058948287","1.84295024230663"
"J2_C2C3_nominal","1994","BBmsy","1.34530979947424","0.835493403409751","1.88366494467089"
"J2_C2C3_nominal","1995","BBmsy","1.32582676242006","0.820919767099023","1.86532131040137"
"J2_C2C3_nominal","1996","BBmsy","1.362545667304","0.854084790325974","1.89388807213223"
"J2_C2C3_nominal","1997","BBmsy","1.38323731505199","0.896010848195717","1.91859715824613"
"J2_C2C3_nominal","1998","BBmsy","1.25731567728376","0.821818399629457","1.86307364863165"
"J2_C2C3_nominal","1999","BBmsy","1.1537712005849","0.733692001961303","1.82156080936656"
"J2_C2C3_nominal","2000","BBmsy","1.10647072937173","0.67247778849072","1.82780985030787"
"J2_C2C3_nominal","2001","BBmsy","1.15996732917065","0.699692340665584","1.88005589604194"
"J2_C2C3_nominal","2002","BBmsy","1.27981910739512","0.777810178259533","1.93246879466968"
"J2_C2C3_nominal","2003","BBmsy","1.28310169320274","0.767248082799296","1.93886391917017"
"J2_C2C3_nominal","2004","BBmsy","1.34802930251837","0.787991097130211","1.97833965983503"
"J2_C2C3_nominal","2005","BBmsy","1.41447703342036","0.816950408041668","2.04154716096203"
"J2_C2C3_nominal","2006","BBmsy","1.39732607082745","0.794185965887581","2.02225558394222"
"J2_C2C3_nominal","2007","BBmsy","1.2904458571582","0.726134363823947","1.97122027965498"
"J2_C2C3_nominal","2008","BBmsy","1.15369994029958","0.617510864847948","1.92375517406572"
"J2_C2C3_nominal","2009","BBmsy","1.06865287677029","0.54324656921962","1.91595171853201"
"J2_C2C3_nominal","2010","BBmsy","1.09766756770618","0.516346771045208","1.94274163547322"
"J2_C2C3_nominal","2011","BBmsy","1.12057213511742","0.491223836213715","1.95996769444993"
"J2_C2C3_nominal","2012","BBmsy","1.05259430389618","0.424419670935619","1.94587554727755"
"J2_C2C3_nominal","2013","BBmsy","0.81116969228034","0.301489329644479","1.91425648629138"
"J2_C2C3_nominal","2014","BBmsy","0.642769152525025","0.203050738801555","1.91233376792697"
"J2_C2C3_nominal","2015","BBmsy","0.567481906947029","0.14062103576375","1.96900192187759"
"J2_C2C3_nominal","2016","BBmsy","0.61447186201515","0.134686542998391","2.04880093789701"
"J2_C2C3_nominal","2017","BBmsy","0.667580596314041","0.124169307017048","2.0951160308792"
"J2_C2C3_nominal","2018","BBmsy","0.660775243521825","0.110335700489759","2.1059968958795"
"J2_C2C3_nominal","2019","BBmsy","0.693318376635715","0.0991489717990468","2.13404321764733"
"J2_C2C3_nominal","2020","BBmsy","0.57011394717917","0.0631378626840005","2.10215333867816"
"J2_C2C3_nominal","2021","BBmsy","0.52990342929993","0.0425134928280865","2.10898986897084"
"J2_C2C3_nominal","2022","BBmsy","0.551984149512983","0.0459899178898629","2.13381442939783"
"J2_C2C3_nominal","2023","BBmsy","0.612414989638517","0.0506408736665337","2.15222441757783"
"J2_C2C3_nominal","2024","BBmsy","0.612684378889272","0.0484199789792642","2.14990115939854"
"J2_C2C3_nominal","2025","BBmsy","0.648914401197936","0.0391506111076658","2.13970945548803"
"J2_C2C3_nominal","1989","FFmsy","0.645379727701402","0.166766911288101","1.31984606274593"
"J2_C2C3_nominal","1990","FFmsy","0.372068735243286","0.0866136001779345","0.794490835825194"
"J2_C2C3_nominal","1991","FFmsy","0.429681522393989","0.100542765278273","0.939447077685738"
"J2_C2C3_nominal","1992","FFmsy","0.721439865011213","0.162145240097835","1.52952393535611"
"J2_C2C3_nominal","1993","FFmsy","0.493615010505537","0.106868038852729","1.08063812869269"
"J2_C2C3_nominal","1994","FFmsy","0.650454104541695","0.142066875585361","1.39405997519559"
"J2_C2C3_nominal","1995","FFmsy","0.53762043027845","0.11404918042903","1.16020868567419"
"J2_C2C3_nominal","1996","FFmsy","0.569846463876461","0.122532946230361","1.21072025669348"
"J2_C2C3_nominal","1997","FFmsy","0.947184379344638","0.209587792379773","1.88855384051215"
"J2_C2C3_nominal","1998","FFmsy","1.05915879395666","0.217130928319434","2.02785431560465"
"J2_C2C3_nominal","1999","FFmsy","1.03136402239185","0.197373196178381","2.00932062541644"
"J2_C2C3_nominal","2000","FFmsy","0.753701703610143","0.135693299009722","1.53896241276929"
"J2_C2C3_nominal","2001","FFmsy","0.534866415684416","0.0976895092355138","1.13753750064476"
"J2_C2C3_nominal","2002","FFmsy","0.760276210118644","0.152017588154788","1.67967725807772"
"J2_C2C3_nominal","2003","FFmsy","0.621066973625794","0.122790317156228","1.41913435880151"
"J2_C2C3_nominal","2004","FFmsy","0.562666139655824","0.11736381195124","1.32131648636054"
"J2_C2C3_nominal","2005","FFmsy","0.677136109366566","0.144228918857021","1.65082826807426"
"J2_C2C3_nominal","2006","FFmsy","0.848563027730982","0.172127020546566","2.04979069802826"
"J2_C2C3_nominal","2007","FFmsy","1.01650689900815","0.193879219022751","2.44808113683049"
"J2_C2C3_nominal","2008","FFmsy","1.0098770374144","0.161784964176503","2.42227714364405"
"J2_C2C3_nominal","2009","FFmsy","0.79325515935991","0.121229855910167","2.01498545261024"
"J2_C2C3_nominal","2010","FFmsy","0.77965168393728","0.119455817388262","2.13955290470645"
"J2_C2C3_nominal","2011","FFmsy","0.973399962318189","0.146720974620677","2.78562378868048"
"J2_C2C3_nominal","2012","FFmsy","1.43669411526849","0.181465433851272","3.88923409988875"
"J2_C2C3_nominal","2013","FFmsy","1.63397504315993","0.15195697080328","4.43277524816151"
"J2_C2C3_nominal","2014","FFmsy","1.57313454013406","0.0968175492899532","4.17389063671964"
"J2_C2C3_nominal","2015","FFmsy","0.807540650380601","0.0436241669352489","2.65943836771712"
"J2_C2C3_nominal","2016","FFmsy","0.650602271759347","0.0426457097083827","2.83750891626711"
"J2_C2C3_nominal","2017","FFmsy","0.800072576461203","0.0423087631273977","3.11367928296802"
"J2_C2C3_nominal","2018","FFmsy","0.705926428454583","0.0353718600174085","2.99079142111918"
"J2_C2C3_nominal","2019","FFmsy","1.21387902128085","0.0520299685537006","4.71929831184642"
"J2_C2C3_nominal","2020","FFmsy","0.788875226509021","0.0266225866367921","3.95305446608185"
"J2_C2C3_nominal","2021","FFmsy","0.262701998676457","0.0101948121783238","2.12896775911065"
"J2_C2C3_nominal","2022","FFmsy","0.262370992592938","0.0111637203622144","2.13146298910704"
"J2_C2C3_nominal","2023","FFmsy","0.352162402157773","0.0158774774847115","2.76366563690523"
"J2_C2C3_nominal","2024","FFmsy","0.344554712656831","0.0182040710746613","3.48188097593532"
"J2_C2C3_nominal","2025","FFmsy","0.0581465490410717","0.00398799231936499","1.04017637802214"
"J2_C2C3_nominal","1989","BB0","0.564542499089576","0.388209350075343","0.827788192759133"
"J2_C2C3_nominal","1990","BB0","0.590462771461351","0.383603253258971","0.853969409629201"
"J2_C2C3_nominal","1991","BB0","0.646439900469933","0.417661530127696","0.912817452812194"
"J2_C2C3_nominal","1992","BB0","0.683922827909952","0.443068131260384","0.94546924532453"
"J2_C2C3_nominal","1993","BB0","0.652652840718347","0.407090294741435","0.921475121153315"
"J2_C2C3_nominal","1994","BB0","0.67265489973712","0.417746701704876","0.941832472335443"
"J2_C2C3_nominal","1995","BB0","0.662913381210032","0.410459883549511","0.932660655200683"
"J2_C2C3_nominal","1996","BB0","0.681272833651998","0.427042395162987","0.946944036066115"
"J2_C2C3_nominal","1997","BB0","0.691618657525994","0.448005424097858","0.959298579123064"
"J2_C2C3_nominal","1998","BB0","0.628657838641879","0.410909199814729","0.931536824315824"
"J2_C2C3_nominal","1999","BB0","0.576885600292449","0.366846000980652","0.910780404683282"
"J2_C2C3_nominal","2000","BB0","0.553235364685866","0.33623889424536","0.913904925153935"
"J2_C2C3_nominal","2001","BB0","0.579983664585323","0.349846170332792","0.940027948020968"
"J2_C2C3_nominal","2002","BB0","0.63990955369756","0.388905089129767","0.966234397334838"
"J2_C2C3_nominal","2003","BB0","0.641550846601369","0.383624041399648","0.969431959585085"
"J2_C2C3_nominal","2004","BB0","0.674014651259183","0.393995548565106","0.989169829917513"
"J2_C2C3_nominal","2005","BB0","0.707238516710181","0.408475204020834","1.02077358048102"
"J2_C2C3_nominal","2006","BB0","0.698663035413725","0.39709298294379","1.01112779197111"
"J2_C2C3_nominal","2007","BB0","0.645222928579099","0.363067181911974","0.985610139827491"
"J2_C2C3_nominal","2008","BB0","0.576849970149791","0.308755432423974","0.96187758703286"
"J2_C2C3_nominal","2009","BB0","0.534326438385144","0.27162328460981","0.957975859266003"
"J2_C2C3_nominal","2010","BB0","0.548833783853089","0.258173385522604","0.971370817736611"
"J2_C2C3_nominal","2011","BB0","0.560286067558709","0.245611918106857","0.979983847224963"
"J2_C2C3_nominal","2012","BB0","0.526297151948088","0.21220983546781","0.972937773638776"
"J2_C2C3_nominal","2013","BB0","0.40558484614017","0.150744664822239","0.95712824314569"
"J2_C2C3_nominal","2014","BB0","0.321384576262512","0.101525369400777","0.956166883963485"
"J2_C2C3_nominal","2015","BB0","0.283740953473515","0.0703105178818748","0.984500960938794"
"J2_C2C3_nominal","2016","BB0","0.307235931007575","0.0673432714991955","1.02440046894851"
"J2_C2C3_nominal","2017","BB0","0.33379029815702","0.0620846535085239","1.0475580154396"
"J2_C2C3_nominal","2018","BB0","0.330387621760913","0.0551678502448797","1.05299844793975"
"J2_C2C3_nominal","2019","BB0","0.346659188317857","0.0495744858995234","1.06702160882366"
"J2_C2C3_nominal","2020","BB0","0.285056973589585","0.0315689313420002","1.05107666933908"
"J2_C2C3_nominal","2021","BB0","0.264951714649965","0.0212567464140433","1.05449493448542"
"J2_C2C3_nominal","2022","BB0","0.275992074756491","0.0229949589449315","1.06690721469891"
"J2_C2C3_nominal","2023","BB0","0.306207494819258","0.0253204368332669","1.07611220878892"
"J2_C2C3_nominal","2024","BB0","0.306342189444636","0.0242099894896321","1.07495057969927"
"J2_C2C3_nominal","2025","BB0","0.324457200598968","0.0195753055538329","1.06985472774402"
"J2_C2C3_nominal","1989","procB","-0.0101238458543936","-0.153974960294211","0.111365794921709"
"J2_C2C3_nominal","1990","procB","-0.00792987987236393","-0.146158042912257","0.115857126292541"
"J2_C2C3_nominal","1991","procB","-0.00813650384515407","-0.149663765118305","0.112089779556233"
"J2_C2C3_nominal","1992","procB","-0.00164012069525077","-0.133167237158588","0.127827673959833"
"J2_C2C3_nominal","1993","procB","-0.0119005658060717","-0.156418090597952","0.112025901625155"
"J2_C2C3_nominal","1994","procB","-0.00826723920306693","-0.147964452853592","0.119145222725934"
"J2_C2C3_nominal","1995","procB","-0.00355257524804098","-0.132920950275356","0.128273312661771"
"J2_C2C3_nominal","1996","procB","0.00196024553511254","-0.126779510605058","0.133815851727758"
"J2_C2C3_nominal","1997","procB","0.00644526070458118","-0.1173346334843","0.149664091944578"
"J2_C2C3_nominal","1998","procB","0.00662122048717972","-0.113952236019282","0.150279489597108"
"J2_C2C3_nominal","1999","procB","0.00740100789536291","-0.116704998807148","0.143094431925696"
"J2_C2C3_nominal","2000","procB","0.0100221603924434","-0.112809345325506","0.151798940358462"
"J2_C2C3_nominal","2001","procB","0.014702903472339","-0.101293680499069","0.159566681463423"
"J2_C2C3_nominal","2002","procB","0.0169698012624785","-0.100398821216142","0.160013331949687"
"J2_C2C3_nominal","2003","procB","0.0174546759406549","-0.100882894614263","0.160488612393371"
"J2_C2C3_nominal","2004","procB","0.019235411234537","-0.0964509758585226","0.174464991368011"
"J2_C2C3_nominal","2005","procB","0.0225959195365923","-0.0933492243921205","0.175369977264859"
"J2_C2C3_nominal","2006","procB","0.01392423247354","-0.107616274408594","0.161204759838262"
"J2_C2C3_nominal","2007","procB","0.00550862288683251","-0.120518887443024","0.139688508296523"
"J2_C2C3_nominal","2008","procB","-0.00124062184610663","-0.131789105492743","0.129888240691188"
"J2_C2C3_nominal","2009","procB","-0.00458465034228495","-0.141346631704191","0.118071309394533"
"J2_C2C3_nominal","2010","procB","-0.00500202951032613","-0.140793887376653","0.120194419623089"
"J2_C2C3_nominal","2011","procB","-0.00264617045686","-0.134792288127969","0.123885493842753"
"J2_C2C3_nominal","2012","procB","-0.00477457920726271","-0.141567574041157","0.122812309381772"
"J2_C2C3_nominal","2013","procB","-0.00611072384786121","-0.151681276850284","0.11912912168335"
"J2_C2C3_nominal","2014","procB","-0.00531883351226003","-0.148411164520219","0.122156893920745"
"J2_C2C3_nominal","2015","procB","-0.00182567896229054","-0.138746070661515","0.129974115413525"
"J2_C2C3_nominal","2016","procB","0.00269928107074852","-0.127868055025985","0.130532979979629"
"J2_C2C3_nominal","2017","procB","-0.00132792098021756","-0.133496763616821","0.132413225239672"
"J2_C2C3_nominal","2018","procB","-0.00110688314966768","-0.131565415766885","0.128789309625516"
"J2_C2C3_nominal","2019","procB","-0.0000427151904718315","-0.132536997813471","0.129768484700692"
"J2_C2C3_nominal","2020","procB","-0.00592661659082705","-0.145632362083409","0.118203937077548"
"J2_C2C3_nominal","2021","procB","-0.0111775001203033","-0.159788677777156","0.114080282640925"
"J2_C2C3_nominal","2022","procB","-0.00692699548392611","-0.142857702259456","0.11715715009335"
"J2_C2C3_nominal","2023","procB","-0.000408888531759022","-0.129811997795547","0.131808603290854"
"J2_C2C3_nominal","2024","procB","-0.000163127288131393","-0.128711615834108","0.132955854541198"
"J2_C2C3_nominal","2025","procB","-0.00676808562487952","-0.146667384487126","0.119649116915619"
"J2_C2C3_nominal","1989","SPt","0","0","0"
"J2_C2C3_nominal","1990","SPt","2065.83888522412","-85.6474888097496","7598.13143600248"
"J2_C2C3_nominal","1991","SPt","2026.71835065036","-38.1805140665141","7323.5857645369"
"J2_C2C3_nominal","1992","SPt","1965.3476803926","-268.549992088665","6507.17245218494"
"J2_C2C3_nominal","1993","SPt","1635.30041846568","-1014.0241693052","5328.7951570827"
"J2_C2C3_nominal","1994","SPt","1831.7717705541","-801.095863909641","5459.07183971552"
"J2_C2C3_nominal","1995","SPt","1828.20544639401","-816.01747417422","5252.91608646641"
"J2_C2C3_nominal","1996","SPt","1934.89259926881","-707.361803012438","5430.78245988232"
"J2_C2C3_nominal","1997","SPt","1957.04469940117","-690.251351241516","5453.1878322922"
"J2_C2C3_nominal","1998","SPt","1987.34210070571","-1012.97699399144","5174.2922509559"
"J2_C2C3_nominal","1999","SPt","2204.89640824503","-714.642460842486","5293.31069916927"
"J2_C2C3_nominal","2000","SPt","2318.39392279003","-171.950692971913","5741.14363869628"
"J2_C2C3_nominal","2001","SPt","2280.07866649837","42.3332933751674","6150.20544058001"
"J2_C2C3_nominal","2002","SPt","2231.11003218598","-268.52489032687","5782.9446983039"
"J2_C2C3_nominal","2003","SPt","2221.51216448585","-577.975221205096","5762.66214742472"
"J2_C2C3_nominal","2004","SPt","2195.62725221587","-479.540089323338","6102.82989288227"
"J2_C2C3_nominal","2005","SPt","2183.80022558086","-665.419923322682","6244.44295969869"
"J2_C2C3_nominal","2006","SPt","1982.42849125769","-1300.61738870613","5475.03320332225"
"J2_C2C3_nominal","2007","SPt","1847.8297742181","-1681.69491490633","5119.48538901401"
"J2_C2C3_nominal","2008","SPt","1831.95558779485","-1518.25612549008","5056.96759930904"
"J2_C2C3_nominal","2009","SPt","1785.01944777676","-1036.98891600394","5185.73305247557"
"J2_C2C3_nominal","2010","SPt","1758.08661097356","-878.171238806604","5220.2828373078"
"J2_C2C3_nominal","2011","SPt","1724.03970820205","-945.6473448331","5298.80121091544"
"J2_C2C3_nominal","2012","SPt","1605.64290863962","-1177.96056617486","5290.31465301721"
"J2_C2C3_nominal","2013","SPt","1433.24778416299","-1214.06339857253","5068.36016894278"
"J2_C2C3_nominal","2014","SPt","1279.3099180493","-1086.43676300298","5254.40515861341"
"J2_C2C3_nominal","2015","SPt","946.346724233389","-726.995263355176","5747.11525504774"
"J2_C2C3_nominal","2016","SPt","697.513378514214","-1025.82450873309","5619.91103238749"
"J2_C2C3_nominal","2017","SPt","626.867914839777","-1980.09251076859","4978.52013410006"
"J2_C2C3_nominal","2018","SPt","577.956888657622","-2701.38889351232","4831.10835741562"
"J2_C2C3_nominal","2019","SPt","517.562367165994","-2657.3315503677","4496.97907437479"
"J2_C2C3_nominal","2020","SPt","418.116743459278","-3192.84839417836","4114.65271245893"
"J2_C2C3_nominal","2021","SPt","243.328269110948","-3341.26199323914","4121.11020377882"
"J2_C2C3_nominal","2022","SPt","198.63202577359","-3340.70412536644","4012.66680493621"
"J2_C2C3_nominal","2023","SPt","224.481693674803","-3123.7073285379","4148.56802085967"
"J2_C2C3_nominal","2024","SPt","246.134015252829","-3346.04779860417","3985.80810567813"
"J2_C2C3_nominal","2025","SPt","218.638524929608","-3547.01294071314","3801.5198887996"
"J3_BASE_C2C5","1989","B","16040.2988716761","6286.09588105932","44970.5429524368"
"J3_BASE_C2C5","1990","B","17131.9379459983","6837.95548303609","49050.6927137613"
"J3_BASE_C2C5","1991","B","18644.6681879836","7772.05474180196","53156.2915761314"
"J3_BASE_C2C5","1992","B","19770.9394317468","8324.51667437247","56935.0731772279"
"J3_BASE_C2C5","1993","B","19391.2309539945","7633.99783888549","57862.5586535027"
"J3_BASE_C2C5","1994","B","19856.1963248534","7976.45744763698","59399.066130354"
"J3_BASE_C2C5","1995","B","19858.5210076177","7778.6246546333","60304.8995309894"
"J3_BASE_C2C5","1996","B","20331.8275050405","7973.72867465014","61499.8828959045"
"J3_BASE_C2C5","1997","B","20654.7561474993","8207.77138310491","62242.1175468079"
"J3_BASE_C2C5","1998","B","19542.8869957947","7132.95819461023","61140.524463569"
"J3_BASE_C2C5","1999","B","18846.3821865765","6436.13366473579","60838.8349476956"
"J3_BASE_C2C5","2000","B","18779.4005496719","6038.60739903472","61466.9219326218"
"J3_BASE_C2C5","2001","B","19698.8884380349","6527.46772794574","63266.4569027859"
"J3_BASE_C2C5","2002","B","20907.155567411","7534.01882833216","64653.6638277704"
"J3_BASE_C2C5","2003","B","21156.2886147177","7524.53962617843","65919.7989054114"
"J3_BASE_C2C5","2004","B","21777.9059223354","7987.50039005353","67794.8269329083"
"J3_BASE_C2C5","2005","B","22603.4603270933","8565.26999468333","68821.8701298451"
"J3_BASE_C2C5","2006","B","22573.3760261492","8376.02754392212","69372.1984833141"
"J3_BASE_C2C5","2007","B","21717.1464714049","7760.29689843407","67878.8295364449"
"J3_BASE_C2C5","2008","B","20782.2858286825","7140.34015813648","66251.154912808"
"J3_BASE_C2C5","2009","B","20512.272050345","6807.01451400824","65057.2160883528"
"J3_BASE_C2C5","2010","B","20962.946904846","7310.08273404769","65432.4764888331"
"J3_BASE_C2C5","2011","B","21317.7833427372","7702.45528752398","65611.5919664877"
"J3_BASE_C2C5","2012","B","20991.9250196946","7499.87493559146","66184.7551395654"
"J3_BASE_C2C5","2013","B","20325.2024603049","6820.59466825391","64166.7886438057"
"J3_BASE_C2C5","2014","B","20250.4779293393","6724.2321725783","64386.4820933443"
"J3_BASE_C2C5","2015","B","21108.180935901","7487.32103545859","66545.3632685598"
"J3_BASE_C2C5","2016","B","22845.2944473614","8893.43921898934","68217.159696986"
"J3_BASE_C2C5","2017","B","23734.016628931","9874.48414968145","69743.1923669146"
"J3_BASE_C2C5","2018","B","24226.5408427188","10393.2162013762","69546.4832944118"
"J3_BASE_C2C5","2019","B","24698.1157793941","10779.7584870187","70190.5706843471"
"J3_BASE_C2C5","2020","B","24619.0733596398","10725.6358203592","69224.9214015354"
"J3_BASE_C2C5","2021","B","24749.638496965","10996.7082911078","68871.8182127748"
"J3_BASE_C2C5","2022","B","25176.4271033327","11218.4898967284","69556.9707484571"
"J3_BASE_C2C5","2023","B","25565.9758387839","11382.6414158188","69281.3598633466"
"J3_BASE_C2C5","2024","B","25853.0144518562","11478.6869604514","69228.4880015501"
"J3_BASE_C2C5","2025","B","25938.7292535913","11428.3055159434","69522.1558251464"
"J3_BASE_C2C5","1989","F","0.104878561294126","0.0347281965311987","0.293546439153851"
"J3_BASE_C2C5","1990","F","0.0582366374275147","0.019099641152863","0.160886372013646"
"J3_BASE_C2C5","1991","F","0.0671848218962419","0.0222638039090088","0.177256256455471"
"J3_BASE_C2C5","1992","F","0.111665778236425","0.0356149826198905","0.302879507753323"
"J3_BASE_C2C5","1993","F","0.074468851442917","0.0232492558666242","0.210048881281402"
"J3_BASE_C2C5","1994","F","0.0994314213509618","0.0301856180171718","0.275053404274319"
"J3_BASE_C2C5","1995","F","0.0803273915962733","0.0247646596563631","0.219288489063992"
"J3_BASE_C2C5","1996","F","0.0863844424851626","0.0268019035495163","0.233320620437201"
"J3_BASE_C2C5","1997","F","0.14397556613796","0.0451211386239588","0.393689047941106"
"J3_BASE_C2C5","1998","F","0.15388682964076","0.0453678586129821","0.438066753780521"
"J3_BASE_C2C5","1999","F","0.142496107374205","0.0411691069388132","0.439012339919628"
"J3_BASE_C2C5","2000","F","0.0990366985287652","0.0281229777515407","0.31892092461161"
"J3_BASE_C2C5","2001","F","0.0690620780270465","0.0202227452895534","0.220328671244469"
"J3_BASE_C2C5","2002","F","0.104228878977709","0.0320178516196071","0.30582038155817"
"J3_BASE_C2C5","2003","F","0.0848622358493048","0.0255025183759252","0.250398566317586"
"J3_BASE_C2C5","2004","F","0.0770938839753227","0.0235296326403468","0.220929171813426"
"J3_BASE_C2C5","2005","F","0.0944356729265766","0.0291989916721352","0.259685713356213"
"J3_BASE_C2C5","2006","F","0.114617816380584","0.0352990170688756","0.328456656042116"
"J3_BASE_C2C5","2007","F","0.130408559453067","0.038661636399429","0.378224955413926"
"J3_BASE_C2C5","2008","F","0.1153241650492","0.0332143936009381","0.354003935538062"
"J3_BASE_C2C5","2009","F","0.0861384824835101","0.0249090349946954","0.270644678962163"
"J3_BASE_C2C5","2010","F","0.0837156463268219","0.024965469479133","0.256664035152691"
"J3_BASE_C2C5","2011","F","0.101247053462893","0.0296117494772803","0.299728397870718"
"J3_BASE_C2C5","2012","F","0.124986362267187","0.0370112088476272","0.386413987322087"
"J3_BASE_C2C5","2013","F","0.108123121592211","0.0312588199324326","0.350176469134128"
"J3_BASE_C2C5","2014","F","0.0701920829020157","0.0206059318738459","0.226073630192553"
"J3_BASE_C2C5","2015","F","0.0300351505100837","0.00890793443658283","0.0922900451389816"
"J3_BASE_C2C5","2016","F","0.028236019299104","0.00879976377194545","0.0787086928249036"
"J3_BASE_C2C5","2017","F","0.0274932544085038","0.00877235988730145","0.0715800304978658"
"J3_BASE_C2C5","2018","F","0.0226675097224129","0.00723333753038277","0.0584851954813435"
"J3_BASE_C2C5","2019","F","0.0325075447868017","0.0106199706919501","0.0815843622691598"
"J3_BASE_C2C5","2020","F","0.016614204219509","0.00545422261440355","0.0417112410304036"
"J3_BASE_C2C5","2021","F","0.0064540442199806","0.00213485498656054","0.0159314926367179"
"J3_BASE_C2C5","2022","F","0.00697073637417953","0.00233938143457783","0.0173470702187044"
"J3_BASE_C2C5","2023","F","0.00963657980213301","0.00331319382058139","0.023762097463219"
"J3_BASE_C2C5","2024","F","0.0109664056238925","0.00376375783612076","0.0276522096508916"
"J3_BASE_C2C5","2025","F","0.00236278953784573","0.000801362003107985","0.0059691823884728"
"J3_BASE_C2C5","1989","BBmsy","1.1628168751289","0.792534318405783","1.70238530039137"
"J3_BASE_C2C5","1990","BBmsy","1.26427969512675","0.837670715589412","1.77019667147003"
"J3_BASE_C2C5","1991","BBmsy","1.39479850236859","0.917402034394281","1.87237197317383"
"J3_BASE_C2C5","1992","BBmsy","1.49205656302626","0.978908644851354","1.93774048162302"
"J3_BASE_C2C5","1993","BBmsy","1.45757262006186","0.92927140516282","1.88832342144871"
"J3_BASE_C2C5","1994","BBmsy","1.506375746103","0.962286544826678","1.92630062618925"
"J3_BASE_C2C5","1995","BBmsy","1.50219828009124","0.962002785564986","1.91215998809258"
"J3_BASE_C2C5","1996","BBmsy","1.53612726947929","1.00036457192706","1.93618246019247"
"J3_BASE_C2C5","1997","BBmsy","1.55602820327918","1.04348392045105","1.95580243599843"
"J3_BASE_C2C5","1998","BBmsy","1.45936129285046","0.97619087946051","1.88405903566111"
"J3_BASE_C2C5","1999","BBmsy","1.40191597838541","0.907027333625159","1.86004590924635"
"J3_BASE_C2C5","2000","BBmsy","1.39011849088167","0.868391264326983","1.86750323099908"
"J3_BASE_C2C5","2001","BBmsy","1.46642976674139","0.931166057564883","1.93196673071939"
"J3_BASE_C2C5","2002","BBmsy","1.56539200207701","1.04980830800397","1.99485346513468"
"J3_BASE_C2C5","2003","BBmsy","1.57282683264623","1.07919556636254","2.00641696149775"
"J3_BASE_C2C5","2004","BBmsy","1.62815380617292","1.14117771639349","2.05521599059529"
"J3_BASE_C2C5","2005","BBmsy","1.68007367988405","1.21436776926853","2.13772868708779"
"J3_BASE_C2C5","2006","BBmsy","1.67339084372965","1.21471752893942","2.146744363467"
"J3_BASE_C2C5","2007","BBmsy","1.61196418294031","1.13539129344561","2.06746178559926"
"J3_BASE_C2C5","2008","BBmsy","1.54419750478932","1.03656947063493","2.01555843268107"
"J3_BASE_C2C5","2009","BBmsy","1.51781807638186","1.0016615624804","1.97905143937607"
"J3_BASE_C2C5","2010","BBmsy","1.55677482253343","1.0434765641615","1.99516185128006"
"J3_BASE_C2C5","2011","BBmsy","1.58921771582168","1.07042247583373","2.02211915380088"
"J3_BASE_C2C5","2012","BBmsy","1.57424249811197","1.05892643765652","2.0085158813735"
"J3_BASE_C2C5","2013","BBmsy","1.51879125030264","0.970320240161333","1.96155549686291"
"J3_BASE_C2C5","2014","BBmsy","1.51711768162103","0.936996848229606","1.95557687729034"
"J3_BASE_C2C5","2015","BBmsy","1.59043129371229","1.00789357734986","2.01782147549631"
"J3_BASE_C2C5","2016","BBmsy","1.71838938422869","1.1613915922315","2.12152338850442"
"J3_BASE_C2C5","2017","BBmsy","1.78998355399835","1.27916252530497","2.16265112367031"
"J3_BASE_C2C5","2018","BBmsy","1.82112984529355","1.34693860621808","2.17223592458139"
"J3_BASE_C2C5","2019","BBmsy","1.85241469893553","1.38858512415692","2.20305954824705"
"J3_BASE_C2C5","2020","BBmsy","1.83472869014246","1.39927292823911","2.16651962418989"
"J3_BASE_C2C5","2021","BBmsy","1.8529169695326","1.39771796308449","2.16616517040187"
"J3_BASE_C2C5","2022","BBmsy","1.88519437028394","1.41433771549847","2.18683019366002"
"J3_BASE_C2C5","2023","BBmsy","1.90723705421144","1.45716084498653","2.22056299403366"
"J3_BASE_C2C5","2024","BBmsy","1.91711936866048","1.49515178306365","2.23292944449042"
"J3_BASE_C2C5","2025","BBmsy","1.92210671504019","1.52431703012764","2.23655620823706"
"J3_BASE_C2C5","1989","FFmsy","0.447176608978096","0.153408470609626","0.98464148970229"
"J3_BASE_C2C5","1990","FFmsy","0.249824219982141","0.0803363723658868","0.571849832590911"
"J3_BASE_C2C5","1991","FFmsy","0.285244527525086","0.0922888829790379","0.664488318337054"
"J3_BASE_C2C5","1992","FFmsy","0.472957674019987","0.148240644379856","1.10897517686739"
"J3_BASE_C2C5","1993","FFmsy","0.317293770883613","0.0962667771991807","0.756999756841682"
"J3_BASE_C2C5","1994","FFmsy","0.419618314589097","0.128084161739208","0.987090700854363"
"J3_BASE_C2C5","1995","FFmsy","0.340241480064267","0.104909266058588","0.805181540542195"
"J3_BASE_C2C5","1996","FFmsy","0.365377535474554","0.115691917764622","0.847338031176552"
"J3_BASE_C2C5","1997","FFmsy","0.618278748098518","0.196776474473744","1.35868983675901"
"J3_BASE_C2C5","1998","FFmsy","0.665424673443249","0.199051554344899","1.45509425709586"
"J3_BASE_C2C5","1999","FFmsy","0.614574321785837","0.182504291102343","1.38899642193908"
"J3_BASE_C2C5","2000","FFmsy","0.426320432764332","0.128882117242655","1.00913608238731"
"J3_BASE_C2C5","2001","FFmsy","0.295445975304062","0.0892859674918785","0.717386751453055"
"J3_BASE_C2C5","2002","FFmsy","0.445487847243939","0.142304542025335","1.01868861586951"
"J3_BASE_C2C5","2003","FFmsy","0.363374232313461","0.115401703081716","0.829796703896461"
"J3_BASE_C2C5","2004","FFmsy","0.330331128891296","0.107979802472947","0.747467361007887"
"J3_BASE_C2C5","2005","FFmsy","0.400113917462765","0.132108734995463","0.89004295209314"
"J3_BASE_C2C5","2006","FFmsy","0.487197842770539","0.161259634684318","1.0969991421958"
"J3_BASE_C2C5","2007","FFmsy","0.554078727977798","0.175627814315678","1.24445308794241"
"J3_BASE_C2C5","2008","FFmsy","0.49423202249876","0.152339473546563","1.16102313757561"
"J3_BASE_C2C5","2009","FFmsy","0.370801138172896","0.113030880745735","0.880188549004976"
"J3_BASE_C2C5","2010","FFmsy","0.355492112388387","0.111080772274977","0.842326752905787"
"J3_BASE_C2C5","2011","FFmsy","0.428813376487655","0.134520767771284","1.02559948895662"
"J3_BASE_C2C5","2012","FFmsy","0.534460792387285","0.166575934507958","1.27662595704562"
"J3_BASE_C2C5","2013","FFmsy","0.462802058067155","0.141077120750421","1.15729258528527"
"J3_BASE_C2C5","2014","FFmsy","0.298732542551047","0.0916265723036732","0.760130669297275"
"J3_BASE_C2C5","2015","FFmsy","0.127041131082852","0.0404282300077273","0.330073971912941"
"J3_BASE_C2C5","2016","FFmsy","0.119101063204926","0.0395665143459405","0.287704060159198"
"J3_BASE_C2C5","2017","FFmsy","0.115684569594129","0.0392660183866843","0.265208632420558"
"J3_BASE_C2C5","2018","FFmsy","0.0954946204474016","0.0329939683922334","0.212419113465656"
"J3_BASE_C2C5","2019","FFmsy","0.136732963866347","0.0482161398757972","0.299633141435734"
"J3_BASE_C2C5","2020","FFmsy","0.0702394229624471","0.0248988964809716","0.150624897550072"
"J3_BASE_C2C5","2021","FFmsy","0.0270580926908729","0.00981090123686727","0.0592039431785879"
"J3_BASE_C2C5","2022","FFmsy","0.0294366132603362","0.0106213456415795","0.0607385315224678"
"J3_BASE_C2C5","2023","FFmsy","0.04078851424323","0.0148005602604839","0.0843051472164576"
"J3_BASE_C2C5","2024","FFmsy","0.0468739763908414","0.0169518874705449","0.0946648125404245"
"J3_BASE_C2C5","2025","FFmsy","0.0100892798837297","0.00368938621171549","0.0203928064306328"
"J3_BASE_C2C5","1989","BB0","0.581408437564448","0.396267159202891","0.851192650195686"
"J3_BASE_C2C5","1990","BB0","0.632139847563373","0.418835357794706","0.885098335735014"
"J3_BASE_C2C5","1991","BB0","0.697399251184293","0.45870101719714","0.936185986586917"
"J3_BASE_C2C5","1992","BB0","0.74602828151313","0.489454322425677","0.96887024081151"
"J3_BASE_C2C5","1993","BB0","0.728786310030928","0.46463570258141","0.944161710724353"
"J3_BASE_C2C5","1994","BB0","0.753187873051499","0.481143272413339","0.963150313094623"
"J3_BASE_C2C5","1995","BB0","0.751099140045618","0.481001392782493","0.956079994046291"
"J3_BASE_C2C5","1996","BB0","0.768063634739647","0.50018228596353","0.968091230096236"
"J3_BASE_C2C5","1997","BB0","0.778014101639592","0.521741960225526","0.977901217999214"
"J3_BASE_C2C5","1998","BB0","0.72968064642523","0.488095439730255","0.942029517830553"
"J3_BASE_C2C5","1999","BB0","0.700957989192704","0.45351366681258","0.930022954623177"
"J3_BASE_C2C5","2000","BB0","0.695059245440833","0.434195632163492","0.93375161549954"
"J3_BASE_C2C5","2001","BB0","0.733214883370694","0.465583028782442","0.965983365359697"
"J3_BASE_C2C5","2002","BB0","0.782696001038507","0.524904154001987","0.997426732567342"
"J3_BASE_C2C5","2003","BB0","0.786413416323113","0.53959778318127","1.00320848074887"
"J3_BASE_C2C5","2004","BB0","0.814076903086458","0.570588858196744","1.02760799529764"
"J3_BASE_C2C5","2005","BB0","0.840036839942026","0.607183884634263","1.0688643435439"
"J3_BASE_C2C5","2006","BB0","0.836695421864826","0.607358764469708","1.0733721817335"
"J3_BASE_C2C5","2007","BB0","0.805982091470155","0.567695646722803","1.03373089279963"
"J3_BASE_C2C5","2008","BB0","0.77209875239466","0.518284735317465","1.00777921634054"
"J3_BASE_C2C5","2009","BB0","0.758909038190929","0.500830781240201","0.989525719688035"
"J3_BASE_C2C5","2010","BB0","0.778387411266715","0.521738282080748","0.99758092564003"
"J3_BASE_C2C5","2011","BB0","0.794608857910842","0.535211237916866","1.01105957690044"
"J3_BASE_C2C5","2012","BB0","0.787121249055983","0.529463218828259","1.00425794068675"
"J3_BASE_C2C5","2013","BB0","0.759395625151322","0.485160120080667","0.980777748431455"
"J3_BASE_C2C5","2014","BB0","0.758558840810515","0.468498424114803","0.977788438645169"
"J3_BASE_C2C5","2015","BB0","0.795215646856143","0.503946788674931","1.00891073774815"
"J3_BASE_C2C5","2016","BB0","0.859194692114347","0.580695796115749","1.06076169425221"
"J3_BASE_C2C5","2017","BB0","0.894991776999177","0.639581262652486","1.08132556183515"
"J3_BASE_C2C5","2018","BB0","0.910564922646775","0.673469303109039","1.08611796229069"
"J3_BASE_C2C5","2019","BB0","0.926207349467767","0.694292562078459","1.10152977412353"
"J3_BASE_C2C5","2020","BB0","0.917364345071232","0.699636464119554","1.08325981209495"
"J3_BASE_C2C5","2021","BB0","0.926458484766302","0.698858981542246","1.08308258520094"
"J3_BASE_C2C5","2022","BB0","0.942597185141968","0.707168857749236","1.09341509683001"
"J3_BASE_C2C5","2023","BB0","0.953618527105722","0.728580422493263","1.11028149701683"
"J3_BASE_C2C5","2024","BB0","0.958559684330241","0.747575891531825","1.11646472224521"
"J3_BASE_C2C5","2025","BB0","0.961053357520092","0.762158515063821","1.11827810411853"
"J3_BASE_C2C5","1989","procB","-0.0074669512909824","-0.143246280296433","0.116891127956223"
"J3_BASE_C2C5","1990","procB","-0.00589129925935294","-0.14737407490294","0.121154606117162"
"J3_BASE_C2C5","1991","procB","-0.0117068463751174","-0.159347531260266","0.113654028293582"
"J3_BASE_C2C5","1992","procB","-0.00130728815352121","-0.138681481098336","0.127364267405655"
"J3_BASE_C2C5","1993","procB","-0.0166258786213977","-0.167728091151892","0.102383210377009"
"J3_BASE_C2C5","1994","procB","-0.0133531822595245","-0.16313613842799","0.106931995542491"
"J3_BASE_C2C5","1995","procB","-0.00844759395078354","-0.147197282415479","0.110664188480198"
"J3_BASE_C2C5","1996","procB","-0.00768845483458791","-0.146042752255917","0.123816406688212"
"J3_BASE_C2C5","1997","procB","-0.00157993823607061","-0.133535655775921","0.129508053777598"
"J3_BASE_C2C5","1998","procB","-0.00480776302886621","-0.140417489706457","0.12525637834719"
"J3_BASE_C2C5","1999","procB","-0.00140566766618488","-0.133942304295839","0.129477930364255"
"J3_BASE_C2C5","2000","procB","0.00265864161314799","-0.124995023896081","0.139123785077099"
"J3_BASE_C2C5","2001","procB","0.009164007289715","-0.116135870613343","0.151018384753275"
"J3_BASE_C2C5","2002","procB","0.012042017914798","-0.111272126690972","0.158707417910071"
"J3_BASE_C2C5","2003","procB","0.0150620931328442","-0.108951905264997","0.162489908176836"
"J3_BASE_C2C5","2004","procB","0.0200267079617786","-0.0983807953765308","0.173376374432831"
"J3_BASE_C2C5","2005","procB","0.0248785636047999","-0.0894724536442615","0.181655920061203"
"J3_BASE_C2C5","2006","procB","0.0200894599153683","-0.100845090567533","0.168058619742319"
"J3_BASE_C2C5","2007","procB","0.00677440407829533","-0.119490239385076","0.13929791761838"
"J3_BASE_C2C5","2008","procB","0.00276959974227386","-0.128591215327118","0.133521483103501"
"J3_BASE_C2C5","2009","procB","-0.00196854304932526","-0.13324573126552","0.128639466006114"
"J3_BASE_C2C5","2010","procB","0.00113166380018459","-0.130938079662876","0.129724460666968"
"J3_BASE_C2C5","2011","procB","0.00324005068418765","-0.125557894550504","0.140495154889095"
"J3_BASE_C2C5","2012","procB","0.00089473653458394","-0.131836466501566","0.133745116306703"
"J3_BASE_C2C5","2013","procB","-0.00109987435513281","-0.13331599694458","0.127555190360375"
"J3_BASE_C2C5","2014","procB","-0.00306962799163513","-0.139299203957574","0.12748471048759"
"J3_BASE_C2C5","2015","procB","0.00412989403717756","-0.121247828579828","0.144371351378449"
"J3_BASE_C2C5","2016","procB","0.0114141135007633","-0.113813278079577","0.151165971320384"
"J3_BASE_C2C5","2017","procB","0.00546942153362995","-0.121267213474999","0.141373534804273"
"J3_BASE_C2C5","2018","procB","0.000240490455512221","-0.135315640110932","0.129941640869886"
"J3_BASE_C2C5","2019","procB","0.00108766416684714","-0.131227560254499","0.13384266698811"
"J3_BASE_C2C5","2020","procB","-0.00661042928373723","-0.147002788725634","0.121936815272528"
"J3_BASE_C2C5","2021","procB","-0.010463367549463","-0.156763014455782","0.117096495330817"
"J3_BASE_C2C5","2022","procB","-0.0104622091463715","-0.162262160724451","0.114752664398099"
"J3_BASE_C2C5","2023","procB","-0.00410566140278634","-0.143796300790879","0.125423763087819"
"J3_BASE_C2C5","2024","procB","-0.00327938116389181","-0.139541458696272","0.127965819377215"
"J3_BASE_C2C5","2025","procB","-0.00200763566281714","-0.137359226859318","0.125412027329185"
"J3_BASE_C2C5","1989","SPt","0","0","0"
"J3_BASE_C2C5","1990","SPt","2765.06903789589","-345.527739290446","8772.59168881853"
"J3_BASE_C2C5","1991","SPt","2509.46626368402","-733.253242142459","7739.1053859263"
"J3_BASE_C2C5","1992","SPt","2409.10921078506","-861.616661929862","7848.45960222293"
"J3_BASE_C2C5","1993","SPt","1786.63220273199","-2197.91851414007","6133.34363904305"
"J3_BASE_C2C5","1994","SPt","2006.93462812746","-1728.14049338932","6406.80879051669"
"J3_BASE_C2C5","1995","SPt","1955.97754161855","-1822.45615147531","6222.75370466721"
"J3_BASE_C2C5","1996","SPt","2022.73732332754","-1685.45587654674","6275.84758070443"
"J3_BASE_C2C5","1997","SPt","2033.07604684179","-1651.88268230214","6489.29855413134"
"J3_BASE_C2C5","1998","SPt","1917.81291625043","-2077.49007785019","6023.76480724497"
"J3_BASE_C2C5","1999","SPt","2273.89951428067","-1431.66777226748","6623.28722659927"
"J3_BASE_C2C5","2000","SPt","2528.46392835603","-975.027852091518","6919.89114438313"
"J3_BASE_C2C5","2001","SPt","2650.32129038744","-793.223849708034","7470.32771083329"
"J3_BASE_C2C5","2002","SPt","2566.32717666121","-1386.89691994998","7537.45860791351"
"J3_BASE_C2C5","2003","SPt","2387.54342167471","-1695.7447597427","7357.63337086895"
"J3_BASE_C2C5","2004","SPt","2473.69087929846","-1560.72568394206","7845.2726403272"
"J3_BASE_C2C5","2005","SPt","2440.68096154031","-1432.44448907748","7901.06735008587"
"J3_BASE_C2C5","2006","SPt","2128.57956820138","-2464.24345293557","7192.64518871988"
"J3_BASE_C2C5","2007","SPt","1846.52863380206","-3432.95893467896","6165.6984626492"
"J3_BASE_C2C5","2008","SPt","2042.0772568078","-3160.84483501255","6181.54137920289"
"J3_BASE_C2C5","2009","SPt","2081.69785281764","-2862.63393332111","6161.7274388858"
"J3_BASE_C2C5","2010","SPt","2230.8487819531","-2498.82613577757","6271.30790868489"
"J3_BASE_C2C5","2011","SPt","2128.21714863154","-2039.85500393811","6671.07256270754"
"J3_BASE_C2C5","2012","SPt","1988.42076490922","-2592.89483593587","6386.64067029701"
"J3_BASE_C2C5","2013","SPt","1972.4675177649","-2738.5443889488","6208.66536865923"
"J3_BASE_C2C5","2014","SPt","2109.91950069254","-2370.57655710815","6253.61221238981"
"J3_BASE_C2C5","2015","SPt","2304.56857792924","-1678.57768860141","6941.70409552759"
"J3_BASE_C2C5","2016","SPt","2236.63680660038","-1901.05822190629","7219.88670884928"
"J3_BASE_C2C5","2017","SPt","1613.09981734408","-3206.72868517989","6711.81663870807"
"J3_BASE_C2C5","2018","SPt","1164.52628799545","-4239.78550454774","5717.06141534671"
"J3_BASE_C2C5","2019","SPt","1014.32651680868","-4013.49368088553","5808.63024118127"
"J3_BASE_C2C5","2020","SPt","626.056947508254","-4762.28924494865","5310.60260368274"
"J3_BASE_C2C5","2021","SPt","673.76058063894","-4740.36648752889","5181.1091317054"
"J3_BASE_C2C5","2022","SPt","549.712332389941","-4494.94621478072","5141.64119167351"
"J3_BASE_C2C5","2023","SPt","508.026363736304","-4191.94108582939","5541.48979805175"
"J3_BASE_C2C5","2024","SPt","418.523232505911","-4520.72779748256","5818.78948820814"
"J3_BASE_C2C5","2025","SPt","405.328570192196","-4619.92169645314","5558.09748987508"
"J5_soC5_curto","1989","B","16226.4656146141","7450.3041666801","59127.7619939292"
"J5_soC5_curto","1990","B","16565.4193981746","7829.30333894943","66018.0550377137"
"J5_soC5_curto","1991","B","17485.3535510284","8789.77311160455","71715.1545672559"
"J5_soC5_curto","1992","B","17873.0839093311","9231.76801882743","75994.4617382048"
"J5_soC5_curto","1993","B","17237.0902801938","8677.23550784279","77679.1455602124"
"J5_soC5_curto","1994","B","17526.6738911219","9000.40818236766","79334.3191052972"
"J5_soC5_curto","1995","B","17174.3596881065","8695.34752505707","80242.8423561928"
"J5_soC5_curto","1996","B","17256.5002394444","8942.00892043087","81727.4967309151"
"J5_soC5_curto","1997","B","17153.3482460637","8921.82955255817","82117.7280289118"
"J5_soC5_curto","1998","B","15747.8954438224","7728.76445115708","81373.4810310055"
"J5_soC5_curto","1999","B","14449.2205631779","6717.7266050203","79666.0648273036"
"J5_soC5_curto","2000","B","13595.7040599387","6086.18530335389","78665.6208677504"
"J5_soC5_curto","2001","B","13612.8740545988","6168.4068832488","80413.6985054903"
"J5_soC5_curto","2002","B","14002.6811043431","6707.27720143177","81556.7607979515"
"J5_soC5_curto","2003","B","13516.7710885803","6400.10703176158","82232.5354095513"
"J5_soC5_curto","2004","B","13382.9107332153","6526.30370547321","80947.7017648196"
"J5_soC5_curto","2005","B","13312.2109956426","6678.98946992047","82097.4694634788"
"J5_soC5_curto","2006","B","12736.0879896154","6499.46291559058","82194.3214842"
"J5_soC5_curto","2007","B","11699.0202370385","5903.19186504158","81158.8628470529"
"J5_soC5_curto","2008","B","10394.6394542978","4990.6527970887","81350.7332694339"
"J5_soC5_curto","2009","B","9576.23051636702","4403.67803687029","81802.2899222023"
"J5_soC5_curto","2010","B","9259.10353875146","4327.2236915472","81329.8681098069"
"J5_soC5_curto","2011","B","8810.99892796178","4241.11855138428","81593.4223218477"
"J5_soC5_curto","2012","B","7781.6561313607","3665.13958631923","82311.101402277"
"J5_soC5_curto","2013","B","6156.99496818339","2671.56807450869","80667.6845298291"
"J5_soC5_curto","2014","B","4869.59762105191","1748.41483553447","81317.4852200338"
"J5_soC5_curto","2015","B","4356.2195772289","1168.84840747184","83027.8988657166"
"J5_soC5_curto","2016","B","5083.66918054778","1149.93304481365","83619.3209937577"
"J5_soC5_curto","2017","B","5577.15327498917","1089.78694694177","85960.0578938646"
"J5_soC5_curto","2018","B","5638.6312666364","958.98258284337","86716.8480972523"
"J5_soC5_curto","2019","B","5510.17604703525","887.283901586132","85809.359621544"
"J5_soC5_curto","2020","B","5066.6820708972","524.113814507467","86086.1828859264"
"J5_soC5_curto","2021","B","5141.86660853107","365.111709029303","84971.5241129452"
"J5_soC5_curto","2022","B","5270.74094438967","401.435655067665","85133.2006708627"
"J5_soC5_curto","2023","B","5442.87132949259","442.382210156518","85338.8577617938"
"J5_soC5_curto","2024","B","5756.07805392349","438.390290677822","85937.6615492195"
"J5_soC5_curto","2025","B","5831.88352052752","376.474310579148","85679.5167663002"
"J5_soC5_curto","1989","F","0.102158314884902","0.0269491995096704","0.241714226637193"
"J5_soC5_curto","1990","F","0.0596999410998197","0.0144003948458277","0.14043492527642"
"J5_soC5_curto","1991","F","0.0710245232900932","0.0166489625177161","0.160052558342592"
"J5_soC5_curto","1992","F","0.119020805530385","0.027461372885634","0.258914324992621"
"J5_soC5_curto","1993","F","0.0804529865195134","0.017243358911909","0.181964383910731"
"J5_soC5_curto","1994","F","0.108562810558016","0.0231192020181032","0.239633734268253"
"J5_soC5_curto","1995","F","0.0897090650685223","0.0184614692367211","0.196875602522902"
"J5_soC5_curto","1996","F","0.0988912267570173","0.0205850075725409","0.214224613811954"
"J5_soC5_curto","1997","F","0.169644755101496","0.0354000988440819","0.355681292456178"
"J5_soC5_curto","1998","F","0.187495701305738","0.0346605815026218","0.408454763468413"
"J5_soC5_curto","1999","F","0.182084748128481","0.0322537727620464","0.412908953069022"
"J5_soC5_curto","2000","F","0.133159453020865","0.0221756050057547","0.325799519000149"
"J5_soC5_curto","2001","F","0.0988652496027012","0.0162512815234771","0.239088310796887"
"J5_soC5_curto","2002","F","0.154129829421588","0.0259332360011574","0.349927378615107"
"J5_soC5_curto","2003","F","0.132788613587556","0.0210066388178598","0.303178778872504"
"J5_soC5_curto","2004","F","0.126284348332783","0.0206059359802874","0.287849030815548"
"J5_soC5_curto","2005","F","0.157636248169443","0.0254891571058984","0.346734988217924"
"J5_soC5_curto","2006","F","0.19805174745817","0.030896407222269","0.420840264089034"
"J5_soC5_curto","2007","F","0.23727376889501","0.0334449109903902","0.501170184743504"
"J5_soC5_curto","2008","F","0.220767259512404","0.0280896943547776","0.503352106637468"
"J5_soC5_curto","2009","F","0.177971080454874","0.0207826153287634","0.424610027955874"
"J5_soC5_curto","2010","F","0.182624718358872","0.0206887934295945","0.426676705090305"
"J5_soC5_curto","2011","F","0.234240193420441","0.0249647148004784","0.54023077524666"
"J5_soC5_curto","2012","F","0.323339742040519","0.0308366679389098","0.721846309499985"
"J5_soC5_curto","2013","F","0.343332141808549","0.0255710053354908","0.829580417916431"
"J5_soC5_curto","2014","F","0.27389439078609","0.0170232853107742","0.844366891807693"
"J5_soC5_curto","2015","F","0.13570376231248","0.0073630987690589","0.55457273564152"
"J5_soC5_curto","2016","F","0.135894006354184","0.00731646508305136","0.588148042087148"
"J5_soC5_curto","2017","F","0.128787465217276","0.00718953520199716","0.645112791680326"
"J5_soC5_curto","2018","F","0.110090470420765","0.00621671850658213","0.60880289598975"
"J5_soC5_curto","2019","F","0.196304644936624","0.00891947531651676","0.957238439828199"
"J5_soC5_curto","2020","F","0.109768487365476","0.0046533224530629","0.858390025353141"
"J5_soC5_curto","2021","F","0.0418154636154022","0.00178786487449144","0.457088039101461"
"J5_soC5_curto","2022","F","0.0420143786763222","0.0019572910030373","0.44389732772944"
"J5_soC5_curto","2023","F","0.0568209681521552","0.00277141803482112","0.549941643024421"
"J5_soC5_curto","2024","F","0.0601476150282073","0.00319111001300013","0.650776601842377"
"J5_soC5_curto","2025","F","0.010518480574599","0.00068301410709918","0.17862103279982"
"J5_soC5_curto","1989","BBmsy","1.27929004593379","0.854715435739655","1.85090671467595"
"J5_soC5_curto","1990","BBmsy","1.33873080570914","0.89161489287627","1.83693513414327"
"J5_soC5_curto","1991","BBmsy","1.44215605023981","0.969399076910123","1.89591797191003"
"J5_soC5_curto","1992","BBmsy","1.49615661572809","1.01316476924953","1.93757824514755"
"J5_soC5_curto","1993","BBmsy","1.45186203215005","0.980521731059524","1.9274371583998"
"J5_soC5_curto","1994","BBmsy","1.48114389911538","1.00897323242812","1.97057568518229"
"J5_soC5_curto","1995","BBmsy","1.45862350009318","0.996183000920865","1.971481779541"
"J5_soC5_curto","1996","BBmsy","1.47031727401294","1.00444821762986","1.99268169605748"
"J5_soC5_curto","1997","BBmsy","1.46356357188334","0.998359343993198","1.99581821945462"
"J5_soC5_curto","1998","BBmsy","1.34222863000739","0.902084755096516","1.93603454864699"
"J5_soC5_curto","1999","BBmsy","1.23728175993436","0.808629055891103","1.92445957197748"
"J5_soC5_curto","2000","BBmsy","1.16931127647864","0.727604544107434","1.92896946283649"
"J5_soC5_curto","2001","BBmsy","1.18032448915801","0.719194491556762","1.94582643902348"
"J5_soC5_curto","2002","BBmsy","1.23407869647445","0.750943979899446","1.98027085613495"
"J5_soC5_curto","2003","BBmsy","1.20329513701832","0.713584680285395","1.97500803812653"
"J5_soC5_curto","2004","BBmsy","1.20935266265591","0.708212779419845","1.97626623007424"
"J5_soC5_curto","2005","BBmsy","1.22371258459624","0.710835786606879","1.99151386596363"
"J5_soC5_curto","2006","BBmsy","1.19195384596838","0.680106586577572","1.97383708499666"
"J5_soC5_curto","2007","BBmsy","1.10150814796823","0.619360660858517","1.96106858502772"
"J5_soC5_curto","2008","BBmsy","0.983325301748084","0.530214409452595","1.93296727367548"
"J5_soC5_curto","2009","BBmsy","0.92515998056209","0.46625369901603","1.93989616327921"
"J5_soC5_curto","2010","BBmsy","0.920393256808409","0.442938259135113","1.96124975008488"
"J5_soC5_curto","2011","BBmsy","0.908030123340794","0.419636911219897","1.98034397612379"
"J5_soC5_curto","2012","BBmsy","0.864993656230561","0.362614890069272","1.97886850331022"
"J5_soC5_curto","2013","BBmsy","0.646010312597957","0.269179112146384","1.96156590180779"
"J5_soC5_curto","2014","BBmsy","0.582741557562379","0.184790471061651","1.95904881014657"
"J5_soC5_curto","2015","BBmsy","0.61720983505393","0.136926508438359","1.99022588177152"
"J5_soC5_curto","2016","BBmsy","0.691046689914546","0.131577855167594","2.07464581676971"
"J5_soC5_curto","2017","BBmsy","0.724504051795412","0.120949148016993","2.10755493041169"
"J5_soC5_curto","2018","BBmsy","0.692788764256933","0.106660445916037","2.11322543998437"
"J5_soC5_curto","2019","BBmsy","0.724643293938156","0.0953010380571729","2.12537612901635"
"J5_soC5_curto","2020","BBmsy","0.636294052610924","0.060357912904523","2.09584739030894"
"J5_soC5_curto","2021","BBmsy","0.64514066073058","0.0448026660226678","2.10426730064525"
"J5_soC5_curto","2022","BBmsy","0.686866086026218","0.0471424276686483","2.12795674512892"
"J5_soC5_curto","2023","BBmsy","0.683947317536573","0.0502282786458269","2.13826578380449"
"J5_soC5_curto","2024","BBmsy","0.657108415771483","0.0480409405032106","2.14433451502509"
"J5_soC5_curto","2025","BBmsy","0.689763945839775","0.0406454045571774","2.1478318723857"
"J5_soC5_curto","1989","FFmsy","0.554756970791769","0.11688530823105","1.13766513510972"
"J5_soC5_curto","1990","FFmsy","0.327442123176638","0.0584325444624905","0.679423484028031"
"J5_soC5_curto","1991","FFmsy","0.390630315878018","0.0678073806134992","0.819732938841406"
"J5_soC5_curto","1992","FFmsy","0.646249720802491","0.111368158759805","1.3721810562554"
"J5_soC5_curto","1993","FFmsy","0.441579196353514","0.0684434910049373","0.930205393366491"
"J5_soC5_curto","1994","FFmsy","0.592699118405706","0.094679483515736","1.25123751722618"
"J5_soC5_curto","1995","FFmsy","0.492575461813733","0.0754825651827327","1.04786150417496"
"J5_soC5_curto","1996","FFmsy","0.533030998603099","0.0832259136658799","1.13714844264515"
"J5_soC5_curto","1997","FFmsy","0.917402091743021","0.143480319789791","1.8920788452335"
"J5_soC5_curto","1998","FFmsy","1.03420892746245","0.144585876359665","2.08577999645216"
"J5_soC5_curto","1999","FFmsy","1.01292713674865","0.132157454813583","2.11190246415304"
"J5_soC5_curto","2000","FFmsy","0.745453765909741","0.0925929445486691","1.6048098736053"
"J5_soC5_curto","2001","FFmsy","0.550815609454755","0.0648168830094052","1.2195061433936"
"J5_soC5_curto","2002","FFmsy","0.849990991010895","0.104809518740532","1.87119944961929"
"J5_soC5_curto","2003","FFmsy","0.709398946050735","0.0880378820886118","1.63162877259656"
"J5_soC5_curto","2004","FFmsy","0.689795767489581","0.082949291879965","1.57621583100407"
"J5_soC5_curto","2005","FFmsy","0.83933200926056","0.105380408530463","1.96125568535855"
"J5_soC5_curto","2006","FFmsy","1.04358525781995","0.128223204092188","2.41303437289365"
"J5_soC5_curto","2007","FFmsy","1.262585721313","0.137994014417635","2.88106287643407"
"J5_soC5_curto","2008","FFmsy","1.19412604348109","0.11565846833109","2.80535496501724"
"J5_soC5_curto","2009","FFmsy","0.93359114227922","0.0849065854912341","2.36000901377609"
"J5_soC5_curto","2010","FFmsy","0.944272350384264","0.0831845653524416","2.4783944235458"
"J5_soC5_curto","2011","FFmsy","1.21183104591302","0.101803936203037","3.23088179740327"
"J5_soC5_curto","2012","FFmsy","1.70435925538234","0.128493035120364","4.39818204382252"
"J5_soC5_curto","2013","FFmsy","1.69424426030332","0.106145228318932","5.01895717240198"
"J5_soC5_curto","2014","FFmsy","1.45612754524758","0.0697290506802256","4.53330869045301"
"J5_soC5_curto","2015","FFmsy","0.726309755879574","0.0304160964131883","2.82569396092782"
"J5_soC5_curto","2016","FFmsy","0.696910728744986","0.0298136339505765","3.03301863827533"
"J5_soC5_curto","2017","FFmsy","0.721582450101989","0.0299867343963322","3.41843996040837"
"J5_soC5_curto","2018","FFmsy","0.666163503040775","0.0256102872076171","3.29007812667222"
"J5_soC5_curto","2019","FFmsy","1.31720676347139","0.0362882541745506","5.31468132181902"
"J5_soC5_curto","2020","FFmsy","0.79682528729624","0.0191834820114502","4.21816351025277"
"J5_soC5_curto","2021","FFmsy","0.269185943877554","0.00748419390543138","2.13091813451434"
"J5_soC5_curto","2022","FFmsy","0.306051849350255","0.00826154352939699","2.19884746843565"
"J5_soC5_curto","2023","FFmsy","0.334992754043158","0.0112312038357641","2.86469077585706"
"J5_soC5_curto","2024","FFmsy","0.326396338299282","0.0131758271025533","3.53951085064489"
"J5_soC5_curto","2025","FFmsy","0.0611082348458464","0.00287969582354542","0.998265129429475"
"J5_soC5_curto","1989","BB0","0.639645022966895","0.427357717869827","0.925453357337976"
"J5_soC5_curto","1990","BB0","0.669365402854569","0.445807446438135","0.918467567071633"
"J5_soC5_curto","1991","BB0","0.721078025119906","0.484699538455061","0.947958985955013"
"J5_soC5_curto","1992","BB0","0.748078307864047","0.506582384624764","0.968789122573777"
"J5_soC5_curto","1993","BB0","0.725931016075026","0.490260865529762","0.963718579199901"
"J5_soC5_curto","1994","BB0","0.740571949557688","0.504486616214058","0.985287842591146"
"J5_soC5_curto","1995","BB0","0.729311750046591","0.498091500460432","0.985740889770499"
"J5_soC5_curto","1996","BB0","0.735158637006471","0.502224108814928","0.996340848028739"
"J5_soC5_curto","1997","BB0","0.731781785941672","0.499179671996599","0.997909109727308"
"J5_soC5_curto","1998","BB0","0.671114315003696","0.451042377548258","0.968017274323494"
"J5_soC5_curto","1999","BB0","0.618640879967182","0.404314527945551","0.962229785988742"
"J5_soC5_curto","2000","BB0","0.584655638239319","0.363802272053717","0.964484731418246"
"J5_soC5_curto","2001","BB0","0.590162244579005","0.359597245778381","0.972913219511739"
"J5_soC5_curto","2002","BB0","0.617039348237226","0.375471989949723","0.990135428067477"
"J5_soC5_curto","2003","BB0","0.601647568509162","0.356792340142698","0.987504019063264"
"J5_soC5_curto","2004","BB0","0.604676331327954","0.354106389709923","0.988133115037121"
"J5_soC5_curto","2005","BB0","0.61185629229812","0.35541789330344","0.995756932981816"
"J5_soC5_curto","2006","BB0","0.595976922984192","0.340053293288786","0.986918542498332"
"J5_soC5_curto","2007","BB0","0.550754073984117","0.309680330429259","0.980534292513858"
"J5_soC5_curto","2008","BB0","0.491662650874042","0.265107204726297","0.96648363683774"
"J5_soC5_curto","2009","BB0","0.462579990281045","0.233126849508015","0.969948081639606"
"J5_soC5_curto","2010","BB0","0.460196628404205","0.221469129567557","0.980624875042438"
"J5_soC5_curto","2011","BB0","0.454015061670397","0.209818455609949","0.990171988061893"
"J5_soC5_curto","2012","BB0","0.432496828115281","0.181307445034636","0.98943425165511"
"J5_soC5_curto","2013","BB0","0.323005156298979","0.134589556073192","0.980782950903893"
"J5_soC5_curto","2014","BB0","0.291370778781189","0.0923952355308256","0.979524405073286"
"J5_soC5_curto","2015","BB0","0.308604917526965","0.0684632542191796","0.995112940885759"
"J5_soC5_curto","2016","BB0","0.345523344957273","0.065788927583797","1.03732290838485"
"J5_soC5_curto","2017","BB0","0.362252025897706","0.0604745740084965","1.05377746520585"
"J5_soC5_curto","2018","BB0","0.346394382128466","0.0533302229580187","1.05661271999218"
"J5_soC5_curto","2019","BB0","0.362321646969078","0.0476505190285864","1.06268806450818"
"J5_soC5_curto","2020","BB0","0.318147026305462","0.0301789564522615","1.04792369515447"
"J5_soC5_curto","2021","BB0","0.32257033036529","0.0224013330113339","1.05213365032262"
"J5_soC5_curto","2022","BB0","0.343433043013109","0.0235712138343242","1.06397837256446"
"J5_soC5_curto","2023","BB0","0.341973658768287","0.0251141393229135","1.06913289190225"
"J5_soC5_curto","2024","BB0","0.328554207885741","0.0240204702516053","1.07216725751255"
"J5_soC5_curto","2025","BB0","0.344881972919888","0.0203227022785887","1.07391593619285"
"J5_soC5_curto","1989","procB","0.000515104409377187","-0.113973898628841","0.119713368580209"
"J5_soC5_curto","1990","procB","0.00140776922215546","-0.115704246610745","0.119833561004078"
"J5_soC5_curto","1991","procB","0.000440271462611386","-0.115292312592192","0.119404597603966"
"J5_soC5_curto","1992","procB","0.0000635773596400213","-0.116608896731465","0.118896836343341"
"J5_soC5_curto","1993","procB","0.00174625621438529","-0.11141418668492","0.121099050665244"
"J5_soC5_curto","1994","procB","0.00124488442681714","-0.113708706375855","0.121862151490216"
"J5_soC5_curto","1995","procB","0.000768768210480442","-0.112013602639195","0.121439534294868"
"J5_soC5_curto","1996","procB","0.00121261832497455","-0.117319045380356","0.12038726044022"
"J5_soC5_curto","1997","procB","0.00104472671098432","-0.112313629153619","0.1205006756597"
"J5_soC5_curto","1998","procB","0.00090363201870991","-0.114643021645351","0.117529807041185"
"J5_soC5_curto","1999","procB","0.00264752547697555","-0.112184486055251","0.118279959630994"
"J5_soC5_curto","2000","procB","0.00101034363158137","-0.116091121687224","0.121781135947815"
"J5_soC5_curto","2001","procB","0.000025923071251821","-0.115681319417716","0.115381705559814"
"J5_soC5_curto","2002","procB","0.00115363751782671","-0.116678820930792","0.118053028968703"
"J5_soC5_curto","2003","procB","-0.000209052470411253","-0.11624448966749","0.117431684435696"
"J5_soC5_curto","2004","procB","0.0000926437981947359","-0.118280345896457","0.11616396339816"
"J5_soC5_curto","2005","procB","0.000624696182334183","-0.117901526047951","0.117420384889912"
"J5_soC5_curto","2006","procB","-0.000446731379527776","-0.116784763115837","0.120299355568581"
"J5_soC5_curto","2007","procB","0.000842960433872442","-0.118801621630587","0.115914621872246"
"J5_soC5_curto","2008","procB","-0.00150824919399262","-0.116942723946956","0.114113733286051"
"J5_soC5_curto","2009","procB","-0.000432828855928324","-0.117789888657569","0.119505498857007"
"J5_soC5_curto","2010","procB","-0.00165542847453848","-0.11633520776413","0.112482231865884"
"J5_soC5_curto","2011","procB","-0.000723042606905588","-0.116107640070031","0.118296291370059"
"J5_soC5_curto","2012","procB","0.00036190822466331","-0.119882856124858","0.116380288230616"
"J5_soC5_curto","2013","procB","0.000193961894253025","-0.117054693199156","0.117657942043847"
"J5_soC5_curto","2014","procB","-0.000734160794953087","-0.118768781121726","0.116307346207417"
"J5_soC5_curto","2015","procB","-0.000715419835891462","-0.122078651418596","0.11786097877156"
"J5_soC5_curto","2016","procB","0.00666388359643555","-0.105984367316428","0.126883732631714"
"J5_soC5_curto","2017","procB","0.00108838930433569","-0.115967417939961","0.119371023508378"
"J5_soC5_curto","2018","procB","-0.00412442070874786","-0.129605001052028","0.108943723126311"
"J5_soC5_curto","2019","procB","-0.00296389689742235","-0.122690947397879","0.110848176223961"
"J5_soC5_curto","2020","procB","-0.00730915922609165","-0.132414515834343","0.105422524776304"
"J5_soC5_curto","2021","procB","-0.00963583658337142","-0.131156238035749","0.102274931081145"
"J5_soC5_curto","2022","procB","-0.00541930757728204","-0.12848521231098","0.110282293938142"
"J5_soC5_curto","2023","procB","0.00141227569135921","-0.113753499181211","0.117041085793956"
"J5_soC5_curto","2024","procB","0.000905688454060805","-0.113969943319959","0.118964716352116"
"J5_soC5_curto","2025","procB","0.000246295682875819","-0.11321351362883","0.115985523254913"
"J5_soC5_curto","1989","SPt","0","0","0"
"J5_soC5_curto","1990","SPt","2154.37191504279","-567.125211024417","10529.8948479109"
"J5_soC5_curto","1991","SPt","2075.3541440452","-541.841756595458","9236.56672757478"
"J5_soC5_curto","1992","SPt","1878.66167920273","-1083.20177933135","7759.5963991642"
"J5_soC5_curto","1993","SPt","1754.8183765819","-1228.08231611657","6788.38843695118"
"J5_soC5_curto","1994","SPt","1814.97054501778","-1235.82309671602","6575.4859037611"
"J5_soC5_curto","1995","SPt","1716.79134489172","-1480.13660496259","6011.76177341398"
"J5_soC5_curto","1996","SPt","1760.52220427761","-1594.16815797384","6035.94706645822"
"J5_soC5_curto","1997","SPt","1723.92094242954","-2049.25494241217","5816.13295222259"
"J5_soC5_curto","1998","SPt","1718.78050140081","-1998.8904036951","5450.10286455766"
"J5_soC5_curto","1999","SPt","1938.05623346122","-1344.26603078156","6191.53045216678"
"J5_soC5_curto","2000","SPt","2029.95302411949","-1226.89515090846","6291.4887551073"
"J5_soC5_curto","2001","SPt","1982.73353312389","-1148.22912288943","6061.71258074317"
"J5_soC5_curto","2002","SPt","1930.03992913268","-1242.73345910904","6222.39937996693"
"J5_soC5_curto","2003","SPt","1850.30868033025","-1879.620799794","5673.19239999369"
"J5_soC5_curto","2004","SPt","1865.81127166112","-1669.69592309939","5859.40473911227"
"J5_soC5_curto","2005","SPt","1844.88662471283","-1669.20349377713","5888.96546998221"
"J5_soC5_curto","2006","SPt","1814.25280295289","-1746.95780327583","5770.15629780576"
"J5_soC5_curto","2007","SPt","1824.53452146817","-1808.21973701699","5723.65861833408"
"J5_soC5_curto","2008","SPt","1831.51818803595","-1415.89481529702","5947.64608629552"
"J5_soC5_curto","2009","SPt","1814.02724252999","-1174.58338221259","6145.31327569646"
"J5_soC5_curto","2010","SPt","1701.78719409842","-1175.60310058044","6137.68679053055"
"J5_soC5_curto","2011","SPt","1628.24283468678","-1457.00154820677","5874.35126963147"
"J5_soC5_curto","2012","SPt","1578.03521197954","-1626.99955553734","5988.06650151897"
"J5_soC5_curto","2013","SPt","1491.08068199169","-1563.24182176961","5766.05271077765"
"J5_soC5_curto","2014","SPt","1268.99358599757","-1230.70555648415","5985.18524258227"
"J5_soC5_curto","2015","SPt","930.506425954754","-1432.65109286342","5967.55883385949"
"J5_soC5_curto","2016","SPt","701.650413333767","-1382.52062472829","6282.42725630858"
"J5_soC5_curto","2017","SPt","610.667284087503","-2529.7520575109","5873.49229988143"
"J5_soC5_curto","2018","SPt","513.47463892394","-3310.24252703836","4942.71837671766"
"J5_soC5_curto","2019","SPt","461.261429438605","-3283.94044691407","5047.76489902369"
"J5_soC5_curto","2020","SPt","349.160458585796","-3848.67296099775","4387.63804954327"
"J5_soC5_curto","2021","SPt","245.894686744192","-3658.20669668888","4390.92533721257"
"J5_soC5_curto","2022","SPt","208.007324833192","-3484.09605486035","4494.91022204609"
"J5_soC5_curto","2023","SPt","231.683522282705","-3595.33880893877","4682.94217820853"
"J5_soC5_curto","2024","SPt","250.53098332078","-3718.08549842497","4523.08290151967"
"J5_soC5_curto","2025","SPt","243.297519740681","-3585.63984323463","4744.12877964111"
"J6_BASE_Fox","1989","B","13575.8537106029","5758.17046052629","41724.1887458438"
"J6_BASE_Fox","1990","B","14911.0681549946","6432.55818093301","46671.7033949548"
"J6_BASE_Fox","1991","B","16556.9461949784","7552.52422531909","51484.2165634783"
"J6_BASE_Fox","1992","B","17551.8784682663","7992.79722502201","54465.7730428346"
"J6_BASE_Fox","1993","B","17024.4544382685","7030.41057880134","54671.0464153841"
"J6_BASE_Fox","1994","B","17495.0816374228","7425.861199871","55908.1930666591"
"J6_BASE_Fox","1995","B","17275.4670194917","7158.40167113409","55900.3290633896"
"J6_BASE_Fox","1996","B","17610.6844528501","7359.77893945881","58122.2532688515"
"J6_BASE_Fox","1997","B","17733.5650460226","7385.12230579361","58646.6354358801"
"J6_BASE_Fox","1998","B","16435.5386470647","6082.98615712588","57286.6592610711"
"J6_BASE_Fox","1999","B","15632.5284679009","5296.92770605977","56600.0225806074"
"J6_BASE_Fox","2000","B","15566.8240337568","5059.82795058473","56371.007861491"
"J6_BASE_Fox","2001","B","16381.0248167089","5748.83421305998","58082.7657461019"
"J6_BASE_Fox","2002","B","17436.923161295","6704.09576072556","59106.0876544064"
"J6_BASE_Fox","2003","B","17288.8386468469","6554.19165821731","59501.5014852292"
"J6_BASE_Fox","2004","B","17756.2290684812","6959.16234370381","60396.5299973836"
"J6_BASE_Fox","2005","B","18279.8589076194","7400.94533825388","61806.0616975947"
"J6_BASE_Fox","2006","B","18146.6411295781","7335.02447832383","61743.0793656241"
"J6_BASE_Fox","2007","B","17378.770351679","6667.44491494443","60605.1865029106"
"J6_BASE_Fox","2008","B","16607.594661146","5939.30954249587","59664.8418032707"
"J6_BASE_Fox","2009","B","16514.1850556782","5935.28622392749","58992.8719258934"
"J6_BASE_Fox","2010","B","17023.9268412843","6480.77572773103","59455.5421997642"
"J6_BASE_Fox","2011","B","17464.8559089591","6835.5900082768","59718.2549665063"
"J6_BASE_Fox","2012","B","17349.3443811178","6715.50369894114","59946.5912903263"
"J6_BASE_Fox","2013","B","16648.7254915933","6151.86077137986","58936.7867719863"
"J6_BASE_Fox","2014","B","16655.7165750533","6182.42406511231","59932.6460739104"
"J6_BASE_Fox","2015","B","17573.3221503819","7006.16213032092","61001.0586855769"
"J6_BASE_Fox","2016","B","19113.3996233787","8350.42501989168","62096.0859236772"
"J6_BASE_Fox","2017","B","19941.5991022984","9062.72996705344","63418.7315537978"
"J6_BASE_Fox","2018","B","20313.9358633934","9342.58130940808","63366.1805751721"
"J6_BASE_Fox","2019","B","20749.4571761987","9628.70924927937","63552.65240049"
"J6_BASE_Fox","2020","B","20636.0885408665","9473.38167667552","62658.9722792175"
"J6_BASE_Fox","2021","B","20860.1303568845","9664.60494813158","62672.321128802"
"J6_BASE_Fox","2022","B","21208.477643116","10024.3034118101","63156.4767326478"
"J6_BASE_Fox","2023","B","21618.7746076145","10097.0099122535","63454.77201185"
"J6_BASE_Fox","2024","B","21695.2955057407","10245.5397789541","62623.7148477344"
"J6_BASE_Fox","2025","B","21839.2784739798","10151.6694043734","63200.8083707869"
"J6_BASE_Fox","1989","F","0.124155230958996","0.0379090115030987","0.328716920909293"
"J6_BASE_Fox","1990","F","0.066936659212133","0.0207794625748661","0.172703506382063"
"J6_BASE_Fox","1991","F","0.0760498336162606","0.023407253779781","0.182760143458335"
"J6_BASE_Fox","1992","F","0.125874605004295","0.0379176951339101","0.310354463080925"
"J6_BASE_Fox","1993","F","0.084730040573713","0.0245060887462314","0.228045286707861"
"J6_BASE_Fox","1994","F","0.112696049884535","0.0324086903526066","0.293576033175811"
"J6_BASE_Fox","1995","F","0.091501234276571","0.0271093658637489","0.245600270047264"
"J6_BASE_Fox","1996","F","0.0996068920305251","0.0287904118131859","0.254722149273163"
"J6_BASE_Fox","1997","F","0.169412714643775","0.0490983135945867","0.437819825626688"
"J6_BASE_Fox","1998","F","0.183042933171952","0.0505851590224849","0.530569207515344"
"J6_BASE_Fox","1999","F","0.173203261108292","0.0455283274696006","0.541707823704985"
"J6_BASE_Fox","2000","F","0.11945733215312","0.0311479451494491","0.380681690152856"
"J6_BASE_Fox","2001","F","0.0845184218516532","0.0224938668663944","0.25264077344256"
"J6_BASE_Fox","2002","F","0.12557363197361","0.0358167866193444","0.345639852344431"
"J6_BASE_Fox","2003","F","0.103885847170556","0.0291493174761637","0.291700631405782"
"J6_BASE_Fox","2004","F","0.0950446842856739","0.027557838094448","0.253712924838714"
"J6_BASE_Fox","2005","F","0.115922468146737","0.0333863655252056","0.296148152560824"
"J6_BASE_Fox","2006","F","0.142737085406159","0.0415279735277752","0.370366286311257"
"J6_BASE_Fox","2007","F","0.162489335192818","0.0451021864239732","0.449783057931389"
"J6_BASE_Fox","2008","F","0.144081617248208","0.038164693002672","0.427014126229763"
"J6_BASE_Fox","2009","F","0.107466309227056","0.0286551859166629","0.318789213656046"
"J6_BASE_Fox","2010","F","0.101891484345175","0.0277755850393621","0.293437985123931"
"J6_BASE_Fox","2011","F","0.12348386324037","0.0349700734891157","0.332352222863577"
"J6_BASE_Fox","2012","F","0.152880513990365","0.0420860553996475","0.425781636254066"
"J6_BASE_Fox","2013","F","0.133942712857552","0.0357240350634319","0.385236457193492"
"J6_BASE_Fox","2014","F","0.084926948275568","0.0229316884939562","0.24972480242697"
"J6_BASE_Fox","2015","F","0.0365874926509717","0.0102547852029001","0.0985238327147499"
"J6_BASE_Fox","2016","F","0.0339859367489749","0.0099668076839192","0.0850677832061499"
"J6_BASE_Fox","2017","F","0.0327673190213549","0.00996327457111702","0.0793263883317418"
"J6_BASE_Fox","2018","F","0.0270905238954076","0.00849539486283664","0.0659280088658788"
"J6_BASE_Fox","2019","F","0.0389187995239343","0.0119104062100889","0.0917323793022536"
"J6_BASE_Fox","2020","F","0.0198356432299994","0.00618651469181828","0.0480343519118282"
"J6_BASE_Fox","2021","F","0.00763623304718935","0.00245421191643729","0.0179869426626599"
"J6_BASE_Fox","2022","F","0.00825719162855688","0.00264700049658926","0.0197009825190365"
"J6_BASE_Fox","2023","F","0.0113463163876381","0.00371431543984843","0.0272965236152368"
"J6_BASE_Fox","2024","F","0.0131241572911628","0.00429131810501297","0.0310178586960579"
"J6_BASE_Fox","2025","F","0.00282849487992753","0.000933722137830057","0.00674020962743857"
"J6_BASE_Fox","1989","BBmsy","1.61247911813175","1.12661008673312","2.37887964977959"
"J6_BASE_Fox","1990","BBmsy","1.80842915295348","1.27272846221469","2.42774873353557"
"J6_BASE_Fox","1991","BBmsy","2.02382355650367","1.43794956257911","2.5732086860971"
"J6_BASE_Fox","1992","BBmsy","2.14107670221302","1.56188651544248","2.64978606488157"
"J6_BASE_Fox","1993","BBmsy","2.05666022161889","1.49421985183948","2.57216276170945"
"J6_BASE_Fox","1994","BBmsy","2.11501288910428","1.55140437887475","2.6121618799028"
"J6_BASE_Fox","1995","BBmsy","2.0862585201199","1.52760875255398","2.60019754503317"
"J6_BASE_Fox","1996","BBmsy","2.13019524338952","1.57412877911818","2.64102839196663"
"J6_BASE_Fox","1997","BBmsy","2.14787890764716","1.59454658481619","2.6504277144084"
"J6_BASE_Fox","1998","BBmsy","1.98885150853603","1.37221994245257","2.56616279646432"
"J6_BASE_Fox","1999","BBmsy","1.88932403328838","1.21323551316194","2.51838568296911"
"J6_BASE_Fox","2000","BBmsy","1.87890613749868","1.14388537333042","2.52575317853099"
"J6_BASE_Fox","2001","BBmsy","1.98568581874332","1.26443570870851","2.58868286138188"
"J6_BASE_Fox","2002","BBmsy","2.12318201464606","1.43985632523547","2.6750079949814"
"J6_BASE_Fox","2003","BBmsy","2.10490030536464","1.43380534760226","2.66219777081161"
"J6_BASE_Fox","2004","BBmsy","2.16066474393753","1.51596346329126","2.71037975752543"
"J6_BASE_Fox","2005","BBmsy","2.2189789100952","1.6208169339374","2.78210692505586"
"J6_BASE_Fox","2006","BBmsy","2.19572321124991","1.60884433321819","2.76189266365417"
"J6_BASE_Fox","2007","BBmsy","2.09609255320144","1.49555360088908","2.68611005760852"
"J6_BASE_Fox","2008","BBmsy","2.0052066672047","1.34173052688413","2.63216482100847"
"J6_BASE_Fox","2009","BBmsy","1.99528510665492","1.29044727726534","2.60569595310672"
"J6_BASE_Fox","2010","BBmsy","2.0634219683338","1.37151322458486","2.65140842655407"
"J6_BASE_Fox","2011","BBmsy","2.11975148692549","1.45298199853645","2.67465966878633"
"J6_BASE_Fox","2012","BBmsy","2.1026770293032","1.43664515557896","2.65528508965362"
"J6_BASE_Fox","2013","BBmsy","2.01118146487579","1.30918426604968","2.61874099156857"
"J6_BASE_Fox","2014","BBmsy","2.01517119984538","1.31805933513755","2.61276882565689"
"J6_BASE_Fox","2015","BBmsy","2.13247489249565","1.45720782428255","2.68205581169525"
"J6_BASE_Fox","2016","BBmsy","2.31764052405143","1.70091547501693","2.81110646558349"
"J6_BASE_Fox","2017","BBmsy","2.41841088540542","1.86140334680166","2.87904359161403"
"J6_BASE_Fox","2018","BBmsy","2.46445668243942","1.96634197866089","2.87529601982549"
"J6_BASE_Fox","2019","BBmsy","2.50604454734055","2.05393515579076","2.92032923933502"
"J6_BASE_Fox","2020","BBmsy","2.48279734196135","2.06197566442271","2.87078334722822"
"J6_BASE_Fox","2021","BBmsy","2.51677799861142","2.10195250681691","2.89805976911044"
"J6_BASE_Fox","2022","BBmsy","2.56634024523627","2.1571447180396","2.92558644205427"
"J6_BASE_Fox","2023","BBmsy","2.59823961753893","2.19863625298586","2.95330425132717"
"J6_BASE_Fox","2024","BBmsy","2.60967853406247","2.23092505620804","2.9692738796207"
"J6_BASE_Fox","2025","BBmsy","2.61377036258444","2.25048382605957","2.97148309437663"
"J6_BASE_Fox","1989","FFmsy","0.267624136328631","0.0798783478180937","0.605789710165193"
"J6_BASE_Fox","1990","FFmsy","0.144439308631499","0.0417301073932881","0.334718470030243"
"J6_BASE_Fox","1991","FFmsy","0.162796332942908","0.0471460024535111","0.376100337292376"
"J6_BASE_Fox","1992","FFmsy","0.269615756399504","0.0754925350574846","0.618182125683294"
"J6_BASE_Fox","1993","FFmsy","0.183012606902071","0.0506075928007218","0.432680634164885"
"J6_BASE_Fox","1994","FFmsy","0.244105267594244","0.0684015904351082","0.570181746062814"
"J6_BASE_Fox","1995","FFmsy","0.198346020052775","0.0552738704739293","0.476074116881185"
"J6_BASE_Fox","1996","FFmsy","0.215838335032495","0.0598116841625645","0.496707040465841"
"J6_BASE_Fox","1997","FFmsy","0.365167447356452","0.102768487209316","0.842300044786506"
"J6_BASE_Fox","1998","FFmsy","0.400515769884956","0.107271115493413","0.954627512866741"
"J6_BASE_Fox","1999","FFmsy","0.374002430667895","0.0987258470734392","0.955930540241427"
"J6_BASE_Fox","2000","FFmsy","0.256601597986241","0.0661496608451457","0.69153813927424"
"J6_BASE_Fox","2001","FFmsy","0.180916072188514","0.0481276525821484","0.481846609049382"
"J6_BASE_Fox","2002","FFmsy","0.267568247656372","0.075508818171498","0.670561657893305"
"J6_BASE_Fox","2003","FFmsy","0.221506024673334","0.0616662522755206","0.554080803508883"
"J6_BASE_Fox","2004","FFmsy","0.202399432659943","0.058298648376595","0.48835139179263"
"J6_BASE_Fox","2005","FFmsy","0.249321753527437","0.0711218702824189","0.57747281388437"
"J6_BASE_Fox","2006","FFmsy","0.305934550781368","0.0878186143051819","0.711383521968454"
"J6_BASE_Fox","2007","FFmsy","0.34924847825845","0.097026320662834","0.844340262194935"
"J6_BASE_Fox","2008","FFmsy","0.310517320669331","0.0831716877657487","0.797915413684915"
"J6_BASE_Fox","2009","FFmsy","0.232071388446721","0.0611998526577132","0.61299004628223"
"J6_BASE_Fox","2010","FFmsy","0.219402839032963","0.0589718913876515","0.577381226032562"
"J6_BASE_Fox","2011","FFmsy","0.262626320149245","0.0734042238141779","0.667505524180437"
"J6_BASE_Fox","2012","FFmsy","0.326277910856595","0.0909063615545597","0.828781976873016"
"J6_BASE_Fox","2013","FFmsy","0.28654530783311","0.0767496567886672","0.741059445962808"
"J6_BASE_Fox","2014","FFmsy","0.183333631628455","0.0499807879845153","0.487566835227215"
"J6_BASE_Fox","2015","FFmsy","0.077938875594914","0.02170245061016","0.200867194173554"
"J6_BASE_Fox","2016","FFmsy","0.0722972202733399","0.0213748499626334","0.17522921859788"
"J6_BASE_Fox","2017","FFmsy","0.0696364951180481","0.0215995115705413","0.160217325496433"
"J6_BASE_Fox","2018","FFmsy","0.0579447021365954","0.0179515801480195","0.130375876688316"
"J6_BASE_Fox","2019","FFmsy","0.0827962335380555","0.0263061832181099","0.178221142955239"
"J6_BASE_Fox","2020","FFmsy","0.042674535274237","0.0132715843128408","0.0917956016751552"
"J6_BASE_Fox","2021","FFmsy","0.0164599530752012","0.00523493864323562","0.0344849637413981"
"J6_BASE_Fox","2022","FFmsy","0.0177926155926009","0.00582157489380258","0.0367191762330861"
"J6_BASE_Fox","2023","FFmsy","0.0244762184603711","0.00796386349522959","0.0507810054171787"
"J6_BASE_Fox","2024","FFmsy","0.0283991919711234","0.00923614733946624","0.0578997042945398"
"J6_BASE_Fox","2025","FFmsy","0.00607871282809737","0.00200597300552368","0.0122662224236902"
"J6_BASE_Fox","1989","BB0","0.593494392316226","0.414663831168057","0.875578304403205"
"J6_BASE_Fox","1990","BB0","0.665616409608212","0.468444643265111","0.893565220847996"
"J6_BASE_Fox","1991","BB0","0.744895185504203","0.529256467403468","0.947103691629482"
"J6_BASE_Fox","1992","BB0","0.788051765752242","0.574873111797844","0.975289014698665"
"J6_BASE_Fox","1993","BB0","0.756981156968337","0.549967496001925","0.946718725243328"
"J6_BASE_Fox","1994","BB0","0.778458632577073","0.571015021976719","0.961440932854207"
"J6_BASE_Fox","1995","BB0","0.767875204515946","0.562256725125474","0.957037300228476"
"J6_BASE_Fox","1996","BB0","0.784046700062182","0.579379039818296","0.972065636667714"
"J6_BASE_Fox","1997","BB0","0.790555407960784","0.58689408484983","0.975525182343707"
"J6_BASE_Fox","1998","BB0","0.73202325797149","0.50506380623005","0.944510358209587"
"J6_BASE_Fox","1999","BB0","0.695390846564321","0.446547471854873","0.926925355947161"
"J6_BASE_Fox","2000","BB0","0.691556401416227","0.421022230235595","0.929637060707996"
"J6_BASE_Fox","2001","BB0","0.730858083726033","0.465392385007974","0.952799167715941"
"J6_BASE_Fox","2002","BB0","0.781465387917132","0.529958276767262","0.984572281631752"
"J6_BASE_Fox","2003","BB0","0.774736561590965","0.527731133945405","0.979857308195138"
"J6_BASE_Fox","2004","BB0","0.795261405113911","0.55797052148004","0.997591329432223"
"J6_BASE_Fox","2005","BB0","0.81672470979675","0.596563236352205","1.02399146772075"
"J6_BASE_Fox","2006","BB0","0.808165140436205","0.59215656137056","1.01655133987548"
"J6_BASE_Fox","2007","BB0","0.771494751226422","0.550458400084213","0.988658543486708"
"J6_BASE_Fox","2008","BB0","0.738042991713248","0.493841771190095","0.968803281453054"
"J6_BASE_Fox","2009","BB0","0.734391229353595","0.474966288880735","0.959061062472353"
"J6_BASE_Fox","2010","BB0","0.759469907806992","0.504803689316457","0.975886146496597"
"J6_BASE_Fox","2011","BB0","0.780202736548843","0.534789355453438","0.984444075541424"
"J6_BASE_Fox","2012","BB0","0.773918255257444","0.528776363052855","0.977313003926631"
"J6_BASE_Fox","2013","BB0","0.740242095486527","0.481862686885122","0.963862462433196"
"J6_BASE_Fox","2014","BB0","0.741710570522671","0.485129274139395","0.961664327313981"
"J6_BASE_Fox","2015","BB0","0.784885755244805","0.536344726840894","0.98716632433947"
"J6_BASE_Fox","2016","BB0","0.853038429435943","0.626044570050646","1.03466513443021"
"J6_BASE_Fox","2017","BB0","0.890128301610267","0.685114266438008","1.05967029752089"
"J6_BASE_Fox","2018","BB0","0.90707606981521","0.723738326027658","1.05829095386534"
"J6_BASE_Fox","2019","BB0","0.922383036789036","0.755978160235231","1.07486602944078"
"J6_BASE_Fox","2020","BB0","0.913826593561688","0.758937576410469","1.05663000467802"
"J6_BASE_Fox","2021","BB0","0.926333626330214","0.77365158511711","1.06666945464516"
"J6_BASE_Fox","2022","BB0","0.944575670590931","0.793965812750739","1.07680101284494"
"J6_BASE_Fox","2023","BB0","0.956316658965387","0.809237324203073","1.08700292131357"
"J6_BASE_Fox","2024","BB0","0.960526904378523","0.821121647808557","1.09288075547155"
"J6_BASE_Fox","2025","BB0","0.962032956304903","0.828320513267934","1.0936938863545"
"J6_BASE_Fox","1989","procB","-0.00353940083929283","-0.115803319492877","0.106049804395086"
"J6_BASE_Fox","1990","procB","-0.00463436228616254","-0.119498162727398","0.103853106952386"
"J6_BASE_Fox","1991","procB","-0.00595322938687382","-0.12080001537228","0.100879790793147"
"J6_BASE_Fox","1992","procB","-0.000213228538614718","-0.113352514929802","0.107828401921214"
"J6_BASE_Fox","1993","procB","-0.0105300135509658","-0.131279107159248","0.0925144143099012"
"J6_BASE_Fox","1994","procB","-0.0116141510084109","-0.127627993636568","0.0960401996009985"
"J6_BASE_Fox","1995","procB","-0.00826224698038946","-0.120475437245984","0.0992128654822653"
"J6_BASE_Fox","1996","procB","-0.00532458770238675","-0.115962127234707","0.106029587683273"
"J6_BASE_Fox","1997","procB","-0.00111724301638516","-0.111430757849479","0.109107279392828"
"J6_BASE_Fox","1998","procB","-0.00313229712569596","-0.116913300352744","0.103952743047578"
"J6_BASE_Fox","1999","procB","-0.00238581964627005","-0.111936976071701","0.104808653974424"
"J6_BASE_Fox","2000","procB","0.00182425401875741","-0.108909697547481","0.112175956816187"
"J6_BASE_Fox","2001","procB","0.00325955863014415","-0.104952726125204","0.11632104931272"
"J6_BASE_Fox","2002","procB","0.00735386954448858","-0.10159085314175","0.119209040884543"
"J6_BASE_Fox","2003","procB","0.0083565354648294","-0.0985261358323783","0.123402168039079"
"J6_BASE_Fox","2004","procB","0.0139584647571745","-0.0904725886159386","0.131048378908816"
"J6_BASE_Fox","2005","procB","0.0184769331946003","-0.0865741777607194","0.139790773263739"
"J6_BASE_Fox","2006","procB","0.0135875738991269","-0.0910620008024316","0.133534598596487"
"J6_BASE_Fox","2007","procB","0.0052445782810957","-0.101010580394105","0.120244831008141"
"J6_BASE_Fox","2008","procB","0.00298974588551359","-0.105611288943348","0.117992255811279"
"J6_BASE_Fox","2009","procB","-0.000857720129231687","-0.111482415990062","0.107976380256737"
"J6_BASE_Fox","2010","procB","-0.000585332733233579","-0.108455440664654","0.112449330490661"
"J6_BASE_Fox","2011","procB","0.0023670800780069","-0.104864631522625","0.114121976232319"
"J6_BASE_Fox","2012","procB","0.00230563498097203","-0.106553885076868","0.114288109866855"
"J6_BASE_Fox","2013","procB","-0.000390937308677008","-0.111685743531428","0.107794887316339"
"J6_BASE_Fox","2014","procB","0.000150309657975134","-0.116925260057801","0.108683942547259"
"J6_BASE_Fox","2015","procB","0.00398268697995052","-0.105136512101219","0.115588283753359"
"J6_BASE_Fox","2016","procB","0.0081418602158867","-0.0964916188170976","0.125192194052278"
"J6_BASE_Fox","2017","procB","0.00551838979095121","-0.103290525266888","0.120396465570941"
"J6_BASE_Fox","2018","procB","0.000683461087513049","-0.109664175618566","0.10995832441921"
"J6_BASE_Fox","2019","procB","0.00124423702719345","-0.111286890835695","0.115470410900614"
"J6_BASE_Fox","2020","procB","-0.00353531224494774","-0.116627859580441","0.107182255370687"
"J6_BASE_Fox","2021","procB","-0.00842939534855014","-0.122976854859355","0.0990786049866756"
"J6_BASE_Fox","2022","procB","-0.00693166105678844","-0.122851042936682","0.0986627532011306"
"J6_BASE_Fox","2023","procB","-0.00478262647060035","-0.116142138077985","0.102670858894673"
"J6_BASE_Fox","2024","procB","-0.00213203930159556","-0.115906068424224","0.105633789866496"
"J6_BASE_Fox","2025","procB","-0.00214464262103453","-0.114411836832901","0.106234535569801"
"J6_BASE_Fox","1989","SPt","0","0","0"
"J6_BASE_Fox","1990","SPt","2979.14626454374","319.574594953427","9322.68168634837"
"J6_BASE_Fox","1991","SPt","2598.16670262433","77.873954367977","7500.84142092801"
"J6_BASE_Fox","1992","SPt","2174.16121158574","-348.303420519066","6513.66465135923"
"J6_BASE_Fox","1993","SPt","1632.5637469888","-1318.9684462667","5254.89467975049"
"J6_BASE_Fox","1994","SPt","1888.13318016779","-1021.0248093622","5340.91502806285"
"J6_BASE_Fox","1995","SPt","1753.84665570239","-1097.52161983825","5207.97224767428"
"J6_BASE_Fox","1996","SPt","1926.69510442198","-978.450974145833","5386.58754470843"
"J6_BASE_Fox","1997","SPt","1874.12938725257","-1150.86612486618","5341.51777376225"
"J6_BASE_Fox","1998","SPt","1759.52088573624","-1495.16779702594","4984.57830793683"
"J6_BASE_Fox","1999","SPt","2253.20468846516","-853.874245256138","5278.8846410154"
"J6_BASE_Fox","2000","SPt","2559.58615495814","-366.265182296826","5854.53507722809"
"J6_BASE_Fox","2001","SPt","2641.25691425022","-80.1512786394286","5925.51841050898"
"J6_BASE_Fox","2002","SPt","2457.15234245875","-348.311303635452","5890.94360776235"
"J6_BASE_Fox","2003","SPt","2163.08314981491","-1005.39206594129","5554.51018297799"
"J6_BASE_Fox","2004","SPt","2317.85808767751","-697.008535089786","5741.43000808413"
"J6_BASE_Fox","2005","SPt","2257.1681987664","-864.567214103605","5983.82026072992"
"J6_BASE_Fox","2006","SPt","1998.43810833304","-1430.55926443445","5445.73009654419"
"J6_BASE_Fox","2007","SPt","1891.97803784784","-1680.41986631562","4967.68029605527"
"J6_BASE_Fox","2008","SPt","2114.16010591178","-1404.04672000898","5227.5620046525"
"J6_BASE_Fox","2009","SPt","2255.60967220447","-1199.19144571619","5302.16270356787"
"J6_BASE_Fox","2010","SPt","2306.29568602662","-927.178324265429","5493.96152410336"
"J6_BASE_Fox","2011","SPt","2171.27211179609","-966.530428254741","5379.65456226299"
"J6_BASE_Fox","2012","SPt","2027.61188545189","-1206.6852670375","5203.51357097201"
"J6_BASE_Fox","2013","SPt","1989.89492230271","-1325.88751727561","5132.16271458096"
"J6_BASE_Fox","2014","SPt","2236.80171785424","-1058.63787353798","5312.27166304664"
"J6_BASE_Fox","2015","SPt","2326.26189652147","-779.614486743373","5612.94861368901"
"J6_BASE_Fox","2016","SPt","2107.59002647863","-940.563978277146","5617.00960201058"
"J6_BASE_Fox","2017","SPt","1504.48002184812","-1924.0250543142","5140.95852976279"
"J6_BASE_Fox","2018","SPt","1075.94822103115","-2664.8111547843","4544.14699685339"
"J6_BASE_Fox","2019","SPt","922.00900342146","-2616.66222389273","4577.85318135588"
"J6_BASE_Fox","2020","SPt","682.436152763885","-3178.80839714407","4114.72989446667"
"J6_BASE_Fox","2021","SPt","656.858519429155","-3114.41352353944","3974.94373521549"
"J6_BASE_Fox","2022","SPt","583.35889754072","-3100.79106283596","3985.33189794675"
"J6_BASE_Fox","2023","SPt","449.010295156364","-3108.51281918888","4027.66840724087"
"J6_BASE_Fox","2024","SPt","367.945565164578","-3216.595486313","3974.54412847646"
"J6_BASE_Fox","2025","SPt","336.720352530634","-3103.09522063887","4021.19311120621"
"J7_BASE_rBaixo","1989","B","22121.1913299935","8957.69416855739","62418.5869919964"
"J7_BASE_rBaixo","1990","B","22901.0485041805","9441.43776308485","64540.598330829"
"J7_BASE_rBaixo","1991","B","24326.7948468752","10453.6349651641","67952.3484911076"
"J7_BASE_rBaixo","1992","B","25501.3177886954","11205.0258046882","70982.246826294"
"J7_BASE_rBaixo","1993","B","25061.0321640031","10521.4948204064","72004.2665288118"
"J7_BASE_rBaixo","1994","B","25651.4584813122","10903.456118824","73299.5149238716"
"J7_BASE_rBaixo","1995","B","25756.2706819528","10719.6507737599","73796.175886302"
"J7_BASE_rBaixo","1996","B","26472.1129333956","11237.8718155491","76079.2056903825"
"J7_BASE_rBaixo","1997","B","27040.0498689987","11366.9726929085","77203.3208748599"
"J7_BASE_rBaixo","1998","B","26276.669708181","10505.2649843603","77742.5137395672"
"J7_BASE_rBaixo","1999","B","25663.4274590894","9585.51958028571","78230.8477212226"
"J7_BASE_rBaixo","2000","B","25455.4636444986","9389.90583605546","78263.7938448147"
"J7_BASE_rBaixo","2001","B","26429.6449272531","9808.24307895726","80793.208318953"
"J7_BASE_rBaixo","2002","B","27898.5525575523","10937.7448113729","83422.0976161999"
"J7_BASE_rBaixo","2003","B","28526.1555827802","10978.7858366968","86040.2972207383"
"J7_BASE_rBaixo","2004","B","29579.7527451529","11485.2746046745","88487.2712438424"
"J7_BASE_rBaixo","2005","B","30628.2779163207","12104.290986763","90830.6720319084"
"J7_BASE_rBaixo","2006","B","30671.3224290228","11969.164019913","91380.5719099877"
"J7_BASE_rBaixo","2007","B","29859.2344506774","11267.588632995","90072.5078636763"
"J7_BASE_rBaixo","2008","B","28783.8256325713","10406.9988938774","87586.9769134528"
"J7_BASE_rBaixo","2009","B","28220.1096075983","10041.1412287637","86883.9347994842"
"J7_BASE_rBaixo","2010","B","28478.1732190854","10480.9913432679","87403.6080225424"
"J7_BASE_rBaixo","2011","B","28814.2433193364","10918.8938998274","87610.5565411054"
"J7_BASE_rBaixo","2012","B","28707.2059707471","10694.2033195649","87372.5743140387"
"J7_BASE_rBaixo","2013","B","28048.5441121909","9974.70946208523","86025.7748814982"
"J7_BASE_rBaixo","2014","B","27816.831402854","9740.06583594083","86217.3548626754"
"J7_BASE_rBaixo","2015","B","28798.3478448179","10580.6325424144","86878.0366347711"
"J7_BASE_rBaixo","2016","B","30400.8785824174","11773.1851494419","89133.3406971026"
"J7_BASE_rBaixo","2017","B","31462.0851553289","12845.7391534003","90515.4693707138"
"J7_BASE_rBaixo","2018","B","32233.2139834653","13322.7064794178","90713.8202455019"
"J7_BASE_rBaixo","2019","B","32925.2705312144","13901.8429361676","91465.477312479"
"J7_BASE_rBaixo","2020","B","32794.7988698489","13868.4703044334","91140.6412542177"
"J7_BASE_rBaixo","2021","B","33059.9931973457","14164.1583451518","91079.1684909568"
"J7_BASE_rBaixo","2022","B","33590.3445720039","14467.3512696638","91236.0864001152"
"J7_BASE_rBaixo","2023","B","34356.2426256147","14701.7838870434","91044.9369762998"
"J7_BASE_rBaixo","2024","B","34764.2984787163","15027.0589541949","92293.8089548882"
"J7_BASE_rBaixo","2025","B","35162.3711786571","15109.8375540513","93730.4823756625"
"J7_BASE_rBaixo","1989","F","0.0761532517954808","0.0253505533498509","0.204154147754547"
"J7_BASE_rBaixo","1990","F","0.0437240007220767","0.0145808893373976","0.117477978254516"
"J7_BASE_rBaixo","1991","F","0.0520308027552366","0.0177403173505755","0.131226742208897"
"J7_BASE_rBaixo","1992","F","0.086342570891919","0.0284843491637129","0.222282739999009"
"J7_BASE_rBaixo","1993","F","0.0570413068161685","0.0187970966694137","0.14760254804327"
"J7_BASE_rBaixo","1994","F","0.0755636093642633","0.0256505428341697","0.194971532755104"
"J7_BASE_rBaixo","1995","F","0.0611157274745914","0.0204709356811752","0.160549674051236"
"J7_BASE_rBaixo","1996","F","0.065594026816398","0.0218227361565989","0.168850793213159"
"J7_BASE_rBaixo","1997","F","0.110196030582866","0.0363090050357201","0.276335075044003"
"J7_BASE_rBaixo","1998","F","0.113282478331093","0.0368066077829144","0.303402107254137"
"J7_BASE_rBaixo","1999","F","0.104795504017754","0.0327900549299499","0.290236897666662"
"J7_BASE_rBaixo","2000","F","0.0713923704867909","0.0223586929169013","0.207160128062406"
"J7_BASE_rBaixo","2001","F","0.0517256580124966","0.0159678725814761","0.144097025202896"
"J7_BASE_rBaixo","2002","F","0.0778705523864563","0.0249242092768705","0.20786334792946"
"J7_BASE_rBaixo","2003","F","0.0624793880382571","0.0200903339481686","0.171960400245614"
"J7_BASE_rBaixo","2004","F","0.0574984361185611","0.0187610262060313","0.154602435402484"
"J7_BASE_rBaixo","2005","F","0.0697894607816019","0.0228907163178598","0.186144462512453"
"J7_BASE_rBaixo","2006","F","0.0841850058413676","0.0267880640749432","0.231951680610835"
"J7_BASE_rBaixo","2007","F","0.0943245169124833","0.0299557859251441","0.270675863744315"
"J7_BASE_rBaixo","2008","F","0.0834440329855432","0.025602967878024","0.245314080697216"
"J7_BASE_rBaixo","2009","F","0.0624126073197533","0.0190937553740386","0.185128501534925"
"J7_BASE_rBaixo","2010","F","0.0608940454037303","0.0185748752134897","0.175308040807092"
"J7_BASE_rBaixo","2011","F","0.0741776508752263","0.0232172488953238","0.211758138395169"
"J7_BASE_rBaixo","2012","F","0.0912714332838063","0.0282832468991561","0.265254636599756"
"J7_BASE_rBaixo","2013","F","0.0788157942143857","0.0240448641093686","0.234990821064034"
"J7_BASE_rBaixo","2014","F","0.0507954244975071","0.0155696125961021","0.152932290066596"
"J7_BASE_rBaixo","2015","F","0.0222465356936775","0.00685559343223907","0.0661427543048841"
"J7_BASE_rBaixo","2016","F","0.0211476989290813","0.00685381669773006","0.0584320596892771"
"J7_BASE_rBaixo","2017","F","0.0207036977328702","0.00684332697754722","0.0565118705250782"
"J7_BASE_rBaixo","2018","F","0.0170216003177477","0.00567201858023386","0.0448443513444354"
"J7_BASE_rBaixo","2019","F","0.0244237512849726","0.00819581191610894","0.0626178757592896"
"J7_BASE_rBaixo","2020","F","0.0125008916989514","0.00414143059601514","0.0318333629091175"
"J7_BASE_rBaixo","2021","F","0.00480923721774576","0.00166736825685591","0.0122082056995432"
"J7_BASE_rBaixo","2022","F","0.0051788082819929","0.00179912151739492","0.0133973205760647"
"J7_BASE_rBaixo","2023","F","0.00719496855140628","0.00252225037190375","0.0183274095008904"
"J7_BASE_rBaixo","2024","F","0.00821588109209592","0.00288798561771743","0.0208772766146377"
"J7_BASE_rBaixo","2025","F","0.00176446995499392","0.000624878273318903","0.00438077973603348"
"J7_BASE_rBaixo","1989","BBmsy","1.13978487900193","0.795391008614973","1.63990568075747"
"J7_BASE_rBaixo","1990","BBmsy","1.19021436194827","0.823781248755559","1.66198353949769"
"J7_BASE_rBaixo","1991","BBmsy","1.27088442959886","0.875813586227414","1.74799300383625"
"J7_BASE_rBaixo","1992","BBmsy","1.33817493229206","0.920396985577801","1.82164398882671"
"J7_BASE_rBaixo","1993","BBmsy","1.32251780201589","0.900563815401031","1.78514966216731"
"J7_BASE_rBaixo","1994","BBmsy","1.36003973078865","0.923274716000427","1.81228112157964"
"J7_BASE_rBaixo","1995","BBmsy","1.36654495305666","0.92852073680476","1.8166267159583"
"J7_BASE_rBaixo","1996","BBmsy","1.39873056184279","0.961408197261057","1.8413084048081"
"J7_BASE_rBaixo","1997","BBmsy","1.42609914859168","1.00092714607256","1.85110253549428"
"J7_BASE_rBaixo","1998","BBmsy","1.37281135576753","0.970120479936079","1.81588292566531"
"J7_BASE_rBaixo","1999","BBmsy","1.33705703292241","0.931124368763872","1.7922266884418"
"J7_BASE_rBaixo","2000","BBmsy","1.33291300281927","0.917834371780688","1.81262634591343"
"J7_BASE_rBaixo","2001","BBmsy","1.38430518704461","0.96396839757003","1.85779645006168"
"J7_BASE_rBaixo","2002","BBmsy","1.46521875158108","1.04325504395485","1.92996133716364"
"J7_BASE_rBaixo","2003","BBmsy","1.49299321982153","1.0732484847339","1.9654256181427"
"J7_BASE_rBaixo","2004","BBmsy","1.54746844409665","1.12385826980182","2.02752289658311"
"J7_BASE_rBaixo","2005","BBmsy","1.60038488751503","1.15996610666458","2.11192857589623"
"J7_BASE_rBaixo","2006","BBmsy","1.6032903485889","1.16683233911314","2.12571498761067"
"J7_BASE_rBaixo","2007","BBmsy","1.55985153527452","1.12024503083552","2.06154833017816"
"J7_BASE_rBaixo","2008","BBmsy","1.50788756545996","1.04726466248091","1.99863298342762"
"J7_BASE_rBaixo","2009","BBmsy","1.47886752989299","1.01073033074544","1.96306566697285"
"J7_BASE_rBaixo","2010","BBmsy","1.49936991043869","1.02597808581491","1.97277748860252"
"J7_BASE_rBaixo","2011","BBmsy","1.51805346353493","1.04861865290048","1.97977090417659"
"J7_BASE_rBaixo","2012","BBmsy","1.51407679744518","1.03009104672193","1.97308169157386"
"J7_BASE_rBaixo","2013","BBmsy","1.47644404092645","0.970027453843228","1.94887268277828"
"J7_BASE_rBaixo","2014","BBmsy","1.47191703967659","0.953648650445632","1.94273589319201"
"J7_BASE_rBaixo","2015","BBmsy","1.52667663650964","0.978367674248322","1.98872405630723"
"J7_BASE_rBaixo","2016","BBmsy","1.62355845505214","1.05673858225114","2.08060472266763"
"J7_BASE_rBaixo","2017","BBmsy","1.69054991141908","1.1273497274238","2.13198515804839"
"J7_BASE_rBaixo","2018","BBmsy","1.72678961750172","1.15807069120797","2.13684682274249"
"J7_BASE_rBaixo","2019","BBmsy","1.76468862594819","1.18737089585593","2.16876815684118"
"J7_BASE_rBaixo","2020","BBmsy","1.75879689825851","1.18982803711073","2.14212303301218"
"J7_BASE_rBaixo","2021","BBmsy","1.77553654849893","1.17673143081636","2.13870324874343"
"J7_BASE_rBaixo","2022","BBmsy","1.80146270968284","1.21912225575118","2.15405760602713"
"J7_BASE_rBaixo","2023","BBmsy","1.83055597281629","1.25128194625779","2.17673246389993"
"J7_BASE_rBaixo","2024","BBmsy","1.84803085723842","1.28681890635491","2.20398316821232"
"J7_BASE_rBaixo","2025","BBmsy","1.86678433336361","1.30700038318275","2.21379334211566"
"J7_BASE_rBaixo","1989","FFmsy","0.515475028487324","0.191858064161171","1.03559316004441"
"J7_BASE_rBaixo","1990","FFmsy","0.29544765124939","0.106476840437776","0.625585899391379"
"J7_BASE_rBaixo","1991","FFmsy","0.348986513678655","0.125763127306412","0.735659049686771"
"J7_BASE_rBaixo","1992","FFmsy","0.581323100468347","0.205093810852346","1.25509987205966"
"J7_BASE_rBaixo","1993","FFmsy","0.387305854425422","0.131252659779535","0.838074952886226"
"J7_BASE_rBaixo","1994","FFmsy","0.511866658279589","0.177185456490651","1.09967203498353"
"J7_BASE_rBaixo","1995","FFmsy","0.409701410989473","0.140452253694592","0.881516608093415"
"J7_BASE_rBaixo","1996","FFmsy","0.443185675995292","0.153597906323219","0.941213698911109"
"J7_BASE_rBaixo","1997","FFmsy","0.742376093517186","0.254593523995559","1.54922686100704"
"J7_BASE_rBaixo","1998","FFmsy","0.765945256616664","0.264210680203823","1.60181543748826"
"J7_BASE_rBaixo","1999","FFmsy","0.707498589991785","0.236749957932353","1.51172962286898"
"J7_BASE_rBaixo","2000","FFmsy","0.483320257498645","0.159040780320211","1.06849908057325"
"J7_BASE_rBaixo","2001","FFmsy","0.347727849886013","0.114246644435672","0.772015731999973"
"J7_BASE_rBaixo","2002","FFmsy","0.524477502268119","0.179053546475495","1.11421104571759"
"J7_BASE_rBaixo","2003","FFmsy","0.419142841581013","0.143914058066862","0.912865761041186"
"J7_BASE_rBaixo","2004","FFmsy","0.38715024199706","0.135203914036237","0.849070571874524"
"J7_BASE_rBaixo","2005","FFmsy","0.469377781373485","0.164061359783876","1.02488918190021"
"J7_BASE_rBaixo","2006","FFmsy","0.567667216025692","0.195798563344952","1.23385388848232"
"J7_BASE_rBaixo","2007","FFmsy","0.637731257867773","0.216610392434697","1.39453666636928"
"J7_BASE_rBaixo","2008","FFmsy","0.557053798163144","0.188819836932151","1.26674905598678"
"J7_BASE_rBaixo","2009","FFmsy","0.418121491491447","0.142565540937507","0.975659009709484"
"J7_BASE_rBaixo","2010","FFmsy","0.406085714918855","0.140938571841301","0.94672096435392"
"J7_BASE_rBaixo","2011","FFmsy","0.493214047884276","0.169348151033673","1.16979901841796"
"J7_BASE_rBaixo","2012","FFmsy","0.609187396140408","0.208968395249909","1.46148359091244"
"J7_BASE_rBaixo","2013","FFmsy","0.524393139586406","0.177188022436673","1.31190928311506"
"J7_BASE_rBaixo","2014","FFmsy","0.337195374568772","0.113015910737036","0.853743003727972"
"J7_BASE_rBaixo","2015","FFmsy","0.147645886599735","0.049726851742301","0.37223571079276"
"J7_BASE_rBaixo","2016","FFmsy","0.140633173747236","0.0482121175360459","0.348254551006811"
"J7_BASE_rBaixo","2017","FFmsy","0.135298735258167","0.0502003865202466","0.339724508664701"
"J7_BASE_rBaixo","2018","FFmsy","0.11150315216406","0.0410647178321952","0.277872095071603"
"J7_BASE_rBaixo","2019","FFmsy","0.159152947468965","0.0597215852177893","0.383144882581081"
"J7_BASE_rBaixo","2020","FFmsy","0.0813406207706117","0.0307790898136162","0.196013665581771"
"J7_BASE_rBaixo","2021","FFmsy","0.0314463666097347","0.0121025830269827","0.0748788441228331"
"J7_BASE_rBaixo","2022","FFmsy","0.0340140784752396","0.01317427977938","0.0814387502139529"
"J7_BASE_rBaixo","2023","FFmsy","0.0473375319986659","0.0187259278316111","0.110956898215921"
"J7_BASE_rBaixo","2024","FFmsy","0.0541255813109438","0.0211155626761434","0.125029484109926"
"J7_BASE_rBaixo","2025","FFmsy","0.011603519525741","0.00458305396409406","0.0261026616145652"
"J7_BASE_rBaixo","1989","BB0","0.569892439500963","0.397695504307487","0.819952840378733"
"J7_BASE_rBaixo","1990","BB0","0.595107180974135","0.411890624377779","0.830991769748847"
"J7_BASE_rBaixo","1991","BB0","0.635442214799431","0.437906793113707","0.873996501918127"
"J7_BASE_rBaixo","1992","BB0","0.669087466146028","0.460198492788901","0.910821994413357"
"J7_BASE_rBaixo","1993","BB0","0.661258901007943","0.450281907700516","0.892574831083657"
"J7_BASE_rBaixo","1994","BB0","0.680019865394326","0.461637358000214","0.90614056078982"
"J7_BASE_rBaixo","1995","BB0","0.683272476528328","0.46426036840238","0.90831335797915"
"J7_BASE_rBaixo","1996","BB0","0.699365280921397","0.480704098630529","0.92065420240405"
"J7_BASE_rBaixo","1997","BB0","0.713049574295838","0.500463573036282","0.925551267747142"
"J7_BASE_rBaixo","1998","BB0","0.686405677883767","0.485060239968039","0.907941462832654"
"J7_BASE_rBaixo","1999","BB0","0.668528516461204","0.465562184381936","0.896113344220902"
"J7_BASE_rBaixo","2000","BB0","0.666456501409636","0.458917185890344","0.906313172956717"
"J7_BASE_rBaixo","2001","BB0","0.692152593522304","0.481984198785015","0.928898225030838"
"J7_BASE_rBaixo","2002","BB0","0.732609375790539","0.521627521977427","0.964980668581822"
"J7_BASE_rBaixo","2003","BB0","0.746496609910766","0.53662424236695","0.982712809071349"
"J7_BASE_rBaixo","2004","BB0","0.773734222048326","0.561929134900912","1.01376144829155"
"J7_BASE_rBaixo","2005","BB0","0.800192443757517","0.57998305333229","1.05596428794811"
"J7_BASE_rBaixo","2006","BB0","0.801645174294451","0.58341616955657","1.06285749380534"
"J7_BASE_rBaixo","2007","BB0","0.77992576763726","0.56012251541776","1.03077416508908"
"J7_BASE_rBaixo","2008","BB0","0.753943782729978","0.523632331240454","0.999316491713808"
"J7_BASE_rBaixo","2009","BB0","0.739433764946494","0.505365165372722","0.981532833486424"
"J7_BASE_rBaixo","2010","BB0","0.749684955219343","0.512989042907454","0.986388744301259"
"J7_BASE_rBaixo","2011","BB0","0.759026731767465","0.52430932645024","0.989885452088296"
"J7_BASE_rBaixo","2012","BB0","0.757038398722589","0.515045523360967","0.986540845786931"
"J7_BASE_rBaixo","2013","BB0","0.738222020463226","0.485013726921614","0.974436341389142"
"J7_BASE_rBaixo","2014","BB0","0.735958519838294","0.476824325222816","0.971367946596007"
"J7_BASE_rBaixo","2015","BB0","0.763338318254819","0.489183837124161","0.994362028153614"
"J7_BASE_rBaixo","2016","BB0","0.811779227526068","0.52836929112557","1.04030236133382"
"J7_BASE_rBaixo","2017","BB0","0.84527495570954","0.5636748637119","1.06599257902419"
"J7_BASE_rBaixo","2018","BB0","0.863394808750859","0.579035345603987","1.06842341137125"
"J7_BASE_rBaixo","2019","BB0","0.882344312974094","0.593685447927964","1.08438407842059"
"J7_BASE_rBaixo","2020","BB0","0.879398449129254","0.594914018555363","1.07106151650609"
"J7_BASE_rBaixo","2021","BB0","0.887768274249464","0.588365715408182","1.06935162437172"
"J7_BASE_rBaixo","2022","BB0","0.900731354841422","0.60956112787559","1.07702880301357"
"J7_BASE_rBaixo","2023","BB0","0.915277986408147","0.625640973128893","1.08836623194997"
"J7_BASE_rBaixo","2024","BB0","0.924015428619208","0.643409453177453","1.10199158410616"
"J7_BASE_rBaixo","2025","BB0","0.933392166681803","0.653500191591375","1.10689667105783"
"J7_BASE_rBaixo","1989","procB","-0.00851960884870628","-0.136127190603095","0.115358314143567"
"J7_BASE_rBaixo","1990","procB","-0.00945862592114888","-0.139518650590567","0.113446372333694"
"J7_BASE_rBaixo","1991","procB","-0.0095064898501549","-0.139334222736398","0.111020166548578"
"J7_BASE_rBaixo","1992","procB","-0.00233835053519149","-0.126951200108522","0.118650616938339"
"J7_BASE_rBaixo","1993","procB","-0.0166361741198697","-0.155582687773548","0.102153806853148"
"J7_BASE_rBaixo","1994","procB","-0.0138628176047244","-0.150712979200507","0.106785083245019"
"J7_BASE_rBaixo","1995","procB","-0.00742340271572028","-0.136146442198337","0.113387044582495"
"J7_BASE_rBaixo","1996","procB","-0.00368787972662621","-0.127848780380151","0.132369806334279"
"J7_BASE_rBaixo","1997","procB","0.000812791987095496","-0.12365457731544","0.131816449612931"
"J7_BASE_rBaixo","1998","procB","0.00050953331080783","-0.12559028798586","0.126147881744247"
"J7_BASE_rBaixo","1999","procB","0.00300116345289148","-0.12554492590637","0.128793001660503"
"J7_BASE_rBaixo","2000","procB","0.00869335326480924","-0.116591167817418","0.143520918965058"
"J7_BASE_rBaixo","2001","procB","0.0133695346913444","-0.104300793825415","0.147365676857481"
"J7_BASE_rBaixo","2002","procB","0.0187531962447798","-0.0990744074588423","0.156782834598038"
"J7_BASE_rBaixo","2003","procB","0.0206318189527291","-0.0952723830151848","0.161899185967387"
"J7_BASE_rBaixo","2004","procB","0.023751182727282","-0.0931154958323165","0.167345014945831"
"J7_BASE_rBaixo","2005","procB","0.026399462476852","-0.0919297904032672","0.171414338256253"
"J7_BASE_rBaixo","2006","procB","0.0179480707666797","-0.102306989794739","0.154797149280667"
"J7_BASE_rBaixo","2007","procB","0.00574169926651447","-0.117267017521693","0.133445989766211"
"J7_BASE_rBaixo","2008","procB","0.000476716971033353","-0.124701107065812","0.125789043046812"
"J7_BASE_rBaixo","2009","procB","-0.00340261570814948","-0.134982072186889","0.121262442195737"
"J7_BASE_rBaixo","2010","procB","-0.0000996752465354245","-0.131521317765928","0.126285247391353"
"J7_BASE_rBaixo","2011","procB","0.0023449971131746","-0.125413232919139","0.125410535067444"
"J7_BASE_rBaixo","2012","procB","0.00287072408307965","-0.125460690170742","0.130230584205617"
"J7_BASE_rBaixo","2013","procB","-0.000200626812492555","-0.126642157243438","0.124249135353137"
"J7_BASE_rBaixo","2014","procB","-0.000864639455113059","-0.128988971425617","0.121406405565934"
"J7_BASE_rBaixo","2015","procB","0.00704331541991454","-0.119376859802558","0.144008828794177"
"J7_BASE_rBaixo","2016","procB","0.0110221812399627","-0.11350641194522","0.140379500818628"
"J7_BASE_rBaixo","2017","procB","0.00509189823961043","-0.12562544896057","0.133809218091476"
"J7_BASE_rBaixo","2018","procB","-0.00169576230297785","-0.133529504929478","0.123231724293645"
"J7_BASE_rBaixo","2019","procB","-0.00188585079037407","-0.133387024905346","0.125267436640974"
"J7_BASE_rBaixo","2020","procB","-0.0100484417518272","-0.147807675713947","0.110758283846254"
"J7_BASE_rBaixo","2021","procB","-0.0136638998504492","-0.155524609224697","0.106093927821193"
"J7_BASE_rBaixo","2022","procB","-0.0120675956600163","-0.149827134555914","0.109843367445225"
"J7_BASE_rBaixo","2023","procB","-0.00751435347069584","-0.143154031651268","0.116897155063638"
"J7_BASE_rBaixo","2024","procB","-0.0046193930027687","-0.134612190851695","0.120418294355132"
"J7_BASE_rBaixo","2025","procB","-0.00267863527505319","-0.131455681472602","0.122325698493706"
"J7_BASE_rBaixo","1989","SPt","0","0","0"
"J7_BASE_rBaixo","1990","SPt","2473.57193157154","-1389.42418018159","7661.31784735179"
"J7_BASE_rBaixo","1991","SPt","2421.03539239486","-1449.11847687206","7507.8382983404"
"J7_BASE_rBaixo","1992","SPt","2447.56148178355","-1393.40997315508","7777.27428617652"
"J7_BASE_rBaixo","1993","SPt","1896.23074384703","-2627.72239722102","6464.74390878076"
"J7_BASE_rBaixo","1994","SPt","2037.36048746647","-2391.95183223645","6848.95961597037"
"J7_BASE_rBaixo","1995","SPt","2087.0335969876","-2064.92318313518","6889.58978261904"
"J7_BASE_rBaixo","1996","SPt","2206.05505438216","-1824.28549511084","7420.20348813781"
"J7_BASE_rBaixo","1997","SPt","2233.68167187576","-1979.40752006701","7422.91980939629"
"J7_BASE_rBaixo","1998","SPt","2155.03299126986","-2160.0451371274","7107.68504162928"
"J7_BASE_rBaixo","1999","SPt","2385.83268764143","-1974.20146888373","7334.15419698858"
"J7_BASE_rBaixo","2000","SPt","2629.05049137951","-1523.838764315","7697.38433252668"
"J7_BASE_rBaixo","2001","SPt","2747.96258702044","-1115.22888982907","8112.31813520944"
"J7_BASE_rBaixo","2002","SPt","2790.18898054958","-1242.51456783272","8648.60578289153"
"J7_BASE_rBaixo","2003","SPt","2699.91282413942","-1613.76383915321","8951.3272638238"
"J7_BASE_rBaixo","2004","SPt","2723.76723884503","-1803.21463293039","9190.97720633915"
"J7_BASE_rBaixo","2005","SPt","2657.09872746124","-2064.53707304617","9436.2203339424"
"J7_BASE_rBaixo","2006","SPt","2284.42921143853","-2956.03669439744","8341.1688635555"
"J7_BASE_rBaixo","2007","SPt","1878.44965339491","-4213.25669281087","7083.54752363776"
"J7_BASE_rBaixo","2008","SPt","1891.59617528021","-4004.20752568111","6842.46627556224"
"J7_BASE_rBaixo","2009","SPt","1910.41478125626","-4029.90613650531","6814.14371002311"
"J7_BASE_rBaixo","2010","SPt","2077.28760625529","-3361.0644710656","7271.3153846344"
"J7_BASE_rBaixo","2011","SPt","2122.44534301173","-3288.32687898679","7134.46618355671"
"J7_BASE_rBaixo","2012","SPt","2031.85758574637","-3510.15287057326","7231.21955411897"
"J7_BASE_rBaixo","2013","SPt","1981.69732973408","-3405.26862407366","7082.24674800772"
"J7_BASE_rBaixo","2014","SPt","2033.16822410359","-3418.67274002356","6966.86001339132"
"J7_BASE_rBaixo","2015","SPt","2314.69869940576","-2694.18569681196","7841.63455760495"
"J7_BASE_rBaixo","2016","SPt","2270.06964682008","-2634.39198150576","7990.57846614008"
"J7_BASE_rBaixo","2017","SPt","1793.46700424879","-3797.90836257033","7435.88892657143"
"J7_BASE_rBaixo","2018","SPt","1343.14178352672","-4827.61942270011","6658.26435879551"
"J7_BASE_rBaixo","2019","SPt","1209.12284155744","-4616.71915193251","6935.8748081802"
"J7_BASE_rBaixo","2020","SPt","790.600644666512","-5475.94309150469","6038.46295955388"
"J7_BASE_rBaixo","2021","SPt","704.924967739002","-5517.96317274887","6159.35109895328"
"J7_BASE_rBaixo","2022","SPt","658.64407833658","-5322.82454790004","6300.57331349251"
"J7_BASE_rBaixo","2023","SPt","709.154344872524","-4968.27679066387","6574.44078727102"
"J7_BASE_rBaixo","2024","SPt","659.205573141317","-5023.42436051201","6714.0515057109"
"J7_BASE_rBaixo","2025","SPt","613.519213146334","-4805.25461880976","6822.94471952025"
"J8_BASE_rAlto","1989","B","10620.0056750398","4715.48633972376","30055.518027062"
"J8_BASE_rAlto","1990","B","11869.8247194165","5185.0406082778","34762.8110088888"
"J8_BASE_rAlto","1991","B","13480.963990963","6233.61857400146","38649.4694628892"
"J8_BASE_rAlto","1992","B","14300.0112372984","6788.7745393004","40656.8824086786"
"J8_BASE_rAlto","1993","B","13681.4903908439","5901.47854418839","40725.854536117"
"J8_BASE_rAlto","1994","B","14103.5670967053","6405.7186368407","41611.7205082366"
"J8_BASE_rAlto","1995","B","13929.9160710593","6049.12327926036","41249.6259509641"
"J8_BASE_rAlto","1996","B","14195.5211724218","6396.6934241762","41835.8723736881"
"J8_BASE_rAlto","1997","B","14308.0939540719","6434.19138044618","42030.3367355285"
"J8_BASE_rAlto","1998","B","13075.5509179738","5212.08567453679","40700.3137892913"
"J8_BASE_rAlto","1999","B","12410.4071614474","4663.43689433684","40080.5624909877"
"J8_BASE_rAlto","2000","B","12232.4612661413","4335.15804206083","40404.9245045242"
"J8_BASE_rAlto","2001","B","13075.0373468776","4861.56277451544","41384.2286818642"
"J8_BASE_rAlto","2002","B","14160.0134518178","5815.53889350974","42797.0305026606"
"J8_BASE_rAlto","2003","B","13881.9116802086","5781.86223508533","42609.2497547072"
"J8_BASE_rAlto","2004","B","14357.8379767537","6292.03077085367","42775.3189878256"
"J8_BASE_rAlto","2005","B","14745.9788416364","6740.77550480775","43862.8734970587"
"J8_BASE_rAlto","2006","B","14564.5019761228","6479.04255841597","43140.6679915601"
"J8_BASE_rAlto","2007","B","13819.7425666977","5876.47728068368","42455.299684456"
"J8_BASE_rAlto","2008","B","13147.7122166305","5205.16607012675","41751.1932231986"
"J8_BASE_rAlto","2009","B","13157.1401028415","4975.23174386939","41615.2746156108"
"J8_BASE_rAlto","2010","B","13733.9440461824","5407.70380219234","42020.3706747118"
"J8_BASE_rAlto","2011","B","14011.1137640076","5826.54088479531","42139.4508513898"
"J8_BASE_rAlto","2012","B","13793.193911225","5810.96568833226","42207.703678111"
"J8_BASE_rAlto","2013","B","13183.6421691404","5074.97777880308","41410.63757352"
"J8_BASE_rAlto","2014","B","13229.118645374","5066.58003190691","41172.9882834396"
"J8_BASE_rAlto","2015","B","14141.9484702743","5973.30938995905","42585.1848934469"
"J8_BASE_rAlto","2016","B","15591.9076166245","7380.49912715243","43715.7787559888"
"J8_BASE_rAlto","2017","B","16226.3518889937","7965.13374838383","44419.595916427"
"J8_BASE_rAlto","2018","B","16441.3883130891","8254.24877561736","44387.3653188927"
"J8_BASE_rAlto","2019","B","16693.894637202","8353.68360965595","44490.3275039292"
"J8_BASE_rAlto","2020","B","16480.1986380168","8102.80996708923","43923.0163474167"
"J8_BASE_rAlto","2021","B","16720.5638346698","8371.97236035073","44245.6796375928"
"J8_BASE_rAlto","2022","B","17016.9765577883","8717.39330647285","44343.1935881021"
"J8_BASE_rAlto","2023","B","17184.0147083272","8719.46340913397","44683.2778713863"
"J8_BASE_rAlto","2024","B","17234.7802687871","8665.15481171836","44637.9268271249"
"J8_BASE_rAlto","2025","B","17253.8306325373","8615.73039933173","44957.8338577528"
"J8_BASE_rAlto","1989","F","0.157274551697782","0.0524680812244453","0.410422123159895"
"J8_BASE_rAlto","1990","F","0.0835676679494079","0.0273777152111337","0.215105658937504"
"J8_BASE_rAlto","1991","F","0.0927542944810101","0.0306994281968233","0.225031627535318"
"J8_BASE_rAlto","1992","F","0.154238356836976","0.0496957366279545","0.378914070497899"
"J8_BASE_rAlto","1993","F","0.105865406432612","0.0337248171197354","0.273321904812684"
"J8_BASE_rAlto","1994","F","0.138520458475159","0.0448627079720097","0.349411472840381"
"J8_BASE_rAlto","1995","F","0.113654453020382","0.0359891528550822","0.298310421491556"
"J8_BASE_rAlto","1996","F","0.122450216724419","0.0398200779291117","0.310574196244795"
"J8_BASE_rAlto","1997","F","0.208705765629553","0.067440243479595","0.508943879061888"
"J8_BASE_rAlto","1998","F","0.231057943300911","0.0698289715924547","0.59098319658015"
"J8_BASE_rAlto","1999","F","0.218178659888516","0.0638468060658278","0.605908980272783"
"J8_BASE_rAlto","2000","F","0.150241065258447","0.0431868236944712","0.443725236015722"
"J8_BASE_rAlto","2001","F","0.104582191505216","0.031630978283317","0.300127840320533"
"J8_BASE_rAlto","2002","F","0.153645765243763","0.0488240058591554","0.39181019087328"
"J8_BASE_rAlto","2003","F","0.127921729466327","0.039912983720807","0.326913131534982"
"J8_BASE_rAlto","2004","F","0.117238427283551","0.0371856080228411","0.284317239220588"
"J8_BASE_rAlto","2005","F","0.141773065796302","0.0459050850294592","0.339337839428416"
"J8_BASE_rAlto","2006","F","0.175521708300279","0.0575716947378478","0.421852303355076"
"J8_BASE_rAlto","2007","F","0.20492013132851","0.0631841645733959","0.49933540129511"
"J8_BASE_rAlto","2008","F","0.181040101250857","0.0537032643210678","0.505946330233686"
"J8_BASE_rAlto","2009","F","0.135160792727033","0.0404695769879312","0.386123559032353"
"J8_BASE_rAlto","2010","F","0.127107710004135","0.0388688012894074","0.340996727082237"
"J8_BASE_rAlto","2011","F","0.152673434539212","0.0471158372707124","0.390667541458665"
"J8_BASE_rAlto","2012","F","0.191199805629671","0.0583030739038118","0.508182213144219"
"J8_BASE_rAlto","2013","F","0.168090314968306","0.0511141732416597","0.471640780315418"
"J8_BASE_rAlto","2014","F","0.106944530702472","0.0321490582150741","0.299950453700404"
"J8_BASE_rAlto","2015","F","0.0448041023114519","0.0142649339464144","0.115124166630016"
"J8_BASE_rAlto","2016","F","0.0412863009975993","0.0136664854047436","0.0983214969128432"
"J8_BASE_rAlto","2017","F","0.0400004691950311","0.0136380420020718","0.0919138725002421"
"J8_BASE_rAlto","2018","F","0.0334899237302709","0.0114668521264282","0.0758193242588266"
"J8_BASE_rAlto","2019","F","0.0481392515787042","0.0169243883372663","0.108956082528686"
"J8_BASE_rAlto","2020","F","0.0247143746128829","0.00883747438177993","0.0566703392602682"
"J8_BASE_rAlto","2021","F","0.00947347482032454","0.0033481379677752","0.0213302485090276"
"J8_BASE_rAlto","2022","F","0.0102987351735137","0.00373652871361313","0.0228328394959524"
"J8_BASE_rAlto","2023","F","0.0143144746163638","0.00511600630368524","0.0323338482835326"
"J8_BASE_rAlto","2024","F","0.0164572922649109","0.00584755299593373","0.0371434799391328"
"J8_BASE_rAlto","2025","F","0.00353566700756395","0.00127696154892851","0.008215125089762"
"J8_BASE_rAlto","1989","BBmsy","1.19396087309761","0.830770422017072","1.73136280834207"
"J8_BASE_rAlto","1990","BBmsy","1.36124575780432","0.905813096761779","1.81052899254777"
"J8_BASE_rAlto","1991","BBmsy","1.56017542477543","1.05424701250701","1.96382024959455"
"J8_BASE_rAlto","1992","BBmsy","1.66752466376363","1.16221208759333","2.01062765551772"
"J8_BASE_rAlto","1993","BBmsy","1.57908590811933","1.08989732886445","1.92639507732045"
"J8_BASE_rAlto","1994","BBmsy","1.63560793385818","1.15665427937386","1.96522782177595"
"J8_BASE_rAlto","1995","BBmsy","1.60313163753813","1.13043458552158","1.94286513143104"
"J8_BASE_rAlto","1996","BBmsy","1.64127110041975","1.18346458909289","1.96916230601043"
"J8_BASE_rAlto","1997","BBmsy","1.64324527401456","1.22008248325978","1.98434510927157"
"J8_BASE_rAlto","1998","BBmsy","1.4915401904751","1.02532935558696","1.89163160328538"
"J8_BASE_rAlto","1999","BBmsy","1.40752291709572","0.899207296686243","1.87161575539464"
"J8_BASE_rAlto","2000","BBmsy","1.39541056157305","0.84613787273267","1.87719341375944"
"J8_BASE_rAlto","2001","BBmsy","1.49595590116168","0.942290397605103","1.94314893888423"
"J8_BASE_rAlto","2002","BBmsy","1.62481188122546","1.10484392838937","2.0036945414577"
"J8_BASE_rAlto","2003","BBmsy","1.59589274108229","1.12493253935386","1.96871861711593"
"J8_BASE_rAlto","2004","BBmsy","1.64177611660365","1.21455317500492","2.00191086251857"
"J8_BASE_rAlto","2005","BBmsy","1.69087035889609","1.28615555098635","2.04932612819781"
"J8_BASE_rAlto","2006","BBmsy","1.65800532572413","1.27383038484009","2.01399711205918"
"J8_BASE_rAlto","2007","BBmsy","1.57869884418791","1.16484845834769","1.96581940141991"
"J8_BASE_rAlto","2008","BBmsy","1.49951728314049","1.03261532921753","1.92178678965947"
"J8_BASE_rAlto","2009","BBmsy","1.49896094239204","0.986663543381634","1.92263095724719"
"J8_BASE_rAlto","2010","BBmsy","1.57330721800189","1.04262761670523","1.96576721519787"
"J8_BASE_rAlto","2011","BBmsy","1.61708265543331","1.11480824296121","1.98518355011768"
"J8_BASE_rAlto","2012","BBmsy","1.59038756481556","1.11765079350092","1.97378370945829"
"J8_BASE_rAlto","2013","BBmsy","1.51587361358499","0.992253526976443","1.92189844041133"
"J8_BASE_rAlto","2014","BBmsy","1.52206651030765","0.965148643417324","1.92506961690256"
"J8_BASE_rAlto","2015","BBmsy","1.6361534106958","1.10735638382316","1.9934062100141"
"J8_BASE_rAlto","2016","BBmsy","1.79624907289347","1.32924052385024","2.10306934381906"
"J8_BASE_rAlto","2017","BBmsy","1.85724562743342","1.48696213013605","2.14682440254591"
"J8_BASE_rAlto","2018","BBmsy","1.87422236286739","1.56322390449205","2.14475933960908"
"J8_BASE_rAlto","2019","BBmsy","1.89817457955941","1.6224370129142","2.16449253516248"
"J8_BASE_rAlto","2020","BBmsy","1.86595063957508","1.6059113336326","2.12530224324526"
"J8_BASE_rAlto","2021","BBmsy","1.89712339269873","1.62168397515714","2.14108828732116"
"J8_BASE_rAlto","2022","BBmsy","1.93511897283946","1.66698635091322","2.17549301322423"
"J8_BASE_rAlto","2023","BBmsy","1.94708350593899","1.68389006170135","2.19139365899786"
"J8_BASE_rAlto","2024","BBmsy","1.94575217371358","1.69992419968008","2.19572585878235"
"J8_BASE_rAlto","2025","BBmsy","1.94417562617409","1.69734020000871","2.189377894025"
"J8_BASE_rAlto","1989","FFmsy","0.417173571051432","0.136555861781552","0.944910955203583"
"J8_BASE_rAlto","1990","FFmsy","0.222867163863356","0.068351376011111","0.52390894599479"
"J8_BASE_rAlto","1991","FFmsy","0.244651279454046","0.0749246251100155","0.562214152919638"
"J8_BASE_rAlto","1992","FFmsy","0.405659743294056","0.124566298542558","0.949264691862129"
"J8_BASE_rAlto","1993","FFmsy","0.281001947594179","0.0858827828689659","0.658477231653466"
"J8_BASE_rAlto","1994","FFmsy","0.368513976389546","0.115247355149194","0.842822811110695"
"J8_BASE_rAlto","1995","FFmsy","0.303716066613508","0.0926679367093508","0.699245105037574"
"J8_BASE_rAlto","1996","FFmsy","0.327076940753719","0.102233019172413","0.720969148896857"
"J8_BASE_rAlto","1997","FFmsy","0.561548223708512","0.173074898642833","1.18028458815256"
"J8_BASE_rAlto","1998","FFmsy","0.631020902980068","0.178346730969941","1.30853627012497"
"J8_BASE_rAlto","1999","FFmsy","0.591794828964035","0.161912988391459","1.31688491965423"
"J8_BASE_rAlto","2000","FFmsy","0.408399523200759","0.11273744984988","0.976919272828083"
"J8_BASE_rAlto","2001","FFmsy","0.279895011390462","0.0798259819054069","0.683016151604143"
"J8_BASE_rAlto","2002","FFmsy","0.411544478505208","0.124023368516985","0.909037931854019"
"J8_BASE_rAlto","2003","FFmsy","0.343385901393448","0.102948418353998","0.739998263488722"
"J8_BASE_rAlto","2004","FFmsy","0.313591764962838","0.0960908006069163","0.665502246804086"
"J8_BASE_rAlto","2005","FFmsy","0.37751675381163","0.119655295839904","0.790014333732873"
"J8_BASE_rAlto","2006","FFmsy","0.470941628346882","0.148990316645982","0.980169649181917"
"J8_BASE_rAlto","2007","FFmsy","0.544421451120011","0.164215194930876","1.1552481156482"
"J8_BASE_rAlto","2008","FFmsy","0.487104540616729","0.14188897537101","1.1134135313869"
"J8_BASE_rAlto","2009","FFmsy","0.361797672651615","0.102789563427226","0.873881911232235"
"J8_BASE_rAlto","2010","FFmsy","0.338480190658428","0.102564098554465","0.791182901247813"
"J8_BASE_rAlto","2011","FFmsy","0.407042457347042","0.123280141337592","0.924313045473573"
"J8_BASE_rAlto","2012","FFmsy","0.504681063180314","0.15150946788122","1.15628915249671"
"J8_BASE_rAlto","2013","FFmsy","0.449535452129609","0.129606391395945","1.07801461168473"
"J8_BASE_rAlto","2014","FFmsy","0.285253268474475","0.0834705775461436","0.692641017769613"
"J8_BASE_rAlto","2015","FFmsy","0.119014895307264","0.036758613364235","0.279557629993352"
"J8_BASE_rAlto","2016","FFmsy","0.107932083280904","0.0353456890526897","0.238840143618202"
"J8_BASE_rAlto","2017","FFmsy","0.105842525455903","0.0356706908813523","0.222493482651447"
"J8_BASE_rAlto","2018","FFmsy","0.0884520774063659","0.0300534112158414","0.176964980700909"
"J8_BASE_rAlto","2019","FFmsy","0.127464141067906","0.0444207864950347","0.248195205026253"
"J8_BASE_rAlto","2020","FFmsy","0.0660882363615395","0.0229512062706909","0.129102969868007"
"J8_BASE_rAlto","2021","FFmsy","0.0253418941375291","0.00873446750596988","0.0489895009133793"
"J8_BASE_rAlto","2022","FFmsy","0.0274004433642707","0.00967061010406302","0.0523771192070973"
"J8_BASE_rAlto","2023","FFmsy","0.0381121757992888","0.0136356200216987","0.0732063946818235"
"J8_BASE_rAlto","2024","FFmsy","0.0439006184727353","0.0152575193024907","0.0838594543835211"
"J8_BASE_rAlto","2025","FFmsy","0.00950165473929193","0.00339804180521383","0.0182115612033882"
"J8_BASE_rAlto","1989","BB0","0.596980436548806","0.415385211008536","0.865681404171037"
"J8_BASE_rAlto","1990","BB0","0.680622878902161","0.45290654838089","0.905264496273884"
"J8_BASE_rAlto","1991","BB0","0.780087712387713","0.527123506253505","0.981910124797276"
"J8_BASE_rAlto","1992","BB0","0.833762331881814","0.581106043796667","1.00531382775886"
"J8_BASE_rAlto","1993","BB0","0.789542954059665","0.544948664432224","0.963197538660225"
"J8_BASE_rAlto","1994","BB0","0.817803966929089","0.578327139686928","0.982613910887975"
"J8_BASE_rAlto","1995","BB0","0.801565818769065","0.565217292760791","0.97143256571552"
"J8_BASE_rAlto","1996","BB0","0.820635550209876","0.591732294546443","0.984581153005212"
"J8_BASE_rAlto","1997","BB0","0.82162263700728","0.61004124162989","0.992172554635785"
"J8_BASE_rAlto","1998","BB0","0.745770095237549","0.512664677793482","0.94581580164269"
"J8_BASE_rAlto","1999","BB0","0.703761458547861","0.449603648343121","0.935807877697322"
"J8_BASE_rAlto","2000","BB0","0.697705280786524","0.423068936366335","0.938596706879719"
"J8_BASE_rAlto","2001","BB0","0.74797795058084","0.471145198802552","0.971574469442113"
"J8_BASE_rAlto","2002","BB0","0.812405940612728","0.552421964194684","1.00184727072885"
"J8_BASE_rAlto","2003","BB0","0.797946370541143","0.562466269676932","0.984359308557967"
"J8_BASE_rAlto","2004","BB0","0.820888058301827","0.607276587502459","1.00095543125929"
"J8_BASE_rAlto","2005","BB0","0.845435179448047","0.643077775493175","1.02466306409891"
"J8_BASE_rAlto","2006","BB0","0.829002662862067","0.636915192420043","1.00699855602959"
"J8_BASE_rAlto","2007","BB0","0.789349422093952","0.582424229173843","0.982909700709954"
"J8_BASE_rAlto","2008","BB0","0.749758641570246","0.516307664608763","0.960893394829734"
"J8_BASE_rAlto","2009","BB0","0.74948047119602","0.493331771690817","0.961315478623593"
"J8_BASE_rAlto","2010","BB0","0.786653609000947","0.521313808352616","0.982883607598935"
"J8_BASE_rAlto","2011","BB0","0.808541327716657","0.557404121480606","0.992591775058838"
"J8_BASE_rAlto","2012","BB0","0.795193782407781","0.558825396750459","0.986891854729143"
"J8_BASE_rAlto","2013","BB0","0.757936806792496","0.496126763488222","0.960949220205665"
"J8_BASE_rAlto","2014","BB0","0.761033255153826","0.482574321708662","0.96253480845128"
"J8_BASE_rAlto","2015","BB0","0.818076705347902","0.553678191911578","0.996703105007051"
"J8_BASE_rAlto","2016","BB0","0.898124536446734","0.664620261925122","1.05153467190953"
"J8_BASE_rAlto","2017","BB0","0.928622813716712","0.743481065068025","1.07341220127296"
"J8_BASE_rAlto","2018","BB0","0.937111181433694","0.781611952246024","1.07237966980454"
"J8_BASE_rAlto","2019","BB0","0.949087289779707","0.8112185064571","1.08224626758124"
"J8_BASE_rAlto","2020","BB0","0.932975319787538","0.8029556668163","1.06265112162263"
"J8_BASE_rAlto","2021","BB0","0.948561696349364","0.810841987578572","1.07054414366058"
"J8_BASE_rAlto","2022","BB0","0.967559486419731","0.833493175456611","1.08774650661212"
"J8_BASE_rAlto","2023","BB0","0.973541752969493","0.841945030850673","1.09569682949893"
"J8_BASE_rAlto","2024","BB0","0.972876086856792","0.849962099840038","1.09786292939118"
"J8_BASE_rAlto","2025","BB0","0.972087813087044","0.848670100004352","1.0946889470125"
"J8_BASE_rAlto","1989","procB","-0.00395691457606462","-0.125319444886986","0.108467678286774"
"J8_BASE_rAlto","1990","procB","-0.00477750133087973","-0.124168381932909","0.112888310425989"
"J8_BASE_rAlto","1991","procB","-0.00688796939684111","-0.127519883110979","0.102206125499292"
"J8_BASE_rAlto","1992","procB","0.000620857549655351","-0.116180256346429","0.116036453625844"
"J8_BASE_rAlto","1993","procB","-0.0103827633799002","-0.139682748112192","0.0950822457637736"
"J8_BASE_rAlto","1994","procB","-0.0103967418060142","-0.134016179863918","0.0984472780108464"
"J8_BASE_rAlto","1995","procB","-0.00771213329048304","-0.12816994215091","0.102960358805758"
"J8_BASE_rAlto","1996","procB","-0.00553258046708205","-0.122978992994044","0.104706470721816"
"J8_BASE_rAlto","1997","procB","-0.00182380685532979","-0.121253307743124","0.112687712899237"
"J8_BASE_rAlto","1998","procB","-0.00330696653347162","-0.121995334112788","0.10981653961691"
"J8_BASE_rAlto","1999","procB","-0.00278842532124435","-0.120042352593523","0.11081500326465"
"J8_BASE_rAlto","2000","procB","-0.00096450845136542","-0.117593251245291","0.11156814278549"
"J8_BASE_rAlto","2001","procB","0.00326999912640558","-0.113133392796934","0.118832203288221"
"J8_BASE_rAlto","2002","procB","0.0054527698303366","-0.104806209178906","0.124026991708825"
"J8_BASE_rAlto","2003","procB","0.00802160630940585","-0.104195817348578","0.12877127640568"
"J8_BASE_rAlto","2004","procB","0.010791269429349","-0.0947543016516946","0.132907232461585"
"J8_BASE_rAlto","2005","procB","0.0158531863227538","-0.0885614284626363","0.147204615921902"
"J8_BASE_rAlto","2006","procB","0.0133379442262553","-0.0896306449086778","0.135639435012545"
"J8_BASE_rAlto","2007","procB","0.00729261673317205","-0.105256871647641","0.12881064482053"
"J8_BASE_rAlto","2008","procB","0.00223028110187717","-0.113614802500758","0.117842910617028"
"J8_BASE_rAlto","2009","procB","-0.00106629420548132","-0.117027807303578","0.112336386700957"
"J8_BASE_rAlto","2010","procB","0.000180085193987489","-0.114530803541642","0.113657296254275"
"J8_BASE_rAlto","2011","procB","0.00125380770447991","-0.111583837345339","0.118682354698047"
"J8_BASE_rAlto","2012","procB","0.00205444939483601","-0.1103729790726","0.117800323955271"
"J8_BASE_rAlto","2013","procB","-0.00159920453663465","-0.122445874477729","0.112299803603741"
"J8_BASE_rAlto","2014","procB","-0.00351423311896149","-0.123595584971659","0.1108656191725"
"J8_BASE_rAlto","2015","procB","0.00356324391831953","-0.108831878767049","0.119549610087201"
"J8_BASE_rAlto","2016","procB","0.00644669620206173","-0.10451406943814","0.127709863608719"
"J8_BASE_rAlto","2017","procB","0.00570399868318638","-0.105544244812407","0.125012318172307"
"J8_BASE_rAlto","2018","procB","0.00103258285388441","-0.112221513704576","0.119227732873276"
"J8_BASE_rAlto","2019","procB","0.00228151025341727","-0.108731069304967","0.123434165935808"
"J8_BASE_rAlto","2020","procB","-0.00163822858274432","-0.118380415824681","0.113308247542186"
"J8_BASE_rAlto","2021","procB","-0.00704116615995543","-0.13282722046813","0.103040494493584"
"J8_BASE_rAlto","2022","procB","-0.00649610664626554","-0.129651449095204","0.102890270953707"
"J8_BASE_rAlto","2023","procB","-0.00463206924832704","-0.12615550279942","0.111288415642995"
"J8_BASE_rAlto","2024","procB","-0.00299475690233142","-0.118288709022492","0.113108821264895"
"J8_BASE_rAlto","2025","procB","-0.00195314158969451","-0.119244345175124","0.113398666667667"
"J8_BASE_rAlto","1989","SPt","0","0","0"
"J8_BASE_rAlto","1990","SPt","2894.90703204233","727.024436356498","8300.89748562043"
"J8_BASE_rAlto","1991","SPt","2578.20918663233","417.282237392666","7008.32639031376"
"J8_BASE_rAlto","1992","SPt","2126.21501011203","-324.539069333275","5754.32980160778"
"J8_BASE_rAlto","1993","SPt","1529.72381171134","-1479.9647868802","4392.33117181987"
"J8_BASE_rAlto","1994","SPt","1934.12513699573","-669.235496915848","4781.94258334295"
"J8_BASE_rAlto","1995","SPt","1729.24719488687","-1135.524245321","4551.74797140776"
"J8_BASE_rAlto","1996","SPt","1925.87930176897","-697.241570775354","4804.51396837968"
"J8_BASE_rAlto","1997","SPt","1832.25346143515","-921.530135264585","4782.82623425677"
"J8_BASE_rAlto","1998","SPt","1773.08937086102","-1177.01755167819","4498.66803534649"
"J8_BASE_rAlto","1999","SPt","2330.74092848323","-413.138257802273","5040.14098750414"
"J8_BASE_rAlto","2000","SPt","2569.62131631935","74.7440849198356","5325.70901805994"
"J8_BASE_rAlto","2001","SPt","2642.32880969325","144.053453374565","5472.381160058"
"J8_BASE_rAlto","2002","SPt","2409.41145899499","-368.167923269672","5153.54180643092"
"J8_BASE_rAlto","2003","SPt","2092.37185234143","-885.368511334694","4922.00562173316"
"J8_BASE_rAlto","2004","SPt","2267.43091336034","-494.965678356821","5074.50121058524"
"J8_BASE_rAlto","2005","SPt","2175.98243291205","-641.543960256766","5366.11122740712"
"J8_BASE_rAlto","2006","SPt","1943.72800120852","-1227.2223570279","4740.68305311908"
"J8_BASE_rAlto","2007","SPt","1974.27511247886","-1093.06851221204","4804.38846396136"
"J8_BASE_rAlto","2008","SPt","2197.2159306604","-900.90579589373","4947.82685170787"
"J8_BASE_rAlto","2009","SPt","2320.20730485847","-481.199221090141","5035.64995907785"
"J8_BASE_rAlto","2010","SPt","2369.14562623789","-377.553046636461","5121.7692379685"
"J8_BASE_rAlto","2011","SPt","2163.63338472769","-698.429892836089","4848.18298048043"
"J8_BASE_rAlto","2012","SPt","2007.92018022962","-840.704868328629","4717.37102412797"
"J8_BASE_rAlto","2013","SPt","2021.59130303106","-930.380649025102","4683.73459871972"
"J8_BASE_rAlto","2014","SPt","2260.33876004082","-546.097230635362","4915.00855176725"
"J8_BASE_rAlto","2015","SPt","2341.63853651827","-197.489614327439","5214.80062658408"
"J8_BASE_rAlto","2016","SPt","2043.2294307523","-898.361643592654","5083.48065428708"
"J8_BASE_rAlto","2017","SPt","1302.068210742","-1898.91716680071","4253.52363328583"
"J8_BASE_rAlto","2018","SPt","885.532340360097","-2527.58361392952","3932.62430242764"
"J8_BASE_rAlto","2019","SPt","809.858682240172","-2471.18637005649","3851.83799961795"
"J8_BASE_rAlto","2020","SPt","578.414180179168","-2759.38298859005","3580.84776859443"
"J8_BASE_rAlto","2021","SPt","691.301889796747","-2805.27986389148","3403.5032882315"
"J8_BASE_rAlto","2022","SPt","516.379162700676","-2647.15412232332","3679.47810997799"
"J8_BASE_rAlto","2023","SPt","307.627268793511","-2843.42017995828","3576.72445329676"
"J8_BASE_rAlto","2024","SPt","279.150184004675","-2940.41314789178","3466.23974829369"
"J8_BASE_rAlto","2025","SPt","297.621290952373","-3013.03300383158","3450.76039870141"
"J9_soC3_curto","1989","B","21199.7159043713","8956.90997570656","85051.9696128098"
"J9_soC3_curto","1990","B","23077.785325501","9653.52501481303","95595.3156462421"
"J9_soC3_curto","1991","B","25231.7573204022","10883.315342871","104898.424266577"
"J9_soC3_curto","1992","B","26539.4848952896","11496.8699902192","114251.251655522"
"J9_soC3_curto","1993","B","26585.7375713486","10935.7253196101","116683.139900206"
"J9_soC3_curto","1994","B","27568.8416447946","11413.4959473046","119274.395864157"
"J9_soC3_curto","1995","B","27520.5197959922","11168.8420149566","121235.861839655"
"J9_soC3_curto","1996","B","28041.0640344055","11303.3311953044","123032.094817428"
"J9_soC3_curto","1997","B","28094.8884786219","11325.9749580213","121602.959587315"
"J9_soC3_curto","1998","B","26932.7391562654","9913.75140035986","121602.719827603"
"J9_soC3_curto","1999","B","26213.5981073281","8974.53853870459","121548.869868675"
"J9_soC3_curto","2000","B","25947.8863718966","8557.49715996762","122115.635076664"
"J9_soC3_curto","2001","B","26703.6602194188","9037.88017993768","125357.203392689"
"J9_soC3_curto","2002","B","27527.8646190342","9876.7351632897","123960.767571636"
"J9_soC3_curto","2003","B","27430.4655556283","9596.6052597907","124616.395744228"
"J9_soC3_curto","2004","B","27564.3518851769","9869.36166984411","124495.878590052"
"J9_soC3_curto","2005","B","27878.1990602207","10208.3250847856","125342.187883021"
"J9_soC3_curto","2006","B","27653.8675587934","9944.45027020186","126356.073069471"
"J9_soC3_curto","2007","B","27061.1941864518","9292.56755133352","125243.98018395"
"J9_soC3_curto","2008","B","26486.3321663575","8681.57400687959","124991.083343086"
"J9_soC3_curto","2009","B","26556.7315587193","8571.68418271403","125268.593053971"
"J9_soC3_curto","2010","B","27197.8392865906","8960.71918413262","125834.428848896"
"J9_soC3_curto","2011","B","27626.6989408856","9467.27022823968","126007.167067896"
"J9_soC3_curto","2012","B","27721.9944208901","9309.43598038694","124636.413045272"
"J9_soC3_curto","2013","B","27081.4937785351","8902.38292701936","125191.348076817"
"J9_soC3_curto","2014","B","27377.8685908184","8979.75042971092","124872.474195405"
"J9_soC3_curto","2015","B","28195.2773905518","9697.83817019958","127663.215498515"
"J9_soC3_curto","2016","B","29720.1459706351","11250.526364638","128251.118048639"
"J9_soC3_curto","2017","B","30494.0428873817","12190.8875718481","128021.938236532"
"J9_soC3_curto","2018","B","30928.8329294565","12838.1859869069","128958.125455786"
"J9_soC3_curto","2019","B","31418.0026940957","13499.824581647","129976.395884045"
"J9_soC3_curto","2020","B","31129.5955683031","13326.316387286","128758.066991587"
"J9_soC3_curto","2021","B","31369.493654669","13615.806066445","126842.365997118"
"J9_soC3_curto","2022","B","31625.5699562664","14042.3356398953","126998.33935802"
"J9_soC3_curto","2023","B","31772.110903993","14225.5515710866","126476.65947885"
"J9_soC3_curto","2024","B","32138.7786040743","14394.231950133","127030.238982908"
"J9_soC3_curto","2025","B","32220.611331386","14080.9998873079","127393.444981399"
"J9_soC3_curto","1989","F","0.0780332628036695","0.0189903978683352","0.205689455146687"
"J9_soC3_curto","1990","F","0.0432496892439897","0.0100101215766969","0.113772739184815"
"J9_soC3_curto","1991","F","0.0495917118269076","0.0114821157744566","0.127036960273771"
"J9_soC3_curto","1992","F","0.0808194996193365","0.0183809566754118","0.20990208723601"
"J9_soC3_curto","1993","F","0.0530926847117496","0.0116596289657585","0.140714899911964"
"J9_soC3_curto","1994","F","0.0699084237381042","0.0159001575964057","0.18792154507938"
"J9_soC3_curto","1995","F","0.0567464781608675","0.0126792421376249","0.154869497681959"
"J9_soC3_curto","1996","F","0.0620694518199187","0.0139100641857454","0.169778410282783"
"J9_soC3_curto","1997","F","0.1057761131025","0.0238186763781684","0.293394175450659"
"J9_soC3_curto","1998","F","0.111853317507557","0.0241442973966661","0.326082380501746"
"J9_soC3_curto","1999","F","0.102573493931479","0.0217159818191352","0.317638717359885"
"J9_soC3_curto","2000","F","0.0708544370629793","0.0149083926399036","0.230707687309063"
"J9_soC3_curto","2001","F","0.0513569256748915","0.0106514435263235","0.164684401595861"
"J9_soC3_curto","2002","F","0.080268676108645","0.0172249234698371","0.243997046668689"
"J9_soC3_curto","2003","F","0.0665241927987344","0.0140798509433786","0.204727583266696"
"J9_soC3_curto","2004","F","0.0630432316060403","0.0136042066112138","0.188391066092855"
"J9_soC3_curto","2005","F","0.077781947377414","0.0168962196624435","0.231384944932363"
"J9_soC3_curto","2006","F","0.0941257976196944","0.0204815833551324","0.278688792064843"
"J9_soC3_curto","2007","F","0.105240435728887","0.0218158866724507","0.322514765905578"
"J9_soC3_curto","2008","F","0.0894817296072785","0.0184107293503733","0.288155906205248"
"J9_soC3_curto","2009","F","0.0661425534673783","0.0138196050742139","0.2202267416754"
"J9_soC3_curto","2010","F","0.0640161868161615","0.0136358957386553","0.207089915537247"
"J9_soC3_curto","2011","F","0.0779548946559047","0.0168269153112629","0.241916838889564"
"J9_soC3_curto","2012","F","0.0951185366974419","0.0202229767126824","0.296105200341409"
"J9_soC3_curto","2013","F","0.0804318823704145","0.0171706639461656","0.259034337487481"
"J9_soC3_curto","2014","F","0.051707192957415","0.010999873509661","0.16839930146535"
"J9_soC3_curto","2015","F","0.0225872318686038","0.00498765994946177","0.0711377531459541"
"J9_soC3_curto","2016","F","0.0216243288459082","0.00488104308672683","0.0624975852665107"
"J9_soC3_curto","2017","F","0.0213071454740436","0.00494842923986113","0.0586635057773802"
"J9_soC3_curto","2018","F","0.0177755493990505","0.00416444606787369","0.047856235602583"
"J9_soC3_curto","2019","F","0.0254886386742102","0.00602473905864627","0.0665925320801082"
"J9_soC3_curto","2020","F","0.0130249107162718","0.00313706638542418","0.0346552472895984"
"J9_soC3_curto","2021","F","0.00506007674540157","0.00121618146487866","0.0128135317938203"
"J9_soC3_curto","2022","F","0.00551872207496058","0.00130857899780229","0.0139458945697669"
"J9_soC3_curto","2023","F","0.00766119303677456","0.0019218079309644","0.019646313053034"
"J9_soC3_curto","2024","F","0.00882413297922823","0.00219424701849116","0.0223614304399903"
"J9_soC3_curto","2025","F","0.00189682304338419","0.000485839806946029","0.00490392630331969"
"J9_soC3_curto","1989","BBmsy","1.25116086953008","0.854699367963038","1.85633532940624"
"J9_soC3_curto","1990","BBmsy","1.38141310515296","0.940771228372213","1.87404649000926"
"J9_soC3_curto","1991","BBmsy","1.52715224490473","1.04606607454528","1.96108910752139"
"J9_soC3_curto","1992","BBmsy","1.61786486098176","1.12601021414442","2.01117432004465"
"J9_soC3_curto","1993","BBmsy","1.61399974064163","1.12795414319778","2.01029438721478"
"J9_soC3_curto","1994","BBmsy","1.668843777366","1.18418918377648","2.05308981480546"
"J9_soC3_curto","1995","BBmsy","1.66898156952605","1.19230357760852","2.04842767631054"
"J9_soC3_curto","1996","BBmsy","1.69528246522535","1.22953728130609","2.07831804032435"
"J9_soC3_curto","1997","BBmsy","1.69934594175763","1.23605985096012","2.07317250728396"
"J9_soC3_curto","1998","BBmsy","1.62316809082354","1.14757102108589","2.02629414392658"
"J9_soC3_curto","1999","BBmsy","1.57799677737647","1.05736704353044","2.0122997231555"
"J9_soC3_curto","2000","BBmsy","1.56212923342446","1.00928549708978","2.01437793553658"
"J9_soC3_curto","2001","BBmsy","1.60613841184939","1.0399481749762","2.04602783617164"
"J9_soC3_curto","2002","BBmsy","1.66617419297237","1.1064924022166","2.07504271031505"
"J9_soC3_curto","2003","BBmsy","1.6516952374588","1.08814648754184","2.06249926687457"
"J9_soC3_curto","2004","BBmsy","1.66839803110962","1.1125596179112","2.07156123708018"
"J9_soC3_curto","2005","BBmsy","1.68420062369335","1.15702723239539","2.07877893803411"
"J9_soC3_curto","2006","BBmsy","1.66888799353893","1.1375498293159","2.06398608958885"
"J9_soC3_curto","2007","BBmsy","1.62629682421482","1.08828788605428","2.05061547531782"
"J9_soC3_curto","2008","BBmsy","1.59023960740424","1.02007080269299","2.02224448570091"
"J9_soC3_curto","2009","BBmsy","1.5943105590968","0.988649469101855","2.02757753193822"
"J9_soC3_curto","2010","BBmsy","1.63574783438551","1.02570816489682","2.05522515029769"
"J9_soC3_curto","2011","BBmsy","1.66294252257264","1.07019808175148","2.0698375713996"
"J9_soC3_curto","2012","BBmsy","1.66376465707569","1.05860951996309","2.05420193798007"
"J9_soC3_curto","2013","BBmsy","1.6293584516479","1.01371080851164","2.04350015063338"
"J9_soC3_curto","2014","BBmsy","1.64198616743873","1.0025194463966","2.06670736351737"
"J9_soC3_curto","2015","BBmsy","1.70175035991993","1.07061882358131","2.10271560136006"
"J9_soC3_curto","2016","BBmsy","1.79322141196204","1.19300655703376","2.16554801201195"
"J9_soC3_curto","2017","BBmsy","1.84049359079162","1.30390450809641","2.18195148226021"
"J9_soC3_curto","2018","BBmsy","1.86207899513551","1.39102060143687","2.19587990261443"
"J9_soC3_curto","2019","BBmsy","1.88855653289775","1.46888313844977","2.21381648579617"
"J9_soC3_curto","2020","BBmsy","1.87308997380156","1.48982461426835","2.18179248607711"
"J9_soC3_curto","2021","BBmsy","1.87866210006937","1.52515111230218","2.1673331050563"
"J9_soC3_curto","2022","BBmsy","1.90381269973033","1.55683130645698","2.17894560377855"
"J9_soC3_curto","2023","BBmsy","1.91891117135106","1.58016863347624","2.21161327622282"
"J9_soC3_curto","2024","BBmsy","1.9267888228622","1.60219341193112","2.21723867852405"
"J9_soC3_curto","2025","BBmsy","1.92443869328989","1.60813154655877","2.19849392632992"
"J9_soC3_curto","1989","FFmsy","0.33748304472569","0.0802705025966275","0.8066872070284"
"J9_soC3_curto","1990","FFmsy","0.185537846993445","0.0405049584255543","0.469232282701887"
"J9_soC3_curto","1991","FFmsy","0.213383330846018","0.0466587399220489","0.53856086686128"
"J9_soC3_curto","1992","FFmsy","0.345997407749724","0.0759288749206267","0.885438573000987"
"J9_soC3_curto","1993","FFmsy","0.228596847960381","0.0467258342314905","0.583415771411672"
"J9_soC3_curto","1994","FFmsy","0.301638862272167","0.0662669638108889","0.773996930015165"
"J9_soC3_curto","1995","FFmsy","0.244937045613582","0.0524075961915185","0.645591822142107"
"J9_soC3_curto","1996","FFmsy","0.266808217515937","0.057875757830943","0.690795584472974"
"J9_soC3_curto","1997","FFmsy","0.449839510454968","0.0986392928150621","1.15011497092993"
"J9_soC3_curto","1998","FFmsy","0.478329361721376","0.0998492239368151","1.26306328211952"
"J9_soC3_curto","1999","FFmsy","0.440405968285054","0.090384562859651","1.22124052843742"
"J9_soC3_curto","2000","FFmsy","0.307990569163574","0.0627034013274963","0.898740175526562"
"J9_soC3_curto","2001","FFmsy","0.222264864273223","0.045285006550457","0.656727153224891"
"J9_soC3_curto","2002","FFmsy","0.343126642677046","0.0730567071491068","0.996342043319203"
"J9_soC3_curto","2003","FFmsy","0.284139048929411","0.0586752423751431","0.833012566420212"
"J9_soC3_curto","2004","FFmsy","0.268183984890497","0.057858367038831","0.762676580811959"
"J9_soC3_curto","2005","FFmsy","0.33270058291819","0.069891963066035","0.934364584730349"
"J9_soC3_curto","2006","FFmsy","0.40295788290003","0.0851586515895254","1.13600470102545"
"J9_soC3_curto","2007","FFmsy","0.452397733877243","0.0934513230989182","1.27964617834261"
"J9_soC3_curto","2008","FFmsy","0.38621609972126","0.0762932253129575","1.14651568530864"
"J9_soC3_curto","2009","FFmsy","0.286040518131991","0.0585379233279014","0.879928421331501"
"J9_soC3_curto","2010","FFmsy","0.273612098882449","0.058475752134636","0.834802432031289"
"J9_soC3_curto","2011","FFmsy","0.334838007550019","0.0704292850183831","1.00159492257749"
"J9_soC3_curto","2012","FFmsy","0.407789071275451","0.0867820928200138","1.20880347840166"
"J9_soC3_curto","2013","FFmsy","0.34597032176008","0.0724036368136168","1.07366088953089"
"J9_soC3_curto","2014","FFmsy","0.222096366116306","0.0461872849977058","0.697334665904465"
"J9_soC3_curto","2015","FFmsy","0.0965585794312308","0.0207686727502903","0.301800518802826"
"J9_soC3_curto","2016","FFmsy","0.0936352301875561","0.020365287130748","0.266506781384097"
"J9_soC3_curto","2017","FFmsy","0.0906641703469413","0.0208226137002169","0.252096710744659"
"J9_soC3_curto","2018","FFmsy","0.0762649746135801","0.017544754524274","0.202140303567041"
"J9_soC3_curto","2019","FFmsy","0.109500140863363","0.0254840887900516","0.2809993088997"
"J9_soC3_curto","2020","FFmsy","0.0558825853543982","0.0128126482871088","0.140036854244253"
"J9_soC3_curto","2021","FFmsy","0.0216249055949409","0.00513798472442569","0.0530857711300469"
"J9_soC3_curto","2022","FFmsy","0.0235217466838076","0.00558651999779965","0.0556546638602306"
"J9_soC3_curto","2023","FFmsy","0.033042738747117","0.00799711898048497","0.0771070613794773"
"J9_soC3_curto","2024","FFmsy","0.0381541914664724","0.00926345152881855","0.0879932689468626"
"J9_soC3_curto","2025","FFmsy","0.00827564003802245","0.00197315586176636","0.0187665420405361"
"J9_soC3_curto","1989","BB0","0.62558043476504","0.427349683981519","0.928167664703119"
"J9_soC3_curto","1990","BB0","0.690706552576482","0.470385614186107","0.937023245004628"
"J9_soC3_curto","1991","BB0","0.763576122452363","0.52303303727264","0.980544553760693"
"J9_soC3_curto","1992","BB0","0.808932430490882","0.563005107072209","1.00558716002233"
"J9_soC3_curto","1993","BB0","0.806999870320815","0.563977071598891","1.00514719360739"
"J9_soC3_curto","1994","BB0","0.834421888683","0.59209459188824","1.02654490740273"
"J9_soC3_curto","1995","BB0","0.834490784763024","0.59615178880426","1.02421383815527"
"J9_soC3_curto","1996","BB0","0.847641232612676","0.614768640653047","1.03915902016217"
"J9_soC3_curto","1997","BB0","0.849672970878814","0.61802992548006","1.03658625364198"
"J9_soC3_curto","1998","BB0","0.811584045411769","0.573785510542946","1.01314707196329"
"J9_soC3_curto","1999","BB0","0.788998388688235","0.528683521765222","1.00614986157775"
"J9_soC3_curto","2000","BB0","0.781064616712232","0.50464274854489","1.00718896776829"
"J9_soC3_curto","2001","BB0","0.803069205924697","0.519974087488101","1.02301391808582"
"J9_soC3_curto","2002","BB0","0.833087096486183","0.553246201108298","1.03752135515752"
"J9_soC3_curto","2003","BB0","0.825847618729399","0.544073243770918","1.03124963343728"
"J9_soC3_curto","2004","BB0","0.834199015554809","0.556279808955601","1.03578061854009"
"J9_soC3_curto","2005","BB0","0.842100311846674","0.578513616197695","1.03938946901706"
"J9_soC3_curto","2006","BB0","0.834443996769465","0.56877491465795","1.03199304479442"
"J9_soC3_curto","2007","BB0","0.81314841210741","0.544143943027142","1.02530773765891"
"J9_soC3_curto","2008","BB0","0.795119803702118","0.510035401346495","1.01112224285045"
"J9_soC3_curto","2009","BB0","0.797155279548398","0.494324734550928","1.01378876596911"
"J9_soC3_curto","2010","BB0","0.817873917192755","0.512854082448412","1.02761257514884"
"J9_soC3_curto","2011","BB0","0.831471261286318","0.535099040875739","1.0349187856998"
"J9_soC3_curto","2012","BB0","0.831882328537845","0.529304759981543","1.02710096899004"
"J9_soC3_curto","2013","BB0","0.814679225823949","0.506855404255821","1.02175007531669"
"J9_soC3_curto","2014","BB0","0.820993083719363","0.501259723198298","1.03335368175868"
"J9_soC3_curto","2015","BB0","0.850875179959965","0.535309411790655","1.05135780068003"
"J9_soC3_curto","2016","BB0","0.896610705981021","0.596503278516879","1.08277400600598"
"J9_soC3_curto","2017","BB0","0.920246795395809","0.651952254048203","1.09097574113011"
"J9_soC3_curto","2018","BB0","0.931039497567755","0.695510300718433","1.09793995130721"
"J9_soC3_curto","2019","BB0","0.944278266448876","0.734441569224887","1.10690824289809"
"J9_soC3_curto","2020","BB0","0.936544986900782","0.744912307134174","1.09089624303855"
"J9_soC3_curto","2021","BB0","0.939331050034683","0.762575556151092","1.08366655252815"
"J9_soC3_curto","2022","BB0","0.951906349865166","0.778415653228488","1.08947280188927"
"J9_soC3_curto","2023","BB0","0.959455585675532","0.790084316738121","1.10580663811141"
"J9_soC3_curto","2024","BB0","0.963394411431099","0.801096705965559","1.10861933926203"
"J9_soC3_curto","2025","BB0","0.962219346644943","0.804065773279383","1.09924696316496"
"J9_soC3_curto","1989","procB","-0.000998018385544253","-0.119317063251654","0.120029399175161"
"J9_soC3_curto","1990","procB","0.000527970429646807","-0.111742453690166","0.120659221567004"
"J9_soC3_curto","1991","procB","-0.000522872016214038","-0.113468509365762","0.119320313596476"
"J9_soC3_curto","1992","procB","-0.000852021465219233","-0.116455939931842","0.120306349786042"
"J9_soC3_curto","1993","procB","0.000120753460327805","-0.113965095477315","0.118939142266584"
"J9_soC3_curto","1994","procB","0.0000985353141218503","-0.116489912997102","0.119393069911751"
"J9_soC3_curto","1995","procB","0.000395984088177759","-0.118312353677225","0.118286287127344"
"J9_soC3_curto","1996","procB","0.00092954365864939","-0.115288549942146","0.121158199367859"
"J9_soC3_curto","1997","procB","-0.0000528221740894175","-0.115160313974851","0.117592872217955"
"J9_soC3_curto","1998","procB","0.000564036879100005","-0.119382862365534","0.12157868974923"
"J9_soC3_curto","1999","procB","0.000543667441751383","-0.118589947255417","0.120731314132969"
"J9_soC3_curto","2000","procB","0.000517023282545326","-0.117629396890841","0.121682144645868"
"J9_soC3_curto","2001","procB","0.000973354298358098","-0.113472926785473","0.121319072088163"
"J9_soC3_curto","2002","procB","0.000586740119781215","-0.113002776317363","0.117677525074173"
"J9_soC3_curto","2003","procB","0.0015972271677791","-0.116310108626928","0.116658657451036"
"J9_soC3_curto","2004","procB","0.00108478055992456","-0.116021076744564","0.117749030309426"
"J9_soC3_curto","2005","procB","0.00179375972519868","-0.11352300754834","0.117905742137953"
"J9_soC3_curto","2006","procB","0.000689627036870366","-0.117053670202402","0.116252712952601"
"J9_soC3_curto","2007","procB","0.00109679065866586","-0.117715212969769","0.115971620243392"
"J9_soC3_curto","2008","procB","-0.0000496809400778453","-0.116631736645249","0.116682569851097"
"J9_soC3_curto","2009","procB","0.0019902704756356","-0.112664167863734","0.120463326495135"
"J9_soC3_curto","2010","procB","0.00180102324419185","-0.118003104336237","0.117634879742653"
"J9_soC3_curto","2011","procB","0.00196022640796056","-0.112268034852791","0.121156139795086"
"J9_soC3_curto","2012","procB","0.00337942644888978","-0.113404701195013","0.117772599944452"
"J9_soC3_curto","2013","procB","0.00305680308863021","-0.111484363336176","0.124340217733685"
"J9_soC3_curto","2014","procB","0.00449374207521558","-0.107559995883115","0.125667415803425"
"J9_soC3_curto","2015","procB","0.0060218764362483","-0.106738165547345","0.126035739866468"
"J9_soC3_curto","2016","procB","0.00897438089768343","-0.104330696423936","0.132151375067165"
"J9_soC3_curto","2017","procB","0.00418064047640909","-0.109119422769417","0.122896744695263"
"J9_soC3_curto","2018","procB","0.00116532256226054","-0.113669050528157","0.118971363230592"
"J9_soC3_curto","2019","procB","0.00387151920621931","-0.111014817693269","0.124684968394323"
"J9_soC3_curto","2020","procB","-0.00278203335631311","-0.125154265204047","0.112763045010085"
"J9_soC3_curto","2021","procB","-0.0102534608483942","-0.135225682897825","0.102649129706454"
"J9_soC3_curto","2022","procB","-0.00747125495601808","-0.132117764565083","0.102939735768907"
"J9_soC3_curto","2023","procB","-0.00571252366805886","-0.128096020546673","0.113080683750416"
"J9_soC3_curto","2024","procB","-0.00345379653530475","-0.121501844121234","0.112564325919868"
"J9_soC3_curto","2025","procB","-0.00653419853268344","-0.129076667783848","0.10540726099843"
"J9_soC3_curto","1989","SPt","0","0","0"
"J9_soC3_curto","1990","SPt","3413.68349802043","-467.713598169782","15238.0084114158"
"J9_soC3_curto","1991","SPt","3091.27428648848","-805.60863266607","13780.1412368569"
"J9_soC3_curto","1992","SPt","2578.63262361196","-1713.2180870191","11929.2186342895"
"J9_soC3_curto","1993","SPt","2205.02386135571","-2496.76470428464","10311.3785611547"
"J9_soC3_curto","1994","SPt","2235.07107579619","-3122.94878167831","9537.91066464826"
"J9_soC3_curto","1995","SPt","1971.06799453975","-3657.14627431291","8873.4694206541"
"J9_soC3_curto","1996","SPt","2030.74608516321","-3735.46166263664","8816.59384362758"
"J9_soC3_curto","1997","SPt","1844.36218812408","-4064.94708551373","8279.73193002003"
"J9_soC3_curto","1998","SPt","1818.8394120373","-4405.89646512879","8301.53256691841"
"J9_soC3_curto","1999","SPt","2223.06994824154","-3933.09891812763","8807.16159567848"
"J9_soC3_curto","2000","SPt","2407.85953560368","-3365.21653147652","8672.15022364838"
"J9_soC3_curto","2001","SPt","2457.65371767482","-3290.90971184647","8984.84327533294"
"J9_soC3_curto","2002","SPt","2282.38795942092","-3601.49431434827","8510.04121584231"
"J9_soC3_curto","2003","SPt","2042.93051138089","-4496.88565506208","8505.19240947642"
"J9_soC3_curto","2004","SPt","2122.98970647302","-4193.39567962789","8474.10024632201"
"J9_soC3_curto","2005","SPt","2056.58645713455","-4412.22384857679","8387.10626964947"
"J9_soC3_curto","2006","SPt","1960.25117997013","-4291.95945146648","8224.79254211766"
"J9_soC3_curto","2007","SPt","2051.66756602272","-4292.99948332574","8066.32560819378"
"J9_soC3_curto","2008","SPt","2203.66720237114","-3952.78008656381","8019.92192632894"
"J9_soC3_curto","2009","SPt","2399.07756944175","-3506.20636403877","8646.6716498031"
"J9_soC3_curto","2010","SPt","2351.64795716664","-3730.58528121143","8432.42462252817"
"J9_soC3_curto","2011","SPt","2217.7546957627","-4221.48422100135","8454.49860711842"
"J9_soC3_curto","2012","SPt","2118.1549381214","-4146.88562945968","8256.51495018538"
"J9_soC3_curto","2013","SPt","2188.60972185219","-3919.97667762092","8638.70497623825"
"J9_soC3_curto","2014","SPt","2345.17134122711","-3742.83269084375","9003.8752410404"
"J9_soC3_curto","2015","SPt","2334.45979729534","-3679.68900076096","8921.96374516416"
"J9_soC3_curto","2016","SPt","2157.6249981356","-4063.47364243141","9008.66895104299"
"J9_soC3_curto","2017","SPt","1569.44881079097","-5534.63552224669","7907.51041706992"
"J9_soC3_curto","2018","SPt","1173.69766306646","-5729.9839909266","7489.9375469583"
"J9_soC3_curto","2019","SPt","1089.50874084401","-5741.27094043503","7879.87751304014"
"J9_soC3_curto","2020","SPt","690.732803388551","-7150.68576542405","6705.74442676868"
"J9_soC3_curto","2021","SPt","582.63897967971","-7341.65613091447","6477.77670295242"
"J9_soC3_curto","2022","SPt","576.958003181333","-6297.0331254734","7023.7371160991"
"J9_soC3_curto","2023","SPt","476.476444716931","-6144.78912280173","7043.63446549747"
"J9_soC3_curto","2024","SPt","375.823495623352","-6172.18815663739","7376.99865559085"
"J9_soC3_curto","2025","SPt","295.655126017632","-6845.41744985596","6659.11416893992"
"J10_BASE_kBaixo","1989","B","7083.36539944534","3873.51763873715","13380.3709778937"
"J10_BASE_kBaixo","1990","B","7712.86000868209","4255.51044866538","13940.3400982358"
"J10_BASE_kBaixo","1991","B","8804.8217595117","5301.91194409661","15226.3487081803"
"J10_BASE_kBaixo","1992","B","9318.19311625287","5768.71456606838","16055.6107265873"
"J10_BASE_kBaixo","1993","B","8498.10980752306","4737.09861372193","15419.1074401257"
"J10_BASE_kBaixo","1994","B","8925.51900922434","5284.55695844112","15921.9187315496"
"J10_BASE_kBaixo","1995","B","8633.9563538818","4899.2469507445","15747.7625973105"
"J10_BASE_kBaixo","1996","B","8885.63994532099","5261.25292063994","16011.4625227711"
"J10_BASE_kBaixo","1997","B","8947.44246912405","5373.53512939796","16069.3742233349"
"J10_BASE_kBaixo","1998","B","7754.580984524","4180.61522622562","14914.6810468776"
"J10_BASE_kBaixo","1999","B","7016.26062740619","3511.10685768792","14199.1564135745"
"J10_BASE_kBaixo","2000","B","6810.56450366403","3261.30198415204","13884.6467094865"
"J10_BASE_kBaixo","2001","B","7439.82183682861","3639.62583344397","14709.0666641084"
"J10_BASE_kBaixo","2002","B","8397.813735123","4571.62958495977","15716.8570567155"
"J10_BASE_kBaixo","2003","B","8297.57289430059","4580.75754583583","15633.0538335185"
"J10_BASE_kBaixo","2004","B","8712.91986202516","5004.79529332989","16132.7519813619"
"J10_BASE_kBaixo","2005","B","9105.14639829654","5431.9258347104","16687.3308262308"
"J10_BASE_kBaixo","2006","B","8933.26564855984","5223.68523864213","16382.1096199786"
"J10_BASE_kBaixo","2007","B","8277.67643139541","4591.42209228436","15671.7747721975"
"J10_BASE_kBaixo","2008","B","7606.16624471966","3984.28103118975","14879.3958214799"
"J10_BASE_kBaixo","2009","B","7491.77063180958","3768.68238069409","14753.9907043957"
"J10_BASE_kBaixo","2010","B","7985.59640281277","4235.37105673091","15305.9770581947"
"J10_BASE_kBaixo","2011","B","8381.78580867365","4676.37857858901","15670.2465638536"
"J10_BASE_kBaixo","2012","B","8221.12734215002","4576.53860122497","15529.8148598336"
"J10_BASE_kBaixo","2013","B","7610.42153365876","3976.45622008125","14850.5312201178"
"J10_BASE_kBaixo","2014","B","7624.82860530983","3783.27878041466","14804.9872005497"
"J10_BASE_kBaixo","2015","B","8493.49541127733","4589.79289146153","15714.830053109"
"J10_BASE_kBaixo","2016","B","9870.02807371631","5997.96320596579","17116.6309553806"
"J10_BASE_kBaixo","2017","B","10559.479009275","6580.22334744197","17838.2180348173"
"J10_BASE_kBaixo","2018","B","10827.7024451212","6795.2663187454","18353.1567675071"
"J10_BASE_kBaixo","2019","B","11135.6711538837","6890.30028697958","18700.9888695023"
"J10_BASE_kBaixo","2020","B","10892.6766622997","6617.81341737984","18444.1618607002"
"J10_BASE_kBaixo","2021","B","11183.4469329109","6990.95866444687","18801.346163672"
"J10_BASE_kBaixo","2022","B","11526.6785173358","7229.40969342862","19135.0304785601"
"J10_BASE_kBaixo","2023","B","11645.9169846574","7155.69905401082","19614.9526664453"
"J10_BASE_kBaixo","2024","B","11617.7871015117","7138.62059755052","19587.3175820571"
"J10_BASE_kBaixo","2025","B","11557.2721737101","7074.80477102683","19505.7781370413"
"J10_BASE_kBaixo","1989","F","0.238699043324724","0.113365111761442","0.499734078575161"
"J10_BASE_kBaixo","1990","F","0.132191265056821","0.0637186004491965","0.26998008515475"
"J10_BASE_kBaixo","1991","F","0.142576673006748","0.0734659996589053","0.272112848607094"
"J10_BASE_kBaixo","1992","F","0.24367410135023","0.12283889569583","0.470131791719412"
"J10_BASE_kBaixo","1993","F","0.171548392963615","0.0843027608086704","0.354083362550334"
"J10_BASE_kBaixo","1994","F","0.225230708705382","0.110643908090338","0.441881965707961"
"J10_BASE_kBaixo","1995","F","0.186260971608982","0.0915826850567304","0.367609085173118"
"J10_BASE_kBaixo","1996","F","0.196400155898652","0.0979317657419069","0.369062271323248"
"J10_BASE_kBaixo","1997","F","0.332560854962626","0.169586181359117","0.604259400070582"
"J10_BASE_kBaixo","1998","F","0.383659429256616","0.184097597877336","0.741284968332047"
"J10_BASE_kBaixo","1999","F","0.37489336538717","0.175225045856571","0.773918376047678"
"J10_BASE_kBaixo","2000","F","0.269028671268636","0.120607577900862","0.59273375054222"
"J10_BASE_kBaixo","2001","F","0.182349565523408","0.0844277451841692","0.393874694512824"
"J10_BASE_kBaixo","2002","F","0.254863181315425","0.125755233367307","0.500269186324565"
"J10_BASE_kBaixo","2003","F","0.211267028047974","0.102916293551257","0.414816675678434"
"J10_BASE_kBaixo","2004","F","0.191003146552325","0.094899625563521","0.361999502011468"
"J10_BASE_kBaixo","2005","F","0.225794428290163","0.114361449664707","0.41468562136611"
"J10_BASE_kBaixo","2006","F","0.282025482185305","0.141353781959468","0.525725913320493"
"J10_BASE_kBaixo","2007","F","0.337146946939688","0.163993825995241","0.645428447617382"
"J10_BASE_kBaixo","2008","F","0.314829938707559","0.144090324627296","0.649197806311824"
"J10_BASE_kBaixo","2009","F","0.238462866934562","0.107094080486498","0.501015099579095"
"J10_BASE_kBaixo","2010","F","0.217225601563026","0.102639799714508","0.442763844400996"
"J10_BASE_kBaixo","2011","F","0.254729102000678","0.125073533172259","0.50391325875181"
"J10_BASE_kBaixo","2012","F","0.320689645818131","0.154464206641402","0.631057575274971"
"J10_BASE_kBaixo","2013","F","0.290374497623397","0.135236497567888","0.622186199712624"
"J10_BASE_kBaixo","2014","F","0.186010262071886","0.0867882265153277","0.400544963403079"
"J10_BASE_kBaixo","2015","F","0.0757044856294408","0.0366790769244766","0.159394306670211"
"J10_BASE_kBaixo","2016","F","0.0655448462488972","0.0332346280109836","0.122939679163138"
"J10_BASE_kBaixo","2017","F","0.0621517019344257","0.0325385087705017","0.115794700503134"
"J10_BASE_kBaixo","2018","F","0.0506806227762787","0.0264961151071906","0.0938986865675946"
"J10_BASE_kBaixo","2019","F","0.072536006239667","0.038387755046352","0.133495652268252"
"J10_BASE_kBaixo","2020","F","0.037668148031554","0.0197222228642391","0.0706020127716636"
"J10_BASE_kBaixo","2021","F","0.0142621183925506","0.00747689741865706","0.0261010420102199"
"J10_BASE_kBaixo","2022","F","0.0152418462143911","0.00809352978041281","0.0281270502773417"
"J10_BASE_kBaixo","2023","F","0.0214048549054845","0.0112238646494634","0.0401986304843342"
"J10_BASE_kBaixo","2024","F","0.0247478421920089","0.012921901303016","0.0461266142298775"
"J10_BASE_kBaixo","2025","F","0.00530366658950219","0.00279157418921712","0.00995121389598706"
"J10_BASE_kBaixo","1989","BBmsy","1.18467315359379","0.796323815790297","1.75765244735742"
"J10_BASE_kBaixo","1990","BBmsy","1.30545479318703","0.851786098653561","1.72216478945086"
"J10_BASE_kBaixo","1991","BBmsy","1.5054617622618","1.01345574733543","1.88515428566258"
"J10_BASE_kBaixo","1992","BBmsy","1.59694567647579","1.12056732907324","1.91724548869694"
"J10_BASE_kBaixo","1993","BBmsy","1.43963845802571","1.00757144671458","1.75184566093675"
"J10_BASE_kBaixo","1994","BBmsy","1.51422476017462","1.07461299115771","1.83819574979773"
"J10_BASE_kBaixo","1995","BBmsy","1.45839992156977","1.04934314534499","1.78588950370005"
"J10_BASE_kBaixo","1996","BBmsy","1.5040769626107","1.11774709292897","1.83268126809163"
"J10_BASE_kBaixo","1997","BBmsy","1.5144731441777","1.1496831409597","1.81482379300021"
"J10_BASE_kBaixo","1998","BBmsy","1.30540036171083","0.956198137164327","1.6439628248304"
"J10_BASE_kBaixo","1999","BBmsy","1.17987421027433","0.821762452325117","1.56621924727677"
"J10_BASE_kBaixo","2000","BBmsy","1.13957511480368","0.747331020212268","1.55547437870378"
"J10_BASE_kBaixo","2001","BBmsy","1.2472368793484","0.806352232867471","1.68952492960105"
"J10_BASE_kBaixo","2002","BBmsy","1.42294980433256","0.977384313368882","1.82582400024634"
"J10_BASE_kBaixo","2003","BBmsy","1.40910813393658","0.99872817524224","1.75270790235251"
"J10_BASE_kBaixo","2004","BBmsy","1.47507042199661","1.08216134187082","1.80878902539072"
"J10_BASE_kBaixo","2005","BBmsy","1.54575017650052","1.16846076254703","1.86083579833673"
"J10_BASE_kBaixo","2006","BBmsy","1.50702979495009","1.1669272020206","1.83146595278347"
"J10_BASE_kBaixo","2007","BBmsy","1.39538086929871","1.04754049719539","1.73711003623092"
"J10_BASE_kBaixo","2008","BBmsy","1.27911102776013","0.889490976142036","1.649145953086"
"J10_BASE_kBaixo","2009","BBmsy","1.25905573832098","0.84988624738373","1.66066234087188"
"J10_BASE_kBaixo","2010","BBmsy","1.34893331514567","0.917312657795704","1.75600011763859"
"J10_BASE_kBaixo","2011","BBmsy","1.42499455758926","0.991351072115667","1.79597143503148"
"J10_BASE_kBaixo","2012","BBmsy","1.39662421166627","0.983856260401533","1.75952931175215"
"J10_BASE_kBaixo","2013","BBmsy","1.28959779731013","0.870813609220704","1.67229051664472"
"J10_BASE_kBaixo","2014","BBmsy","1.29342458439354","0.835667782851756","1.68751725360171"
"J10_BASE_kBaixo","2015","BBmsy","1.44164434340902","0.951098107513459","1.82280978933011"
"J10_BASE_kBaixo","2016","BBmsy","1.67849549277859","1.20333655164621","2.02042203885726"
"J10_BASE_kBaixo","2017","BBmsy","1.78961478777952","1.40460400837618","2.06383411960538"
"J10_BASE_kBaixo","2018","BBmsy","1.82295448798539","1.53079922036374","2.07024063757447"
"J10_BASE_kBaixo","2019","BBmsy","1.86249282582046","1.60041941853015","2.1029967752441"
"J10_BASE_kBaixo","2020","BBmsy","1.82422938551245","1.58203588151461","2.05401097821072"
"J10_BASE_kBaixo","2021","BBmsy","1.87377758003211","1.62501014905539","2.11064411437996"
"J10_BASE_kBaixo","2022","BBmsy","1.92906449380723","1.68181147187246","2.15751706990338"
"J10_BASE_kBaixo","2023","BBmsy","1.94064581865887","1.71326451320597","2.17171619205228"
"J10_BASE_kBaixo","2024","BBmsy","1.93408061476849","1.7145566157719","2.16725446263831"
"J10_BASE_kBaixo","2025","BBmsy","1.93165837759784","1.70482565599956","2.16324338653821"
"J10_BASE_kBaixo","1989","FFmsy","0.558418680867872","0.28270866111805","1.05924942089741"
"J10_BASE_kBaixo","1990","FFmsy","0.30771402709076","0.154214668055311","0.613039253444689"
"J10_BASE_kBaixo","1991","FFmsy","0.332481920759425","0.171142650994219","0.65016978376571"
"J10_BASE_kBaixo","1992","FFmsy","0.568768748804016","0.290372644750919","1.09277487994088"
"J10_BASE_kBaixo","1993","FFmsy","0.402469207577374","0.206102365752959","0.758917059561057"
"J10_BASE_kBaixo","1994","FFmsy","0.528450025787901","0.268547298555726","0.956890831526879"
"J10_BASE_kBaixo","1995","FFmsy","0.437480236185229","0.223302171332853","0.805150312615343"
"J10_BASE_kBaixo","1996","FFmsy","0.4613845022686","0.238639826731756","0.807804857977512"
"J10_BASE_kBaixo","1997","FFmsy","0.782431007022128","0.421704325393479","1.27415325004109"
"J10_BASE_kBaixo","1998","FFmsy","0.907813091640836","0.477514677262915","1.45932057685993"
"J10_BASE_kBaixo","1999","FFmsy","0.893011169942622","0.450882814270347","1.48464985803989"
"J10_BASE_kBaixo","2000","FFmsy","0.642421577664372","0.305988400049879","1.15864701596279"
"J10_BASE_kBaixo","2001","FFmsy","0.433065121295471","0.204604788203854","0.813449550481091"
"J10_BASE_kBaixo","2002","FFmsy","0.601180763106829","0.30719411470579","1.07086261715627"
"J10_BASE_kBaixo","2003","FFmsy","0.496023929960059","0.25685125586895","0.885518629302347"
"J10_BASE_kBaixo","2004","FFmsy","0.446576112542673","0.234177958596315","0.784270946185486"
"J10_BASE_kBaixo","2005","FFmsy","0.528513613172216","0.286968351563811","0.916685789080103"
"J10_BASE_kBaixo","2006","FFmsy","0.662760522029924","0.357380526926113","1.12627041659319"
"J10_BASE_kBaixo","2007","FFmsy","0.7928163962395","0.418338998675274","1.35059334055449"
"J10_BASE_kBaixo","2008","FFmsy","0.742829033912826","0.370996607923184","1.29111598036418"
"J10_BASE_kBaixo","2009","FFmsy","0.559018374282011","0.269574584660638","1.04076657487362"
"J10_BASE_kBaixo","2010","FFmsy","0.511985068858075","0.250581464951256","0.941633486259323"
"J10_BASE_kBaixo","2011","FFmsy","0.598515706586132","0.291778394291656","1.09472927957159"
"J10_BASE_kBaixo","2012","FFmsy","0.756581870068923","0.373423236488602","1.34545906950504"
"J10_BASE_kBaixo","2013","FFmsy","0.683562825200173","0.336564995448112","1.30341091959466"
"J10_BASE_kBaixo","2014","FFmsy","0.436858590183339","0.213091727082295","0.871394645191504"
"J10_BASE_kBaixo","2015","FFmsy","0.177004355339788","0.0884876615902752","0.349416143224387"
"J10_BASE_kBaixo","2016","FFmsy","0.152140833451231","0.0794353142100137","0.283570182990312"
"J10_BASE_kBaixo","2017","FFmsy","0.145055328152298","0.079793448680007","0.254891104684067"
"J10_BASE_kBaixo","2018","FFmsy","0.118647648537693","0.0674492451746105","0.200883603813017"
"J10_BASE_kBaixo","2019","FFmsy","0.170215981177543","0.0968375072266948","0.284107839996304"
"J10_BASE_kBaixo","2020","FFmsy","0.0887520929272205","0.0502976918230462","0.146462089012542"
"J10_BASE_kBaixo","2021","FFmsy","0.0334720888636625","0.0191363454578011","0.0555142693943159"
"J10_BASE_kBaixo","2022","FFmsy","0.0358024984520087","0.020739761290516","0.0591835226107848"
"J10_BASE_kBaixo","2023","FFmsy","0.0501697359627497","0.0290270033402905","0.081441374853803"
"J10_BASE_kBaixo","2024","FFmsy","0.0579068258651053","0.0336461419463552","0.0945943948513968"
"J10_BASE_kBaixo","2025","FFmsy","0.0125105291486158","0.00721192337043329","0.0202834479637994"
"J10_BASE_kBaixo","1989","BB0","0.592336576796896","0.398161907895148","0.87882622367871"
"J10_BASE_kBaixo","1990","BB0","0.652727396593516","0.425893049326781","0.86108239472543"
"J10_BASE_kBaixo","1991","BB0","0.752730881130902","0.506727873667713","0.942577142831289"
"J10_BASE_kBaixo","1992","BB0","0.798472838237895","0.56028366453662","0.95862274434847"
"J10_BASE_kBaixo","1993","BB0","0.719819229012856","0.50378572335729","0.875922830468376"
"J10_BASE_kBaixo","1994","BB0","0.757112380087311","0.537306495578853","0.919097874898863"
"J10_BASE_kBaixo","1995","BB0","0.729199960784885","0.524671572672494","0.892944751850025"
"J10_BASE_kBaixo","1996","BB0","0.75203848130535","0.558873546464486","0.916340634045815"
"J10_BASE_kBaixo","1997","BB0","0.757236572088848","0.574841570479852","0.907411896500103"
"J10_BASE_kBaixo","1998","BB0","0.652700180855414","0.478099068582164","0.821981412415197"
"J10_BASE_kBaixo","1999","BB0","0.589937105137165","0.410881226162559","0.783109623638383"
"J10_BASE_kBaixo","2000","BB0","0.569787557401842","0.373665510106134","0.777737189351888"
"J10_BASE_kBaixo","2001","BB0","0.623618439674202","0.403176116433736","0.844762464800526"
"J10_BASE_kBaixo","2002","BB0","0.711474902166279","0.488692156684441","0.912912000123172"
"J10_BASE_kBaixo","2003","BB0","0.704554066968289","0.49936408762112","0.876353951176254"
"J10_BASE_kBaixo","2004","BB0","0.737535210998304","0.541080670935411","0.90439451269536"
"J10_BASE_kBaixo","2005","BB0","0.772875088250262","0.584230381273514","0.930417899168363"
"J10_BASE_kBaixo","2006","BB0","0.753514897475045","0.5834636010103","0.915732976391734"
"J10_BASE_kBaixo","2007","BB0","0.697690434649354","0.523770248597694","0.868555018115458"
"J10_BASE_kBaixo","2008","BB0","0.639555513880063","0.444745488071018","0.824572976543"
"J10_BASE_kBaixo","2009","BB0","0.629527869160488","0.424943123691865","0.830331170435938"
"J10_BASE_kBaixo","2010","BB0","0.674466657572834","0.458656328897852","0.878000058819296"
"J10_BASE_kBaixo","2011","BB0","0.71249727879463","0.495675536057833","0.897985717515742"
"J10_BASE_kBaixo","2012","BB0","0.698312105833134","0.491928130200767","0.879764655876073"
"J10_BASE_kBaixo","2013","BB0","0.644798898655066","0.435406804610352","0.836145258322361"
"J10_BASE_kBaixo","2014","BB0","0.646712292196768","0.417833891425878","0.843758626800854"
"J10_BASE_kBaixo","2015","BB0","0.720822171704512","0.47554905375673","0.911404894665057"
"J10_BASE_kBaixo","2016","BB0","0.839247746389293","0.601668275823106","1.01021101942863"
"J10_BASE_kBaixo","2017","BB0","0.894807393889758","0.702302004188091","1.03191705980269"
"J10_BASE_kBaixo","2018","BB0","0.911477243992695","0.765399610181872","1.03512031878723"
"J10_BASE_kBaixo","2019","BB0","0.93124641291023","0.800209709265076","1.05149838762205"
"J10_BASE_kBaixo","2020","BB0","0.912114692756226","0.791017940757305","1.02700548910536"
"J10_BASE_kBaixo","2021","BB0","0.936888790016054","0.812505074527697","1.05532205718998"
"J10_BASE_kBaixo","2022","BB0","0.964532246903613","0.840905735936228","1.07875853495169"
"J10_BASE_kBaixo","2023","BB0","0.970322909329437","0.856632256602988","1.08585809602614"
"J10_BASE_kBaixo","2024","BB0","0.967040307384247","0.857278307885948","1.08362723131916"
"J10_BASE_kBaixo","2025","BB0","0.965829188798922","0.852412827999779","1.0816216932691"
"J10_BASE_kBaixo","1989","procB","-0.00501501337172749","-0.123936328879181","0.103968485621256"
"J10_BASE_kBaixo","1990","procB","-0.00533524641916694","-0.119803271295149","0.103050375309359"
"J10_BASE_kBaixo","1991","procB","-0.00760357492880859","-0.122922204770569","0.0997799967264249"
"J10_BASE_kBaixo","1992","procB","-0.000426569593326431","-0.113268752888395","0.113625736787384"
"J10_BASE_kBaixo","1993","procB","-0.0117703969386566","-0.130837758888569","0.0985091412054935"
"J10_BASE_kBaixo","1994","procB","-0.0106392217454443","-0.130354665396091","0.0976542632328731"
"J10_BASE_kBaixo","1995","procB","-0.0068752016653234","-0.121169809058934","0.104567958781328"
"J10_BASE_kBaixo","1996","procB","-0.00440448137234462","-0.113805592644958","0.106971536904767"
"J10_BASE_kBaixo","1997","procB","-0.0000392844818739579","-0.110427969017891","0.110197799242554"
"J10_BASE_kBaixo","1998","procB","-0.000172784370201851","-0.106427566958326","0.110243462651848"
"J10_BASE_kBaixo","1999","procB","0.00174994653854388","-0.106319100934506","0.11328592299509"
"J10_BASE_kBaixo","2000","procB","0.00332078922209833","-0.101555535087409","0.120192311550893"
"J10_BASE_kBaixo","2001","procB","0.00676347848780312","-0.100142238399446","0.119129017423665"
"J10_BASE_kBaixo","2002","procB","0.00813151580963312","-0.0977884751686084","0.12160715334675"
"J10_BASE_kBaixo","2003","procB","0.0102462686496188","-0.0925425880965179","0.126205425998457"
"J10_BASE_kBaixo","2004","procB","0.0137854752558058","-0.0890256408807679","0.127588438378898"
"J10_BASE_kBaixo","2005","procB","0.0184901961201633","-0.0860288668054808","0.140886907872661"
"J10_BASE_kBaixo","2006","procB","0.0158136197541104","-0.0872865060821095","0.139111867798321"
"J10_BASE_kBaixo","2007","procB","0.0079123238412212","-0.100313056682182","0.123481358898632"
"J10_BASE_kBaixo","2008","procB","0.00470996813514535","-0.103011312018478","0.116367271183082"
"J10_BASE_kBaixo","2009","procB","0.000873331306910918","-0.108265686810346","0.106102932678304"
"J10_BASE_kBaixo","2010","procB","0.000277951992230907","-0.109191040656927","0.112310180383992"
"J10_BASE_kBaixo","2011","procB","0.00352678702009646","-0.103498874416462","0.114913797094499"
"J10_BASE_kBaixo","2012","procB","0.00177748091476071","-0.105367182830673","0.116615893758399"
"J10_BASE_kBaixo","2013","procB","0.000261702131594155","-0.110464713924954","0.109523266016465"
"J10_BASE_kBaixo","2014","procB","-0.00173852501567484","-0.111832989644887","0.109178033766715"
"J10_BASE_kBaixo","2015","procB","0.00313858957743784","-0.107233608974022","0.117780213088537"
"J10_BASE_kBaixo","2016","procB","0.00671526008207524","-0.103994633217199","0.119520144564507"
"J10_BASE_kBaixo","2017","procB","0.00576872703312248","-0.10317549440094","0.119660484481369"
"J10_BASE_kBaixo","2018","procB","0.00106517700215991","-0.108020156665576","0.109603991457882"
"J10_BASE_kBaixo","2019","procB","0.00311786798868507","-0.107975479031279","0.113299829381172"
"J10_BASE_kBaixo","2020","procB","-0.000351394304169972","-0.113438676862462","0.108306684026833"
"J10_BASE_kBaixo","2021","procB","-0.00691834465513463","-0.122648522799311","0.102478884908037"
"J10_BASE_kBaixo","2022","procB","-0.0069752829959554","-0.12056081865711","0.100371934569504"
"J10_BASE_kBaixo","2023","procB","-0.00332244832442363","-0.11450418515195","0.106266552459081"
"J10_BASE_kBaixo","2024","procB","-0.00354774188298723","-0.113135436889608","0.105909396177672"
"J10_BASE_kBaixo","2025","procB","-0.00109827007104168","-0.115211920885868","0.109394748401909"
"J10_BASE_kBaixo","1989","SPt","0","0","0"
"J10_BASE_kBaixo","1990","SPt","2242.08350787358","505.163213315271","3869.17907785876"
"J10_BASE_kBaixo","1991","SPt","2124.72937668898","640.858096784778","3621.42479984492"
"J10_BASE_kBaixo","1992","SPt","1794.02940006185","222.646912940934","3374.46745531263"
"J10_BASE_kBaixo","1993","SPt","1349.59142701112","-448.856408440125","2972.96856907614"
"J10_BASE_kBaixo","1994","SPt","1860.17565137401","448.613744273298","3234.53865935009"
"J10_BASE_kBaixo","1995","SPt","1678.45441097647","166.070578213347","3148.20795820553"
"J10_BASE_kBaixo","1996","SPt","1876.02750801514","416.914406250171","3266.24570869695"
"J10_BASE_kBaixo","1997","SPt","1827.91669909289","301.116396157669","3256.89381864513"
"J10_BASE_kBaixo","1998","SPt","1828.12852497997","49.8901007620966","3394.61624975892"
"J10_BASE_kBaixo","1999","SPt","2306.00405080187","693.633189865653","3780.12504762436"
"J10_BASE_kBaixo","2000","SPt","2482.64935069297","967.685183121319","3887.23478648963"
"J10_BASE_kBaixo","2001","SPt","2479.76393964337","1263.72735687828","3821.52711620923"
"J10_BASE_kBaixo","2002","SPt","2368.65270221968","1095.75549574631","3706.8303416924"
"J10_BASE_kBaixo","2003","SPt","2178.8828765228","512.015301792697","3590.6851355939"
"J10_BASE_kBaixo","2004","SPt","2266.88271035198","799.050532821764","3687.39821205253"
"J10_BASE_kBaixo","2005","SPt","2160.90830152479","680.614837098474","3678.7300419103"
"J10_BASE_kBaixo","2006","SPt","2001.88291879102","377.701113428297","3520.45832520742"
"J10_BASE_kBaixo","2007","SPt","2000.30736809929","280.186699600127","3510.95612683132"
"J10_BASE_kBaixo","2008","SPt","2185.57152200706","504.808607643238","3676.08306198684"
"J10_BASE_kBaixo","2009","SPt","2277.99552031075","752.935176381324","3667.08499554833"
"J10_BASE_kBaixo","2010","SPt","2275.07244011243","923.453950498214","3614.84528889256"
"J10_BASE_kBaixo","2011","SPt","2179.8727889009","746.147492846724","3511.40230592714"
"J10_BASE_kBaixo","2012","SPt","2041.95497009429","393.237633081868","3448.14092751729"
"J10_BASE_kBaixo","2013","SPt","2056.22611142123","384.108610947379","3493.512303401"
"J10_BASE_kBaixo","2014","SPt","2217.76330551189","779.278384692248","3583.31696492224"
"J10_BASE_kBaixo","2015","SPt","2265.45181526907","953.944065098537","3588.49486546264"
"J10_BASE_kBaixo","2016","SPt","2038.2327285104","533.062689796666","3400.22637990451"
"J10_BASE_kBaixo","2017","SPt","1397.99823270577","-446.071180250856","3096.95972316775"
"J10_BASE_kBaixo","2018","SPt","946.295082019412","-844.335813007634","2610.59547486903"
"J10_BASE_kBaixo","2019","SPt","837.547460972018","-916.997295468136","2491.14641601785"
"J10_BASE_kBaixo","2020","SPt","603.25913930488","-1156.31263141696","2267.89567866357"
"J10_BASE_kBaixo","2021","SPt","712.165017252691","-1000.59282055685","2322.15433032938"
"J10_BASE_kBaixo","2022","SPt","496.798937646002","-1297.17385138844","2237.82782504309"
"J10_BASE_kBaixo","2023","SPt","279.505985670481","-1467.07796281248","2055.89748077195"
"J10_BASE_kBaixo","2024","SPt","225.955897881921","-1594.68944077015","2003.48662220098"
"J10_BASE_kBaixo","2025","SPt","278.353451369084","-1609.29532250495","2047.88294610016"
"J11_BASE_kAlto","1989","B","33646.2294361515","15117.6382569237","81156.2873164161"
"J11_BASE_kAlto","1990","B","36905.5909869069","16393.8970550971","91030.9399146427"
"J11_BASE_kAlto","1991","B","40183.6405210028","18028.579339746","98802.2141182023"
"J11_BASE_kAlto","1992","B","43099.8364733014","19278.2581528939","104385.274747564"
"J11_BASE_kAlto","1993","B","43873.4889850125","19319.6377677252","107187.502544307"
"J11_BASE_kAlto","1994","B","45278.8023411665","20105.7678010938","109521.677951786"
"J11_BASE_kAlto","1995","B","45739.998596028","20176.8631471046","110964.151498355"
"J11_BASE_kAlto","1996","B","46869.2025261864","20669.3650851137","112786.00004893"
"J11_BASE_kAlto","1997","B","47522.4241301675","21061.5540912897","114589.425673813"
"J11_BASE_kAlto","1998","B","47019.0352038585","20081.928217552","113523.019716814"
"J11_BASE_kAlto","1999","B","46408.3067645459","19207.8838464388","114030.825968247"
"J11_BASE_kAlto","2000","B","46663.0391257326","18822.8123589018","115075.247331151"
"J11_BASE_kAlto","2001","B","47847.2704792395","19507.697993945","116935.946347067"
"J11_BASE_kAlto","2002","B","49308.8725574348","20651.6639798509","119373.996843803"
"J11_BASE_kAlto","2003","B","49548.3530218399","20729.7024704183","120361.175628407"
"J11_BASE_kAlto","2004","B","50647.8738807505","21396.3999925408","121477.473400489"
"J11_BASE_kAlto","2005","B","51639.2533505323","21917.9246013568","125138.86287342"
"J11_BASE_kAlto","2006","B","51547.2749374571","21677.0931146141","126171.019847974"
"J11_BASE_kAlto","2007","B","50793.550837786","20926.2392098808","123468.792802912"
"J11_BASE_kAlto","2008","B","49782.5731702552","20077.5285368761","121787.601203501"
"J11_BASE_kAlto","2009","B","49355.2333909111","19809.480709823","121475.37177013"
"J11_BASE_kAlto","2010","B","49917.8403727278","20028.531287534","121428.823167636"
"J11_BASE_kAlto","2011","B","50370.9579625901","20499.6213113202","122176.414647843"
"J11_BASE_kAlto","2012","B","50170.6441585752","20245.531776619","120820.581714331"
"J11_BASE_kAlto","2013","B","49528.7412511825","19557.2341396512","120326.03174304"
"J11_BASE_kAlto","2014","B","49272.5359168571","19347.3736931506","120129.024948177"
"J11_BASE_kAlto","2015","B","50315.7141938578","20273.3322014071","120885.356237288"
"J11_BASE_kAlto","2016","B","52088.8693783998","21872.7302614039","122743.573384661"
"J11_BASE_kAlto","2017","B","53075.9332653906","23059.8953581501","124874.950670135"
"J11_BASE_kAlto","2018","B","53484.4469341989","23721.1672382516","124814.888676694"
"J11_BASE_kAlto","2019","B","53953.8005286439","24178.7800076119","126261.638451235"
"J11_BASE_kAlto","2020","B","53634.6809423274","24394.8156313106","125088.816234215"
"J11_BASE_kAlto","2021","B","53625.6610980674","24889.0896855013","123594.804436254"
"J11_BASE_kAlto","2022","B","54055.9795459026","25056.4147013501","124261.662430443"
"J11_BASE_kAlto","2023","B","54592.6866000326","25942.6811658474","123215.873567272"
"J11_BASE_kAlto","2024","B","54899.18143969","26043.3674619416","124612.842061285"
"J11_BASE_kAlto","2025","B","55239.0807438136","26140.7552520561","126271.244035446"
"J11_BASE_kAlto","1989","F","0.04987795102547","0.0186948410595906","0.119679524847713"
"J11_BASE_kAlto","1990","F","0.0271867069743826","0.0101025566408832","0.0658794202504368"
"J11_BASE_kAlto","1991","F","0.0314777425144477","0.0118068955821188","0.0750669281449635"
"J11_BASE_kAlto","1992","F","0.0511517476191338","0.0189367252012386","0.122936374761037"
"J11_BASE_kAlto","1993","F","0.0327504357468113","0.0122598075013008","0.0821757959240172"
"J11_BASE_kAlto","1994","F","0.043718707897146","0.0163684856902942","0.106390434793223"
"J11_BASE_kAlto","1995","F","0.0345918889233799","0.0129990565135264","0.0855185037497179"
"J11_BASE_kAlto","1996","F","0.0374600322630225","0.014164708110722","0.0934607717867727"
"J11_BASE_kAlto","1997","F","0.0627377507323833","0.0242379998091297","0.155154406540934"
"J11_BASE_kAlto","1998","F","0.0649099615936302","0.0243667573068016","0.161788230308852"
"J11_BASE_kAlto","1999","F","0.0582490920881448","0.0218817685216297","0.150352958350573"
"J11_BASE_kAlto","2000","F","0.0399193307846677","0.0146356713776195","0.105450513274292"
"J11_BASE_kAlto","2001","F","0.0288374637216038","0.0107673401109701","0.075527345170251"
"J11_BASE_kAlto","2002","F","0.0448224975213661","0.0173934739725316","0.11448018185498"
"J11_BASE_kAlto","2003","F","0.0365949079885428","0.0141364876564331","0.0925314102912357"
"J11_BASE_kAlto","2004","F","0.0340077881781433","0.012824970684268","0.0849359292210545"
"J11_BASE_kAlto","2005","F","0.0418859444032889","0.0160477627197997","0.106230740929239"
"J11_BASE_kAlto","2006","F","0.0508051976802223","0.019305534545146","0.129110206024853"
"J11_BASE_kAlto","2007","F","0.0560297130750979","0.0212893886349716","0.145252138042513"
"J11_BASE_kAlto","2008","F","0.048057076717564","0.0180102357895761","0.127513334827432"
"J11_BASE_kAlto","2009","F","0.035967752825079","0.0135542578029239","0.0968714323671404"
"J11_BASE_kAlto","2010","F","0.0351247046308075","0.0133409126677834","0.0946971570588265"
"J11_BASE_kAlto","2011","F","0.0428726202240948","0.016443120539539","0.114633948069853"
"J11_BASE_kAlto","2012","F","0.0529120793245901","0.0201441549313205","0.13934428144194"
"J11_BASE_kAlto","2013","F","0.0451269435911274","0.016878410323137","0.123355440518309"
"J11_BASE_kAlto","2014","F","0.0290731084071889","0.0111299712445952","0.0782116126268101"
"J11_BASE_kAlto","2015","F","0.0127745439566152","0.00495694785063359","0.0341218849996987"
"J11_BASE_kAlto","2016","F","0.0123657524564412","0.00482417410492046","0.032344827258973"
"J11_BASE_kAlto","2017","F","0.0124154849013584","0.00490097636998725","0.0311020055987809"
"J11_BASE_kAlto","2018","F","0.0103340151056903","0.00410524758321127","0.0250099236804597"
"J11_BASE_kAlto","2019","F","0.0149320970290889","0.00590203165213871","0.0362500161720686"
"J11_BASE_kAlto","2020","F","0.00768648599483742","0.00300759980546913","0.0183299002615194"
"J11_BASE_kAlto","2021","F","0.00297772081392007","0.00118085354218278","0.00708282125277398"
"J11_BASE_kAlto","2022","F","0.0032621293656485","0.00132173018549177","0.0075488865921489"
"J11_BASE_kAlto","2023","F","0.00456346623230563","0.00182889162307321","0.0105928311495278"
"J11_BASE_kAlto","2024","F","0.00522769771542514","0.0021231050096585","0.0118555303147086"
"J11_BASE_kAlto","2025","F","0.00112000502930376","0.000461719861555716","0.00260857966729625"
"J11_BASE_kAlto","1989","BBmsy","1.18574231204773","0.827036075068716","1.69312463353302"
"J11_BASE_kAlto","1990","BBmsy","1.30286131799836","0.912269394195521","1.7785757504996"
"J11_BASE_kAlto","1991","BBmsy","1.42796353166641","1.00096707866535","1.88717085868135"
"J11_BASE_kAlto","1992","BBmsy","1.52746758012987","1.07977932418913","1.96486999903037"
"J11_BASE_kAlto","1993","BBmsy","1.55766903519078","1.09105005874672","1.95551460620994"
"J11_BASE_kAlto","1994","BBmsy","1.60725803022553","1.13535663967038","1.98790559084129"
"J11_BASE_kAlto","1995","BBmsy","1.62933482195542","1.161802431282","1.98303786164078"
"J11_BASE_kAlto","1996","BBmsy","1.66964426848782","1.20077278272033","2.01422899534651"
"J11_BASE_kAlto","1997","BBmsy","1.69232120834789","1.24083369829706","2.02942352727811"
"J11_BASE_kAlto","1998","BBmsy","1.66169849311353","1.22268852766264","2.00128984933409"
"J11_BASE_kAlto","1999","BBmsy","1.64330959942656","1.19736576921318","1.98143026810167"
"J11_BASE_kAlto","2000","BBmsy","1.64630800870627","1.18803783885227","1.98909662822592"
"J11_BASE_kAlto","2001","BBmsy","1.69016403864144","1.23562571172521","2.02439977567974"
"J11_BASE_kAlto","2002","BBmsy","1.74582441728467","1.30127992042409","2.07329730943219"
"J11_BASE_kAlto","2003","BBmsy","1.75715716552852","1.32734650487417","2.07565139874561"
"J11_BASE_kAlto","2004","BBmsy","1.78911846391818","1.36689552430902","2.11830066705052"
"J11_BASE_kAlto","2005","BBmsy","1.82142279676187","1.40391137122215","2.17141231512554"
"J11_BASE_kAlto","2006","BBmsy","1.81581670234624","1.39812435095095","2.17335132618993"
"J11_BASE_kAlto","2007","BBmsy","1.78536101555053","1.35977212060927","2.13203388488821"
"J11_BASE_kAlto","2008","BBmsy","1.7509286280788","1.31279205501013","2.08825718533554"
"J11_BASE_kAlto","2009","BBmsy","1.73938094916599","1.28925464984705","2.06731251583616"
"J11_BASE_kAlto","2010","BBmsy","1.75365769383338","1.29551268202761","2.07587109189285"
"J11_BASE_kAlto","2011","BBmsy","1.76999368007157","1.30633706903883","2.08498775561021"
"J11_BASE_kAlto","2012","BBmsy","1.76596847685331","1.30643098509252","2.07328821939829"
"J11_BASE_kAlto","2013","BBmsy","1.73913597687579","1.27326452902245","2.05447536977532"
"J11_BASE_kAlto","2014","BBmsy","1.7356259590085","1.25789563624384","2.04194953849006"
"J11_BASE_kAlto","2015","BBmsy","1.77307527232196","1.2960049907235","2.07514313706668"
"J11_BASE_kAlto","2016","BBmsy","1.83214484228714","1.37959714389885","2.14356217914719"
"J11_BASE_kAlto","2017","BBmsy","1.86666478961614","1.44725420339988","2.17734785698675"
"J11_BASE_kAlto","2018","BBmsy","1.88515605382228","1.48762012234068","2.1870664256058"
"J11_BASE_kAlto","2019","BBmsy","1.90080729204043","1.5163814883043","2.19495257793559"
"J11_BASE_kAlto","2020","BBmsy","1.89037876975302","1.52949551814401","2.17378948530221"
"J11_BASE_kAlto","2021","BBmsy","1.8945013318819","1.53747595741545","2.16775821568807"
"J11_BASE_kAlto","2022","BBmsy","1.91065062990548","1.56236728063364","2.17332311493415"
"J11_BASE_kAlto","2023","BBmsy","1.92592053856269","1.58019743872296","2.18450758523154"
"J11_BASE_kAlto","2024","BBmsy","1.93612081001615","1.60719559332411","2.19954929258337"
"J11_BASE_kAlto","2025","BBmsy","1.94454144018452","1.63509788642728","2.20784972934693"
"J11_BASE_kAlto","1989","FFmsy","0.272540865573793","0.0814530726232329","0.686036216110958"
"J11_BASE_kAlto","1990","FFmsy","0.149433850774287","0.0427635119201634","0.395540445106762"
"J11_BASE_kAlto","1991","FFmsy","0.171218239154338","0.0483608847565457","0.462084389812099"
"J11_BASE_kAlto","1992","FFmsy","0.279054380036568","0.0777170071427439","0.775550012748872"
"J11_BASE_kAlto","1993","FFmsy","0.179210946778464","0.0496754064090804","0.513147312723952"
"J11_BASE_kAlto","1994","FFmsy","0.236699865309937","0.0681926896043869","0.670825260784419"
"J11_BASE_kAlto","1995","FFmsy","0.187888559835398","0.0534552015563603","0.535006436580936"
"J11_BASE_kAlto","1996","FFmsy","0.202201989517993","0.0599456362811511","0.579042966980079"
"J11_BASE_kAlto","1997","FFmsy","0.339408371091655","0.100095798261527","0.941757722848568"
"J11_BASE_kAlto","1998","FFmsy","0.351923452786283","0.102280443165843","0.988947243622622"
"J11_BASE_kAlto","1999","FFmsy","0.317495461964791","0.0933033873619688","0.90341872830505"
"J11_BASE_kAlto","2000","FFmsy","0.216650232948612","0.0634923126809055","0.627840577462844"
"J11_BASE_kAlto","2001","FFmsy","0.156222054051743","0.0465899005818635","0.458414862366063"
"J11_BASE_kAlto","2002","FFmsy","0.241571742394759","0.0739624415581769","0.691349849118731"
"J11_BASE_kAlto","2003","FFmsy","0.197125155694108","0.0606963775270053","0.562078990004707"
"J11_BASE_kAlto","2004","FFmsy","0.184128165166226","0.0561545597681955","0.512033206184564"
"J11_BASE_kAlto","2005","FFmsy","0.226437156246495","0.0703331277622782","0.637283923931538"
"J11_BASE_kAlto","2006","FFmsy","0.274016418246258","0.0862641616917719","0.774147880868837"
"J11_BASE_kAlto","2007","FFmsy","0.305673710896959","0.0956476249360827","0.867765854421721"
"J11_BASE_kAlto","2008","FFmsy","0.261310225269576","0.0790846191301798","0.766657422680055"
"J11_BASE_kAlto","2009","FFmsy","0.19456553714697","0.0595692371876556","0.579842682900589"
"J11_BASE_kAlto","2010","FFmsy","0.188509151575171","0.0586822740300382","0.55486868741205"
"J11_BASE_kAlto","2011","FFmsy","0.232366304340884","0.0722507102031086","0.695643040195137"
"J11_BASE_kAlto","2012","FFmsy","0.285072403582437","0.0872533204123243","0.832808830736174"
"J11_BASE_kAlto","2013","FFmsy","0.244455362191853","0.0754377604775533","0.746011885684327"
"J11_BASE_kAlto","2014","FFmsy","0.157535096573409","0.0482456596217696","0.473337531569974"
"J11_BASE_kAlto","2015","FFmsy","0.0690065070487023","0.0213159234241094","0.205117493478967"
"J11_BASE_kAlto","2016","FFmsy","0.0670291413853411","0.0212983300158914","0.198424347099567"
"J11_BASE_kAlto","2017","FFmsy","0.066675288432587","0.0214218514321771","0.188234895642511"
"J11_BASE_kAlto","2018","FFmsy","0.055694836416394","0.0181381973356406","0.155250971368346"
"J11_BASE_kAlto","2019","FFmsy","0.0803510319370024","0.0258940481280573","0.222721586012844"
"J11_BASE_kAlto","2020","FFmsy","0.0414070021386156","0.0131163224988934","0.110226175170588"
"J11_BASE_kAlto","2021","FFmsy","0.0160880364776703","0.00534565965669216","0.0429952249170759"
"J11_BASE_kAlto","2022","FFmsy","0.0176582619757258","0.00579614679689689","0.0462488706859032"
"J11_BASE_kAlto","2023","FFmsy","0.0245793931660996","0.00806884222136956","0.0635933187445049"
"J11_BASE_kAlto","2024","FFmsy","0.0283408507111995","0.00920434986963668","0.0710864061138327"
"J11_BASE_kAlto","2025","FFmsy","0.00610702341574984","0.00202815320307976","0.0154828834027182"
"J11_BASE_kAlto","1989","BB0","0.592871156023865","0.413518037534358","0.846562316766512"
"J11_BASE_kAlto","1990","BB0","0.65143065899918","0.456134697097761","0.889287875249798"
"J11_BASE_kAlto","1991","BB0","0.713981765833206","0.500483539332676","0.943585429340673"
"J11_BASE_kAlto","1992","BB0","0.763733790064936","0.539889662094564","0.982434999515183"
"J11_BASE_kAlto","1993","BB0","0.778834517595391","0.545525029373361","0.977757303104969"
"J11_BASE_kAlto","1994","BB0","0.803629015112763","0.567678319835191","0.993952795420645"
"J11_BASE_kAlto","1995","BB0","0.81466741097771","0.580901215641","0.991518930820392"
"J11_BASE_kAlto","1996","BB0","0.834822134243908","0.600386391360167","1.00711449767326"
"J11_BASE_kAlto","1997","BB0","0.846160604173946","0.62041684914853","1.01471176363905"
"J11_BASE_kAlto","1998","BB0","0.830849246556764","0.611344263831321","1.00064492466705"
"J11_BASE_kAlto","1999","BB0","0.82165479971328","0.59868288460659","0.990715134050836"
"J11_BASE_kAlto","2000","BB0","0.823154004353137","0.594018919426135","0.99454831411296"
"J11_BASE_kAlto","2001","BB0","0.845082019320719","0.617812855862603","1.01219988783987"
"J11_BASE_kAlto","2002","BB0","0.872912208642333","0.650639960212045","1.0366486547161"
"J11_BASE_kAlto","2003","BB0","0.878578582764262","0.663673252437084","1.03782569937281"
"J11_BASE_kAlto","2004","BB0","0.89455923195909","0.683447762154509","1.05915033352526"
"J11_BASE_kAlto","2005","BB0","0.910711398380935","0.701955685611074","1.08570615756277"
"J11_BASE_kAlto","2006","BB0","0.907908351173119","0.699062175475477","1.08667566309496"
"J11_BASE_kAlto","2007","BB0","0.892680507775264","0.679886060304634","1.0660169424441"
"J11_BASE_kAlto","2008","BB0","0.875464314039401","0.656396027505065","1.04412859266777"
"J11_BASE_kAlto","2009","BB0","0.869690474582993","0.644627324923526","1.03365625791808"
"J11_BASE_kAlto","2010","BB0","0.876828846916692","0.647756341013805","1.03793554594642"
"J11_BASE_kAlto","2011","BB0","0.884996840035787","0.653168534519417","1.04249387780511"
"J11_BASE_kAlto","2012","BB0","0.882984238426657","0.65321549254626","1.03664410969915"
"J11_BASE_kAlto","2013","BB0","0.869567988437894","0.636632264511226","1.02723768488766"
"J11_BASE_kAlto","2014","BB0","0.86781297950425","0.628947818121919","1.02097476924503"
"J11_BASE_kAlto","2015","BB0","0.886537636160982","0.64800249536175","1.03757156853334"
"J11_BASE_kAlto","2016","BB0","0.916072421143568","0.689798571949426","1.0717810895736"
"J11_BASE_kAlto","2017","BB0","0.933332394808068","0.723627101699938","1.08867392849338"
"J11_BASE_kAlto","2018","BB0","0.942578026911142","0.743810061170342","1.0935332128029"
"J11_BASE_kAlto","2019","BB0","0.950403646020215","0.75819074415215","1.09747628896779"
"J11_BASE_kAlto","2020","BB0","0.94518938487651","0.764747759072003","1.0868947426511"
"J11_BASE_kAlto","2021","BB0","0.947250665940948","0.768737978707723","1.08387910784403"
"J11_BASE_kAlto","2022","BB0","0.955325314952742","0.781183640316822","1.08666155746708"
"J11_BASE_kAlto","2023","BB0","0.962960269281344","0.79009871936148","1.09225379261577"
"J11_BASE_kAlto","2024","BB0","0.968060405008077","0.803597796662053","1.09977464629169"
"J11_BASE_kAlto","2025","BB0","0.972270720092258","0.81754894321364","1.10392486467347"
"J11_BASE_kAlto","1989","procB","-0.00301698574226084","-0.106949508996792","0.097147486349043"
"J11_BASE_kAlto","1990","procB","-0.00394458708990109","-0.112968636257164","0.0940673863841582"
"J11_BASE_kAlto","1991","procB","-0.00631093310205588","-0.114078850533796","0.0929313578786205"
"J11_BASE_kAlto","1992","procB","-0.00155634035795726","-0.106032120274673","0.101440819359646"
"J11_BASE_kAlto","1993","procB","-0.010998857678165","-0.123835293033269","0.0841415288780594"
"J11_BASE_kAlto","1994","procB","-0.00963116841902423","-0.121584194366874","0.091856457498489"
"J11_BASE_kAlto","1995","procB","-0.00790377519732388","-0.119704461908908","0.0907418886285934"
"J11_BASE_kAlto","1996","procB","-0.00450544051259905","-0.112208388420163","0.0969279862847823"
"J11_BASE_kAlto","1997","procB","-0.00274688060611106","-0.105083960086533","0.0989190453032074"
"J11_BASE_kAlto","1998","procB","-0.00389116182599425","-0.112357360828673","0.0950628127365068"
"J11_BASE_kAlto","1999","procB","-0.00233671016703019","-0.106553935870225","0.100027709172579"
"J11_BASE_kAlto","2000","procB","0.000569342020448005","-0.100985518784259","0.105047913262833"
"J11_BASE_kAlto","2001","procB","0.00504622618704387","-0.0947786658758237","0.108850599048106"
"J11_BASE_kAlto","2002","procB","0.00732217668278623","-0.093126689706705","0.113922274692649"
"J11_BASE_kAlto","2003","procB","0.00894284757625763","-0.0880752243490805","0.114832828036803"
"J11_BASE_kAlto","2004","procB","0.012685643484601","-0.0862884431792301","0.123681696055562"
"J11_BASE_kAlto","2005","procB","0.0148304390957132","-0.0793130284788436","0.132681024909736"
"J11_BASE_kAlto","2006","procB","0.0110389176017538","-0.0869947104227628","0.121837010540057"
"J11_BASE_kAlto","2007","procB","0.00409225056706264","-0.0942639742378186","0.10778787568775"
"J11_BASE_kAlto","2008","procB","0.000679741431200087","-0.10573229883436","0.106159995439025"
"J11_BASE_kAlto","2009","procB","-0.00201452873644592","-0.103816885688034","0.0986492883557336"
"J11_BASE_kAlto","2010","procB","-0.00127920904091305","-0.103311304926376","0.101464957807568"
"J11_BASE_kAlto","2011","procB","0.00171225172632883","-0.104112128372202","0.105738784589609"
"J11_BASE_kAlto","2012","procB","0.000350400048600319","-0.100370467792479","0.103644706534055"
"J11_BASE_kAlto","2013","procB","-0.0013286189132109","-0.104401969320769","0.100051307626417"
"J11_BASE_kAlto","2014","procB","-0.00243732674208164","-0.106969038770761","0.0967366720530655"
"J11_BASE_kAlto","2015","procB","0.00237991826975681","-0.0956841471720228","0.109230387902486"
"J11_BASE_kAlto","2016","procB","0.00743864088565416","-0.0906884966502978","0.113162023944037"
"J11_BASE_kAlto","2017","procB","0.00409637201207391","-0.0976259811690458","0.111147720772887"
"J11_BASE_kAlto","2018","procB","-0.00044352953261928","-0.106161881705207","0.104954144629834"
"J11_BASE_kAlto","2019","procB","-0.000116494712279813","-0.103900239296395","0.106629434860408"
"J11_BASE_kAlto","2020","procB","-0.0047824338624447","-0.113288787424584","0.095011860718961"
"J11_BASE_kAlto","2021","procB","-0.0078711015007793","-0.122191125643236","0.0894470740859866"
"J11_BASE_kAlto","2022","procB","-0.00687114318926008","-0.116936570213911","0.0934067255825006"
"J11_BASE_kAlto","2023","procB","-0.00351819119209584","-0.109107669877046","0.095411862794286"
"J11_BASE_kAlto","2024","procB","-0.00194935291384679","-0.109319121347706","0.103346668999819"
"J11_BASE_kAlto","2025","procB","0.00014280537004363","-0.103733787108256","0.0996553967126037"
"J11_BASE_kAlto","1989","SPt","0","0","0"
"J11_BASE_kAlto","1990","SPt","4557.91603505708","-227.630186164697","14560.3757026424"
"J11_BASE_kAlto","1991","SPt","4128.33362724413","-914.452032915296","13452.7907627441"
"J11_BASE_kAlto","1992","SPt","3734.57118393188","-1200.78928247546","12556.523774882"
"J11_BASE_kAlto","1993","SPt","2819.78308584947","-3141.60298976321","10014.1879988605"
"J11_BASE_kAlto","1994","SPt","2749.62468855576","-3430.29862089203","10374.794527129"
"J11_BASE_kAlto","1995","SPt","2501.67700507838","-3944.27641493293","9496.42872093708"
"J11_BASE_kAlto","1996","SPt","2592.9457469499","-3618.23106804793","9608.53295827838"
"J11_BASE_kAlto","1997","SPt","2416.76566436331","-3990.80186554705","9634.80708156984"
"J11_BASE_kAlto","1998","SPt","2184.63494091673","-4518.76499019366","8974.19780402903"
"J11_BASE_kAlto","1999","SPt","2505.71515268408","-3758.4138277967","9535.87911791465"
"J11_BASE_kAlto","2000","SPt","2766.07460534126","-3436.2635900983","10064.9031554388"
"J11_BASE_kAlto","2001","SPt","2981.60830515764","-3078.69845515294","10163.9303518513"
"J11_BASE_kAlto","2002","SPt","2826.29997763805","-3726.79936422946","10195.7911613438"
"J11_BASE_kAlto","2003","SPt","2532.11212875025","-4245.40488259892","10144.5662805027"
"J11_BASE_kAlto","2004","SPt","2667.43332235169","-4232.85871053106","10385.1406225398"
"J11_BASE_kAlto","2005","SPt","2574.4844169752","-3940.61646977006","10966.6704150596"
"J11_BASE_kAlto","2006","SPt","2114.35436414557","-5373.69552568246","9583.42377769972"
"J11_BASE_kAlto","2007","SPt","1813.12196033785","-5879.7477715799","8796.66580677725"
"J11_BASE_kAlto","2008","SPt","1900.35020322624","-6105.38955622364","8914.95688147826"
"J11_BASE_kAlto","2009","SPt","2035.91359445827","-5287.00772241103","8858.73156429166"
"J11_BASE_kAlto","2010","SPt","2174.5827148623","-5119.03875407405","9138.67685916509"
"J11_BASE_kAlto","2011","SPt","2188.98964206812","-5092.77585305089","9387.9600927312"
"J11_BASE_kAlto","2012","SPt","2008.78808198189","-5022.16330858775","8998.78803282522"
"J11_BASE_kAlto","2013","SPt","1953.45475416087","-5233.7392893621","8841.11982407225"
"J11_BASE_kAlto","2014","SPt","2113.55492957812","-5127.84342586569","8733.64969478422"
"J11_BASE_kAlto","2015","SPt","2393.57263438682","-4412.61234350682","9880.24488125931"
"J11_BASE_kAlto","2016","SPt","2371.80319814965","-4442.69878990327","9887.25474439016"
"J11_BASE_kAlto","2017","SPt","1684.40881153828","-5891.90703553273","9229.28464423558"
"J11_BASE_kAlto","2018","SPt","1169.7707221916","-6673.79911402543","8629.10625161908"
"J11_BASE_kAlto","2019","SPt","1079.92912718522","-6942.00455162684","8623.54491224163"
"J11_BASE_kAlto","2020","SPt","650.902269416796","-7646.75443540392","7761.05102751353"
"J11_BASE_kAlto","2021","SPt","585.771970049995","-8155.59184773927","7456.33183949861"
"J11_BASE_kAlto","2022","SPt","617.653682324548","-7231.55975176145","7696.78293853107"
"J11_BASE_kAlto","2023","SPt","613.713261144123","-6947.45170698103","8094.1081689834"
"J11_BASE_kAlto","2024","SPt","587.838251448597","-7032.10883843204","8652.9694499982"
"J11_BASE_kAlto","2025","SPt","569.630849210308","-6936.83691287846","8043.42602976919"
"J12_soC2_historico","1989","B","16770.6394760476","6785.22213530143","48171.4681503579"
"J12_soC2_historico","1990","B","17771.5196951525","7240.73068532436","52223.2753060815"
"J12_soC2_historico","1991","B","19270.7290875427","8212.16066207253","56090.7341195901"
"J12_soC2_historico","1992","B","20427.3496502981","8772.63330775659","58786.3962678135"
"J12_soC2_historico","1993","B","20190.1425810256","8187.47004663575","59093.3528230767"
"J12_soC2_historico","1994","B","20744.7294186895","8495.34981659019","60301.9175979207"
"J12_soC2_historico","1995","B","20697.9330839915","8391.55869196185","60693.578781569"
"J12_soC2_historico","1996","B","21199.3685452856","8738.10258349656","61155.0414494462"
"J12_soC2_historico","1997","B","21611.0057488143","8878.89876209746","62034.2651237114"
"J12_soC2_historico","1998","B","20715.3229814787","7766.73964319341","61435.1193789723"
"J12_soC2_historico","1999","B","20001.5062686092","6971.0785019047","60235.0955492539"
"J12_soC2_historico","2000","B","19872.0406162433","6485.62205567848","60889.6440674046"
"J12_soC2_historico","2001","B","20676.4228502454","6942.32610759916","62143.4816448266"
"J12_soC2_historico","2002","B","22005.4971821165","7986.87984356069","63981.074443536"
"J12_soC2_historico","2003","B","22230.8295653385","7977.77871428425","64247.9146394425"
"J12_soC2_historico","2004","B","22915.1992267734","8512.89874072779","65186.788039113"
"J12_soC2_historico","2005","B","23632.2702645631","9034.90413555564","66764.940690093"
"J12_soC2_historico","2006","B","23469.4493426658","8913.9341634316","66292.1003140492"
"J12_soC2_historico","2007","B","22708.8768081285","8240.50175084302","64977.5849373328"
"J12_soC2_historico","2008","B","21724.1930320974","7497.54668258844","64641.4255882014"
"J12_soC2_historico","2009","B","21411.9731117003","7024.996619107","63299.9869116869"
"J12_soC2_historico","2010","B","21780.9976864159","7346.07628545447","63343.3815783173"
"J12_soC2_historico","2011","B","22113.5781109371","7652.88697361943","63859.7516140892"
"J12_soC2_historico","2012","B","21916.8790533795","7494.92992041809","63756.7945795502"
"J12_soC2_historico","2013","B","21132.4943378967","6654.56684479086","62734.3044088038"
"J12_soC2_historico","2014","B","20968.297516813","6445.88215749881","62001.0511934218"
"J12_soC2_historico","2015","B","21910.4682742935","6953.64398479214","63176.5257531731"
"J12_soC2_historico","2016","B","23352.4331590206","8331.43707965312","64457.1936228037"
"J12_soC2_historico","2017","B","24365.0981575426","9347.66457799784","65728.4933289817"
"J12_soC2_historico","2018","B","25058.5138928677","10260.4100297273","66336.6251506094"
"J12_soC2_historico","2019","B","25618.0970804092","10771.2735685126","67020.1868289355"
"J12_soC2_historico","2020","B","25776.645488626","11058.087868","66732.1457968631"
"J12_soC2_historico","2021","B","26322.9877399912","11551.8085726489","67727.1007741637"
"J12_soC2_historico","2022","B","27050.2982404124","11984.642817459","68048.638682823"
"J12_soC2_historico","2023","B","27423.8347438715","12195.0765720066","68099.1165300633"
"J12_soC2_historico","2024","B","27685.4448358751","12324.6891283269","68394.194210496"
"J12_soC2_historico","2025","B","27802.9537998098","12215.3039151903","68344.5821182776"
"J12_soC2_historico","1989","F","0.100267606338831","0.0325837375579556","0.267037684020183"
"J12_soC2_historico","1990","F","0.0562149995768933","0.0180017899883778","0.153237406747469"
"J12_soC2_historico","1991","F","0.0654522319688845","0.0211132329562188","0.167132293120531"
"J12_soC2_historico","1992","F","0.108243482769897","0.0348637633510391","0.28317090134119"
"J12_soC2_historico","1993","F","0.0713922901053671","0.0222778823935687","0.196052649829064"
"J12_soC2_historico","1994","F","0.0946944255614491","0.0301336983989568","0.25092743799083"
"J12_soC2_historico","1995","F","0.0766193974931457","0.0243855876067612","0.202471103858708"
"J12_soC2_historico","1996","F","0.0819568095594916","0.0268031887937544","0.215786204003835"
"J12_soC2_historico","1997","F","0.138355257607751","0.044625342964759","0.356642502561998"
"J12_soC2_historico","1998","F","0.146268078967393","0.0453741415860558","0.413728403560219"
"J12_soC2_historico","1999","F","0.134974346858136","0.0419334469454487","0.402678332180611"
"J12_soC2_historico","2000","F","0.0936382818621621","0.0281108299154023","0.293009904752917"
"J12_soC2_historico","2001","F","0.0660107251069997","0.0205604710780247","0.20440474034704"
"J12_soC2_historico","2002","F","0.0991893773226285","0.0321601041812882","0.281200586792096"
"J12_soC2_historico","2003","F","0.0814268410865923","0.0265838267004225","0.231452686097414"
"J12_soC2_historico","2004","F","0.0743543277257875","0.0241778502058181","0.207715914068013"
"J12_soC2_historico","2005","F","0.0902570516590462","0.0296255626264788","0.247469622665289"
"J12_soC2_historico","2006","F","0.110226647839534","0.0362693017453798","0.307644738771334"
"J12_soC2_historico","2007","F","0.125727392517677","0.0406626285004993","0.362502978174288"
"J12_soC2_historico","2008","F","0.109753170947631","0.0350702365609622","0.346337788346466"
"J12_soC2_historico","2009","F","0.0831850733935791","0.0258551287680472","0.26773203156255"
"J12_soC2_historico","2010","F","0.0807203298900061","0.0254375787274984","0.251692774305387"
"J12_soC2_historico","2011","F","0.0986576166351123","0.0314224996501507","0.303643146275195"
"J12_soC2_historico","2012","F","0.121595225866423","0.0382794136123565","0.385821861430255"
"J12_soC2_historico","2013","F","0.10507615750082","0.0323254878230814","0.355810148719878"
"J12_soC2_historico","2014","F","0.0679460207667088","0.0215594698519202","0.241788833254175"
"J12_soC2_historico","2015","F","0.0294779582442293","0.00959985235425627","0.0979403985799387"
"J12_soC2_historico","2016","F","0.0279660799770474","0.00921050364837302","0.0834087075693679"
"J12_soC2_historico","2017","F","0.0269569029945939","0.00903799160745647","0.0772975314895788"
"J12_soC2_historico","2018","F","0.022110077892147","0.00766396681411303","0.0585468956290157"
"J12_soC2_historico","2019","F","0.0314323160612064","0.0108745460535182","0.0813246831338956"
"J12_soC2_historico","2020","F","0.0158401014376923","0.0057089795908029","0.0402542201549283"
"J12_soC2_historico","2021","F","0.00606327595672001","0.00219888735623313","0.01489508055696"
"J12_soC2_historico","2022","F","0.00650077883318176","0.00235958810110149","0.0158435323841403"
"J12_soC2_historico","2023","F","0.00897955144650241","0.00333465621656864","0.0223349193701145"
"J12_soC2_historico","2024","F","0.0103368293182051","0.00388277136520796","0.0254772721666252"
"J12_soC2_historico","2025","F","0.0022254405768263","0.00081138348992427","0.00551651168646149"
"J12_soC2_historico","1989","BBmsy","1.15930786530586","0.792538522507835","1.71053755813131"
"J12_soC2_historico","1990","BBmsy","1.24719509288076","0.829946075376117","1.77257118805676"
"J12_soC2_historico","1991","BBmsy","1.36936112738752","0.911178787681358","1.87358302844194"
"J12_soC2_historico","1992","BBmsy","1.45739571608778","0.972433437934022","1.929075254141"
"J12_soC2_historico","1993","BBmsy","1.43054439014174","0.94100903838134","1.89059828533914"
"J12_soC2_historico","1994","BBmsy","1.47592919019344","0.971630392769791","1.92538955197198"
"J12_soC2_historico","1995","BBmsy","1.47614186580163","0.971771083643674","1.922425966184"
"J12_soC2_historico","1996","BBmsy","1.50944040443048","1.0178567472391","1.9495986811273"
"J12_soC2_historico","1997","BBmsy","1.53515415198225","1.06711244441539","1.95514609424666"
"J12_soC2_historico","1998","BBmsy","1.45034752397962","0.990203390697364","1.90309656845852"
"J12_soC2_historico","1999","BBmsy","1.39730473694395","0.902382385446252","1.8685565946919"
"J12_soC2_historico","2000","BBmsy","1.38889053670359","0.862445992836132","1.88139794600392"
"J12_soC2_historico","2001","BBmsy","1.4536786003292","0.907315333947159","1.92292578223172"
"J12_soC2_historico","2002","BBmsy","1.54731399389682","1.00712171562209","1.985754860908"
"J12_soC2_historico","2003","BBmsy","1.56337576353386","1.02045044354895","1.99257667217952"
"J12_soC2_historico","2004","BBmsy","1.61270875440195","1.07643730668504","2.02680021434601"
"J12_soC2_historico","2005","BBmsy","1.66146781446964","1.12468080478438","2.083677754828"
"J12_soC2_historico","2006","BBmsy","1.65461753385272","1.11866686590617","2.07639963180139"
"J12_soC2_historico","2007","BBmsy","1.59638390257009","1.05328084398854","2.02999721695751"
"J12_soC2_historico","2008","BBmsy","1.52941673139531","0.95785988476353","1.97447401543471"
"J12_soC2_historico","2009","BBmsy","1.50762772460372","0.90898527246557","1.95594641336761"
"J12_soC2_historico","2010","BBmsy","1.53236442093203","0.933416575104193","1.9717401467942"
"J12_soC2_historico","2011","BBmsy","1.56167400842396","0.951132010252715","1.98310701925501"
"J12_soC2_historico","2012","BBmsy","1.54838223229318","0.924089290417363","1.97630892229944"
"J12_soC2_historico","2013","BBmsy","1.49768646908419","0.828480971383517","1.94126517175461"
"J12_soC2_historico","2014","BBmsy","1.48214941858883","0.786747111679853","1.92078557908243"
"J12_soC2_historico","2015","BBmsy","1.54408006478167","0.821894839290871","1.97070272483621"
"J12_soC2_historico","2016","BBmsy","1.64850551346368","0.939945322377251","2.04343893485633"
"J12_soC2_historico","2017","BBmsy","1.7251742281763","1.05458947177097","2.08611810723976"
"J12_soC2_historico","2018","BBmsy","1.77442985971401","1.16071908012385","2.11758665152886"
"J12_soC2_historico","2019","BBmsy","1.81183612284495","1.26123137165811","2.13897500732062"
"J12_soC2_historico","2020","BBmsy","1.81942793386168","1.32866386261124","2.12830581018193"
"J12_soC2_historico","2021","BBmsy","1.8529149593448","1.41067394359594","2.15939487187646"
"J12_soC2_historico","2022","BBmsy","1.89609590863176","1.48576981462258","2.19910617756062"
"J12_soC2_historico","2023","BBmsy","1.91691820533671","1.52847388766766","2.22516771498635"
"J12_soC2_historico","2024","BBmsy","1.92746466861488","1.56008138345935","2.22488204243261"
"J12_soC2_historico","2025","BBmsy","1.93307327882885","1.5917956812905","2.2391420302813"
"J12_soC2_historico","1989","FFmsy","0.466736345594801","0.139341778378618","1.02363817795678"
"J12_soC2_historico","1990","FFmsy","0.263214761562183","0.0751786230037818","0.598459967029705"
"J12_soC2_historico","1991","FFmsy","0.302889269523154","0.0849477960057174","0.687428244353473"
"J12_soC2_historico","1992","FFmsy","0.499865887839426","0.138512260395371","1.17691424040725"
"J12_soC2_historico","1993","FFmsy","0.331477534718518","0.0902655923743297","0.797131516054652"
"J12_soC2_historico","1994","FFmsy","0.436859478654029","0.120791565936863","1.0253273792002"
"J12_soC2_historico","1995","FFmsy","0.357267062164307","0.0989063773462889","0.821381664007182"
"J12_soC2_historico","1996","FFmsy","0.377349774132117","0.108170083422498","0.872235129892382"
"J12_soC2_historico","1997","FFmsy","0.639263228810068","0.183079792886516","1.41273916262273"
"J12_soC2_historico","1998","FFmsy","0.683038095295163","0.190603793295744","1.52813948034251"
"J12_soC2_historico","1999","FFmsy","0.631533654830788","0.169238942223143","1.4973445086622"
"J12_soC2_historico","2000","FFmsy","0.433511108004278","0.117014333529675","1.06697853166627"
"J12_soC2_historico","2001","FFmsy","0.306194002601481","0.0847059874234934","0.762036387512895"
"J12_soC2_historico","2002","FFmsy","0.461283359483056","0.134187336882298","1.09697532789465"
"J12_soC2_historico","2003","FFmsy","0.374030645078229","0.112457646604889","0.904871228342414"
"J12_soC2_historico","2004","FFmsy","0.341255536858759","0.100340807162942","0.830792537395519"
"J12_soC2_historico","2005","FFmsy","0.412538446285323","0.123759575892998","1.00831420621527"
"J12_soC2_historico","2006","FFmsy","0.50979241370939","0.155279562558607","1.23877248629263"
"J12_soC2_historico","2007","FFmsy","0.583375439501836","0.169612650428318","1.43613066356256"
"J12_soC2_historico","2008","FFmsy","0.511946215028142","0.14802997987649","1.33156975941881"
"J12_soC2_historico","2009","FFmsy","0.384451001337493","0.106255154436251","1.02878780732254"
"J12_soC2_historico","2010","FFmsy","0.370361775762682","0.103061439857372","0.996179982614247"
"J12_soC2_historico","2011","FFmsy","0.452954218278442","0.130242439320665","1.22800183877098"
"J12_soC2_historico","2012","FFmsy","0.559490475472594","0.160491642308949","1.56515565459442"
"J12_soC2_historico","2013","FFmsy","0.482792780449953","0.135447405589163","1.44571194361315"
"J12_soC2_historico","2014","FFmsy","0.315561165622364","0.0916945344609853","0.989179187989204"
"J12_soC2_historico","2015","FFmsy","0.136384260658386","0.0390911428188616","0.419586793778155"
"J12_soC2_historico","2016","FFmsy","0.1279170633158","0.0380708523722512","0.367403262763791"
"J12_soC2_historico","2017","FFmsy","0.123555240025287","0.0379632199447623","0.336581104550144"
"J12_soC2_historico","2018","FFmsy","0.100774456304852","0.0315556844089079","0.254191128804542"
"J12_soC2_historico","2019","FFmsy","0.143936084690433","0.045443410782878","0.346237407191156"
"J12_soC2_historico","2020","FFmsy","0.0730901828455079","0.0240356610957617","0.167760823387071"
"J12_soC2_historico","2021","FFmsy","0.0279089089477806","0.0091955370141027","0.0606436957754802"
"J12_soC2_historico","2022","FFmsy","0.0298852870006185","0.010084392408333","0.0649447484604195"
"J12_soC2_historico","2023","FFmsy","0.0412684980273037","0.0141334092391017","0.0878037904383406"
"J12_soC2_historico","2024","FFmsy","0.0479125598647576","0.0165119777136821","0.0986952031165094"
"J12_soC2_historico","2025","FFmsy","0.0103190765750453","0.00354102664442169","0.0209677754636249"
"J12_soC2_historico","1989","BB0","0.579653932652929","0.396269261253917","0.855268779065656"
"J12_soC2_historico","1990","BB0","0.623597546440382","0.414973037688059","0.886285594028379"
"J12_soC2_historico","1991","BB0","0.684680563693759","0.455589393840679","0.936791514220968"
"J12_soC2_historico","1992","BB0","0.728697858043892","0.486216718967011","0.964537627070502"
"J12_soC2_historico","1993","BB0","0.71527219507087","0.47050451919067","0.945299142669571"
"J12_soC2_historico","1994","BB0","0.73796459509672","0.485815196384895","0.962694775985989"
"J12_soC2_historico","1995","BB0","0.738070932900815","0.485885541821837","0.961212983091998"
"J12_soC2_historico","1996","BB0","0.75472020221524","0.508928373619551","0.974799340563652"
"J12_soC2_historico","1997","BB0","0.767577075991126","0.533556222207694","0.977573047123328"
"J12_soC2_historico","1998","BB0","0.725173761989809","0.495101695348682","0.951548284229259"
"J12_soC2_historico","1999","BB0","0.698652368471975","0.451191192723126","0.934278297345952"
"J12_soC2_historico","2000","BB0","0.694445268351795","0.431222996418066","0.940698973001958"
"J12_soC2_historico","2001","BB0","0.726839300164598","0.45365766697358","0.961462891115859"
"J12_soC2_historico","2002","BB0","0.77365699694841","0.503560857811043","0.992877430454"
"J12_soC2_historico","2003","BB0","0.781687881766932","0.510225221774475","0.996288336089762"
"J12_soC2_historico","2004","BB0","0.806354377200975","0.538218653342519","1.013400107173"
"J12_soC2_historico","2005","BB0","0.830733907234822","0.562340402392191","1.041838877414"
"J12_soC2_historico","2006","BB0","0.827308766926359","0.559333432953087","1.0381998159007"
"J12_soC2_historico","2007","BB0","0.798191951285044","0.526640421994269","1.01499860847876"
"J12_soC2_historico","2008","BB0","0.764708365697656","0.478929942381765","0.987237007717355"
"J12_soC2_historico","2009","BB0","0.753813862301859","0.454492636232785","0.977973206683804"
"J12_soC2_historico","2010","BB0","0.766182210466016","0.466708287552096","0.985870073397101"
"J12_soC2_historico","2011","BB0","0.780837004211978","0.475566005126358","0.991553509627507"
"J12_soC2_historico","2012","BB0","0.774191116146592","0.462044645208681","0.988154461149722"
"J12_soC2_historico","2013","BB0","0.748843234542093","0.414240485691759","0.970632585877303"
"J12_soC2_historico","2014","BB0","0.741074709294415","0.393373555839927","0.960392789541213"
"J12_soC2_historico","2015","BB0","0.772040032390837","0.410947419645435","0.985351362418104"
"J12_soC2_historico","2016","BB0","0.824252756731842","0.469972661188626","1.02171946742817"
"J12_soC2_historico","2017","BB0","0.862587114088151","0.527294735885487","1.04305905361988"
"J12_soC2_historico","2018","BB0","0.887214929857007","0.580359540061923","1.05879332576443"
"J12_soC2_historico","2019","BB0","0.905918061422474","0.630615685829054","1.06948750366031"
"J12_soC2_historico","2020","BB0","0.909713966930842","0.664331931305621","1.06415290509096"
"J12_soC2_historico","2021","BB0","0.926457479672401","0.705336971797968","1.07969743593823"
"J12_soC2_historico","2022","BB0","0.94804795431588","0.742884907311288","1.09955308878031"
"J12_soC2_historico","2023","BB0","0.958459102668355","0.764236943833832","1.11258385749318"
"J12_soC2_historico","2024","BB0","0.963732334307439","0.780040691729677","1.1124410212163"
"J12_soC2_historico","2025","BB0","0.966536639414427","0.795897840645248","1.11957101514065"
"J12_soC2_historico","1989","procB","-0.00634908689719671","-0.132982269459514","0.110525607316206"
"J12_soC2_historico","1990","procB","-0.00682921856079521","-0.132086268380953","0.109474839178135"
"J12_soC2_historico","1991","procB","-0.0101923746254138","-0.136703694030427","0.106452831674659"
"J12_soC2_historico","1992","procB","-0.00211062439554111","-0.120625280409647","0.116007429341902"
"J12_soC2_historico","1993","procB","-0.0145315653322862","-0.145051664708393","0.0947330136963856"
"J12_soC2_historico","1994","procB","-0.0119249606310581","-0.142161821735717","0.103180575499492"
"J12_soC2_historico","1995","procB","-0.0086102380798001","-0.132261429179094","0.109549444123969"
"J12_soC2_historico","1996","procB","-0.00559162202587449","-0.125650986215649","0.111667976010995"
"J12_soC2_historico","1997","procB","-0.00112871787600199","-0.121895065412885","0.120132569666846"
"J12_soC2_historico","1998","procB","-0.00252580519146306","-0.125973226568021","0.117986139343231"
"J12_soC2_historico","1999","procB","-0.0000226453069962496","-0.115789618314105","0.121897239290909"
"J12_soC2_historico","2000","procB","0.0055010374876534","-0.113611701447419","0.131864267451066"
"J12_soC2_historico","2001","procB","0.00876545902853376","-0.105157999738722","0.135341268938112"
"J12_soC2_historico","2002","procB","0.0130403282897176","-0.0972703382911026","0.140660216923671"
"J12_soC2_historico","2003","procB","0.0143155081518545","-0.0944303073286988","0.140944489885384"
"J12_soC2_historico","2004","procB","0.0198276068822518","-0.0914253617483595","0.153078433530135"
"J12_soC2_historico","2005","procB","0.0219740625128275","-0.0913674350987169","0.161510225345628"
"J12_soC2_historico","2006","procB","0.0173293001022212","-0.0962637475949419","0.144978026961976"
"J12_soC2_historico","2007","procB","0.00586679921384525","-0.11262570449118","0.126853379297478"
"J12_soC2_historico","2008","procB","0.00151037907178631","-0.123102765670955","0.120200410650092"
"J12_soC2_historico","2009","procB","-0.00243074723075454","-0.120929812631713","0.117048276774885"
"J12_soC2_historico","2010","procB","-0.0020936197383985","-0.121827069636183","0.113042159455024"
"J12_soC2_historico","2011","procB","0.000525148437446665","-0.120493570757516","0.119467467398183"
"J12_soC2_historico","2012","procB","-0.000699169766017915","-0.12059829257769","0.121445742227704"
"J12_soC2_historico","2013","procB","-0.00398886009517563","-0.126538123395628","0.114177336984291"
"J12_soC2_historico","2014","procB","-0.00714419678592093","-0.133180613012214","0.108363527267573"
"J12_soC2_historico","2015","procB","0.000430062400232911","-0.12123325529156","0.121119556513725"
"J12_soC2_historico","2016","procB","0.0000404822534387783","-0.122597055166957","0.120549051375382"
"J12_soC2_historico","2017","procB","0.000830305549199828","-0.118618746683577","0.120224918109214"
"J12_soC2_historico","2018","procB","0.000238403537817122","-0.119401231143839","0.122518770997677"
"J12_soC2_historico","2019","procB","-0.000426797785165967","-0.124296872111157","0.118738031847306"
"J12_soC2_historico","2020","procB","-0.000293350722790242","-0.12012575719474","0.118829453494902"
"J12_soC2_historico","2021","procB","-0.00109270991460275","-0.125768954553805","0.115715948980152"
"J12_soC2_historico","2022","procB","0.000539381361222668","-0.119495754849214","0.118859368791984"
"J12_soC2_historico","2023","procB","-0.000158572807865687","-0.123405770414954","0.118117475677289"
"J12_soC2_historico","2024","procB","0.000250480285548527","-0.123979655194679","0.119834869517729"
"J12_soC2_historico","2025","procB","0.000722131881972787","-0.120946640855112","0.121750114833956"
"J12_soC2_historico","1989","SPt","0","0","0"
"J12_soC2_historico","1990","SPt","2655.95675031103","-113.219203598957","8670.64507643671"
"J12_soC2_historico","1991","SPt","2481.53320734416","-321.82863532408","7639.82627405092"
"J12_soC2_historico","1992","SPt","2370.09031274309","-665.683397651052","7210.41828201519"
"J12_soC2_historico","1993","SPt","1856.07021173254","-1871.81572520073","6033.7132082038"
"J12_soC2_historico","1994","SPt","2032.78413483014","-1383.95228745012","6016.23244044617"
"J12_soC2_historico","1995","SPt","1948.22818352373","-1495.12343006938","6131.37716193492"
"J12_soC2_historico","1996","SPt","2061.72145324043","-1473.26963890118","6034.82250144378"
"J12_soC2_historico","1997","SPt","2049.78485508954","-1682.41903278135","6262.94142674974"
"J12_soC2_historico","1998","SPt","1957.26082292375","-1857.79138354167","5915.98668829368"
"J12_soC2_historico","1999","SPt","2281.7840065224","-1294.7727603794","6161.66773666285"
"J12_soC2_historico","2000","SPt","2524.66844500452","-811.798880348656","6510.44436469668"
"J12_soC2_historico","2001","SPt","2595.3072204859","-753.807049976351","6726.59127842041"
"J12_soC2_historico","2002","SPt","2539.81612668254","-984.744902297422","6841.6467938346"
"J12_soC2_historico","2003","SPt","2396.83895418493","-1358.5755439468","6732.01250031456"
"J12_soC2_historico","2004","SPt","2466.24460361898","-1234.69667804501","6882.95736413542"
"J12_soC2_historico","2005","SPt","2399.76431853693","-1480.98445061835","7145.48564765895"
"J12_soC2_historico","2006","SPt","2099.46095176132","-2057.50207643499","6647.36317500157"
"J12_soC2_historico","2007","SPt","1857.87188995241","-2734.64085926647","5787.10627878008"
"J12_soC2_historico","2008","SPt","1947.94581542986","-2558.09314119533","5668.09496981629"
"J12_soC2_historico","2009","SPt","2057.41744599005","-2178.07288006909","5917.51616358713"
"J12_soC2_historico","2010","SPt","2135.22959171242","-1946.1713525397","6023.65538646808"
"J12_soC2_historico","2011","SPt","2083.45075119476","-2087.50419703427","6163.75686564799"
"J12_soC2_historico","2012","SPt","1982.68746769718","-1996.11219026645","6062.9258099127"
"J12_soC2_historico","2013","SPt","1908.38533969712","-2270.48220925028","5698.45215771247"
"J12_soC2_historico","2014","SPt","1999.23866009187","-2236.34398355123","5668.78094512097"
"J12_soC2_historico","2015","SPt","2206.46009259149","-1529.72865912175","6379.37436651894"
"J12_soC2_historico","2016","SPt","2044.41880688576","-2087.76978018449","6268.49910411226"
"J12_soC2_historico","2017","SPt","1712.04324072331","-2429.12883763101","5726.37007984607"
"J12_soC2_historico","2018","SPt","1443.65615798415","-2985.08456690752","5812.08978999151"
"J12_soC2_historico","2019","SPt","1213.38675491602","-3321.72194067638","5459.65956014699"
"J12_soC2_historico","2020","SPt","1005.2302051524","-3594.0768419206","5374.67136527805"
"J12_soC2_historico","2021","SPt","964.269809186242","-3715.33610237656","5245.88374753601"
"J12_soC2_historico","2022","SPt","826.966359702952","-3665.95041743419","5237.45434675457"
"J12_soC2_historico","2023","SPt","570.405915384539","-4057.85411763376","5132.21983669917"
"J12_soC2_historico","2024","SPt","437.077202330737","-4312.99635589401","5105.67483405484"
"J12_soC2_historico","2025","SPt","415.360787904303","-4192.37249943417","5042.89402063268"
"J18_BASE_C2C6","1989","B","10981.9196093447","5266.19892686496","37977.934537958"
"J18_BASE_C2C6","1990","B","11235.9350326368","5342.03207056563","41669.6211215843"
"J18_BASE_C2C6","1991","B","12102.5080294435","6027.20009860598","45232.3171099013"
"J18_BASE_C2C6","1992","B","12665.5653772619","6499.54776356418","47836.7166939826"
"J18_BASE_C2C6","1993","B","11997.3556197065","5781.66374548753","48741.0096082995"
"J18_BASE_C2C6","1994","B","12301.8832678669","6071.60252865173","49569.1251985474"
"J18_BASE_C2C6","1995","B","12077.3513989485","5869.2321274644","50061.9689369144"
"J18_BASE_C2C6","1996","B","12377.6296207181","6199.93281098513","50842.9552584855"
"J18_BASE_C2C6","1997","B","12484.423713258","6478.35938050115","51614.4983183053"
"J18_BASE_C2C6","1998","B","11440.7732229401","5644.1221445309","51298.988352735"
"J18_BASE_C2C6","1999","B","10545.0654821449","4970.40565469687","50763.2405107511"
"J18_BASE_C2C6","2000","B","10036.8178398479","4581.54609745182","50699.6558892691"
"J18_BASE_C2C6","2001","B","10435.3161513354","4784.38733357168","51913.9764429506"
"J18_BASE_C2C6","2002","B","11179.3237318933","5481.14596179766","53036.8779987541"
"J18_BASE_C2C6","2003","B","11090.9907736648","5461.49146646738","54313.4877293161"
"J18_BASE_C2C6","2004","B","11376.112526053","5804.26034709851","55048.2443360929"
"J18_BASE_C2C6","2005","B","11725.0116499538","6175.43446208692","56030.7395675216"
"J18_BASE_C2C6","2006","B","11455.9569038923","6094.06742852473","56118.2659540221"
"J18_BASE_C2C6","2007","B","10600.3429734692","5419.60178942264","54763.0533260537"
"J18_BASE_C2C6","2008","B","9314.22324904469","4461.04403870304","53198.2706189653"
"J18_BASE_C2C6","2009","B","8589.10416135021","3881.69869011191","52113.4035258028"
"J18_BASE_C2C6","2010","B","8374.76770055155","3820.85699956994","52935.6674270665"
"J18_BASE_C2C6","2011","B","8181.22962553381","3872.57096422754","53410.2798494018"
"J18_BASE_C2C6","2012","B","7456.11709892444","3423.1159812531","53370.1366473149"
"J18_BASE_C2C6","2013","B","5754.18495207291","2441.71674044827","52690.3293541858"
"J18_BASE_C2C6","2014","B","4499.91032079696","1466.18932879418","52529.7452696258"
"J18_BASE_C2C6","2015","B","4032.25936206137","971.9192435585","53896.2434297071"
"J18_BASE_C2C6","2016","B","4856.48643037887","937.632194707044","56194.0455492382"
"J18_BASE_C2C6","2017","B","5454.1459526235","884.593420166633","57021.5176930322"
"J18_BASE_C2C6","2018","B","4941.29701151666","788.412100654948","57603.7970464644"
"J18_BASE_C2C6","2019","B","5190.65570688614","743.612940347389","57566.3909722952"
"J18_BASE_C2C6","2020","B","4800.32869950391","425.68642389962","57313.3644612786"
"J18_BASE_C2C6","2021","B","4345.55535146136","258.722781695729","57160.0581541137"
"J18_BASE_C2C6","2022","B","5093.60609650884","287.039688672532","57005.4579741384"
"J18_BASE_C2C6","2023","B","5255.43500220142","318.612464669406","57308.5166432036"
"J18_BASE_C2C6","2024","B","5207.668671597","318.388953164483","57637.1725822744"
"J18_BASE_C2C6","2025","B","4668.06286045313","265.928910740161","57658.7766543619"
"J18_BASE_C2C6","1989","F","0.152384097717433","0.0417871022248613","0.354421601767925"
"J18_BASE_C2C6","1990","F","0.0889710841271573","0.0231797493173681","0.21402978156703"
"J18_BASE_C2C6","1991","F","0.101957455860742","0.0268891032839142","0.235429800502963"
"J18_BASE_C2C6","1992","F","0.172226131416466","0.0437671575079996","0.392609686141536"
"J18_BASE_C2C6","1993","F","0.117470271031435","0.0277029341573921","0.274923536587233"
"J18_BASE_C2C6","1994","F","0.154469536967832","0.0371159102263599","0.350922297921073"
"J18_BASE_C2C6","1995","F","0.126554899271016","0.0304431616704874","0.287545485140567"
"J18_BASE_C2C6","1996","F","0.135825070994568","0.0326045442175682","0.29617390714332"
"J18_BASE_C2C6","1997","F","0.224713961991839","0.0556275120447652","0.454025347501223"
"J18_BASE_C2C6","1998","F","0.246666406482338","0.0581852490357447","0.507868789497518"
"J18_BASE_C2C6","1999","F","0.23723197171041","0.051228195379612","0.511300265194146"
"J18_BASE_C2C6","2000","F","0.172590970427458","0.0348350336357719","0.401389468873598"
"J18_BASE_C2C6","2001","F","0.125182790327035","0.0248077589122532","0.29504110676408"
"J18_BASE_C2C6","2002","F","0.185699592227218","0.0394273109102586","0.390222647734678"
"J18_BASE_C2C6","2003","F","0.153093565441106","0.0318256958787742","0.334776891264718"
"J18_BASE_C2C6","2004","F","0.142523879965159","0.0303268343490876","0.304029058562704"
"J18_BASE_C2C6","2005","F","0.174727331265044","0.0361246366622025","0.358296930731351"
"J18_BASE_C2C6","2006","F","0.218367457956608","0.0446155163115015","0.448538177081226"
"J18_BASE_C2C6","2007","F","0.267212650164047","0.0505826999257492","0.569317711280463"
"J18_BASE_C2C6","2008","F","0.252579770822977","0.0439314856177122","0.582104936490935"
"J18_BASE_C2C6","2009","F","0.202580506090051","0.0320274745233312","0.492719775546455"
"J18_BASE_C2C6","2010","F","0.203024151536767","0.0318523634553016","0.481518615335228"
"J18_BASE_C2C6","2011","F","0.260286119560608","0.0391659407197195","0.601186436203981"
"J18_BASE_C2C6","2012","F","0.365214373951978","0.0465592007035245","0.813018275698628"
"J18_BASE_C2C6","2013","F","0.390015675872881","0.0397809789049832","0.985051640815714"
"J18_BASE_C2C6","2014","F","0.314743611609649","0.026183929921532","1.00612620898525"
"J18_BASE_C2C6","2015","F","0.155189009331175","0.0110575406719623","0.722334660810378"
"J18_BASE_C2C6","2016","F","0.158045347047606","0.0109178090522892","0.745164570145002"
"J18_BASE_C2C6","2017","F","0.132461855773908","0.0110857267924822","0.793985064349663"
"J18_BASE_C2C6","2018","F","0.132024257058451","0.00924180818759309","0.747483203013851"
"J18_BASE_C2C6","2019","F","0.211302183770679","0.0133118522665337","1.1310423909461"
"J18_BASE_C2C6","2020","F","0.145078332599389","0.00679945859991887","1.11959155736662"
"J18_BASE_C2C6","2021","F","0.0573485389045892","0.00259762737454601","0.621927735559816"
"J18_BASE_C2C6","2022","F","0.0582566244387483","0.00293146907481969","0.611456764065117"
"J18_BASE_C2C6","2023","F","0.0680290400743168","0.00408147315507519","0.728046684023641"
"J18_BASE_C2C6","2024","F","0.0864078628597843","0.00469479143106882","0.867781621275457"
"J18_BASE_C2C6","2025","F","0.0194712433183553","0.00100545608210732","0.260546370838044"
"J18_BASE_C2C6","1989","BBmsy","1.11833381658592","0.772861756434787","1.65340394664722"
"J18_BASE_C2C6","1990","BBmsy","1.16935136917135","0.765515120177293","1.69627143816692"
"J18_BASE_C2C6","1991","BBmsy","1.28089622578193","0.827307528006572","1.80711579553055"
"J18_BASE_C2C6","1992","BBmsy","1.35511935120485","0.878871724174894","1.8785600688061"
"J18_BASE_C2C6","1993","BBmsy","1.29361939304382","0.807826308500784","1.83107931453257"
"J18_BASE_C2C6","1994","BBmsy","1.3311429059523","0.842439534403787","1.86688327768257"
"J18_BASE_C2C6","1995","BBmsy","1.31523775448714","0.833899051709079","1.85628869884179"
"J18_BASE_C2C6","1996","BBmsy","1.34816312726589","0.863594622734272","1.88263838084543"
"J18_BASE_C2C6","1997","BBmsy","1.36448286391158","0.898912217829954","1.89404276957547"
"J18_BASE_C2C6","1998","BBmsy","1.24398198848418","0.818665768987828","1.83623057250433"
"J18_BASE_C2C6","1999","BBmsy","1.14114783641056","0.738127346623163","1.80604232105243"
"J18_BASE_C2C6","2000","BBmsy","1.09440528768005","0.682658557550067","1.80693804974211"
"J18_BASE_C2C6","2001","BBmsy","1.13806711255783","0.704568582536341","1.86568242064956"
"J18_BASE_C2C6","2002","BBmsy","1.24218821509571","0.773683358174598","1.93564544227466"
"J18_BASE_C2C6","2003","BBmsy","1.24921261964761","0.769800841713994","1.93266020863232"
"J18_BASE_C2C6","2004","BBmsy","1.30154751019996","0.791902717824072","1.97242430170243"
"J18_BASE_C2C6","2005","BBmsy","1.35665422209753","0.817885214661423","2.03135542166202"
"J18_BASE_C2C6","2006","BBmsy","1.33768304271819","0.794270213115039","2.0148377783104"
"J18_BASE_C2C6","2007","BBmsy","1.24147291531242","0.725325760081175","1.9568569378474"
"J18_BASE_C2C6","2008","BBmsy","1.10138427623675","0.617538870423846","1.89751869854597"
"J18_BASE_C2C6","2009","BBmsy","1.01477044802473","0.551069510787484","1.87142683838507"
"J18_BASE_C2C6","2010","BBmsy","1.01497370604145","0.525678942826731","1.90181175393711"
"J18_BASE_C2C6","2011","BBmsy","1.02996966054858","0.4999891652136","1.9214286030966"
"J18_BASE_C2C6","2012","BBmsy","0.972921732296255","0.429086632116905","1.91652729091513"
"J18_BASE_C2C6","2013","BBmsy","0.760690524035121","0.31027549979103","1.87532305218513"
"J18_BASE_C2C6","2014","BBmsy","0.633986672358835","0.209597333470368","1.8865774070133"
"J18_BASE_C2C6","2015","BBmsy","0.636897899248918","0.145667368541716","1.94450521336428"
"J18_BASE_C2C6","2016","BBmsy","0.707907229480787","0.139292645561885","2.01934029474305"
"J18_BASE_C2C6","2017","BBmsy","0.731479350775348","0.127841682724069","2.0730639029251"
"J18_BASE_C2C6","2018","BBmsy","0.558979198879273","0.110874709573058","2.08416238997036"
"J18_BASE_C2C6","2019","BBmsy","0.567138153472554","0.0995973964684123","2.10299442050864"
"J18_BASE_C2C6","2020","BBmsy","0.466883047603118","0.0621277876325148","2.08752590917531"
"J18_BASE_C2C6","2021","BBmsy","0.583085368649281","0.0428970631297031","2.09321677033012"
"J18_BASE_C2C6","2022","BBmsy","0.613101071641031","0.0460876960830542","2.12276556190193"
"J18_BASE_C2C6","2023","BBmsy","0.560472955170608","0.0487649722189095","2.14165197287346"
"J18_BASE_C2C6","2024","BBmsy","0.58743485103513","0.0466860754907657","2.14906784079387"
"J18_BASE_C2C6","2025","BBmsy","0.613133927057994","0.0392783843968016","2.15503818739338"
"J18_BASE_C2C6","1989","FFmsy","0.657149725118798","0.179918978271723","1.33910853315563"
"J18_BASE_C2C6","1990","FFmsy","0.383349362042048","0.0989521121928919","0.812840213300166"
"J18_BASE_C2C6","1991","FFmsy","0.439258886025966","0.109740596032691","0.941200461466039"
"J18_BASE_C2C6","1992","FFmsy","0.745432802449006","0.181719429256638","1.55016198659442"
"J18_BASE_C2C6","1993","FFmsy","0.505700494511839","0.118616258525734","1.0731611977115"
"J18_BASE_C2C6","1994","FFmsy","0.665871350948851","0.159098119280655","1.37377697293537"
"J18_BASE_C2C6","1995","FFmsy","0.546933589150576","0.128155255022647","1.14745221762011"
"J18_BASE_C2C6","1996","FFmsy","0.580892587955912","0.139185397293857","1.18748000141803"
"J18_BASE_C2C6","1997","FFmsy","0.958840751804801","0.235059790647383","1.8479468421426"
"J18_BASE_C2C6","1998","FFmsy","1.0588856051496","0.251130527542478","2.02567436111187"
"J18_BASE_C2C6","1999","FFmsy","1.02953690963441","0.224261517617781","1.97274973042432"
"J18_BASE_C2C6","2000","FFmsy","0.758861132718085","0.153208304397956","1.53962144604518"
"J18_BASE_C2C6","2001","FFmsy","0.534798465201607","0.108751207813852","1.13599113221145"
"J18_BASE_C2C6","2002","FFmsy","0.786066368806099","0.172385719326142","1.59385706101256"
"J18_BASE_C2C6","2003","FFmsy","0.648385412700056","0.142570416268624","1.37301070081479"
"J18_BASE_C2C6","2004","FFmsy","0.591374133658502","0.128720541598452","1.29375638543371"
"J18_BASE_C2C6","2005","FFmsy","0.714170464322085","0.1620143511064","1.58179720065097"
"J18_BASE_C2C6","2006","FFmsy","0.885688251573551","0.196565421063404","1.95716150960129"
"J18_BASE_C2C6","2007","FFmsy","1.10773657643558","0.222189508723422","2.41262874633713"
"J18_BASE_C2C6","2008","FFmsy","1.07608117975706","0.189411122485561","2.31654439174488"
"J18_BASE_C2C6","2009","FFmsy","0.841655810581036","0.14579171207088","1.95704972915018"
"J18_BASE_C2C6","2010","FFmsy","0.832040000325317","0.136424687843011","2.02289273865315"
"J18_BASE_C2C6","2011","FFmsy","1.0558029992831","0.169335783602392","2.62632741662963"
"J18_BASE_C2C6","2012","FFmsy","1.52912205582852","0.20524813475528","3.64974525060904"
"J18_BASE_C2C6","2013","FFmsy","1.52683627298533","0.17354134995333","4.14423756129599"
"J18_BASE_C2C6","2014","FFmsy","1.42960870226202","0.115331055027776","3.98419430882021"
"J18_BASE_C2C6","2015","FFmsy","0.766957041764392","0.0487541131166615","2.59663130074834"
"J18_BASE_C2C6","2016","FFmsy","0.563703145799775","0.0483362929452132","2.76272875748034"
"J18_BASE_C2C6","2017","FFmsy","0.816473968938546","0.0490814566672073","3.04621310366131"
"J18_BASE_C2C6","2018","FFmsy","0.723307856404515","0.040926165293167","2.94378425747047"
"J18_BASE_C2C6","2019","FFmsy","1.20004466874652","0.0591663942738502","4.64524469874445"
"J18_BASE_C2C6","2020","FFmsy","1.0203015174382","0.0298240005132385","3.97087962721374"
"J18_BASE_C2C6","2021","FFmsy","0.40076880319988","0.0116204149101793","2.12113888173246"
"J18_BASE_C2C6","2022","FFmsy","0.40542126112825","0.0128628580737455","2.16521891072379"
"J18_BASE_C2C6","2023","FFmsy","0.534656171905693","0.0178964639794171","2.74733875925083"
"J18_BASE_C2C6","2024","FFmsy","0.417499082362152","0.0207753279945874","3.36791262291764"
"J18_BASE_C2C6","2025","FFmsy","0.0942699262901655","0.00447460576759519","1.02561574958388"
"J18_BASE_C2C6","1989","BB0","0.55916690829296","0.386430878217394","0.82670197332361"
"J18_BASE_C2C6","1990","BB0","0.584675684585676","0.382757560088647","0.848135719083461"
"J18_BASE_C2C6","1991","BB0","0.640448112890966","0.413653764003286","0.903557897765274"
"J18_BASE_C2C6","1992","BB0","0.677559675602426","0.439435862087447","0.93928003440305"
"J18_BASE_C2C6","1993","BB0","0.646809696521909","0.403913154250392","0.915539657266285"
"J18_BASE_C2C6","1994","BB0","0.665571452976149","0.421219767201893","0.933441638841287"
"J18_BASE_C2C6","1995","BB0","0.657618877243572","0.416949525854539","0.928144349420896"
"J18_BASE_C2C6","1996","BB0","0.674081563632945","0.431797311367136","0.941319190422714"
"J18_BASE_C2C6","1997","BB0","0.682241431955791","0.449456108914977","0.947021384787734"
"J18_BASE_C2C6","1998","BB0","0.62199099424209","0.409332884493914","0.918115286252167"
"J18_BASE_C2C6","1999","BB0","0.570573918205281","0.369063673311582","0.903021160526217"
"J18_BASE_C2C6","2000","BB0","0.547202643840025","0.341329278775034","0.903469024871054"
"J18_BASE_C2C6","2001","BB0","0.569033556278916","0.352284291268171","0.932841210324781"
"J18_BASE_C2C6","2002","BB0","0.621094107547853","0.386841679087299","0.967822721137329"
"J18_BASE_C2C6","2003","BB0","0.624606309823807","0.384900420856997","0.966330104316162"
"J18_BASE_C2C6","2004","BB0","0.650773755099978","0.395951358912036","0.986212150851213"
"J18_BASE_C2C6","2005","BB0","0.678327111048766","0.408942607330711","1.01567771083101"
"J18_BASE_C2C6","2006","BB0","0.668841521359097","0.39713510655752","1.0074188891552"
"J18_BASE_C2C6","2007","BB0","0.620736457656211","0.362662880040588","0.978428468923698"
"J18_BASE_C2C6","2008","BB0","0.550692138118375","0.308769435211923","0.948759349272986"
"J18_BASE_C2C6","2009","BB0","0.507385224012365","0.275534755393742","0.935713419192536"
"J18_BASE_C2C6","2010","BB0","0.507486853020727","0.262839471413366","0.950905876968555"
"J18_BASE_C2C6","2011","BB0","0.514984830274291","0.2499945826068","0.960714301548302"
"J18_BASE_C2C6","2012","BB0","0.486460866148128","0.214543316058453","0.958263645457563"
"J18_BASE_C2C6","2013","BB0","0.380345262017561","0.155137749895515","0.937661526092565"
"J18_BASE_C2C6","2014","BB0","0.316993336179417","0.104798666735184","0.943288703506649"
"J18_BASE_C2C6","2015","BB0","0.318448949624459","0.0728336842708578","0.97225260668214"
"J18_BASE_C2C6","2016","BB0","0.353953614740394","0.0696463227809426","1.00967014737152"
"J18_BASE_C2C6","2017","BB0","0.365739675387674","0.0639208413620344","1.03653195146255"
"J18_BASE_C2C6","2018","BB0","0.279489599439636","0.0554373547865288","1.04208119498518"
"J18_BASE_C2C6","2019","BB0","0.283569076736277","0.0497986982342062","1.05149721025432"
"J18_BASE_C2C6","2020","BB0","0.233441523801559","0.0310638938162574","1.04376295458766"
"J18_BASE_C2C6","2021","BB0","0.29154268432464","0.0214485315648515","1.04660838516506"
"J18_BASE_C2C6","2022","BB0","0.306550535820516","0.0230438480415271","1.06138278095096"
"J18_BASE_C2C6","2023","BB0","0.280236477585304","0.0243824861094548","1.07082598643673"
"J18_BASE_C2C6","2024","BB0","0.293717425517565","0.0233430377453829","1.07453392039693"
"J18_BASE_C2C6","2025","BB0","0.306566963528997","0.0196391921984008","1.07751909369669"
"J18_BASE_C2C6","1989","procB","-0.00877290430369293","-0.136194779578244","0.105183571747416"
"J18_BASE_C2C6","1990","procB","-0.00905156665544871","-0.135172579057092","0.101621604054247"
"J18_BASE_C2C6","1991","procB","-0.00933011297601904","-0.134253580365331","0.103081527291076"
"J18_BASE_C2C6","1992","procB","-0.00345976587183383","-0.123781430532145","0.115840880431664"
"J18_BASE_C2C6","1993","procB","-0.0111669858698191","-0.137609587194267","0.100466926304774"
"J18_BASE_C2C6","1994","procB","-0.00877317475102479","-0.129961773395221","0.104533967600902"
"J18_BASE_C2C6","1995","procB","-0.00354353863900292","-0.122707951565333","0.11462821166403"
"J18_BASE_C2C6","1996","procB","0.00074551423586755","-0.113742129689762","0.121663415773699"
"J18_BASE_C2C6","1997","procB","0.00570382059856156","-0.107919088975627","0.129892786221365"
"J18_BASE_C2C6","1998","procB","0.00637551937531389","-0.107839842468881","0.128129325280009"
"J18_BASE_C2C6","1999","procB","0.00770806009897029","-0.110638837739635","0.129306201195795"
"J18_BASE_C2C6","2000","procB","0.00869532648794824","-0.104698078048682","0.130275050957125"
"J18_BASE_C2C6","2001","procB","0.0130609587200405","-0.0965891777662332","0.142265861806618"
"J18_BASE_C2C6","2002","procB","0.0153745987731471","-0.0963125701355935","0.142952386335811"
"J18_BASE_C2C6","2003","procB","0.0177648686430277","-0.096254964239331","0.143857940902085"
"J18_BASE_C2C6","2004","procB","0.018181395052058","-0.0915996585837069","0.147894100379185"
"J18_BASE_C2C6","2005","procB","0.0204220231292476","-0.0904142669547392","0.153660784449775"
"J18_BASE_C2C6","2006","procB","0.0140893439550752","-0.0969705216824542","0.140078398264549"
"J18_BASE_C2C6","2007","procB","0.00378441585251532","-0.109840953311293","0.125530854525491"
"J18_BASE_C2C6","2008","procB","-0.000410465593869036","-0.120074508035559","0.114292789492665"
"J18_BASE_C2C6","2009","procB","-0.00408003554317893","-0.124216108761585","0.109691097708265"
"J18_BASE_C2C6","2010","procB","-0.00315461106135673","-0.122451471320391","0.111716068137659"
"J18_BASE_C2C6","2011","procB","-0.00220805157130721","-0.121364356144844","0.11264898128847"
"J18_BASE_C2C6","2012","procB","-0.00412141856371773","-0.12668463655977","0.114421153139116"
"J18_BASE_C2C6","2013","procB","-0.00579010268416513","-0.129028370714998","0.111756304683914"
"J18_BASE_C2C6","2014","procB","-0.00290096499578696","-0.125866182649899","0.111557849723354"
"J18_BASE_C2C6","2015","procB","-0.000207278783379228","-0.117952254535166","0.118107260138319"
"J18_BASE_C2C6","2016","procB","0.000368376925472536","-0.118046999603972","0.11793380402442"
"J18_BASE_C2C6","2017","procB","-0.00200635775893421","-0.120478594469744","0.113923641324264"
"J18_BASE_C2C6","2018","procB","-0.00467896135510717","-0.126628210754793","0.112550398814741"
"J18_BASE_C2C6","2019","procB","-0.00225949661396826","-0.124502640727695","0.11144736309195"
"J18_BASE_C2C6","2020","procB","-0.00657867184764721","-0.130663979484541","0.110839928613038"
"J18_BASE_C2C6","2021","procB","-0.010522185751819","-0.138183302310966","0.0988860216701375"
"J18_BASE_C2C6","2022","procB","-0.00365606087844117","-0.127091316670522","0.112168818048076"
"J18_BASE_C2C6","2023","procB","-0.00217552294694445","-0.119412902215963","0.113061349049722"
"J18_BASE_C2C6","2024","procB","0.00175255388822182","-0.114446196209222","0.123642581416643"
"J18_BASE_C2C6","2025","procB","-0.00177356193404676","-0.120491156504868","0.117269788282405"
"J18_BASE_C2C6","1989","SPt","0","0","0"
"J18_BASE_C2C6","1990","SPt","2007.71313273806","20.6489818047688","6891.01603230887"
"J18_BASE_C2C6","1991","SPt","1967.05773705159","-20.5505884438411","6238.15773786015"
"J18_BASE_C2C6","1992","SPt","1920.91158461253","-98.50284735393","5996.6538285136"
"J18_BASE_C2C6","1993","SPt","1642.24190021109","-862.774683898748","5007.09311087478"
"J18_BASE_C2C6","1994","SPt","1809.00537889915","-588.356049252785","5043.24212567326"
"J18_BASE_C2C6","1995","SPt","1831.7984013545","-606.620607962839","4938.94135532944"
"J18_BASE_C2C6","1996","SPt","1927.70331879568","-509.679484574915","4934.12115960981"
"J18_BASE_C2C6","1997","SPt","1950.22170410636","-636.407222934228","5057.19836785916"
"J18_BASE_C2C6","1998","SPt","2024.11479866055","-863.9757391242","4816.35807867616"
"J18_BASE_C2C6","1999","SPt","2225.94468027625","-408.786213736459","5157.82471625773"
"J18_BASE_C2C6","2000","SPt","2307.25847540103","-41.3576277192106","5219.48925090563"
"J18_BASE_C2C6","2001","SPt","2252.6148782563","216.008852152488","5819.50604493574"
"J18_BASE_C2C6","2002","SPt","2188.51865337332","-51.4488748580543","5867.58291151405"
"J18_BASE_C2C6","2003","SPt","2212.06033475934","-528.646250800826","5468.5680349051"
"J18_BASE_C2C6","2004","SPt","2182.85531330535","-418.718396420137","5796.65187412826"
"J18_BASE_C2C6","2005","SPt","2158.08348178841","-418.178657312507","6018.27283608294"
"J18_BASE_C2C6","2006","SPt","2015.01513077743","-1106.93930173772","5217.60457297155"
"J18_BASE_C2C6","2007","SPt","1876.19763775257","-1714.01475269638","4777.74745566473"
"J18_BASE_C2C6","2008","SPt","1815.55518330764","-1407.0499441902","4608.24439996527"
"J18_BASE_C2C6","2009","SPt","1776.39945643599","-997.209403085207","4729.46187929225"
"J18_BASE_C2C6","2010","SPt","1771.73966926483","-653.035002559388","5117.94303248632"
"J18_BASE_C2C6","2011","SPt","1738.26150720699","-854.723242002123","4868.03186912753"
"J18_BASE_C2C6","2012","SPt","1634.49060276243","-904.272767519374","4906.55256804019"
"J18_BASE_C2C6","2013","SPt","1502.0521720246","-971.809987623224","4842.55146724705"
"J18_BASE_C2C6","2014","SPt","1294.29821885028","-756.374087752246","5016.84333485959"
"J18_BASE_C2C6","2015","SPt","979.459664337999","-331.644785135318","5346.58992914514"
"J18_BASE_C2C6","2016","SPt","701.22716695227","-842.2951756681","5124.18987928143"
"J18_BASE_C2C6","2017","SPt","632.141640984849","-1615.43664634303","4606.08410116936"
"J18_BASE_C2C6","2018","SPt","552.393427112213","-2203.6180316527","4291.10810026937"
"J18_BASE_C2C6","2019","SPt","497.645536703776","-2264.01618043455","4232.31961329507"
"J18_BASE_C2C6","2020","SPt","414.673955131834","-2710.48699803862","3785.15292455773"
"J18_BASE_C2C6","2021","SPt","239.19530090965","-2810.52545786575","3784.91478286629"
"J18_BASE_C2C6","2022","SPt","202.092035600515","-2665.18006556765","3852.55519926168"
"J18_BASE_C2C6","2023","SPt","215.698844603038","-2915.02421085494","3680.02980216427"
"J18_BASE_C2C6","2024","SPt","248.156146909003","-2901.18724958285","3885.26887944995"
"J18_BASE_C2C6","2025","SPt","232.239310835275","-2998.60163009684","3631.29687706326"
"J13_C5curto_base","2015","B","2033.37659896327","1091.5686142095","3936.97405622663"
"J13_C5curto_base","2016","B","1883.49381886667","1083.12586237645","3410.32041220689"
"J13_C5curto_base","2017","B","1708.50546976622","1018.69037084364","3010.66262419791"
"J13_C5curto_base","2018","B","1467.12022717005","877.499619409368","2612.90385622063"
"J13_C5curto_base","2019","B","1303.02201501869","802.554124341316","2338.43990926391"
"J13_C5curto_base","2020","B","766.181763343673","435.796418155843","1749.74624000627"
"J13_C5curto_base","2021","B","567.45089959695","264.861411957725","1602.70439242874"
"J13_C5curto_base","2022","B","602.904089344236","287.886087548119","1725.96631550955"
"J13_C5curto_base","2023","B","642.221415356695","335.332910524564","1899.08598351719"
"J13_C5curto_base","2024","B","627.976846975108","325.296966927677","2030.91252009822"
"J13_C5curto_base","2025","B","562.908293684543","228.403876784908","2145.43209010036"
"J13_C5curto_base","2015","F","0.301865154226816","0.14652438454929","0.56688956432716"
"J13_C5curto_base","2016","F","0.333369631380172","0.170580903810674","0.604418739748495"
"J13_C5curto_base","2017","F","0.390000167796902","0.204217659129244","0.689417931385027"
"J13_C5curto_base","2018","F","0.383832409734412","0.198623806838002","0.655914136690136"
"J13_C5curto_base","2019","F","0.690596639462509","0.356586373276742","1.05527949887507"
"J13_C5curto_base","2020","F","0.584583798567505","0.233195439638398","1.07773152392451"
"J13_C5curto_base","2021","F","0.283700687219133","0.0958891871261698","0.631446491559288"
"J13_C5curto_base","2022","F","0.283254743024394","0.0962788395915898","0.572231560422228"
"J13_C5curto_base","2023","F","0.369457454210358","0.125855197625553","0.699901558754681"
"J13_C5curto_base","2024","F","0.444896924019921","0.135310097632291","0.873780462569567"
"J13_C5curto_base","2025","F","0.10871730667909","0.0272362324081682","0.294733825269193"
"J13_C5curto_base","2015","BBmsy","0.842781135693804","0.385001481873841","2.13370987442423"
"J13_C5curto_base","2016","BBmsy","0.78965305512394","0.369928590227416","1.72370558989418"
"J13_C5curto_base","2017","BBmsy","0.721155314015076","0.34717601290459","1.45933793508829"
"J13_C5curto_base","2018","BBmsy","0.618025289337205","0.304161500128067","1.22627436234643"
"J13_C5curto_base","2019","BBmsy","0.551674685714166","0.273082536171611","1.0560913977089"
"J13_C5curto_base","2020","BBmsy","0.323807880640927","0.161194863394278","0.750709424032608"
"J13_C5curto_base","2021","BBmsy","0.228328036936478","0.107270274860527","0.690129389246917"
"J13_C5curto_base","2022","BBmsy","0.241668239581683","0.114338800375653","0.75970009192966"
"J13_C5curto_base","2023","BBmsy","0.261834747460984","0.124068907764292","0.841086144804564"
"J13_C5curto_base","2024","BBmsy","0.262156713268999","0.113900369914969","0.910391817245872"
"J13_C5curto_base","2025","BBmsy","0.240984163317125","0.0838200535352345","0.96195747434842"
"J13_C5curto_base","2015","FFmsy","1.4586127975738","0.797141960145932","2.35715544063896"
"J13_C5curto_base","2016","FFmsy","1.6047922520826","0.950871025750979","2.61573812830322"
"J13_C5curto_base","2017","FFmsy","1.88010699692563","1.14028907138682","2.97107791297944"
"J13_C5curto_base","2018","FFmsy","1.8273038750573","1.13103611628069","2.92981182201572"
"J13_C5curto_base","2019","FFmsy","3.25961318883884","2.11708615863188","4.8738491373473"
"J13_C5curto_base","2020","FFmsy","2.81998949876675","1.48521028942506","3.99941291231924"
"J13_C5curto_base","2021","FFmsy","1.39799926453303","0.589494093603044","2.20627285376084"
"J13_C5curto_base","2022","FFmsy","1.37286706731441","0.557804973017414","2.22598530488802"
"J13_C5curto_base","2023","FFmsy","1.75803881333783","0.707024262983833","3.0469791182715"
"J13_C5curto_base","2024","FFmsy","2.11286426396734","0.746769057104201","4.11202658451303"
"J13_C5curto_base","2025","FFmsy","0.513246009890387","0.141589866628019","1.41527096950588"
"J13_C5curto_base","2015","BB0","0.421390567846902","0.19250074093692","1.06685493721211"
"J13_C5curto_base","2016","BB0","0.39482652756197","0.184964295113708","0.861852794947088"
"J13_C5curto_base","2017","BB0","0.360577657007538","0.173588006452295","0.729668967544147"
"J13_C5curto_base","2018","BB0","0.309012644668602","0.152080750064033","0.613137181173213"
"J13_C5curto_base","2019","BB0","0.275837342857083","0.136541268085806","0.528045698854451"
"J13_C5curto_base","2020","BB0","0.161903940320464","0.0805974316971388","0.375354712016304"
"J13_C5curto_base","2021","BB0","0.114164018468239","0.0536351374302634","0.345064694623459"
"J13_C5curto_base","2022","BB0","0.120834119790841","0.0571694001878264","0.37985004596483"
"J13_C5curto_base","2023","BB0","0.130917373730492","0.0620344538821461","0.420543072402282"
"J13_C5curto_base","2024","BB0","0.1310783566345","0.0569501849574846","0.455195908622936"
"J13_C5curto_base","2025","BB0","0.120492081658562","0.0419100267676172","0.48097873717421"
"J13_C5curto_base","2015","procB","-0.00122769632167175","-0.121582034405958","0.115229558172993"
"J13_C5curto_base","2016","procB","0.00992147704808655","-0.101502344302699","0.135040036751532"
"J13_C5curto_base","2017","procB","0.00476289176446665","-0.108026293593458","0.118013772999813"
"J13_C5curto_base","2018","procB","-0.00330935261358767","-0.123142895141135","0.109674020499934"
"J13_C5curto_base","2019","procB","-0.00351410093335958","-0.122312154643047","0.105839629562125"
"J13_C5curto_base","2020","procB","-0.00870574368335691","-0.137214199479861","0.104671894775936"
"J13_C5curto_base","2021","procB","-0.00950044769039785","-0.13588839690272","0.100440813097413"
"J13_C5curto_base","2022","procB","-0.00255562953605565","-0.117917503228117","0.108794510396064"
"J13_C5curto_base","2023","procB","0.00671970704270006","-0.105963749748905","0.129951959742981"
"J13_C5curto_base","2024","procB","0.00647405520000909","-0.107545826859456","0.123775920851465"
"J13_C5curto_base","2025","procB","0.00190594359981817","-0.112666648971253","0.121975632674454"
"J13_C5curto_base","2015","SPt","0","0","0"
"J13_C5curto_base","2016","SPt","502.767085022201","-126.111068972875","821.595191673255"
"J13_C5curto_base","2017","SPt","475.445782566817","27.2247441324177","771.455496566202"
"J13_C5curto_base","2018","SPt","418.588287050057","35.3743791737256","684.652561000645"
"J13_C5curto_base","2019","SPt","398.384767132425","77.6868893758611","632.472627648442"
"J13_C5curto_base","2020","SPt","292.81559905025","-80.3692462727417","572.921631517928"
"J13_C5curto_base","2021","SPt","220.693286906556","33.0608531710744","390.238584965801"
"J13_C5curto_base","2022","SPt","196.696091780917","99.5475773733609","368.473294629285"
"J13_C5curto_base","2023","SPt","223.19269483802","111.523642678051","422.851505166948"
"J13_C5curto_base","2024","SPt","245.289321028832","109.772931842391","448.293470250533"
"J13_C5curto_base","2025","SPt","233.307309365568","84.0163722304798","477.804042386211"
"J14_C5curto_rBaixo","2015","B","3027.09149589527","1665.33058693053","5866.18219373689"
"J14_C5curto_rBaixo","2016","B","2750.1404223764","1553.8123912893","5322.03046666489"
"J14_C5curto_rBaixo","2017","B","2443.6814627558","1393.41127422741","4854.85279952315"
"J14_C5curto_rBaixo","2018","B","2087.62828526268","1197.84119757111","4328.47126788438"
"J14_C5curto_rBaixo","2019","B","1816.05216103248","1067.35842782197","3967.69992162636"
"J14_C5curto_rBaixo","2020","B","1205.36709663478","617.292340851825","3330.42033726686"
"J14_C5curto_rBaixo","2021","B","962.102752243984","434.217898004083","3081.81149043997"
"J14_C5curto_rBaixo","2022","B","963.72900914619","461.122024678819","3227.9112105691"
"J14_C5curto_rBaixo","2023","B","972.787632080953","477.48971887136","3299.76114634047"
"J14_C5curto_rBaixo","2024","B","907.992389024402","417.066998732073","3421.73536951201"
"J14_C5curto_rBaixo","2025","B","809.850768721802","271.668274318175","3480.79279141774"
"J14_C5curto_rBaixo","2015","F","0.207951113046899","0.0998207634296124","0.392670824987122"
"J14_C5curto_rBaixo","2016","F","0.232721885507971","0.110694794151915","0.435893920045578"
"J14_C5curto_rBaixo","2017","F","0.271323940441636","0.125981192584239","0.489752818117414"
"J14_C5curto_rBaixo","2018","F","0.267484170013774","0.122578085039569","0.47745253497316"
"J14_C5curto_rBaixo","2019","F","0.474233123064923","0.199257663903693","0.80960873917537"
"J14_C5curto_rBaixo","2020","F","0.355989875134733","0.121053140822102","0.724853628765377"
"J14_C5curto_rBaixo","2021","F","0.165842714491779","0.0490449754794754","0.379961505576387"
"J14_C5curto_rBaixo","2022","F","0.177522423575012","0.052015866627806","0.386980043719584"
"J14_C5curto_rBaixo","2023","F","0.246676812043541","0.0716134106906961","0.506018742382289"
"J14_C5curto_rBaixo","2024","F","0.306074221252475","0.0796250019771091","0.670205282862185"
"J14_C5curto_rBaixo","2025","F","0.075701507176693","0.0164842354127521","0.244638072990537"
"J14_C5curto_rBaixo","2015","BBmsy","0.909068547073065","0.390244489843513","2.25156910525973"
"J14_C5curto_rBaixo","2016","BBmsy","0.834185397934592","0.365503844961628","1.91013705003083"
"J14_C5curto_rBaixo","2017","BBmsy","0.742995541651052","0.330604029912354","1.66809350990305"
"J14_C5curto_rBaixo","2018","BBmsy","0.635295686992179","0.283800659467474","1.42387573829296"
"J14_C5curto_rBaixo","2019","BBmsy","0.556543149799451","0.249674519365105","1.27211645955542"
"J14_C5curto_rBaixo","2020","BBmsy","0.366857526509683","0.163056265877961","1.01534754677187"
"J14_C5curto_rBaixo","2021","BBmsy","0.293573417612639","0.123172421414035","0.950160041944943"
"J14_C5curto_rBaixo","2022","BBmsy","0.299669465812525","0.124485673274299","0.986854169434429"
"J14_C5curto_rBaixo","2023","BBmsy","0.306524589494455","0.12222457128008","1.03716626759189"
"J14_C5curto_rBaixo","2024","BBmsy","0.290144339402369","0.106270859562465","1.06680086872365"
"J14_C5curto_rBaixo","2025","BBmsy","0.255542326516695","0.0745344249530397","1.07941037501393"
"J14_C5curto_rBaixo","2015","FFmsy","1.84927571120422","0.917102574486166","3.36668782065433"
"J14_C5curto_rBaixo","2016","FFmsy","2.0684381579287","1.05987824186912","3.74973548928041"
"J14_C5curto_rBaixo","2017","FFmsy","2.39854548531943","1.20672952743945","4.34716332298697"
"J14_C5curto_rBaixo","2018","FFmsy","2.34622351926706","1.18137707809846","4.28568494423471"
"J14_C5curto_rBaixo","2019","FFmsy","4.11721381935943","2.04116977760243","7.22758170501191"
"J14_C5curto_rBaixo","2020","FFmsy","3.14327042246844","1.2510490890993","5.64143152174984"
"J14_C5curto_rBaixo","2021","FFmsy","1.48205462176214","0.488038795249053","2.84002046832722"
"J14_C5curto_rBaixo","2022","FFmsy","1.56208402273625","0.49510767297412","3.1825760595761"
"J14_C5curto_rBaixo","2023","FFmsy","2.14411063926592","0.671331435525398","4.69842366808288"
"J14_C5curto_rBaixo","2024","FFmsy","2.63153120725861","0.740194195035594","6.56068098112239"
"J14_C5curto_rBaixo","2025","FFmsy","0.662869724453796","0.151093515057976","2.30117824953071"
"J14_C5curto_rBaixo","2015","BB0","0.454534273536533","0.195122244921757","1.12578455262986"
"J14_C5curto_rBaixo","2016","BB0","0.417092698967296","0.182751922480814","0.955068525015416"
"J14_C5curto_rBaixo","2017","BB0","0.371497770825526","0.165302014956177","0.834046754951523"
"J14_C5curto_rBaixo","2018","BB0","0.31764784349609","0.141900329733737","0.711937869146478"
"J14_C5curto_rBaixo","2019","BB0","0.278271574899725","0.124837259682552","0.636058229777708"
"J14_C5curto_rBaixo","2020","BB0","0.183428763254841","0.0815281329389805","0.507673773385937"
"J14_C5curto_rBaixo","2021","BB0","0.146786708806319","0.0615862107070177","0.475080020972472"
"J14_C5curto_rBaixo","2022","BB0","0.149834732906263","0.0622428366371495","0.493427084717215"
"J14_C5curto_rBaixo","2023","BB0","0.153262294747227","0.0611122856400401","0.518583133795947"
"J14_C5curto_rBaixo","2024","BB0","0.145072169701184","0.0531354297812327","0.533400434361825"
"J14_C5curto_rBaixo","2025","BB0","0.127771163258347","0.0372672124765198","0.539705187506964"
"J14_C5curto_rBaixo","2015","procB","0.0000231492343113482","-0.121416198323343","0.116357271379297"
"J14_C5curto_rBaixo","2016","procB","0.00821922401766062","-0.105187077804951","0.133548606476337"
"J14_C5curto_rBaixo","2017","procB","0.00263783611121216","-0.111961215152381","0.122358643195393"
"J14_C5curto_rBaixo","2018","procB","-0.0039957450924325","-0.123550659451093","0.110922509978239"
"J14_C5curto_rBaixo","2019","procB","-0.00333309758625766","-0.124632870208982","0.112611205693825"
"J14_C5curto_rBaixo","2020","procB","-0.00848359077108984","-0.133396011122161","0.106160033209106"
"J14_C5curto_rBaixo","2021","procB","-0.0104089912632777","-0.138026584906321","0.0998490881225249"
"J14_C5curto_rBaixo","2022","procB","-0.00393168243793818","-0.122391662263727","0.112339142069597"
"J14_C5curto_rBaixo","2023","procB","0.00497746474565208","-0.109145051903043","0.128555500334418"
"J14_C5curto_rBaixo","2024","procB","0.00599408036508481","-0.107692115346442","0.127289272521965"
"J14_C5curto_rBaixo","2025","procB","0.00239235869614024","-0.112760706888496","0.119249342365776"
"J14_C5curto_rBaixo","2015","SPt","0","0","0"
"J14_C5curto_rBaixo","2016","SPt","379.467924162814","-249.395490213348","802.544040193564"
"J14_C5curto_rBaixo","2017","SPt","358.050103443925","-166.231506237376","731.424500646693"
"J14_C5curto_rBaixo","2018","SPt","319.257420531869","-149.290308273119","665.165450795198"
"J14_C5curto_rBaixo","2019","SPt","302.490377672261","-84.673370193581","598.946476227998"
"J14_C5curto_rBaixo","2020","SPt","229.75645491271","-191.945562284193","548.992266224471"
"J14_C5curto_rBaixo","2021","SPt","188.443415481661","-59.148088425395","414.994854525594"
"J14_C5curto_rBaixo","2022","SPt","177.019487049412","9.42873062682042","414.181603506002"
"J14_C5curto_rBaixo","2023","SPt","191.252206849785","30.8769738103848","453.354040155953"
"J14_C5curto_rBaixo","2024","SPt","199.058412720524","24.8361564265352","484.556269064951"
"J14_C5curto_rBaixo","2025","SPt","184.571895916637","9.27453498257397","495.853795916352"
"J15_C5curto_rAlto","2015","B","1346.74819339308","763.205536355721","2472.0471695113"
"J15_C5curto_rAlto","2016","B","1300.78280358877","778.335910117861","2178.08423541322"
"J15_C5curto_rAlto","2017","B","1219.65457326493","762.676025793591","1947.79490204206"
"J15_C5curto_rAlto","2018","B","1057.85485777827","649.607827900173","1681.67620403232"
"J15_C5curto_rAlto","2019","B","970.647716460218","612.999149018572","1511.82408332435"
"J15_C5curto_rAlto","2020","B","500.963541218887","313.101201438184","879.627784339181"
"J15_C5curto_rAlto","2021","B","312.950572949557","173.613201016746","695.125851464483"
"J15_C5curto_rAlto","2022","B","344.509069035992","197.628443099855","788.013841161615"
"J15_C5curto_rAlto","2023","B","398.790410613453","237.617085225743","909.211006949622"
"J15_C5curto_rAlto","2024","B","412.595610560703","243.314205438166","1000.74826704102"
"J15_C5curto_rAlto","2025","B","391.514682972618","183.379252247323","1092.96804008312"
"J15_C5curto_rAlto","2015","F","0.444006302767531","0.229768888676335","0.764031770158999"
"J15_C5curto_rAlto","2016","F","0.480349287956424","0.265470511445686","0.801420910600937"
"J15_C5curto_rAlto","2017","F","0.553877353329048","0.315154817165654","0.913720401394547"
"J15_C5curto_rAlto","2018","F","0.541168082290224","0.308267097158274","0.86567075126586"
"J15_C5curto_rAlto","2019","F","0.965288888122922","0.612858984376875","1.31507113730082"
"J15_C5curto_rAlto","2020","F","0.956327021525553","0.500758493229253","1.45707747354908"
"J15_C5curto_rAlto","2021","F","0.517555135657686","0.220988758814516","0.947727021684955"
"J15_C5curto_rAlto","2022","F","0.477791193534807","0.210346567004699","0.860823806648909"
"J15_C5curto_rAlto","2023","F","0.575609205385771","0.263046645574712","0.988748859214044"
"J15_C5curto_rAlto","2024","F","0.663272508198621","0.273682082714956","1.15012461214842"
"J15_C5curto_rAlto","2025","F","0.157143318676352","0.0534964226716936","0.369440244953245"
"J15_C5curto_rAlto","2015","BBmsy","0.793425251674249","0.454069207588216","1.70004832270765"
"J15_C5curto_rAlto","2016","BBmsy","0.779836167015811","0.455867573400586","1.43349385631052"
"J15_C5curto_rAlto","2017","BBmsy","0.7343795913566","0.430316009166745","1.2651470602142"
"J15_C5curto_rAlto","2018","BBmsy","0.634366041445861","0.374271734346566","1.08909878498249"
"J15_C5curto_rAlto","2019","BBmsy","0.584135454142454","0.351218342792487","0.986976341384498"
"J15_C5curto_rAlto","2020","BBmsy","0.305945542488927","0.186182823062493","0.530537262003795"
"J15_C5curto_rAlto","2021","BBmsy","0.190107145066058","0.112504701718446","0.387041587260299"
"J15_C5curto_rAlto","2022","BBmsy","0.210837780320963","0.124859759251129","0.440133186548023"
"J15_C5curto_rAlto","2023","BBmsy","0.246396543353337","0.145488952742729","0.517285368193459"
"J15_C5curto_rAlto","2024","BBmsy","0.25701311362878","0.147921461489045","0.578377983854122"
"J15_C5curto_rAlto","2025","BBmsy","0.240224159960847","0.11185620154066","0.62953768585762"
"J15_C5curto_rAlto","2015","FFmsy","1.26952726265475","0.755760327245041","1.87195077226922"
"J15_C5curto_rAlto","2016","FFmsy","1.37087504341078","0.852420512228912","2.00518107581398"
"J15_C5curto_rAlto","2017","FFmsy","1.58786297011756","1.02100674870319","2.30251232081673"
"J15_C5curto_rAlto","2018","FFmsy","1.53749547279341","1.00212253462052","2.21402278740759"
"J15_C5curto_rAlto","2019","FFmsy","2.70621163103111","2.039499568341","3.58069304396076"
"J15_C5curto_rAlto","2020","FFmsy","2.65858680583867","1.99013957300695","3.30279325954778"
"J15_C5curto_rAlto","2021","FFmsy","1.46366365589517","0.874886692347045","2.00797786141714"
"J15_C5curto_rAlto","2022","FFmsy","1.35430179431174","0.803666362794726","1.89852123692976"
"J15_C5curto_rAlto","2023","FFmsy","1.62593361057179","0.952767871073691","2.2929859621967"
"J15_C5curto_rAlto","2024","FFmsy","1.87246359022292","0.965287161103419","2.9165829381067"
"J15_C5curto_rAlto","2025","FFmsy","0.442086609935086","0.175316847863263","0.994524265598974"
"J15_C5curto_rAlto","2015","BB0","0.396712625837125","0.227034603794108","0.850024161353823"
"J15_C5curto_rAlto","2016","BB0","0.389918083507905","0.227933786700293","0.716746928155262"
"J15_C5curto_rAlto","2017","BB0","0.3671897956783","0.215158004583373","0.632573530107102"
"J15_C5curto_rAlto","2018","BB0","0.317183020722931","0.187135867173283","0.544549392491244"
"J15_C5curto_rAlto","2019","BB0","0.292067727071227","0.175609171396243","0.493488170692249"
"J15_C5curto_rAlto","2020","BB0","0.152972771244463","0.0930914115312467","0.265268631001897"
"J15_C5curto_rAlto","2021","BB0","0.095053572533029","0.0562523508592231","0.19352079363015"
"J15_C5curto_rAlto","2022","BB0","0.105418890160482","0.0624298796255643","0.220066593274012"
"J15_C5curto_rAlto","2023","BB0","0.123198271676669","0.0727444763713647","0.25864268409673"
"J15_C5curto_rAlto","2024","BB0","0.12850655681439","0.0739607307445227","0.289188991927061"
"J15_C5curto_rAlto","2025","BB0","0.120112079980423","0.0559281007703301","0.31476884292881"
"J15_C5curto_rAlto","2015","procB","-0.00137331865733475","-0.119869685999675","0.112656976495361"
"J15_C5curto_rAlto","2016","procB","0.0111887898819841","-0.100301586913189","0.137789817243319"
"J15_C5curto_rAlto","2017","procB","0.00487991604501764","-0.109758747563801","0.122830692235728"
"J15_C5curto_rAlto","2018","procB","-0.00418670095543971","-0.125921824541659","0.11190869870879"
"J15_C5curto_rAlto","2019","procB","-0.00534065100871606","-0.125907183593369","0.109958823752544"
"J15_C5curto_rAlto","2020","procB","-0.00871203642186191","-0.131843973768068","0.106813993844407"
"J15_C5curto_rAlto","2021","procB","-0.00957586109727718","-0.135661893146506","0.101823263398491"
"J15_C5curto_rAlto","2022","procB","-0.00477782653351528","-0.126262015422559","0.108341071213503"
"J15_C5curto_rAlto","2023","procB","0.00805243993574077","-0.105840516135548","0.13111074495814"
"J15_C5curto_rAlto","2024","procB","0.00603409069505768","-0.1067289257768","0.129003736143064"
"J15_C5curto_rAlto","2025","procB","0.000777831048696637","-0.115717015206251","0.122685637692851"
"J15_C5curto_rAlto","2015","SPt","0","0","0"
"J15_C5curto_rAlto","2016","SPt","600.013601229716","189.300312412971","842.420250878087"
"J15_C5curto_rAlto","2017","SPt","568.808992346123","245.604875239084","798.891139424778"
"J15_C5curto_rAlto","2018","SPt","502.058871826469","188.950759535885","720.573382020179"
"J15_C5curto_rAlto","2019","SPt","474.061946744696","211.601129701837","670.37254687087"
"J15_C5curto_rAlto","2020","SPt","349.780364613191","-3.69126563159969","589.457626559669"
"J15_C5curto_rAlto","2021","SPt","232.573192685228","85.187396543579","350.101502549257"
"J15_C5curto_rAlto","2022","SPt","194.005660086318","131.772817230569","286.51262006088"
"J15_C5curto_rAlto","2023","SPt","230.395622061584","160.560537331811","337.410803272196"
"J15_C5curto_rAlto","2024","SPt","267.560867638808","174.159542535014","391.946724289734"
"J15_C5curto_rAlto","2025","SPt","266.616125782597","146.403686274083","438.682536235764"
"J16_C5curto_kBaixo","2015","B","2034.92116532362","968.13777236519","3848.33250004302"
"J16_C5curto_kBaixo","2016","B","1789.45642361149","963.622258677583","3156.29233361869"
"J16_C5curto_kBaixo","2017","B","1576.06052286575","905.170776188168","2700.57512976316"
"J16_C5curto_kBaixo","2018","B","1339.11716512028","784.636607981528","2270.56399537382"
"J16_C5curto_kBaixo","2019","B","1184.03422599141","723.495384155068","2002.23010955559"
"J16_C5curto_kBaixo","2020","B","671.009535571848","369.436971590568","1378.29270160652"
"J16_C5curto_kBaixo","2021","B","483.210326281333","219.530129681162","1203.74830127876"
"J16_C5curto_kBaixo","2022","B","528.170249142259","243.344686499807","1299.28614673666"
"J16_C5curto_kBaixo","2023","B","584.494353796058","279.077156175089","1442.43570303714"
"J16_C5curto_kBaixo","2024","B","589.294701033788","277.190544521212","1530.09205194725"
"J16_C5curto_kBaixo","2025","B","552.813278989267","195.564914685858","1633.03162445973"
"J16_C5curto_kBaixo","2015","F","0.294069982128324","0.14497836142632","0.613683318634557"
"J16_C5curto_kBaixo","2016","F","0.339090080414132","0.176564800685663","0.651286733533523"
"J16_C5curto_kBaixo","2017","F","0.401553701205133","0.217113111181278","0.730133480556326"
"J16_C5curto_kBaixo","2018","F","0.40769091451652","0.218727123179937","0.721154660919761"
"J16_C5curto_kBaixo","2019","F","0.742241201081368","0.400861896998348","1.15485513066917"
"J16_C5curto_kBaixo","2020","F","0.674586472911736","0.292138119151465","1.23273874231334"
"J16_C5curto_kBaixo","2021","F","0.334552484578009","0.124292566067599","0.75510977214598"
"J16_C5curto_kBaixo","2022","F","0.325618209627282","0.124377683988758","0.697019167243914"
"J16_C5curto_kBaixo","2023","F","0.408350369797736","0.160248488825814","0.819817493458086"
"J16_C5curto_kBaixo","2024","F","0.475863013144511","0.175151142636822","1.00480307348473"
"J16_C5curto_kBaixo","2025","F","0.111369439122453","0.0357103028327471","0.339864133764156"
"J16_C5curto_kBaixo","2015","BBmsy","1.3600352228368","0.555068553643146","2.42785571954206"
"J16_C5curto_kBaixo","2016","BBmsy","1.20820684587563","0.549263578696934","1.87028222087071"
"J16_C5curto_kBaixo","2017","BBmsy","1.07057070030764","0.518379247581086","1.57605157771648"
"J16_C5curto_kBaixo","2018","BBmsy","0.906499786198439","0.458699262878415","1.33221742082844"
"J16_C5curto_kBaixo","2019","BBmsy","0.802268929731435","0.424573872608871","1.17001900631888"
"J16_C5curto_kBaixo","2020","BBmsy","0.454277920059689","0.220819840117384","0.786612014859824"
"J16_C5curto_kBaixo","2021","BBmsy","0.323107817326971","0.13022704440484","0.683176925997645"
"J16_C5curto_kBaixo","2022","BBmsy","0.357008750193252","0.143005048200817","0.756785850076431"
"J16_C5curto_kBaixo","2023","BBmsy","0.397862520711412","0.163824699910011","0.852881706731091"
"J16_C5curto_kBaixo","2024","BBmsy","0.402024720819363","0.15871074631622","0.919350534317597"
"J16_C5curto_kBaixo","2025","BBmsy","0.377755442728217","0.112416830185455","0.980583472797237"
"J16_C5curto_kBaixo","2015","FFmsy","1.12128571430266","0.642678664514734","1.7915077898138"
"J16_C5curto_kBaixo","2016","FFmsy","1.28097554713853","0.789543974898184","1.9938452566088"
"J16_C5curto_kBaixo","2017","FFmsy","1.51919714036248","0.946650663046889","2.29912115200795"
"J16_C5curto_kBaixo","2018","FFmsy","1.53141494036827","0.97030590625541","2.36721597311316"
"J16_C5curto_kBaixo","2019","FFmsy","2.71651545397412","1.91656483803561","3.86051487796274"
"J16_C5curto_kBaixo","2020","FFmsy","2.53012794183418","1.52882838001729","3.37400419016543"
"J16_C5curto_kBaixo","2021","FFmsy","1.29218680908601","0.616737679458408","1.94011744108902"
"J16_C5curto_kBaixo","2022","FFmsy","1.23627979414242","0.579099252829314","1.93899246515876"
"J16_C5curto_kBaixo","2023","FFmsy","1.54445246892341","0.713507255622348","2.53202704694358"
"J16_C5curto_kBaixo","2024","FFmsy","1.77988161837315","0.726021411722833","3.39552938886012"
"J16_C5curto_kBaixo","2025","FFmsy","0.416407638205101","0.141830243529661","1.18892387608701"
"J16_C5curto_kBaixo","2015","BB0","0.680017611418398","0.277534276821573","1.21392785977103"
"J16_C5curto_kBaixo","2016","BB0","0.604103422937816","0.274631789348467","0.935141110435355"
"J16_C5curto_kBaixo","2017","BB0","0.535285350153821","0.259189623790543","0.788025788858241"
"J16_C5curto_kBaixo","2018","BB0","0.453249893099219","0.229349631439207","0.666108710414222"
"J16_C5curto_kBaixo","2019","BB0","0.401134464865717","0.212286936304436","0.585009503159442"
"J16_C5curto_kBaixo","2020","BB0","0.227138960029845","0.110409920058692","0.393306007429912"
"J16_C5curto_kBaixo","2021","BB0","0.161553908663485","0.06511352220242","0.341588462998822"
"J16_C5curto_kBaixo","2022","BB0","0.178504375096626","0.0715025241004086","0.378392925038215"
"J16_C5curto_kBaixo","2023","BB0","0.198931260355706","0.0819123499550055","0.426440853365545"
"J16_C5curto_kBaixo","2024","BB0","0.201012360409681","0.0793553731581099","0.459675267158798"
"J16_C5curto_kBaixo","2025","BB0","0.188877721364108","0.0562084150927274","0.490291736398618"
"J16_C5curto_kBaixo","2015","procB","0.00274369010915299","-0.108958131775055","0.124343014368648"
"J16_C5curto_kBaixo","2016","procB","0.0157639097666019","-0.0920313419526941","0.148884338293091"
"J16_C5curto_kBaixo","2017","procB","0.0122087834366507","-0.098693055355759","0.138019602370226"
"J16_C5curto_kBaixo","2018","procB","0.00280760215865983","-0.111298241876344","0.121829335563172"
"J16_C5curto_kBaixo","2019","procB","0.00132770566954643","-0.113672565553502","0.117960236075867"
"J16_C5curto_kBaixo","2020","procB","-0.00562294650369541","-0.129185533981301","0.107262266714948"
"J16_C5curto_kBaixo","2021","procB","-0.0100013745958107","-0.136292927731813","0.105353707461223"
"J16_C5curto_kBaixo","2022","procB","-0.00307806485929871","-0.117593929786741","0.115167057808074"
"J16_C5curto_kBaixo","2023","procB","0.005053163448414","-0.111862960956258","0.129829529311417"
"J16_C5curto_kBaixo","2024","procB","0.00438433124472304","-0.112888052475204","0.126993944721421"
"J16_C5curto_kBaixo","2025","procB","0.00128906418237981","-0.117884179619753","0.115496731856163"
"J16_C5curto_kBaixo","2015","SPt","0","0","0"
"J16_C5curto_kBaixo","2016","SPt","415.479384023915","-328.894865378949","784.358427895524"
"J16_C5curto_kBaixo","2017","SPt","445.646270251435","-7.3826408341141","756.685698298346"
"J16_C5curto_kBaixo","2018","SPt","421.794375440349","45.1300627962436","695.680628576724"
"J16_C5curto_kBaixo","2019","SPt","406.276322515822","79.0647748201037","634.936638753152"
"J16_C5curto_kBaixo","2020","SPt","323.07261570453","-58.8572879605169","586.674887009302"
"J16_C5curto_kBaixo","2021","SPt","233.489673312152","51.7338387354777","381.505248503589"
"J16_C5curto_kBaixo","2022","SPt","204.489503548337","117.393053063844","350.948431358286"
"J16_C5curto_kBaixo","2023","SPt","232.702217058383","133.154265723542","400.401802760193"
"J16_C5curto_kBaixo","2024","SPt","259.268189376535","127.126656652924","436.29140600253"
"J16_C5curto_kBaixo","2025","SPt","256.476179488004","102.297858650644","464.828416985816"
"J17_C5curto_kAlto","2015","B","2464.70814457914","1437.05508782105","19727.8516972815"
"J17_C5curto_kAlto","2016","B","2317.03871812983","1390.36056814878","19842.8216126249"
"J17_C5curto_kAlto","2017","B","2111.51712381662","1287.6265587749","20141.9551166712"
"J17_C5curto_kAlto","2018","B","1838.18714877009","1121.7774691752","20445.1986353396"
"J17_C5curto_kAlto","2019","B","1639.92771065893","1005.03173122777","20313.5521103115"
"J17_C5curto_kAlto","2020","B","1064.21758919781","587.995874912097","20444.955529045"
"J17_C5curto_kAlto","2021","B","850.700491849901","418.992618868017","21003.2635911484"
"J17_C5curto_kAlto","2022","B","885.436247250893","440.149398709416","21326.9601433689"
"J17_C5curto_kAlto","2023","B","928.710955967362","463.063608588589","21549.6275291342"
"J17_C5curto_kAlto","2024","B","916.400637578892","424.380931324552","21927.7353046726"
"J17_C5curto_kAlto","2025","B","855.325622314125","300.508209552455","22391.683129816"
"J17_C5curto_kAlto","2015","F","0.257036329658545","0.0315552311398907","0.465101904635446"
"J17_C5curto_kAlto","2016","F","0.28103092124864","0.0323105530876875","0.502838393146591"
"J17_C5curto_kAlto","2017","F","0.320609824932689","0.0320210025297641","0.558228191267818"
"J17_C5curto_kAlto","2018","F","0.308380027194896","0.026695587853722","0.541077340482551"
"J17_C5curto_kAlto","2019","F","0.54516663987862","0.0385155450108923","0.867166552633162"
"J17_C5curto_kAlto","2020","F","0.409329672918879","0.0197123559884976","0.76704557964358"
"J17_C5curto_kAlto","2021","F","0.185278031603982","0.00753078979069549","0.401637732915454"
"J17_C5curto_kAlto","2022","F","0.1923578820406","0.00799240850363851","0.404541046404109"
"J17_C5curto_kAlto","2023","F","0.257172763213982","0.011030958207644","0.52423189654092"
"J17_C5curto_kAlto","2024","F","0.305045835242977","0.0124860722383385","0.686429763747739"
"J17_C5curto_kAlto","2025","F","0.0705323386667704","0.00267070816140684","0.222850041836319"
"J17_C5curto_kAlto","2015","BBmsy","0.470451064486708","0.202526783680215","2.08316858752217"
"J17_C5curto_kAlto","2016","BBmsy","0.443807564187712","0.191883012873813","1.97653929798024"
"J17_C5curto_kAlto","2017","BBmsy","0.408757861417178","0.176778905428636","1.93673725164817"
"J17_C5curto_kAlto","2018","BBmsy","0.356428916783149","0.153766353023546","1.8960423681223"
"J17_C5curto_kAlto","2019","BBmsy","0.320336502920708","0.139925603622555","1.88838975982706"
"J17_C5curto_kAlto","2020","BBmsy","0.208886201775081","0.0862931669902356","1.85489206731209"
"J17_C5curto_kAlto","2021","BBmsy","0.169505854339544","0.0649036409583434","1.8733759766239"
"J17_C5curto_kAlto","2022","BBmsy","0.178601660644118","0.0679682437729333","1.90389137204872"
"J17_C5curto_kAlto","2023","BBmsy","0.188479673826693","0.071304592444227","1.92815223203636"
"J17_C5curto_kAlto","2024","BBmsy","0.186452124809827","0.0658785227173797","1.95979419683949"
"J17_C5curto_kAlto","2025","BBmsy","0.172887704002384","0.0501893562427322","1.97218973253447"
"J17_C5curto_kAlto","2015","FFmsy","1.8557586320249","0.150929039736459","2.84196493539303"
"J17_C5curto_kAlto","2016","FFmsy","2.01816812432083","0.148506336996386","3.11484637203674"
"J17_C5curto_kAlto","2017","FFmsy","2.29230612758914","0.145387915358157","3.55618532650638"
"J17_C5curto_kAlto","2018","FFmsy","2.18960220091218","0.122134613699718","3.51568145887985"
"J17_C5curto_kAlto","2019","FFmsy","3.84355689811679","0.181403861748504","5.86053809844166"
"J17_C5curto_kAlto","2020","FFmsy","2.95061059116564","0.0918580751173221","4.60472366061193"
"J17_C5curto_kAlto","2021","FFmsy","1.35088203236657","0.0342783099350504","2.3840002265689"
"J17_C5curto_kAlto","2022","FFmsy","1.37663669513859","0.0375072714701657","2.53906831578244"
"J17_C5curto_kAlto","2023","FFmsy","1.80615736621017","0.0509370670669529","3.51689118932351"
"J17_C5curto_kAlto","2024","FFmsy","2.15823400746914","0.0577914531660472","4.70625571588379"
"J17_C5curto_kAlto","2025","FFmsy","0.494820580475481","0.0122558643153885","1.5632801851911"
"J17_C5curto_kAlto","2015","BB0","0.235225532243354","0.101263391840107","1.04158429376108"
"J17_C5curto_kAlto","2016","BB0","0.221903782093856","0.0959415064369064","0.988269648990122"
"J17_C5curto_kAlto","2017","BB0","0.204378930708589","0.0883894527143179","0.968368625824084"
"J17_C5curto_kAlto","2018","BB0","0.178214458391574","0.0768831765117728","0.948021184061148"
"J17_C5curto_kAlto","2019","BB0","0.160168251460354","0.0699628018112774","0.94419487991353"
"J17_C5curto_kAlto","2020","BB0","0.10444310088754","0.0431465834951178","0.927446033656046"
"J17_C5curto_kAlto","2021","BB0","0.0847529271697719","0.0324518204791717","0.936687988311948"
"J17_C5curto_kAlto","2022","BB0","0.0893008303220591","0.0339841218864666","0.951945686024362"
"J17_C5curto_kAlto","2023","BB0","0.0942398369133465","0.0356522962221135","0.964076116018182"
"J17_C5curto_kAlto","2024","BB0","0.0932260624049136","0.0329392613586898","0.979897098419747"
"J17_C5curto_kAlto","2025","BB0","0.0864438520011919","0.0250946781213661","0.986094866267237"
"J17_C5curto_kAlto","2015","procB","-0.00660143131814561","-0.129785107704412","0.107082102326469"
"J17_C5curto_kAlto","2016","procB","0.00160573115326668","-0.114669950579545","0.125665795753928"
"J17_C5curto_kAlto","2017","procB","-0.00327565561343546","-0.125314679047018","0.113386332472579"
"J17_C5curto_kAlto","2018","procB","-0.00877176057689566","-0.133008886043059","0.104869806705653"
"J17_C5curto_kAlto","2019","procB","-0.00764419698982599","-0.133682560462299","0.1033476195713"
"J17_C5curto_kAlto","2020","procB","-0.00973583812730938","-0.134614311206639","0.104057135094948"
"J17_C5curto_kAlto","2021","procB","-0.0114203274165934","-0.139361719476917","0.100220279410772"
"J17_C5curto_kAlto","2022","procB","-0.00664084066531459","-0.132019247001498","0.106316324541136"
"J17_C5curto_kAlto","2023","procB","0.0033502521020826","-0.117307832163314","0.12259316918303"
"J17_C5curto_kAlto","2024","procB","0.00408035384941469","-0.111374620009436","0.123770960641788"
"J17_C5curto_kAlto","2025","procB","0.00184835845221731","-0.114053361320442","0.12074209600529"
"J17_C5curto_kAlto","2015","SPt","0","0","0"
"J17_C5curto_kAlto","2016","SPt","523.94112342013","-239.922134180335","2117.28858403759"
"J17_C5curto_kAlto","2017","SPt","481.952146878806","-143.051498580365","2015.16723486517"
"J17_C5curto_kAlto","2018","SPt","422.233442540199","-223.759518711529","1752.31854308663"
"J17_C5curto_kAlto","2019","SPt","386.971109861175","-117.07529289587","1762.27821215282"
"J17_C5curto_kAlto","2020","SPt","293.270790246871","-289.608542391959","1597.09250768152"
"J17_C5curto_kAlto","2021","SPt","227.664258394167","-140.431458848045","1527.85242505179"
"J17_C5curto_kAlto","2022","SPt","202.381508679678","-184.772889232435","1545.36567357283"
"J17_C5curto_kAlto","2023","SPt","225.112257461798","-256.586726771262","1462.63330698566"
"J17_C5curto_kAlto","2024","SPt","241.779697899575","-179.858475694052","1557.33451855656"
"J17_C5curto_kAlto","2025","SPt","229.619657968114","-328.713998030657","1538.62645919494"
"J19_C6curto_base","2015","B","2111.18720028944","1155.57650899225","3663.56323049423"
"J19_C6curto_base","2016","B","1912.54875706811","1084.20140016716","3133.62325705304"
"J19_C6curto_base","2017","B","1690.99891328028","983.746542148541","2692.73169471584"
"J19_C6curto_base","2018","B","1436.42440804862","839.737796520588","2247.83110432098"
"J19_C6curto_base","2019","B","1257.18201728385","757.160753343532","1944.02261965939"
"J19_C6curto_base","2020","B","752.32765683235","415.457942404461","1296.61466431601"
"J19_C6curto_base","2021","B","514.079162165129","258.642740948638","1035.36119230421"
"J19_C6curto_base","2022","B","530.799888343671","275.687269798894","1062.26222960449"
"J19_C6curto_base","2023","B","537.238488548525","294.912134795343","1108.62595330487"
"J19_C6curto_base","2024","B","489.848654909707","269.69204352523","1118.90276217994"
"J19_C6curto_base","2025","B","375.260505202928","153.636488808776","1102.2152287986"
"J19_C6curto_base","2015","F","0.302003075072178","0.162532802022349","0.590246341032316"
"J19_C6curto_base","2016","F","0.341186582568818","0.18859247466011","0.635673927935095"
"J19_C6curto_base","2017","F","0.393686792758724","0.225476584990328","0.695440047771684"
"J19_C6curto_base","2018","F","0.389004820740006","0.226271287006938","0.690640837940217"
"J19_C6curto_base","2019","F","0.678977491415318","0.418996579635461","1.03878658435081"
"J19_C6curto_base","2020","F","0.62243022174393","0.325358842749701","1.05777145998057"
"J19_C6curto_base","2021","F","0.305849351666209","0.14483079544051","0.629474002770145"
"J19_C6curto_base","2022","F","0.325216231604164","0.152808724129166","0.623807533370895"
"J19_C6curto_base","2023","F","0.430409161114139","0.205640195784276","0.764364844546687"
"J19_C6curto_base","2024","F","0.579766771749002","0.239835863713112","1.01844516964646"
"J19_C6curto_base","2025","F","0.164867932456968","0.0527937160372211","0.439431821950587"
"J19_C6curto_base","2015","BBmsy","0.79161132204594","0.348480972849686","2.06337444147878"
"J19_C6curto_base","2016","BBmsy","0.730185957673347","0.325086535892821","1.63440029838756"
"J19_C6curto_base","2017","BBmsy","0.652812099957907","0.2959541570484","1.369668863155"
"J19_C6curto_base","2018","BBmsy","0.559265596905647","0.253754314964561","1.14260247755412"
"J19_C6curto_base","2019","BBmsy","0.488510225241909","0.228469025587561","0.986377877282469"
"J19_C6curto_base","2020","BBmsy","0.290415964181888","0.136941149076766","0.620937091796282"
"J19_C6curto_base","2021","BBmsy","0.197206393078843","0.0905577879584812","0.469835597457633"
"J19_C6curto_base","2022","BBmsy","0.204602365845721","0.0943055966049003","0.485275286562789"
"J19_C6curto_base","2023","BBmsy","0.209467273030918","0.0958397463876817","0.524037307705634"
"J19_C6curto_base","2024","BBmsy","0.193204959145126","0.083479608720424","0.531673483263917"
"J19_C6curto_base","2025","BBmsy","0.146371223452068","0.0504234088114875","0.507807173507896"
"J19_C6curto_base","2015","FFmsy","1.60348083829437","0.861282803942321","2.53855422548608"
"J19_C6curto_base","2016","FFmsy","1.77880925117564","1.04749917416377","2.82981025331587"
"J19_C6curto_base","2017","FFmsy","2.04865758840412","1.25168744801012","3.21969337922113"
"J19_C6curto_base","2018","FFmsy","2.02220644636767","1.26468886333097","3.22096812027306"
"J19_C6curto_base","2019","FFmsy","3.46954589943701","2.39004788901731","5.24357541479441"
"J19_C6curto_base","2020","FFmsy","3.17996027405503","2.18328341151432","4.5534542636088"
"J19_C6curto_base","2021","FFmsy","1.58921294182804","0.9555855938906","2.42709213683499"
"J19_C6curto_base","2022","FFmsy","1.67545057930004","0.960116069390503","2.65710532800839"
"J19_C6curto_base","2023","FFmsy","2.18693395972481","1.22942764626677","3.67561760235329"
"J19_C6curto_base","2024","FFmsy","2.92877284354627","1.37429054400414","5.51984383237805"
"J19_C6curto_base","2025","FFmsy","0.841975377005002","0.289321221196663","2.24160290983553"
"J19_C6curto_base","2015","BB0","0.39580566102297","0.174240486424843","1.03168722073939"
"J19_C6curto_base","2016","BB0","0.365092978836674","0.16254326794641","0.817200149193782"
"J19_C6curto_base","2017","BB0","0.326406049978954","0.1479770785242","0.6848344315775"
"J19_C6curto_base","2018","BB0","0.279632798452824","0.12687715748228","0.571301238777062"
"J19_C6curto_base","2019","BB0","0.244255112620955","0.11423451279378","0.493188938641234"
"J19_C6curto_base","2020","BB0","0.145207982090944","0.0684705745383829","0.310468545898141"
"J19_C6curto_base","2021","BB0","0.0986031965394214","0.0452788939792406","0.234917798728816"
"J19_C6curto_base","2022","BB0","0.10230118292286","0.0471527983024502","0.242637643281394"
"J19_C6curto_base","2023","BB0","0.104733636515459","0.0479198731938408","0.262018653852817"
"J19_C6curto_base","2024","BB0","0.096602479572563","0.041739804360212","0.265836741631959"
"J19_C6curto_base","2025","BB0","0.0731856117260339","0.0252117044057438","0.253903586753948"
"J19_C6curto_base","2015","procB","-0.00246132904991969","-0.119151107790186","0.112974791815854"
"J19_C6curto_base","2016","procB","0.000353455836718419","-0.112431523924833","0.116123671000984"
"J19_C6curto_base","2017","procB","-0.000371645803518672","-0.115944866117142","0.120945106030616"
"J19_C6curto_base","2018","procB","-0.00265420377979814","-0.115889279361288","0.109758764309628"
"J19_C6curto_base","2019","procB","-0.00219555997454313","-0.12062189880236","0.112368061725976"
"J19_C6curto_base","2020","procB","-0.00618668522113852","-0.124178504412367","0.10343355916027"
"J19_C6curto_base","2021","procB","-0.0122981013170526","-0.138116598539316","0.0979334591307124"
"J19_C6curto_base","2022","procB","0.00195350046732506","-0.114389420096574","0.119052798090193"
"J19_C6curto_base","2023","procB","0.00397267529219424","-0.109349620274632","0.121056730853133"
"J19_C6curto_base","2024","procB","0.00666150737349723","-0.10319810239175","0.128040211822305"
"J19_C6curto_base","2025","procB","0.000176543207639379","-0.11586064337741","0.113068960507987"
"J19_C6curto_base","2015","SPt","0","0","0"
"J19_C6curto_base","2016","SPt","448.887480396723","-122.241990127698","754.928120906028"
"J19_C6curto_base","2017","SPt","440.421197200717","19.2486521183348","729.573250915511"
"J19_C6curto_base","2018","SPt","410.499543536534","52.0952787351099","669.218605670575"
"J19_C6curto_base","2019","SPt","378.692255484907","91.134093117817","608.064924425788"
"J19_C6curto_base","2020","SPt","314.574033944624","-26.6707645388667","560.704313677476"
"J19_C6curto_base","2021","SPt","185.688002193499","-17.3782139652804","329.309509895927"
"J19_C6curto_base","2022","SPt","179.57910126586","91.2468514486148","271.419546132975"
"J19_C6curto_base","2023","SPt","188.638805501112","91.9232592397352","296.867363589449"
"J19_C6curto_base","2024","SPt","209.320959498619","86.7773535944537","329.492747488089"
"J19_C6curto_base","2025","SPt","178.095392715921","38.7179602882979","338.76861210192"
