ILHA;;DATA PARTIDA;DATA CHEGADA;MÊS;DIA;ANO;PORTO EMBARQUE;PORTO DESEMBARQUE;ZONA DE PESCA;ENGENHO;GRUPO;ESPÉCIE CAPTURADA;NOME CIENTÍFICO;QUANTIDADE CAPTURADA (Kg)
São Vicente;Baía Porto Novo;1/9/2018;1/10/2018;1;10;2018;CPCI;CPCI;Sul de São Pedro;Rede de cerco;Pequenos pelágicos;Cavala preta;Decapterus macarellus;12112
São Vicente;Baía Porto Novo;1/9/2018;1/10/2018;1;10;2018;CPCI;CPCI;Sul de São Pedro;Rede de cerco;Tunídeos;Cachorrinha ou Judeu;Auxis sp;9000
São Vicente;São José;1/9/2018;1/10/2018;1;10;2018;CPCI;CPCI;Sul de São Pedro;Rede de cerco;Tunídeos;Cachorrinha ou Judeu;Auxis sp;12131
São Vicente;Baía Porto Novo;1/10/2018;1/11/2018;1;11;2018;CPCI;CPCI;Sul de São Pedro;Rede de cerco;Pequenos pelágicos;Cavala preta;Decapterus macarellus;2000
São Vicente;Baía Porto Novo;1/10/2018;1/11/2018;1;11;2018;CPCI;CPCI;Sul de São Pedro;Rede de cerco;Tunídeos;Cachorrinha ou Judeu;Auxis sp;8500
São Vicente;São João Baptista;1/10/2018;1/11/2018;1;11;2018;CPCI;CPCI;Sul de São Pedro;Rede de cerco;Tunídeos;Cachorrinha ou Judeu;Auxis sp;4500
São Vicente;São João Baptista;1/10/2018;1/11/2018;1;11;2018;CPCI;CPCI;Sul de São Pedro;Rede de cerco;Pequenos pelágicos;Cavala preta;Decapterus macarellus;8800
São Vicente;Cristalina A;1/11/2018;1/12/2018;1;12;2018;CPCI;CPCI;Sul de São Pedro;Rede de cerco;Pequenos pelágicos;Cavala preta;Decapterus macarellus;8014
São Vicente;Baía Porto Novo;1/11/2018;1/12/2018;1;12;2018;CPCI;CPCI;Sul de São Pedro;Rede de cerco;Pequenos pelágicos;Cavala preta;Decapterus macarellus;8000
São Vicente;Baía Porto Novo;1/11/2018;1/12/2018;1;12;2018;CPCI;CPCI;Sul de São Pedro;Rede de cerco;Tunídeos;Cachorrinha ou Judeu;Auxis sp;600
São Vicente;São José;1/11/2018;1/12/2018;1;12;2018;CPCI;CPCI;Póss de pau;Rede de cerco;Pequenos pelágicos;Cavala preta;Decapterus macarellus;7833
São Vicente;São José;1/11/2018;1/12/2018;1;12;2018;CPCI;CPCI;Póss de pau;Rede de cerco;Tunídeos;Cachorrinha ou Judeu;Auxis sp;500
São Vicente;Baía Porto Novo;1/14/2018;1/15/2018;1;15;2018;CPCI;CPCI;Sul de São Pedro;Rede de cerco;Pequenos pelágicos;Cavala preta;Decapterus macarellus;20115
São Vicente;Sal Rei;1/14/2018;1/15/2018;1;15;2018;CPCI;CPCI;Póss de pau;Rede de cerco;Pequenos pelágicos;Cavala preta;Decapterus macarellus;2000
São Vicente;São João Baptista;1/14/2018;1/15/2018;1;15;2018;CPCI;CPCI;Flamengo;Rede de cerco;Pequenos pelágicos;Cavala preta;Decapterus macarellus;7073
São Vicente;Cristalina A;1/14/2018;1/15/2018;1;15;2018;CPCI;CPCI;Sul de São Pedro;Rede de cerco;Pequenos pelágicos;Cavala preta;Decapterus macarellus;26369
São Vicente;Cristalina A;1/14/2018;1/15/2018;1;15;2018;CPCI;CPCI;Sul de São Pedro;Rede de cerco;Tunídeos;Cachorrinha ou Judeu;Auxis sp;1300
São Vicente;Tantum;1/15/2018;1/16/2018;1;16;2018;CPCI;Mercado de peixe;Ribeira de caixa;Rede de cerco;Pequenos pelágicos;Cavala preta;Decapterus macarellus;700
São Vicente;Tantum;1/15/2018;1/16/2018;1;16;2018;CPCI;Mercado de peixe;Ribeira de caixa;Rede de cerco;Pequenos pelágicos;Chicharro;Selar crumenophthalmus;400
São Vicente;Maranata;1/15/2018;1/16/2018;1;16;2018;CPCI;Mercado de peixe;Sul de São Pedro;Rede de cerco;Pequenos pelágicos;Cavala preta;Decapterus macarellus;4500
São Vicente;Laginha;1/15/2018;1/16/2018;1;16;2018;CPCI;CPCI;Flamengo;Rede de cerco;Tunídeos;Cachorrinha ou Judeu;Auxis sp;2700
São Vicente;São José;1/14/2018;1/15/2018;1;15;2018;CPCI;CPCI;Tarrafal de Monte Trigo;Rede de cerco;Pequenos pelágicos;Cavala preta;Decapterus macarellus;12000
São Vicente;São José;1/14/2018;1/15/2018;1;15;2018;CPCI;CPCI;Tarrafal de Monte Trigo;Rede de cerco;Tunídeos;Cachorrinha ou Judeu;Auxis sp;400
São Vicente;Sal Rei;1/15/2018;1/16/2018;1;16;2018;CPCI;CPCI;Flamengo;Rede de cerco;Pequenos pelágicos;Cavala preta;Decapterus macarellus;7000
São Vicente;Baía Porto Novo;1/15/2018;1/16/2018;1;16;2018;CPCI;CPCI;Sul de São Pedro;Rede de cerco;Pequenos pelágicos;Cavala preta;Decapterus macarellus;22038
São Vicente;Cristalina A;1/15/2018;1/16/2018;1;16;2018;CPCI;CPCI;Sul de São Pedro;Rede de cerco;Pequenos pelágicos;Cavala preta;Decapterus macarellus;11000
São Vicente;Frescura Baía;1/15/2018;1/16/2018;1;16;2018;CPCI;CPCI;Sul de São Pedro;Rede de cerco;Tunídeos;Cachorrinha ou Judeu;Auxis sp;3000
São Vicente;São João Baptista;1/15/2018;1/16/2018;1;16;2018;CPCI;CPCI;Flamengo;Rede de cerco;Pequenos pelágicos;Cavala preta;Decapterus macarellus;17000
São Vicente;Maranata;1/16/2018;1/17/2018;1;17;2018;CPCI;CPCI;Sul de São Pedro;Rede de cerco;Pequenos pelágicos;Cavala preta;Decapterus macarellus;5000
São Vicente;Frescura Baía;1/17/2018;1/18/2018;1;18;2018;CPCI;CPCI;Póss de pau;Rede de cerco;Pequenos pelágicos;Cavala preta;Decapterus macarellus;2000
São Vicente;São José;1/16/2018;1/18/2018;1;18;2018;CPCI;CPCI;Monte Trigo;Rede de cerco;Pequenos pelágicos;Cavala preta;Decapterus macarellus;4351
São Vicente;Cristalina A;1/17/2018;1/18/2018;1;18;2018;CPCI;CPCI;Sul de São Pedro;Rede de cerco;Pequenos pelágicos;Cavala preta;Decapterus macarellus;1500
São Vicente;Djesone;1/17/2018;1/18/2018;1;18;2018;CPCI;CPCI;Póss de pau;Rede de cerco;Pequenos pelágicos;Cavala preta;Decapterus macarellus;2022
São Vicente;Djesone;1/18/2018;1/19/2018;1;19;2018;CPCI;CPCI;Póss de pau;Rede de cerco;Pequenos pelágicos;Cavala preta;Decapterus macarellus;7000
São Vicente;Frescura Baía;1/18/2018;1/19/2018;1;19;2018;CPCI;Mercado de peixe;Praia Formosa;Rede de cerco;Pequenos pelágicos;Chicharro;Selar crumenophthalmus;700
São Vicente;Tantum;1/22/2018;1/23/2018;1;23;2018;CPCI;Mercado de peixe;Póss de pau;Rede de cerco;Pequenos pelágicos;Cavala preta;Decapterus macarellus;500
São Vicente;Tantum;1/22/2018;1/23/2018;1;23;2018;CPCI;Mercado de peixe;Póss de pau;Rede de cerco;Tunídeos;Cachorrinha ou Judeu;Auxis sp;100
São Vicente;Sal Rei;1/22/2018;1/23/2018;1;23;2018;CPCI;CPCI;Póss de pau;Rede de cerco;Pequenos pelágicos;Cavala preta;Decapterus macarellus;4800
São Vicente;Cristalina A;1/22/2018;1/23/2018;1;23;2018;CPCI;Mercado de peixe;Flamengo;Rede de cerco;Demersais;Sargo d'areia;Lithognathus mormyrus;350
São Vicente;Cristalina A;1/22/2018;1/23/2018;1;23;2018;CPCI;Mercado de peixe;Flamengo;Rede de cerco;Pequenos pelágicos;Chicharro;Selar crumenophthalmus;400
São Vicente;Baía Porto Novo;1/22/2018;1/23/2018;1;23;2018;CPCI;CPCI;Sul de São Pedro;Rede de cerco;Tunídeos;Cachorrinha ou Judeu;Auxis sp;2200
São Vicente;Ponta Peça;1/22/2018;1/23/2018;1;23;2018;CPCI;CPCI;Farol de São Pedro;Rede de cerco;Pequenos pelágicos;Cavala preta;Decapterus macarellus;10042
São Vicente;Ponta Peça;1/22/2018;1/23/2018;1;23;2018;CPCI;CPCI;Farol de São Pedro;Rede de cerco;Tunídeos;Cachorrinha ou Judeu;Auxis sp;300
São Vicente;Tantum;1/23/2018;1/24/2018;1;24;2018;CPCI;CPCI/ Mercado de peixe;Póss de pau;Rede de cerco;Pequenos pelágicos;Cavala preta;Decapterus macarellus;3500
São Vicente;Tantum;1/23/2018;1/24/2018;1;24;2018;CPCI;CPCI/ Mercado de peixe;Póss de pau;Rede de cerco;Pequenos pelágicos;Chicharro;Selar crumenophthalmus;400
São Vicente;Djesone;1/23/2018;1/24/2018;1;24;2018;CPCI;CPCI;Porto Novo;Rede de cerco;Pequenos pelágicos;Cavala preta;Decapterus macarellus;3000
São Vicente;Barbara;1/23/2018;1/24/2018;1;24;2018;CPCI;CPCI;Sul de São Pedro;Rede de cerco;Pequenos pelágicos;Cavala preta;Decapterus macarellus;5914
São Vicente;Baía Porto Novo;1/23/2018;1/24/2018;1;24;2018;CPCI;CPCI;Póss de pau;Rede de cerco;Tunídeos;Cachorrinha ou Judeu;Auxis sp;6800
São Vicente;Barbara;1/24/2018;1/25/2018;1;25;2018;CPCI;CPCI;Porto Novo;Rede de cerco;Pequenos pelágicos;Cavala preta;Decapterus macarellus;6572
São Vicente;Maranata;1/24/2018;1/25/2018;1;25;2018;CPCI;CPCI;Ribeira torta;Rede de cerco;Pequenos pelágicos;Cavala preta;Decapterus macarellus;2000
São Vicente;São José;1/21/2018;1/25/2018;1;25;2018;CPCI;CPCI;Noroeste;Linha e vara;Tunídeos;Albacora;Thunnus albacares;1200
São Vicente;São José;1/21/2018;1/25/2018;1;25;2018;CPCI;CPCI;Noroeste;Linha e vara;Tunídeos;Serra ou Djeu;Acanthocybium solandri;45
São Vicente;Ponta Peça;1/24/2018;1/25/2018;1;25;2018;CPCI;CPCI;Baía de São Pedro;Rede de cerco;Pequenos pelágicos;Cavala preta;Decapterus macarellus;4000
São Vicente;Djesone;1/25/2018;1/26/2018;1;26;2018;CPCI;CPCI;Póss de pau;Rede de cerco;Pequenos pelágicos;Cavala preta;Decapterus macarellus;3600
São Vicente;São João Baptista;1/26/2018;1/26/2018;1;26;2018;Porto Novo;CPCI;Ribeira torta;Rede de cerco;Pequenos pelágicos;Cavala preta;Decapterus macarellus;4223
São Vicente;Cristalina A;1/25/2018;1/26/2018;1;26;2018;CPCI;CPCI;Sul de São Pedro;Rede de cerco;Pequenos pelágicos;Cavala preta;Decapterus macarellus;7000
São Vicente;Cristalina A;1/25/2018;1/26/2018;1;26;2018;CPCI;CPCI;Sul de São Pedro;Rede de cerco;Tunídeos;Cachorrinha ou Judeu;Auxis sp;5503
São Vicente;Ponta Peça;1/25/2018;1/26/2018;1;26;2018;CPCI;CPCI;Sul de São Pedro;Rede de cerco;Tunídeos;Cachorrinha ou Judeu;Auxis sp;3400
São Vicente;Laginha;1/25/2018;1/26/2018;1;26;2018;CPCI;CPCI;Sul de São Pedro;Rede de cerco;Pequenos pelágicos;Cavala preta;Decapterus macarellus;625
São Vicente;Laginha;1/25/2018;1/26/2018;1;26;2018;CPCI;CPCI;Sul de São Pedro;Rede de cerco;Tunídeos;Cachorrinha ou Judeu;Auxis sp;3500
São Vicente;Gamboa;1/28/2018;1/29/2018;1;29;2018;CPCI;CPCI;Sul de São Pedro;Rede de cerco;Tunídeos;Cachorrinha ou Judeu;Auxis sp;1279
São Vicente;Djesone;2/8/2018;2/9/2018;2;9;2018;CPCI;CPCI;Póss de pau;Rede de cerco;Pequenos pelágicos;Chicharro;Selar crumenophthalmus;3500
São Vicente;Djesone;2/8/2018;2/9/2018;2;9;2018;CPCI;CPCI;Póss de pau;Rede de cerco;Tunídeos;Cachorrinha ou Judeu;Auxis sp;746
São Vicente;Ponta Peça;2/8/2018;2/9/2018;2;9;2018;CPCI;CPCI;Sul de São Pedro;Rede de cerco;Pequenos pelágicos;Cavala preta;Decapterus macarellus;11000
São Vicente;Barbara;2/11/2018;2/12/2018;2;12;2018;CPCI;CPCI;Póss de pau;Rede de cerco;Pequenos pelágicos;Cavala preta;Decapterus macarellus;7600
São Vicente;Flamengo;2/14/2018;2/15/2018;2;15;2018;CPCI;CPCI;Flamengo;Rede de cerco;Pequenos pelágicos;Cavala preta;Decapterus macarellus;4500
São Vicente;Tantum;2/14/2018;2/15/2018;2;15;2018;CPCI;Mercado de peixe;Baía das Gatas;Rede de cerco;Pequenos pelágicos;Chicharro;Selar crumenophthalmus;750
São Vicente;Frescura Baía;2/18/2018;2/19/2018;2;19;2018;CPCI;CPCI;João d'Évora;Rede de cerco;Pequenos pelágicos;Chicharro;Selar crumenophthalmus;4200
São Vicente;Tantum;2/18/2018;2/19/2018;2;19;2018;CPCI;CPCI;Baía das Gatas;Rede de cerco;Pequenos pelágicos;Chicharro;Selar crumenophthalmus;1500
São Vicente;Cristalina A;2/19/2018;2/20/2018;2;20;2018;CPCI;CPCI;Sul de São Pedro;Rede de cerco;Pequenos pelágicos;Cavala preta;Decapterus macarellus;7000
São Vicente;Djesone;2/19/2018;2/20/2018;2;20;2018;Porto Novo;CPCI;Póss de pau;Rede de cerco;Pequenos pelágicos;Chicharro;Selar crumenophthalmus;4800
São Vicente;Frescura Baía;2/19/2018;2/20/2018;2;20;2018;CPCI;CPCI;Baía das Gatas;Rede de cerco;Pequenos pelágicos;Cavala preta;Decapterus macarellus;5000
São Vicente;Barbara;2/20/2018;2/21/2018;2;21;2018;CPCI;CPCI;Porto Novo;Rede de cerco;Pequenos pelágicos;Cavala preta;Decapterus macarellus;6000
São Vicente;Ponta Peça;2/20/2018;2/22/2018;2;22;2018;CPCI;CPCI;Tarrafal de Monte Trigo;Rede de cerco;Pequenos pelágicos;Cavala preta;Decapterus macarellus;9000
São Vicente;Cristalina A;2/21/2018;2/22/2018;2;22;2018;CPCI;CPCI;Sul de São Pedro;Rede de cerco;Pequenos pelágicos;Cavala preta;Decapterus macarellus;5000
São Vicente;São João Baptista;2/21/2018;2/22/2018;2;22;2018;CPCI;CPCI;Póss de pau;Rede de cerco;Pequenos pelágicos;Cavala preta;Decapterus macarellus;6000
São Vicente;São João Baptista;2/21/2018;2/22/2018;2;22;2018;CPCI;CPCI;Póss de pau;Rede de cerco;Pequenos pelágicos;Chicharro;Selar crumenophthalmus;2800
São Vicente;Baía Porto Novo;2/24/2018;2/26/2018;2;26;2018;CPCI;CPCI;Tarrafal de Monte Trigo;Rede de cerco;Pequenos pelágicos;Cavala preta;Decapterus macarellus;13743
São Vicente;Frescura Baía;2/26/2018;2/27/2018;2;27;2018;CPCI;CPCI;Sul de São Pedro;Rede de cerco;Pequenos pelágicos;Chicharro;Selar crumenophthalmus;1500
São Vicente;Frescura Baía;2/26/2018;2/27/2018;2;27;2018;CPCI;CPCI;Sul de São Pedro;Rede de cerco;Demersais;Boga;Boops boops;600
São Vicente;Bote de pesca Dadolph;2/16/2018;2/16/2018;2;16;2018;CPCI;CPCI;Baía de São Pedro;Rede de cerco;Pequenos pelágicos;Pampo ou Corcovado;Selene dorsalis;1700
São Vicente;Cristalina A;2/15/2018;2/16/2018;2;16;2018;CPCI;CPCI;Póss de pau;Rede de cerco;Pequenos pelágicos;Cavala preta;Decapterus macarellus;6131
São Vicente;Sal Rei;2/20/2018;2/21/2018;2;21;2018;CPCI;CPCI;Sul de São Pedro;Rede de cerco;Pequenos pelágicos;Cavala preta;Decapterus macarellus;2305
São Vicente;São José;2/24/2018;2/27/2018;2;27;2018;CPCI;CPCI;Noroeste;Linha;Tunídeos;Albacora;Thunnus albacares;1995
São Vicente;São José;2/24/2018;2/27/2018;2;27;2018;CPCI;CPCI;Noroeste;Linha;Tunídeos;Serra ou Djeu;Acanthocybium solandri;398
São Vicente;Rita Maria;2/23/2018;2/27/2018;2;27;2018;CPCI;CPCI;Monte Trigo;Linha;Tunídeos;Albacora;Thunnus albacares;788
São Vicente;Rita Maria;2/23/2018;2/27/2018;2;27;2018;CPCI;CPCI;Monte Trigo;Linha;Tunídeos;Serra ou Djeu;Acanthocybium solandri;110
São Vicente;Rita Maria;2/23/2018;2/27/2018;2;27;2018;CPCI;CPCI;Monte Trigo;Linha;Demersais;Esmoregal ou Serze;Seriola sp;100
São Vicente;Maranata;3/2/2018;3/3/2018;3;3;2018;CPCI;CPCI;Porto Novo;Rede de cerco;Tunídeos;Cachorrinha ou Judeu;Auxis sp;4771
São Vicente;Rita Maria;3/4/2018;3/5/2018;3;5;2018;CPCI;CPCI;Tarrafal de Monte Trigo;Linha e vara;Tunídeos;Serra ou Djeu;Acanthocybium solandri;110
São Vicente;Rita Maria;3/4/2018;3/5/2018;3;5;2018;CPCI;CPCI;Tarrafal de Monte Trigo;Linha e vara;Tunídeos;Albacora;Thunnus albacares;800
São Vicente;Rita Maria;3/4/2018;3/5/2018;3;5;2018;CPCI;CPCI;Tarrafal de Monte Trigo;Linha e vara;Demersais;Esmoregal ou Serze;Seriola sp;100
São Vicente;São José;3/4/2018;3/5/2018;3;5;2018;CPCI;CPCI;Tarrafal de Monte Trigo;Linha e vara;Tunídeos;Albacora;Thunnus albacares;2000
São Vicente;São José;3/4/2018;3/5/2018;3;5;2018;CPCI;CPCI;Tarrafal de Monte Trigo;Linha e vara;Tunídeos;Serra ou Djeu;Acanthocybium solandri;400
São Vicente;Ponta Peça;3/3/2018;3/7/2018;3;7;2018;CPCI;CPCI;São Nicolau;Rede de cerco;Tunídeos;Cachorrinha ou Judeu;Auxis sp;19168
São Vicente;Sal Rei;3/6/2018;3/7/2018;3;7;2018;CPCI;CPCI;Farol de São Pedro;Rede de cerco;Pequenos pelágicos;Cavala preta;Decapterus macarellus;1800
São Vicente;Baía Porto Novo;3/4/2018;3/8/2018;3;8;2018;CPCI;CPCI;São Nicolau;Rede de cerco;Tunídeos;Cachorrinha ou Judeu;Auxis sp;17937
São Vicente;Cristalina A;3/5/2018;3/8/2018;3;8;2018;CPCI;CPCI;São Nicolau;Rede de cerco;Tunídeos;Cachorrinha ou Judeu;Auxis sp;16921
São Vicente;Ponta Peça;3/7/2018;3/8/2018;3;8;2018;CPCI;CPCI;Ilheu branco;Rede de cerco;Tunídeos;Cachorrinha ou Judeu;Auxis sp;14866
São Vicente;São José;3/8/2018;3/9/2018;3;9;2018;CPCI;CPCI;Sul de São Pedro;Rede de cerco;Tunídeos;Cachorrinha ou Judeu;Auxis sp;3867
São Vicente;São José;3/8/2018;3/9/2018;3;9;2018;CPCI;CPCI;Sul de São Pedro;Rede de cerco;Pequenos pelágicos;Cavala preta;Decapterus macarellus;5030
São Vicente;Baía Porto Novo;3/8/2018;3/9/2018;3;9;2018;CPCI;CPCI;Tarrafal de São Nicolau;Rede de cerco;Pequenos pelágicos;Cavala preta;Decapterus macarellus;20967
São Vicente;Baía Porto Novo;3/8/2018;3/9/2018;3;9;2018;CPCI;CPCI;Tarrafal de São Nicolau;Rede de cerco;Tunídeos;Cachorrinha ou Judeu;Auxis sp;3479
São Vicente;São João Baptista;3/8/2018;3/9/2018;3;9;2018;CPCI;CPCI;Janela (Santo Antão);;Pequenos pelágicos;Cavala preta;Decapterus macarellus;14735
São Vicente;São João Baptista;3/8/2018;3/9/2018;3;9;2018;CPCI;CPCI;Janela (Santo Antão);;Tunídeos;Cachorrinha ou Judeu;Auxis sp;1655
São Vicente;Barbara;3/8/2018;3/9/2018;3;9;2018;CPCI;CPCI;Janela (Santo Antão);;Pequenos pelágicos;Cavala preta;Decapterus macarellus;7300
São Vicente;Barbara;3/8/2018;3/9/2018;3;9;2018;CPCI;CPCI;Janela (Santo Antão);;Pequenos pelágicos;Chicharro;Selar crumenophthalmus;300
São Vicente;Vinte-7;3/9/2018;3/10/2018;3;10;2018;São Nicolau;CPCI;São Nicolau;Rede de cerco;Tunídeos;Cachorrinha ou Judeu;Auxis sp;10542
São Vicente;Sal Rei;3/9/2018;3/10/2018;3;10;2018;CPCI;CPCI;Tarrafal de Monte Trigo;Rede de cerco;Tunídeos;Cachorrinha ou Judeu;Auxis sp;6309
São Vicente;Baía Porto Novo;3/9/2018;3/10/2018;3;10;2018;CPCI;CPCI;Ilheu branco;Rede de cerco;Pequenos pelágicos;Cavala preta;Decapterus macarellus;10347
São Vicente;Baía Porto Novo;3/9/2018;3/10/2018;3;10;2018;CPCI;CPCI;Ilheu branco;Rede de cerco;Tunídeos;Cachorrinha ou Judeu;Auxis sp;4521
São Vicente;Flamengo;3/8/2018;3/10/2018;3;10;2018;CPCI;CPCI;Ilheu branco;Rede de cerco;Tunídeos;Cachorrinha ou Judeu;Auxis sp;3897
São Vicente;Ponta Peça;3/9/2018;3/11/2018;3;11;2018;CPCI;CPCI;São Nicolau;Rede de cerco;Tunídeos;Cachorrinha ou Judeu;Auxis sp;14720
São Vicente;Cristalina A;3/8/2018;3/11/2018;3;11;2018;CPCI;CPCI;Ilheu branco;Rede de cerco;Tunídeos;Cachorrinha ou Judeu;Auxis sp;9568
São Vicente;Cristalina A;3/8/2018;3/11/2018;3;11;2018;CPCI;CPCI;Ilheu branco;Rede de cerco;Pequenos pelágicos;Cavala preta;Decapterus macarellus;12000
São Vicente;Barbara;3/10/2018;3/11/2018;3;11;2018;;CPCI;Tarrafal de Monte Trigo;Rede de cerco;Tunídeos;Cachorrinha ou Judeu;Auxis sp;2221
São Vicente;São João Baptista;3/11/2018;3/12/2018;3;12;2018;CPCI;CPCI;Tarrafal de Monte Trigo;Rede de cerco;Tunídeos;Cachorrinha ou Judeu;Auxis sp;11000
São Vicente;Maranata;3/11/2018;3/12/2018;3;12;2018;CPCI;CPCI;Porto Novo;Rede de cerco;Tunídeos;Cachorrinha ou Judeu;Auxis sp;5300
São Vicente;Djesone;3/12/2018;3/13/2018;3;13;2018;CPCI;CPCI;Tarrafal de Monte Trigo;Rede de cerco;Pequenos pelágicos;Cavala preta;Decapterus macarellus;2000
São Vicente;Baía Porto Novo;3/13/2018;3/14/2018;3;14;2018;CPCI;CPCI;Tarrafal de Monte Trigo;Rede de cerco;Pequenos pelágicos;Cavala preta;Decapterus macarellus;2697
São Vicente;Baía Porto Novo;3/13/2018;3/14/2018;3;14;2018;CPCI;CPCI;Tarrafal de Monte Trigo;Rede de cerco;Tunídeos;Cachorrinha ou Judeu;Auxis sp;6142
São Vicente;Laginha;3/14/2018;3/15/2018;3;15;2018;CPCI;CPCI;Sul de São Pedro;Rede de cerco;Tunídeos;Cachorrinha ou Judeu;Auxis sp;1500
São Vicente;Cristalina A;3/18/2018;3/19/2018;3;19;2018;CPCI;CPCI;Ilheu branco;Rede de cerco;Tunídeos;Cachorrinha ou Judeu;Auxis sp;4500
São Vicente;Rita Maria;3/13/2018;3/14/2018;3;14;2018;CPCI;CPCI;Tarrafal de Monte Trigo;Linha e vara;Tunídeos;Albacora;Thunnus albacares;314
São Vicente;Rita Maria;3/13/2018;3/14/2018;3;14;2018;CPCI;CPCI;Tarrafal de Monte Trigo;Linha e vara;Tunídeos;Serra ou Djeu;Acanthocybium solandri;150
São Vicente;Rita Maria;3/13/2018;3/14/2018;3;14;2018;CPCI;CPCI;Tarrafal de Monte Trigo;Linha e vara;Demersais;Esmoregal ou Serze;Seriola sp;100
São Vicente;Tantum;3/21/2018;3/22/2018;3;22;2018;CPCI;CPCI;Baía das Gatas;Rede de cerco;Pequenos pelágicos;Chicharro;Selar crumenophthalmus;2000
São Vicente;Ponta Peça;3/26/2018;3/27/2018;3;27;2018;CPCI;CPCI;Tarrafal de Monte Trigo;Rede de cerco;Tunídeos;Cachorrinha ou Judeu;Auxis sp;9623
São Vicente;Gamboa;3/28/2018;3/29/2018;3;29;2018;CPCI;CPCI;Sul de São Pedro;;Pequenos pelágicos;Cavala preta;Decapterus macarellus;4118
São Vicente;Barbara;4/4/2018;4/5/2018;4;5;2018;Porto Novo;CPCI;Póss de pau;;Pequenos pelágicos;Cavala preta;Decapterus macarellus;6000
São Vicente;Ponta Peça;4/4/2018;4/6/2018;4;6;2018;CPCI;CPCI;Canal de São Nicolau;;Tunídeos;Cachorrinha ou Judeu;Auxis sp;18000
São Vicente;Santos Bote;4/1/2018;4/6/2018;4;6;2018;CPCI;CPCI;Tarrafal de Monte Trigo;;Tunídeos;Albacora;Thunnus albacares;450
São Vicente;Santos Bote;4/1/2018;4/6/2018;4;6;2018;CPCI;CPCI;Tarrafal de Monte Trigo;;Tunídeos;Serra ou Djeu;Acanthocybium solandri;880
São Vicente;Baía Porto Novo;4/5/2018;4/9/2018;4;9;2018;CPCI;CPCI;São Nicolau;;Tunídeos;Gaiado;Katsuwonus pelamis;16836
São Vicente;Djesone;4/9/2018;4/10/2018;4;10;2018;CPCI;CPCI;Póss de pau;Rede de cerco;Pequenos pelágicos;Chicharro;Selar crumenophthalmus;2200
São Vicente;São José;4/3/2018;4/10/2018;4;10;2018;CPCI;CPCI;Ribeira de caixa;Linha;Tunídeos;Albacora;Thunnus albacares;640
São Vicente;São José;4/3/2018;4/10/2018;4;10;2018;CPCI;CPCI;Ribeira de caixa;Linha;Tunídeos;Serra ou Djeu;Acanthocybium solandri;1500
São Vicente;São José;4/3/2018;4/10/2018;4;10;2018;CPCI;CPCI;Ribeira de caixa;Linha;Demersais;Esmoregal ou Serze;Seriola sp;239
São Vicente;São José;4/3/2018;4/10/2018;4;10;2018;CPCI;CPCI;Ribeira de caixa;Linha;Demersais;Salmão;Elagatis bipinnulata;150
São Vicente;Laginha;4/10/2018;4/11/2018;4;11;2018;CPCI;CPCI;Póss de pau;Rede de cerco;Pequenos pelágicos;Cavala preta;Decapterus macarellus;2000
São Vicente;Frescura Baía;4/11/2018;4/12/2018;4;12;2018;CPCI;CPCI;Sul de São Pedro;;Pequenos pelágicos;Cavala preta;Decapterus macarellus;2000
São Vicente;Laginha;4/11/2018;4/12/2018;4;12;2018;CPCI;CPCI;Sul de São Pedro;Rede de cerco;Pequenos pelágicos;Cavala preta;Decapterus macarellus;2000
São Vicente;São José;4/11/2018;4/12/2018;4;12;2018;CPCI;CPCI;Sul de São Pedro;Rede de cerco;Pequenos pelágicos;Cavala preta;Decapterus macarellus;5000
São Vicente;Djesone;4/11/2018;4/12/2018;4;12;2018;CPCI;CPCI;Flamengo;Rede de cerco;Pequenos pelágicos;Cavala preta;Decapterus macarellus;8000
São Vicente;Ponta Peça;4/6/2018;4/12/2018;4;12;2018;CPCI;CPCI;São Nicolau;Rede de cerco;Tunídeos;Gaiado;Katsuwonus pelamis;9029
São Vicente;Laginha;4/12/2018;4/13/2018;4;13;2018;CPCI;CPCI;Ribeira de caixa;Rede de cerco;Pequenos pelágicos;Chicharro;Selar crumenophthalmus;150
São Vicente;Cristalina A;4/12/2018;4/13/2018;4;13;2018;CPCI;CPCI;São Pedro;Rede de cerco;Tunídeos;Cachorrinha ou Judeu;Auxis sp;5185
São Vicente;Baía Porto Novo;4/10/2018;4/13/2018;4;13;2018;CPCI;CPCI;Farol de São Pedro;Rede de cerco;Tunídeos;Cachorrinha ou Judeu;Auxis sp;16329
São Vicente;São João Baptista;4/12/2018;4/13/2018;4;13;2018;CPCI;CPCI;Flamengo;Rede de cerco;Pequenos pelágicos;Cavala preta;Decapterus macarellus;17500
São Vicente;Djesone;4/15/2018;4/16/2018;4;16;2018;CPCI;CPCI;Sul de São Pedro;Rede de cerco;Pequenos pelágicos;Cavala preta;Decapterus macarellus;2000
São Vicente;São João Baptista;4/15/2018;4/15/2018;4;15;2018;CPCI;CPCI;Flamengo;Rede de cerco;Pequenos pelágicos;Cavala preta;Decapterus macarellus;10600
São Vicente;Tantum;4/17/2018;4/18/2018;4;18;2018;CPCI;CPCI;Baía das Gatas;;Pequenos pelágicos;Chicharro;Selar crumenophthalmus;600
São Vicente;Baía Porto Novo;4/16/2018;4/18/2018;4;18;2018;CPCI;CPCI;Sul de São Nicolau;;Tunídeos;Gaiado;Katsuwonus pelamis;18000
São Vicente;Baía Porto Novo;4/16/2018;4/18/2018;4;18;2018;CPCI;CPCI;Sul de São Nicolau;;Demersais;Esmoregal ou Serze;Seriola sp;150
São Vicente;Baía Porto Novo;4/16/2018;4/18/2018;4;18;2018;CPCI;CPCI;Sul de São Nicolau;;Demersais;Salmão;Elagatis bipinnulata;350
São Vicente;Tantum;4/19/2018;4/20/2018;4;20;2018;CPCI;CPCI;Baía das Gatas;;Pequenos pelágicos;Chicharro;Selar crumenophthalmus;700
São Vicente;Laginha;4/19/2018;4/20/2018;4;20;2018;CPCI;CPCI;Baía das Gatas;;Pequenos pelágicos;Chicharro;Selar crumenophthalmus;1000
São Vicente;São José;4/15/2018;4/20/2018;4;20;2018;CPCI;CPCI;Noroeste;;Tunídeos;Serra ou Djeu;Acanthocybium solandri;2000
São Vicente;São José;4/15/2018;4/20/2018;4;20;2018;CPCI;CPCI;Noroeste;;Tunídeos;Albacora;Thunnus albacares;512
São Vicente;São José;4/15/2018;4/20/2018;4;20;2018;CPCI;CPCI;Noroeste;;Pequenos pelágicos;Cavala preta;Decapterus macarellus;1543
São Vicente;São José;4/15/2018;4/20/2018;4;20;2018;CPCI;CPCI;Noroeste;;Pequenos pelágicos;Chicharro;Selar crumenophthalmus;1875
São Vicente;São José;4/15/2018;4/20/2018;4;20;2018;CPCI;CPCI;Noroeste;;Demersais;Esmoregal ou Serze;Seriola sp;215
São Vicente;Baía Porto Novo;4/17/2018;4/20/2018;4;20;2018;CPCI;CPCI;São Nicolau;;Pequenos pelágicos;Chicharro;Selar crumenophthalmus;6000
São Vicente;Baía Porto Novo;4/17/2018;4/20/2018;4;20;2018;CPCI;CPCI;São Nicolau;;Pequenos pelágicos;Cavala preta;Decapterus macarellus;10500
São Vicente;Baía Porto Novo;4/17/2018;4/20/2018;4;20;2018;CPCI;CPCI;São Nicolau;;Tunídeos;Gaiado;Katsuwonus pelamis;9000
São Vicente;Baía Porto Novo;4/17/2018;4/20/2018;4;20;2018;CPCI;CPCI;São Nicolau;;Tunídeos;Cachorrinha ou Judeu;Auxis sp;450
São Vicente;Djesone;4/22/2018;4/23/2018;4;23;2018;CPCI;CPCI;Baía de São Pedro;;Pequenos pelágicos;Cavala preta;Decapterus macarellus;800
São Vicente;Barbara;4/22/2018;4/23/2018;4;23;2018;Porto Novo;CPCI;Póss de pau;;Pequenos pelágicos;Cavala preta;Decapterus macarellus;2000
São Vicente;Frescura Baía;4/23/2018;4/24/2018;4;24;2018;CPCI;CPCI;Sul de São Pedro;Rede de cerco;Pequenos pelágicos;Cavala preta;Decapterus macarellus;800
São Vicente;Ponta Peça;4/19/2018;4/22/2018;4;22;2018;CPCI;CPCI;São Nicolau;Rede de cerco;Pequenos pelágicos;Cavala preta;Decapterus macarellus;12000
São Vicente;Maranata;4/20/2018;4/25/2018;4;25;2018;CPCI;CPCI;Noroeste;Linha;Tunídeos;Serra ou Djeu;Acanthocybium solandri;500
São Vicente;Maranata;4/20/2018;4/25/2018;4;25;2018;CPCI;CPCI;Noroeste;Linha;Tunídeos;Albacora;Thunnus albacares;150
São Vicente;Maranata;4/20/2018;4/25/2018;4;25;2018;CPCI;CPCI;Noroeste;Linha;Demersais;Esmoregal ou Serze;Seriola sp;50
São Vicente;Maranata;4/20/2018;4/25/2018;4;25;2018;CPCI;CPCI;Noroeste;Linha;Pequenos pelágicos;Chicharro;Selar crumenophthalmus;200
São Vicente;Rita Maria;4/22/2018;4/26/2018;4;26;2018;CPCI;CPCI;Tarrafal de Monte Trigo;Linha;Tunídeos;Serra ou Djeu;Acanthocybium solandri;572
São Vicente;Rita Maria;4/22/2018;4/26/2018;4;26;2018;CPCI;CPCI;Tarrafal de Monte Trigo;Linha;Pequenos pelágicos;Chicharro;Selar crumenophthalmus;100
São Vicente;São José;4/22/2018;4/30/2018;4;30;2018;CPCI;CPCI;Noroeste;Linha;Tunídeos;Serra ou Djeu;Acanthocybium solandri;874
São Vicente;São José;4/22/2018;4/30/2018;4;30;2018;CPCI;CPCI;Noroeste;Linha;Tunídeos;Albacora;Thunnus albacares;264
São Vicente;São José;4/22/2018;4/30/2018;4;30;2018;CPCI;CPCI;Noroeste;Linha;Demersais;Esmoregal ou Serze;Seriola sp;223
São Vicente;São José;4/22/2018;4/30/2018;4;30;2018;CPCI;CPCI;Noroeste;Linha;Demersais;Salmão;Elagatis bipinnulata;67
São Vicente;São José;4/22/2018;4/30/2018;4;30;2018;CPCI;CPCI;Noroeste;Linha;Pequenos pelágicos;Chicharro;Selar crumenophthalmus;400
São Vicente;Rita Maria;4/26/2018;5/2/2018;5;2;2018;CPCI;CPCI;Tarrafal de Monte Trigo;Linha;Tunídeos;Albacora;Thunnus albacares;800
São Vicente;Rita Maria;4/26/2018;5/2/2018;5;2;2018;CPCI;CPCI;Tarrafal de Monte Trigo;Linha;Tunídeos;Serra ou Djeu;Acanthocybium solandri;570
São Vicente;Rita Maria;4/26/2018;5/2/2018;5;2;2018;CPCI;CPCI;Tarrafal de Monte Trigo;Linha;Demersais;Esmoregal ou Serze;Seriola sp;127
São Vicente;Sal Rei;5/6/2018;5/7/2018;5;7;2018;CPCI;CPCI;Sul de São Pedro;Rede de cerco;Tunídeos;Cachorrinha ou Judeu;Auxis sp;6400
São Vicente;Djesone;5/6/2018;5/7/2018;5;7;2018;CPCI;CPCI;Sul de São Pedro;Rede de cerco;Tunídeos;Cachorrinha ou Judeu;Auxis sp;1600
São Vicente;Ponta Peça;5/7/2018;5/8/2018;5;8;2018;CPCI;CPCI;Flamengo;Rede de cerco;Tunídeos;Cachorrinha ou Judeu;Auxis sp;16000
São Vicente;Gamboa;5/7/2018;5/8/2018;5;8;2018;CPCI;Mercado de peixe;Sul de São Pedro;Rede de cerco;Pequenos pelágicos;Cavala preta;Decapterus macarellus;3500
São Vicente;Laginha;5/7/2018;5/8/2018;5;8;2018;CPCI;CPCI;Sul de São Pedro;Rede de cerco;Tunídeos;Cachorrinha ou Judeu;Auxis sp;7146
São Vicente;Maranata;5/8/2018;5/9/2018;5;9;2018;CPCI;CPCI;Sul de São Pedro;Rede de cerco;Tunídeos;Cachorrinha ou Judeu;Auxis sp;4000
São Vicente;Maranata;5/8/2018;5/9/2018;5;9;2018;CPCI;CPCI;Sul de São Pedro;Rede de cerco;Pequenos pelágicos;Cavala preta;Decapterus macarellus;1000
São Vicente;Alice;5/8/2018;5/9/2018;5;9;2018;CPCI;Mercado de peixe;Baía das Gatas;Rede de cerco;Pequenos pelágicos;Chicharro;Selar crumenophthalmus;600
São Vicente;São João Baptista;5/8/2018;5/9/2018;5;9;2018;CPCI;CPCI;Sul de São Pedro;Rede de cerco;Pequenos pelágicos;Cavala preta;Decapterus macarellus;4477
São Vicente;Ponta Peça;5/8/2018;5/9/2018;5;9;2018;CPCI;CPCI;Sul de São Pedro;Rede de cerco;Tunídeos;Cachorrinha ou Judeu;Auxis sp;6782
São Vicente;Baía Porto Novo;5/8/2018;5/9/2018;5;9;2018;CPCI;CPCI;Farol de São Pedro;Rede de cerco;Tunídeos;Cachorrinha ou Judeu;Auxis sp;13322
São Vicente;Djesone;5/8/2018;5/9/2018;5;9;2018;CPCI;CPCI;Sul de São Pedro;Rede de cerco;Tunídeos;Cachorrinha ou Judeu;Auxis sp;2000
São Vicente;Sal Rei;5/8/2018;5/9/2018;5;9;2018;CPCI;CPCI;Sul de São Pedro;Rede de cerco;Pequenos pelágicos;Cavala preta;Decapterus macarellus;1000
São Vicente;Baía Porto Novo;5/9/2018;5/10/2018;5;10;2018;CPCI;CPCI;Sul de São Pedro;Rede de cerco;Pequenos pelágicos;Cavala preta;Decapterus macarellus;5000
São Vicente;Maranata;5/9/2018;5/10/2018;5;10;2018;CPCI;CPCI;Sul de São Pedro;Rede de cerco;Pequenos pelágicos;Cavala preta;Decapterus macarellus;2500
São Vicente;Barbara;5/9/2018;5/10/2018;5;10;2018;CPCI;CPCI;Sul de São Pedro;Rede de cerco;Pequenos pelágicos;Cavala preta;Decapterus macarellus;4000
São Vicente;São João Baptista;5/9/2018;5/10/2018;5;10;2018;CPCI;CPCI;Sul de São Pedro;Rede de cerco;Pequenos pelágicos;Cavala preta;Decapterus macarellus;6300
São Vicente;Alice;5/9/2018;5/10/2018;5;10;2018;CPCI;Mercado de peixe;Baía das Gatas;Rede de cerco;Pequenos pelágicos;Chicharro;Selar crumenophthalmus;500
São Vicente;Gamboa;5/9/2018;5/10/2018;5;10;2018;CPCI;Mercado de peixe;Sul de São Pedro;Rede de cerco;Pequenos pelágicos;Cavala preta;Decapterus macarellus;500
São Vicente;Baía Porto Novo;5/10/2018;5/11/2018;5;11;2018;CPCI;CPCI;Sul de São Pedro;Rede de cerco;Pequenos pelágicos;Cavala preta;Decapterus macarellus;3500
São Vicente;Gamboa;5/10/2018;5/11/2018;5;11;2018;CPCI;CPCI;Sul de São Pedro;Rede de cerco;Tunídeos;Cachorrinha ou Judeu;Auxis sp;2000
São Vicente;Barbara;5/10/2018;5/11/2018;5;11;2018;CPCI;CPCI;Sul de São Pedro;Rede de cerco;Tunídeos;Cachorrinha ou Judeu;Auxis sp;2000
São Vicente;Tantum;5/13/2018;5/14/2018;5;14;2018;CPCI;Mercado de peixe;Póss de pau;Rede de cerco;Pequenos pelágicos;Chicharro;Selar crumenophthalmus;3000
São Vicente;Tantum;5/13/2018;5/14/2018;5;14;2018;CPCI;Mercado de peixe;Póss de pau;Rede de cerco;Pequenos pelágicos;Cavala preta;Decapterus macarellus;300
São Vicente;Frescura Baía;5/13/2018;5/14/2018;5;14;2018;CPCI;CPCI;Ilheu branco;Rede de cerco;Pequenos pelágicos;Cavala preta;Decapterus macarellus;2000
São Vicente;Gamboa;5/13/2018;5/14/2018;5;14;2018;CPCI;CPCI;Ribeirinha de São Pedro;Rede de cerco;Tunídeos;Cachorrinha ou Judeu;Auxis sp;1800
São Vicente;Laginha;5/13/2018;5/14/2018;5;14;2018;CPCI;CPCI;Ribeirinha de São Pedro;Rede de cerco;Tunídeos;Cachorrinha ou Judeu;Auxis sp;1500
São Vicente;São José;5/14/2018;5/15/2018;5;15;2018;CPCI;CPCI;Sul de São Pedro;Rede de cerco;Tunídeos;Cachorrinha ou Judeu;Auxis sp;3400
São Vicente;Baía Porto Novo;5/11/2018;5/14/2018;5;14;2018;CPCI;CPCI;Barril;Rede de cerco;Tunídeos;Gaiado;Katsuwonus pelamis;2909
São Vicente;Baía Porto Novo;5/11/2018;5/14/2018;5;14;2018;CPCI;CPCI;Barril;Rede de cerco;Tunídeos;Cachorrinha ou Judeu;Auxis sp;393
São Vicente;Alice;5/15/2018;5/16/2018;5;16;2018;CPCI;Mercado de peixe;Baía das Gatas;Rede de cerco;Pequenos pelágicos;Chicharro;Selar crumenophthalmus;600
São Vicente;Frescura Baía;5/15/2018;5/16/2018;5;16;2018;CPCI;CPCI;Sul de São Pedro;Rede de cerco;Tunídeos;Cachorrinha ou Judeu;Auxis sp;2500
São Vicente;Barbara;5/15/2018;5/16/2018;5;16;2018;CPCI;Mercado de peixe;Sul de São Pedro;Rede de cerco;Pequenos pelágicos;Cavala preta;Decapterus macarellus;1200
São Vicente;São José;5/15/2018;5/16/2018;5;16;2018;CPCI;Mercado de peixe;Sul de São Pedro;Rede de cerco;Pequenos pelágicos;Cavala preta;Decapterus macarellus;500
São Vicente;Maranata;5/15/2018;5/16/2018;5;16;2018;CPCI;CPCI;Ilheu branco;Rede de cerco;Pequenos pelágicos;Cavala preta;Decapterus macarellus;7000
São Vicente;Alice;5/16/2018;5/17/2018;5;17;2018;CPCI;Mercado de peixe;Baía das Gatas;Rede de cerco;Pequenos pelágicos;Chicharro;Selar crumenophthalmus;600
São Vicente;Laginha;5/17/2018;5/18/2018;5;18;2018;CPCI;Mercado de peixe;Sul de São Pedro;Rede de cerco;Pequenos pelágicos;Cavala preta;Decapterus macarellus;500
São Vicente;Djesone;5/17/2018;5/18/2018;5;18;2018;CPCI;Mercado de peixe;Praia Formosa;Rede de cerco;Pequenos pelágicos;Chicharro;Selar crumenophthalmus;800
São Vicente;Baía Porto Novo;5/17/2018;5/18/2018;5;18;2018;CPCI;CPCI;Sul de São Pedro;Rede de cerco;Pequenos pelágicos;Cavala preta;Decapterus macarellus;1200
São Vicente;Gamboa;5/16/2018;5/17/2018;5;17;2018;CPCI;Mercado de peixe;Santa Luzia;Rede de cerco;Pequenos pelágicos;Cavala branca;Decapterus punctatus;2000
São Vicente;Sal Rei;5/17/2018;5/18/2018;5;18;2018;CPCI;Mercado de peixe;Póss de pau;Rede de cerco;Pequenos pelágicos;Chicharro;Selar crumenophthalmus;1000
São Vicente;São João Baptista;5/20/2018;5/21/2018;5;21;2018;CPCI;Mercado de peixe;Ribeira torta;Rede de cerco;Pequenos pelágicos;Chicharro;Selar crumenophthalmus;1500
São Vicente;Ponta Peça;5/20/2018;5/21/2018;5;21;2018;CPCI;Mercado de peixe;Sul de São Pedro;Rede de cerco;Pequenos pelágicos;Cavala preta;Decapterus macarellus;500
São Vicente;Gamboa;5/20/2018;5/21/2018;5;21;2018;CPCI;Mercado de peixe;Ilheu branco;Rede de cerco;Pequenos pelágicos;Dobrada;Spicara melanurus;5000
São Vicente;Ponta Peça;5/21/2018;5/22/2018;5;22;2018;CPCI;Mercado de peixe;Farol de São Pedro;Rede de cerco;Pequenos pelágicos;Bonito;Caranx crysos;400
São Vicente;Baía Porto Novo;5/21/2018;5/22/2018;5;22;2018;CPCI;CPCI;Sul de São Pedro;Rede de cerco;Pequenos pelágicos;Cavala preta;Decapterus macarellus;5000
São Vicente;Solamita;5/21/2018;5/22/2018;5;22;2018;CPCI;Mercado de peixe;Póss de pau;Rede de cerco;Pequenos pelágicos;Chicharro;Selar crumenophthalmus;300
São Vicente;Laginha;5/21/2018;5/22/2018;5;22;2018;CPCI;Mercado de peixe;Canjana;Rede de cerco;Pequenos pelágicos;Chicharro;Selar crumenophthalmus;300
São Vicente;Laginha;5/21/2018;5/22/2018;5;22;2018;CPCI;Mercado de peixe;Canjana;Rede de cerco;Pequenos pelágicos;Arenque;Sardinella maderensis;200
São Vicente;Cristalina A;5/24/2018;5/25/2018;5;25;2018;CPCI;CPCI;Sul de São Pedro;Rede de cerco;Tunídeos;Cachorrinha ou Judeu;Auxis sp;9500
São Vicente;Maranata;5/24/2018;5/25/2018;5;25;2018;CPCI;CPCI;Sul de São Pedro;Rede de cerco;Tunídeos;Cachorrinha ou Judeu;Auxis sp;3600
São Vicente;Ponta Cacimba;5/22/2018;5/28/2018;5;28;2018;CPCI;CPCI;Santa Maria;Rede de cerco;Tunídeos;Cachorrinha ou Judeu;Auxis sp;15800
São Vicente;Rita Maria;5/23/2018;5/29/2018;5;29;2018;CPCI;CPCI;Noroeste;Linha;Tunídeos;Serra ou Djeu;Acanthocybium solandri;580
São Vicente;Rita Maria;5/23/2018;5/29/2018;5;29;2018;CPCI;CPCI;Noroeste;Linha;Tunídeos;Albacora;Thunnus albacares;85
São Vicente;Rita Maria;5/23/2018;5/29/2018;5;29;2018;CPCI;CPCI;Noroeste;Linha;Demersais;Esmoregal ou Serze;Seriola sp;80
São Vicente;Alice;5/29/2018;5/30/2018;5;30;2018;CPCI;Mercado de peixe;João d'Évora;Rede de cerco;Pequenos pelágicos;Dobrada;Spicara melanurus;400
São Vicente;Alice;5/31/2018;5/31/2018;5;31;2018;CPCI;Mercado de peixe;Morro Branco;Rede de cerco;Pequenos pelágicos;Chicharro;Selar crumenophthalmus;500
São Vicente;Baía Porto Novo;6/3/2018;6/4/2018;6;4;2018;CPCI;CPCI;Sul de São Pedro;Rede de cerco;Tunídeos;Cachorrinha ou Judeu;Auxis sp;1959
São Vicente;São José;5/31/2018;6/5/2018;6;5;2018;CPCI;CPCI;Noroeste;Linha;Tunídeos;Albacora;Thunnus albacares;810
São Vicente;São José;5/31/2018;6/5/2018;6;5;2018;CPCI;CPCI;Noroeste;Linha;Tunídeos;Serra ou Djeu;Acanthocybium solandri;500
São Vicente;Baía Porto Novo;6/4/2018;6/5/2018;6;5;2018;CPCI;CPCI;Palha carga;Rede de cerco;Tunídeos;Cachorrinha ou Judeu;Auxis sp;6486
São Vicente;Djesone;6/4/2018;6/5/2018;6;5;2018;CPCI;CPCI;Farol de boi;Rede de cerco;Tunídeos;Cachorrinha ou Judeu;Auxis sp;922
São Vicente;Gamboa;6/4/2018;6/5/2018;6;5;2018;CPCI;CPCI;Flamenguinho;Rede de cerco;Tunídeos;Cachorrinha ou Judeu;Auxis sp;1752
São Vicente;Tantum;6/5/2018;6/5/2018;6;5;2018;Mercado de peixe;Mercado de peixe;Baía das Gatas;Rede de cerco;Pequenos pelágicos;Chicharro;Selar crumenophthalmus;650
São Vicente;Ponta Peça;6/4/2018;6/5/2018;6;5;2018;CPCI;CPCI;Ilheu branco;;Tunídeos;Cachorrinha ou Judeu;Auxis sp;1140
São Vicente;Frescura Baía;6/5/2018;6/6/2018;6;6;2018;CPCI;CPCI;Flamengo;Rede de cerco;Tunídeos;Cachorrinha ou Judeu;Auxis sp;730
São Vicente;Sal Rei;6/4/2018;6/6/2018;6;6;2018;CPCI;CPCI;Tarrafal de Monte Trigo;Rede de cerco;Pequenos pelágicos;Cavala preta;Decapterus macarellus;6000
São Vicente;Laginha;6/5/2018;6/6/2018;6;6;2018;CPCI;CPCI;Baía do Porto Grande;Rede de cerco;Tunídeos;Cachorrinha ou Judeu;Auxis sp;443
São Vicente;Maranata;6/5/2018;6/6/2018;6;6;2018;CPCI;CPCI;Póss de pau;Rede de cerco;Tunídeos;Cachorrinha ou Judeu;Auxis sp;2295
São Vicente;Baía Porto Novo;6/5/2018;6/6/2018;6;6;2018;CPCI;CPCI;Sul de São Pedro;Rede de cerco;Tunídeos;Cachorrinha ou Judeu;Auxis sp;4366
São Vicente;São João Baptista;6/5/2018;6/6/2018;6;6;2018;CPCI;CPCI;Porto Novo;Rede de cerco;Tunídeos;Cachorrinha ou Judeu;Auxis sp;1700
São Vicente;Flamengo;6/6/2018;6/7/2018;6;7;2018;CPCI;CPCI;Palha carga;;Pequenos pelágicos;Cavala preta;Decapterus macarellus;6000
São Vicente;Flamengo;6/6/2018;6/7/2018;6;7;2018;CPCI;CPCI;Palha carga;;Pequenos pelágicos;Chicharro;Selar crumenophthalmus;1800
São Vicente;Maranata;6/6/2018;6/7/2018;6;7;2018;CPCI;CPCI;Ribeirinha de São Pedro;Rede de cerco;Tunídeos;Cachorrinha ou Judeu;Auxis sp;2889
São Vicente;Ponta Peça;6/6/2018;6/7/2018;6;7;2018;CPCI;CPCI;Tarrafal de Monte Trigo;Rede de cerco;Tunídeos;Cachorrinha ou Judeu;Auxis sp;16645
São Vicente;Ponta Peça;6/6/2018;6/7/2018;6;7;2018;CPCI;CPCI;Tarrafal de Monte Trigo;Rede de cerco;Pequenos pelágicos;Cavala preta;Decapterus macarellus;932
São Vicente;Djesone;6/7/2018;6/8/2018;6;8;2018;CPCI;CPCI;Póss de pau;Rede de cerco;Tunídeos;Cachorrinha ou Judeu;Auxis sp;3404
São Vicente;Ponta Peça;6/7/2018;6/8/2018;6;8;2018;CPCI;CPCI;Ilheu raso;Rede de cerco;Tunídeos;Cachorrinha ou Judeu;Auxis sp;3979
São Vicente;Ponta Peça;6/7/2018;6/8/2018;6;8;2018;CPCI;CPCI;Ilheu raso;Rede de cerco;Pequenos pelágicos;Cavala preta;Decapterus macarellus;18056
São Vicente;Frescura Baía;6/7/2018;6/8/2018;6;8;2018;CPCI;CPCI;Baía das Gatas;;Tunídeos;Cachorrinha ou Judeu;Auxis sp;1706
São Vicente;Maranata;6/7/2018;6/8/2018;6;8;2018;CPCI;CPCI;Fateja;Rede de cerco;Tunídeos;Cachorrinha ou Judeu;Auxis sp;1920
São Vicente;Barbara;6/7/2018;6/8/2018;6;8;2018;CPCI;CPCI;Sonje (Porto Novo);Rede de cerco;Pequenos pelágicos;Cavala preta;Decapterus macarellus;1612
São Vicente;Sal Rei;6/6/2018;6/8/2018;6;8;2018;CPCI;CPCI;Tarrafal de Monte Trigo;;Pequenos pelágicos;Cavala preta;Decapterus macarellus;438
São Vicente;Sal Rei;6/6/2018;6/8/2018;6;8;2018;CPCI;CPCI;Tarrafal de Monte Trigo;;Tunídeos;Cachorrinha ou Judeu;Auxis sp;939
São Vicente;Gamboa;6/7/2018;6/8/2018;6;8;2018;CPCI;CPCI;Ilheu branco;Rede de cerco;Pequenos pelágicos;Cavala preta;Decapterus macarellus;10470
São Vicente;Gamboa;6/7/2018;6/8/2018;6;8;2018;CPCI;CPCI;Ilheu branco;Rede de cerco;Tunídeos;Cachorrinha ou Judeu;Auxis sp;366
São Vicente;Baía Porto Novo;6/6/2018;6/8/2018;6;8;2018;CPCI;CPCI;Ilheu raso;Rede de cerco;Pequenos pelágicos;Cavala preta;Decapterus macarellus;17219
São Vicente;Baía Porto Novo;6/6/2018;6/8/2018;6;8;2018;CPCI;CPCI;Ilheu raso;Rede de cerco;Tunídeos;Cachorrinha ou Judeu;Auxis sp;5559
São Vicente;Baía Porto Novo;6/8/2018;6/9/2018;6;9;2018;CPCI;CPCI;Sul de São Pedro;Rede de cerco;Pequenos pelágicos;Cavala preta;Decapterus macarellus;4431
São Vicente;Baía Porto Novo;6/8/2018;6/9/2018;6;9;2018;CPCI;CPCI;Sul de São Pedro;Rede de cerco;Tunídeos;Cachorrinha ou Judeu;Auxis sp;723
São Vicente;São João Baptista;6/8/2018;6/9/2018;6;9;2018;CPCI;CPCI;Sonje (Porto Novo);Rede de cerco;Pequenos pelágicos;Cavala preta;Decapterus macarellus;6168
São Vicente;São João Baptista;6/8/2018;6/9/2018;6;9;2018;CPCI;CPCI;Sonje (Porto Novo);Rede de cerco;Tunídeos;Cachorrinha ou Judeu;Auxis sp;610
São Vicente;Ponta Peça;6/8/2018;6/9/2018;6;9;2018;CPCI;CPCI;Póss de pau;Rede de cerco;Pequenos pelágicos;Cavala preta;Decapterus macarellus;21524
São Vicente;Ponta Peça;6/8/2018;6/9/2018;6;9;2018;CPCI;CPCI;Póss de pau;Rede de cerco;Tunídeos;Cachorrinha ou Judeu;Auxis sp;60
São Vicente;Barbara;6/8/2018;6/9/2018;6;9;2018;CPCI;CPCI;Praia Formosa;Rede de cerco;Pequenos pelágicos;Cavala preta;Decapterus macarellus;2856
São Vicente;Barbara;6/8/2018;6/9/2018;6;9;2018;CPCI;CPCI;Praia Formosa;Rede de cerco;Tunídeos;Cachorrinha ou Judeu;Auxis sp;1361
São Vicente;Sal Rei;6/9/2018;6/11/2018;6;11;2018;CPCI;CPCI;Tarrafal de Monte Trigo;Rede de cerco;Tunídeos;Cachorrinha ou Judeu;Auxis sp;2007
São Vicente;Baía Porto Novo;6/9/2018;6/11/2018;6;11;2018;CPCI;CPCI;Ilheu raso;Rede de cerco;Pequenos pelágicos;Cavala preta;Decapterus macarellus;5947
São Vicente;Baía Porto Novo;6/9/2018;6/11/2018;6;11;2018;CPCI;CPCI;Ilheu raso;Rede de cerco;Tunídeos;Cachorrinha ou Judeu;Auxis sp;1788
São Vicente;Gamboa;6/11/2018;6/12/2018;6;12;2018;CPCI;CPCI;Póss de pau;Rede de cerco;Pequenos pelágicos;Chicharro;Selar crumenophthalmus;4200
São Vicente;Barbara;6/11/2018;6/12/2018;6;12;2018;CPCI;CPCI;Farol de boi;Rede de cerco;Tunídeos;Cachorrinha ou Judeu;Auxis sp;1085
São Vicente;Tantum;6/12/2018;6/13/2018;6;13;2018;CPCI;CPCI;Sul de São Pedro;;Pequenos pelágicos;Cavala preta;Decapterus macarellus;3500
São Vicente;Cristalina A;6/11/2018;6/13/2018;6;13;2018;CPCI;CPCI;Sul de São Pedro;;Tunídeos;Cachorrinha ou Judeu;Auxis sp;1659
São Vicente;Cristalina A;6/11/2018;6/13/2018;6;13;2018;CPCI;CPCI;Sul de São Pedro;;Pequenos pelágicos;Cavala preta;Decapterus macarellus;2077
São Vicente;São João Baptista;6/13/2018;6/14/2018;6;14;2018;CPCI;CPCI;Porto Novo;Rede de cerco;Pequenos pelágicos;Cavala preta;Decapterus macarellus;3171
São Vicente;São João Baptista;6/13/2018;6/14/2018;6;14;2018;CPCI;CPCI;Porto Novo;Rede de cerco;Tunídeos;Cachorrinha ou Judeu;Auxis sp;187
São Vicente;Baía Porto Novo;6/13/2018;6/14/2018;6;14;2018;CPCI;CPCI;Canal de ponta (São Pedro);Rede de cerco;Tunídeos;Cachorrinha ou Judeu;Auxis sp;22417
São Vicente;Maranata;6/13/2018;6/15/2018;6;15;2018;CPCI;CPCI;Tarrafal de Monte Trigo;Rede de cerco;Tunídeos;Gaiado;Katsuwonus pelamis;5664
São Vicente;São José;6/12/2018;6/15/2018;6;15;2018;CPCI;CPCI;Tarrafal de Monte Trigo;Rede de cerco;Tunídeos;Gaiado;Katsuwonus pelamis;6111
São Vicente;Ponta Peça;6/12/2018;6/15/2018;6;15;2018;CPCI;CPCI;Sul de São Pedro;Rede de cerco;Pequenos pelágicos;Cavala preta;Decapterus macarellus;23949
São Vicente;Ponta Peça;6/12/2018;6/15/2018;6;15;2018;CPCI;CPCI;Sul de São Pedro;Rede de cerco;Tunídeos;Cachorrinha ou Judeu;Auxis sp;73
São Vicente;Barbara;6/14/2018;6/15/2018;6;15;2018;CPCI;CPCI;Sonje (Porto Novo);Rede de cerco;Tunídeos;Cachorrinha ou Judeu;Auxis sp;237
São Vicente;Barbara;6/14/2018;6/15/2018;6;15;2018;CPCI;CPCI;Sonje (Porto Novo);Rede de cerco;Pequenos pelágicos;Cavala preta;Decapterus macarellus;4037
São Vicente;Sal Rei;6/15/2018;6/17/2018;6;17;2018;CPCI;CPCI;Tarrafal de Monte Trigo;Rede de cerco;Tunídeos;Gaiado;Katsuwonus pelamis;5718
São Vicente;Ponta Peça;6/16/2018;6/17/2018;6;17;2018;CPCI;CPCI;Ribeirinha de São Pedro;Rede de cerco;Tunídeos;Gaiado;Katsuwonus pelamis;20120
São Vicente;São José;6/15/2018;6/17/2018;6;17;2018;CPCI;CPCI;Tarrafal de Monte Trigo;Rede de cerco;Tunídeos;Gaiado;Katsuwonus pelamis;1562
São Vicente;São José;6/15/2018;6/17/2018;6;17;2018;CPCI;CPCI;Tarrafal de Monte Trigo;Rede de cerco;Tunídeos;Albacora;Thunnus albacares;315
São Vicente;Baía Porto Novo;6/16/2018;6/18/2018;6;18;2018;CPCI;CPCI;Tarrafal de Monte Trigo;Rede de cerco;Tunídeos;Gaiado;Katsuwonus pelamis;20773
São Vicente;Maranata;6/17/2018;6/18/2018;6;18;2018;CPCI;CPCI;Ilheu branco;Rede de cerco;Tunídeos;Gaiado;Katsuwonus pelamis;11294
São Vicente;São José;6/18/2018;6/19/2018;6;19;2018;CPCI;CPCI;Sul de São Pedro;Rede de cerco;Tunídeos;Gaiado;Katsuwonus pelamis;10807
São Vicente;Ponta Peça;6/18/2018;6/19/2018;6;19;2018;CPCI;CPCI;Póss de pau;Rede de cerco;Tunídeos;Gaiado;Katsuwonus pelamis;7143
São Vicente;Ponta Peça;6/18/2018;6/19/2018;6;19;2018;CPCI;CPCI;Póss de pau;Rede de cerco;Tunídeos;Cachorrinha ou Judeu;Auxis sp;7276
São Vicente;Sal Rei;6/18/2018;6/19/2018;6;19;2018;CPCI;CPCI;Sul de São Pedro;Rede de cerco;Tunídeos;Gaiado;Katsuwonus pelamis;1383
São Vicente;Ponta Cacimba;6/17/2018;6/19/2018;6;19;2018;CPCI;CPCI;Tarrafal de Monte Trigo;Rede de cerco;Tunídeos;Gaiado;Katsuwonus pelamis;15800
São Vicente;Ponta Cacimba;6/17/2018;6/19/2018;6;19;2018;CPCI;CPCI;Tarrafal de Monte Trigo;Rede de cerco;Tunídeos;Cachorrinha ou Judeu;Auxis sp;684
São Vicente;Ponta Cacimba;6/17/2018;6/19/2018;6;19;2018;CPCI;CPCI;Tarrafal de Monte Trigo;Rede de cerco;Pequenos pelágicos;Cavala preta;Decapterus macarellus;1882
São Vicente;São João Baptista;6/18/2018;6/19/2018;6;19;2018;CPCI;CPCI;Baía de Salamansa;Rede de cerco;Tunídeos;Cachorrinha ou Judeu;Auxis sp;6913
São Vicente;São João Baptista;6/18/2018;6/19/2018;6;19;2018;CPCI;CPCI;Baía de Salamansa;Rede de cerco;Tunídeos;Gaiado;Katsuwonus pelamis;387
São Vicente;São João Baptista;6/18/2018;6/19/2018;6;19;2018;CPCI;CPCI;Baía de Salamansa;Rede de cerco;Tunídeos;Serra ou Djeu;Acanthocybium solandri;272
São Vicente;São João Baptista;6/18/2018;6/19/2018;6;19;2018;CPCI;CPCI;Baía de Salamansa;Rede de cerco;Tunídeos;Tabala;Makaira nigricans;152
São Vicente;São João Baptista;6/18/2018;6/19/2018;6;19;2018;CPCI;CPCI;Baía de Salamansa;Rede de cerco;Pequenos pelágicos;Cavala preta;Decapterus macarellus;631
São Vicente;São João Baptista;6/19/2018;6/20/2018;6;20;2018;CPCI;CPCI;Baía do Porto Grande;Rede de cerco;Tunídeos;Gaiado;Katsuwonus pelamis;8906
São Vicente;Ponta Peça;6/19/2018;6/20/2018;6;20;2018;CPCI;CPCI;Sul de São Pedro;Rede de cerco;Tunídeos;Gaiado;Katsuwonus pelamis;5281
São Vicente;Ponta Peça;6/19/2018;6/20/2018;6;20;2018;CPCI;CPCI;Sul de São Pedro;Rede de cerco;Tunídeos;Cachorrinha ou Judeu;Auxis sp;9287
São Vicente;Ponta Peça;6/19/2018;6/20/2018;6;20;2018;CPCI;CPCI;Sul de São Pedro;Rede de cerco;Tunídeos;Serra ou Djeu;Acanthocybium solandri;44
São Vicente;Ponta Peça;6/19/2018;6/20/2018;6;20;2018;CPCI;CPCI;Sul de São Pedro;Rede de cerco;Demersais;Enforcado ou Xereu;Caranx sp;24
São Vicente;Barbara;6/19/2018;6/20/2018;6;20;2018;CPCI;CPCI;Baía do Porto Novo;Rede de cerco;Tunídeos;Gaiado;Katsuwonus pelamis;4071
São Vicente;São José;6/19/2018;6/21/2018;6;21;2018;CPCI;CPCI;Tarrafal de Monte Trigo;Rede de cerco;Tunídeos;Gaiado;Katsuwonus pelamis;3793
São Vicente;Sal Rei;6/19/2018;6/21/2018;6;21;2018;CPCI;CPCI;Tarrafal de Monte Trigo;Rede de cerco;Tunídeos;Gaiado;Katsuwonus pelamis;2017
São Vicente;São João Baptista;6/20/2018;6/21/2018;6;21;2018;CPCI;CPCI;Flamengo;Rede de cerco;Tunídeos;Gaiado;Katsuwonus pelamis;6843
São Vicente;Ponta Cacimba;6/20/2018;6/21/2018;6;21;2018;CPCI;CPCI;Ilheu branco;Rede de cerco;Tunídeos;Cachorrinha ou Judeu;Auxis sp;472
São Vicente;Ponta Cacimba;6/20/2018;6/21/2018;6;21;2018;CPCI;CPCI;Ilheu branco;Rede de cerco;Tunídeos;Gaiado;Katsuwonus pelamis;131
São Vicente;Baía Porto Novo;6/20/2018;6/21/2018;6;21;2018;CPCI;CPCI;Sul de São Pedro;Rede de cerco;Pequenos pelágicos;Cavala preta;Decapterus macarellus;7943
São Vicente;Cristalina A;6/21/2018;6/22/2018;6;22;2018;CPCI;CPCI;Casco bedjo;Rede de cerco;Tunídeos;Cachorrinha ou Judeu;Auxis sp;2563
São Vicente;Ponta Peça;6/20/2018;6/22/2018;6;22;2018;CPCI;CPCI;Ilheu branco;Rede de cerco;Tunídeos;Cachorrinha ou Judeu;Auxis sp;9923
São Vicente;Maranata;6/20/2018;6/22/2018;6;22;2018;CPCI;CPCI;Póss de pau;Rede de cerco;Tunídeos;Cachorrinha ou Judeu;Auxis sp;2187
São Vicente;Cristalina A;6/25/2018;6/26/2018;6;26;2018;CPCI;CPCI;Baía de São Pedro;Rede de cerco;Tunídeos;Gaiado;Katsuwonus pelamis;4814
São Vicente;Sal Rei;6/24/2018;6/27/2018;6;27;2018;CPCI;CPCI;Tarrafal de Monte Trigo;Rede de cerco;Tunídeos;Gaiado;Katsuwonus pelamis;11392
São Vicente;São José;6/25/2018;6/28/2018;6;28;2018;CPCI;CPCI;Tarrafal de Monte Trigo e Noroeste;Rede de cerco;Tunídeos;Albacora;Thunnus albacares;461
São Vicente;São José;6/25/2018;6/28/2018;6;28;2018;CPCI;CPCI;Tarrafal de Monte Trigo e Noroeste;Rede de cerco;Tunídeos;Gaiado;Katsuwonus pelamis;487
São Vicente;Sal Rei;7/1/2018;7/2/2018;7;2;2018;CPCI;CPCI;Porto Novo;Rede de cerco;Tunídeos;Cachorrinha ou Judeu;Auxis sp;5300
São Vicente;Cristalina A;7/1/2018;7/2/2018;7;2;2018;CPCI;CPCI;Sul do Porto Novo;Rede de cerco;Tunídeos;Cachorrinha ou Judeu;Auxis sp;2820
São Vicente;Cristalina A;7/1/2018;7/2/2018;7;2;2018;CPCI;CPCI;Sul do Porto Novo;Rede de cerco;Pequenos pelágicos;Cavala preta;Decapterus macarellus;617
São Vicente;Ponta Peça;7/1/2018;7/2/2018;7;2;2018;CPCI;CPCI;Sul do Porto Novo;Rede de cerco;Tunídeos;Cachorrinha ou Judeu;Auxis sp;23237
São Vicente;Deivika;7/1/2018;7/2/2018;7;2;2018;CPCI;CPCI;Porto Novo;;Tunídeos;Cachorrinha ou Judeu;Auxis sp;2149
São Vicente;Maranata;7/1/2018;7/2/2018;7;2;2018;CPCI;CPCI;Sul do Porto Novo;Rede de cerco;Tunídeos;Cachorrinha ou Judeu;Auxis sp;5300
São Vicente;São José;7/1/2018;7/3/2018;7;3;2018;CPCI;CPCI;Tarrafal de Monte Trigo;Linha e vara;Tunídeos;Gaiado;Katsuwonus pelamis;5455
São Vicente;Baía Porto Novo;7/2/2018;7/3/2018;7;3;2018;CPCI;CPCI;Sul do Porto Novo;Rede de cerco;Tunídeos;Cachorrinha ou Judeu;Auxis sp;24056
São Vicente;Belfish II;7/2/2018;7/3/2018;7;3;2018;CPCI;CPCI;Porto Novo;Rede de cerco;Tunídeos;Cachorrinha ou Judeu;Auxis sp;3000
São Vicente;Barbara;7/3/2018;7/4/2018;7;4;2018;CPCI;CPCI;Porto Novo;Rede de cerco;Tunídeos;Cachorrinha ou Judeu;Auxis sp;9437
São Vicente;Ponta Peça;7/2/2018;7/4/2018;7;4;2018;CPCI;CPCI;Ponta do Sol;Rede de cerco;Tunídeos;Cachorrinha ou Judeu;Auxis sp;9437
São Vicente;Cristalina A;7/3/2018;7/4/2018;7;4;2018;CPCI;CPCI;Sul de Santo Antão;Rede de cerco;Tunídeos;Cachorrinha ou Judeu;Auxis sp;17599
São Vicente;Gamboa;7/3/2018;7/4/2018;7;4;2018;CPCI;CPCI;Porto Novo;Rede de cerco;Tunídeos;Cachorrinha ou Judeu;Auxis sp;3304
São Vicente;Laginha;7/3/2018;7/4/2018;7;4;2018;CPCI;CPCI;Sul do Porto Novo;;Tunídeos;Cachorrinha ou Judeu;Auxis sp;2690
São Vicente;Djesone;7/4/2018;7/5/2018;7;5;2018;CPCI;CPCI;;;Tunídeos;Cachorrinha ou Judeu;Auxis sp;11029
São Vicente;Baía Porto Novo;7/4/2018;7/5/2018;7;5;2018;CPCI;CPCI;;;Tunídeos;Cachorrinha ou Judeu;Auxis sp;1987
São Vicente;Barbara;7/4/2018;7/5/2018;7;5;2018;CPCI;CPCI;;;Tunídeos;Cachorrinha ou Judeu;Auxis sp;8096
São Vicente;São João Baptista;7/4/2018;7/5/2018;7;5;2018;CPCI;CPCI;;;Tunídeos;Cachorrinha ou Judeu;Auxis sp;10877
São Vicente;Sal Rei;7/4/2018;7/5/2018;7;5;2018;CPCI;CPCI;;Rede de cerco;Tunídeos;Cachorrinha ou Judeu;Auxis sp;2409
São Vicente;Ponta Peça;7/4/2018;7/5/2018;7;5;2018;CPCI;CPCI;;;Tunídeos;Cachorrinha ou Judeu;Auxis sp;22857
São Vicente;Maranata;7/4/2018;7/5/2018;7;5;2018;CPCI;CPCI;;Rede de cerco;Tunídeos;Cachorrinha ou Judeu;Auxis sp;10816
São Vicente;Gamboa;7/4/2018;7/5/2018;7;5;2018;CPCI;CPCI;;Rede de cerco;Tunídeos;Cachorrinha ou Judeu;Auxis sp;914
São Vicente;São José;7/5/2018;7/6/2018;7;6;2018;CPCI;CPCI;Sul do Porto Novo;Rede de cerco;Tunídeos;Cachorrinha ou Judeu;Auxis sp;10871
São Vicente;Barbara;7/5/2018;7/6/2018;7;6;2018;CPCI;CPCI;Porto Novo;Rede de cerco;Tunídeos;Cachorrinha ou Judeu;Auxis sp;10830
São Vicente;Djesone;7/5/2018;7/6/2018;7;6;2018;CPCI;CPCI;Sul de Santo Antão;Rede de cerco;Tunídeos;Cachorrinha ou Judeu;Auxis sp;8115
São Vicente;São João Baptista;7/5/2018;7/6/2018;7;6;2018;CPCI;CPCI;Sul do Porto Novo;Rede de cerco;Tunídeos;Cachorrinha ou Judeu;Auxis sp;10884
São Vicente;Ponta Peça;7/5/2018;7/6/2018;7;6;2018;CPCI;CPCI;Sul de Santo Antão;Rede de cerco;Tunídeos;Cachorrinha ou Judeu;Auxis sp;15864
São Vicente;Laginha;7/5/2018;7/6/2018;7;6;2018;CPCI;CPCI;Porto Novo;;Tunídeos;Cachorrinha ou Judeu;Auxis sp;5032
São Vicente;Cristalina A;7/6/2018;7/7/2018;7;7;2018;CPCI;CPCI;Sul de Santo Antão;Rede de cerco;Tunídeos;Cachorrinha ou Judeu;Auxis sp;15929
São Vicente;Gamboa;7/6/2018;7/7/2018;7;7;2018;CPCI;CPCI;;;Tunídeos;Cachorrinha ou Judeu;Auxis sp;9844
São Vicente;Baía Porto Novo;7/6/2018;7/7/2018;7;7;2018;CPCI;CPCI;Porto Novo;Rede de cerco;Tunídeos;Cachorrinha ou Judeu;Auxis sp;30606
São Vicente;Barbara;7/6/2018;7/7/2018;7;7;2018;CPCI;CPCI;Sul de Santo Antão;Rede de cerco;Tunídeos;Cachorrinha ou Judeu;Auxis sp;10708
São Vicente;Frescura Baía;7/6/2018;7/7/2018;7;7;2018;CPCI;CPCI;Porto Novo;Rede de cerco;Tunídeos;Cachorrinha ou Judeu;Auxis sp;7807
São Vicente;Vinte-7;7/7/2018;7/8/2018;7;8;2018;CPCI;CPCI;;Rede de cerco;Tunídeos;Cachorrinha ou Judeu;Auxis sp;7525
São Vicente;Kelly;7/7/2018;7/8/2018;7;8;2018;CPCI;CPCI;;;Tunídeos;Cachorrinha ou Judeu;Auxis sp;3166
São Vicente;São José;7/7/2018;7/8/2018;7;8;2018;CPCI;CPCI;Porto Novo;Rede de cerco;Tunídeos;Cachorrinha ou Judeu;Auxis sp;10325
São Vicente;São João Baptista;7/7/2018;7/8/2018;7;8;2018;CPCI;CPCI;Porto Novo;;Tunídeos;Cachorrinha ou Judeu;Auxis sp;11541
São Vicente;Belfish II;7/7/2018;7/8/2018;7;8;2018;CPCI;CPCI;;Rede de cerco;Tunídeos;Cachorrinha ou Judeu;Auxis sp;4775
São Vicente;Maranata;7/7/2018;7/8/2018;7;8;2018;CPCI;CPCI;;;Tunídeos;Cachorrinha ou Judeu;Auxis sp;10572
São Vicente;Alice;7/7/2018;7/8/2018;7;8;2018;CPCI;CPCI;Porto Novo;Rede de cerco;Tunídeos;Cachorrinha ou Judeu;Auxis sp;1932
São Vicente;Ponta Cacimba;7/8/2018;7/9/2018;7;9;2018;CPCI;CPCI;Sul de Santo Antão;Rede de cerco;Tunídeos;Cachorrinha ou Judeu;Auxis sp;9962
São Vicente;Djesone;7/7/2018;7/8/2018;7;8;2018;CPCI;CPCI;Porto Novo;Rede de cerco;Tunídeos;Cachorrinha ou Judeu;Auxis sp;9323
São Vicente;Luta de Pescadores;7/8/2018;7/9/2018;7;9;2018;Sal;CPCI;;;Tunídeos;Cachorrinha ou Judeu;Auxis sp;24049
São Vicente;Barbara;7/8/2018;7/9/2018;7;9;2018;CPCI;CPCI;Porto Novo;Rede de cerco;Tunídeos;Cachorrinha ou Judeu;Auxis sp;11511
São Vicente;Kelly;7/15/2018;7/16/2018;7;16;2018;CPCI;CPCI;Porto Novo;Rede de cerco;Tunídeos;Cachorrinha ou Judeu;Auxis sp;2062
São Vicente;Cristalina A;7/15/2018;7/16/2018;7;16;2018;CPCI;CPCI;Porto Novo;Rede de cerco;Tunídeos;Cachorrinha ou Judeu;Auxis sp;16301
São Vicente;Barbara;7/15/2018;7/16/2018;7;16;2018;CPCI;CPCI;Norte de Santo Antão;Rede de cerco;Tunídeos;Cachorrinha ou Judeu;Auxis sp;9439
São Vicente;Gamboa;7/15/2018;7/16/2018;7;16;2018;CPCI;CPCI;Porto Novo;Rede de cerco;Tunídeos;Cachorrinha ou Judeu;Auxis sp;4056
São Vicente;Vinte-7;7/15/2018;7/16/2018;7;16;2018;CPCI;CPCI;Norte de Santo Antão;Rede de cerco;Tunídeos;Cachorrinha ou Judeu;Auxis sp;7781
São Vicente;Laginha;7/15/2018;7/16/2018;7;16;2018;CPCI;CPCI;Norte de Santo Antão;Rede de cerco;Tunídeos;Cachorrinha ou Judeu;Auxis sp;10103
São Vicente;Luta de Pescadores;7/16/2018;7/17/2018;7;17;2018;;CPCI;;Rede de cerco;Tunídeos;Cachorrinha ou Judeu;Auxis sp;22988
São Vicente;Sal Rei;7/15/2018;7/17/2018;7;17;2018;CPCI;CPCI;Porto Novo;Rede de cerco;Tunídeos;Cachorrinha ou Judeu;Auxis sp;10345
São Vicente;Atlantida II;7/16/2018;7/17/2018;7;17;2018;CPCI;CPCI;Santo Antão;;Tunídeos;Cachorrinha ou Judeu;Auxis sp;2895
São Vicente;São João Baptista;7/16/2018;7/17/2018;7;17;2018;CPCI;CPCI;;Rede de cerco;Tunídeos;Cachorrinha ou Judeu;Auxis sp;17463
São Vicente;Tantum;7/16/2018;7/17/2018;7;17;2018;CPCI;CPCI;Porto Novo;Rede de cerco;Tunídeos;Cachorrinha ou Judeu;Auxis sp;5222
São Vicente;Ponta Peça;7/16/2018;7/17/2018;7;17;2018;CPCI;CPCI;Porto Novo;Rede de cerco;Tunídeos;Cachorrinha ou Judeu;Auxis sp;9021
São Vicente;Cristalina A;7/16/2018;7/18/2018;7;18;2018;CPCI;CPCI;Porto Novo;;Tunídeos;Cachorrinha ou Judeu;Auxis sp;11431
São Vicente;Maranata;7/17/2018;7/18/2018;7;18;2018;CPCI;CPCI;Porto Novo;;Tunídeos;Cachorrinha ou Judeu;Auxis sp;4120
Santiago;Mestre Manuel;1/4/2018;1/4/2018;1;4;2018;Cais de pesca da Praia;Cais de pesca da Praia;Zabel Lopes;Rede de cerco;Tunídeos;Cachorrinha ou Judeu;Auxis sp;250
Santiago;Mestre Manuel;1/5/2018;1/5/2018;1;5;2018;Cais de pesca da Praia;Cais de pesca da Praia;Zabel Lopes;Rede de cerco;Tunídeos;Cachorrinha ou Judeu;Auxis sp;150
Santiago;Judeia;1/6/2018;1/10/2018;1;10;2018;Cais de pesca da Praia;Cais de pesca da Praia;Baixa;Linha;Tunídeos;Albacora;Thunnus albacares;1145
Santiago;Judeia;1/6/2018;1/10/2018;1;10;2018;Cais de pesca da Praia;Cais de pesca da Praia;Baixa;Linha;Pequenos pelágicos;Chicharro;Selar crumenophthalmus;200
Santiago;Jerusalém;1/6/2018;1/13/2018;1;13;2018;Cais de pesca da Praia;Cais de pesca da Praia;João Valente;Linha;Tunídeos;Albacora;Thunnus albacares;1650
Santiago;Jerusalém;1/6/2018;1/13/2018;1;13;2018;Cais de pesca da Praia;Cais de pesca da Praia;João Valente;Linha;Pequenos pelágicos;Chicharro;Selar crumenophthalmus;350
Santiago;São Miguel;1/7/2018;1/14/2018;1;14;2018;Cais de pesca da Praia;Cais de pesca da Praia;Sul do Maio/ João Valente;Linha;Tunídeos;Albacora;Thunnus albacares;1074
Santiago;São Miguel;1/7/2018;1/14/2018;1;14;2018;Cais de pesca da Praia;Cais de pesca da Praia;Sul do Maio/ João Valente;Linha;Pequenos pelágicos;Cavala branca;Decapterus punctatus;500
Santiago;São Miguel;1/7/2018;1/14/2018;1;14;2018;Cais de pesca da Praia;Cais de pesca da Praia;Sul do Maio/ João Valente;Linha;Pequenos pelágicos;Chicharro;Selar crumenophthalmus;250
Santiago;Cidadela;1/8/2018;1/10/2018;1;10;2018;Cais de pesca da Praia;Cais de pesca da Praia;Tarrafal de Santiago;Rede de cerco;Pequenos pelágicos;Arenque;Sardinella maderensis;4000
Santiago;Cidadela;1/8/2018;1/10/2018;1;10;2018;Cais de pesca da Praia;Cais de pesca da Praia;Tarrafal de Santiago;Rede de cerco;Pequenos pelágicos;Chicharro;Selar crumenophthalmus;1500
Santiago;Cidadela;1/8/2018;1/10/2018;1;10;2018;Cais de pesca da Praia;Cais de pesca da Praia;Tarrafal de Santiago;Rede de cerco;Pequenos pelágicos;Cavala preta;Decapterus macarellus;50
Santiago;Cidadela;1/8/2018;1/10/2018;1;10;2018;Cais de pesca da Praia;Cais de pesca da Praia;Tarrafal de Santiago;Rede de cerco;Tunídeos;Cachorrinha ou Judeu;Auxis sp;50
Santiago;Santo António;1/8/2018;1/15/2018;1;15;2018;Cais de pesca da Praia;Cais de pesca da Praia;Julinho Bode;Linha;Tunídeos;Albacora;Thunnus albacares;373
Santiago;Calhau;1/9/2018;1/10/2018;1;10;2018;Cais de pesca da Praia;Cais de pesca da Praia;Maio;Rede de cerco;Pequenos pelágicos;Cavala preta;Decapterus macarellus;6000
Santiago;Calhau;1/9/2018;1/10/2018;1;10;2018;Cais de pesca da Praia;Cais de pesca da Praia;Maio;Rede de cerco;Pequenos pelágicos;Chicharro;Selar crumenophthalmus;300
Santiago;Calhau;1/9/2018;1/10/2018;1;10;2018;Cais de pesca da Praia;Cais de pesca da Praia;Maio;Rede de cerco;Tunídeos;Cachorrinha ou Judeu;Auxis sp;100
Santiago;Carlos Maria;1/9/2018;1/11/2018;1;11;2018;Cais de pesca da Praia;Cais de pesca da Praia;Boa Vista;Rede de cerco;Pequenos pelágicos;Cavala preta;Decapterus macarellus;12000
Santiago;Carlos Maria;1/9/2018;1/11/2018;1;11;2018;Cais de pesca da Praia;Cais de pesca da Praia;Boa Vista;Rede de cerco;Tunídeos;Cachorrinha ou Judeu;Auxis sp;50
Santiago;Vinte-7;1/9/2018;1/12/2018;1;12;2018;Cais de pesca da Praia;Cais de pesca da Praia;Ponta leste de São Nicolau;Rede de cerco;Pequenos pelágicos;Cavala preta;Decapterus macarellus;7000
Santiago;Vinte-7;1/9/2018;1/12/2018;1;12;2018;Cais de pesca da Praia;Cais de pesca da Praia;Ponta leste de São Nicolau;Rede de cerco;Tunídeos;Cachorrinha ou Judeu;Auxis sp;100
Santiago;Mimosa;1/9/2018;1/15/2018;1;15;2018;Cais de pesca da Praia;Cais de pesca da Praia;Boa Vista;Rede de cerco;Tunídeos;Albacora;Thunnus albacares;833
Santiago;Mimosa;1/9/2018;1/15/2018;1;15;2018;Cais de pesca da Praia;Cais de pesca da Praia;Boa Vista;Rede de cerco;Pequenos pelágicos;Chicharro;Selar crumenophthalmus;330
Santiago;Praia Gonsal;1/9/2018;1/15/2018;1;15;2018;Cais de pesca da Praia;Cais de pesca da Praia;Sul do Maio;Rede de cerco;Tunídeos;Albacora;Thunnus albacares;670
Santiago;Praia Gonsal;1/9/2018;1/15/2018;1;15;2018;Cais de pesca da Praia;Cais de pesca da Praia;Sul do Maio;Rede de cerco;Pequenos pelágicos;Ponteiro;Hemiramphus brasiliensis;500
Santiago;Praia Gonsal;1/9/2018;1/15/2018;1;15;2018;Cais de pesca da Praia;Cais de pesca da Praia;Sul do Maio;Rede de cerco;Demersais;Salmão;Elagatis bipinnulata;200
Santiago;Praia Gonsal;1/9/2018;1/15/2018;1;15;2018;Cais de pesca da Praia;Cais de pesca da Praia;Sul do Maio;Rede de cerco;Tunídeos;Lobo ou Dourado;Coryphaena hippurus;55
Santiago;Praia Gonsal;1/9/2018;1/15/2018;1;15;2018;Cais de pesca da Praia;Cais de pesca da Praia;Sul do Maio;Rede de cerco;Pequenos pelágicos;Chicharro;Selar crumenophthalmus;500
Santiago;Praia Gonsal;1/9/2018;1/15/2018;1;15;2018;Cais de pesca da Praia;Cais de pesca da Praia;Sul do Maio;Rede de cerco;Tunídeos;Serra ou Djeu;Acanthocybium solandri;37
Santiago;ML;1/10/2018;1/11/2018;1;11;2018;Cais de pesca da Praia;Cais de pesca da Praia;Maio;Rede de cerco;Pequenos pelágicos;Cavala preta;Decapterus macarellus;2500
Santiago;Calhau;1/10/2018;1/11/2018;1;11;2018;Cais de pesca da Praia;Cais de pesca da Praia;Calheta;Rede de cerco;Tunídeos;Cachorrinha ou Judeu;Auxis sp;200
Santiago;Calhau;1/10/2018;1/11/2018;1;11;2018;Cais de pesca da Praia;Cais de pesca da Praia;Calheta;Rede de cerco;Pequenos pelágicos;Cavala preta;Decapterus macarellus;3000
Santiago;Ponta Preta;1/10/2018;1/11/2018;1;11;2018;Cais de pesca da Praia;Cais de pesca da Praia;Zabel Lopes;Rede de cerco;Tunídeos;Cachorrinha ou Judeu;Auxis sp;760
Santiago;Marlinda;1/10/2018;1/11/2018;1;11;2018;Cais de pesca da Praia;Cais de pesca da Praia;Cidade velha;Rede de cerco;Tunídeos;Cachorrinha ou Judeu;Auxis sp;2000
Santiago;Cidadela;1/11/2018;1/12/2018;1;12;2018;Cais de pesca da Praia;Cais de pesca da Praia;Maluada;Rede de cerco;Tunídeos;Cachorrinha ou Judeu;Auxis sp;2000
Santiago;Claudia;1/11/2018;1/15/2018;1;15;2018;Cais de pesca da Praia;Cais de pesca da Praia;Boa Vista;Linha;Tunídeos;Albacora;Thunnus albacares;567
Santiago;Claudia;1/11/2018;1/15/2018;1;15;2018;Cais de pesca da Praia;Cais de pesca da Praia;Boa Vista;Linha;Pequenos pelágicos;Chicharro;Selar crumenophthalmus;180
Santiago;Vinte-7;1/12/2018;1/15/2018;1;15;2018;Cais de pesca da Praia;Cais de pesca da Praia;Maio;Rede de cerco;Pequenos pelágicos;Cavala preta;Decapterus macarellus;3500
Santiago;Vinte-7;1/12/2018;1/15/2018;1;15;2018;Cais de pesca da Praia;Cais de pesca da Praia;Maio;Rede de cerco;Pequenos pelágicos;Chicharro;Selar crumenophthalmus;250
Santiago;Vinte-7;1/12/2018;1/15/2018;1;15;2018;Cais de pesca da Praia;Cais de pesca da Praia;Maio;Rede de cerco;Tunídeos;Cachorrinha ou Judeu;Auxis sp;200
Santiago;Carlos Maria;1/12/2018;1/15/2018;1;15;2018;Cais de pesca da Praia;Cais de pesca da Praia;Boa Vista;Rede de cerco;Pequenos pelágicos;Cavala preta;Decapterus macarellus;6000
Santiago;Carlos Maria;1/12/2018;1/15/2018;1;15;2018;Cais de pesca da Praia;Cais de pesca da Praia;Boa Vista;Rede de cerco;Tunídeos;Cachorrinha ou Judeu;Auxis sp;300
Santiago;Deus me deu;1/12/2018;1/17/2018;1;17;2018;Cais de pesca da Praia;Cais de pesca da Praia;Boa Vista;Rede de cerco;Tunídeos;Albacora;Thunnus albacares;1139
Santiago;Deus me deu;1/12/2018;1/17/2018;1;17;2018;Cais de pesca da Praia;Cais de pesca da Praia;Boa Vista;Rede de cerco;Pequenos pelágicos;Chicharro;Selar crumenophthalmus;180
Santiago;Mayra;1/13/2018;1/15/2018;1;15;2018;Cais de pesca da Praia;Cais de pesca da Praia;Boa Vista;Rede de cerco;Pequenos pelágicos;Chicharro;Selar crumenophthalmus;800
Santiago;Mayra;1/13/2018;1/15/2018;1;15;2018;Cais de pesca da Praia;Cais de pesca da Praia;Boa Vista;Rede de cerco;Pequenos pelágicos;Cavala branca;Decapterus punctatus;1700
Santiago;Mayra;1/13/2018;1/15/2018;1;15;2018;Cais de pesca da Praia;Cais de pesca da Praia;Boa Vista;Rede de cerco;Pequenos pelágicos;Cavala preta;Decapterus macarellus;15000
Santiago;ML;1/15/2018;1/17/2018;1;17;2018;Cais de pesca da Praia;Cais de pesca da Praia;Maio;Rede de cerco;Pequenos pelágicos;Cavala preta;Decapterus macarellus;1500
Santiago;ML;1/15/2018;1/17/2018;1;17;2018;Cais de pesca da Praia;Cais de pesca da Praia;Maio;Rede de cerco;Pequenos pelágicos;Chicharro;Selar crumenophthalmus;1500
Santiago;Marlinda;1/15/2018;1/19/2018;1;19;2018;Cais de pesca da Praia;Cais de pesca da Praia;Boa Vista;Rede de cerco;Pequenos pelágicos;Chicharro;Selar crumenophthalmus;8000
Santiago;Vinte-7;1/16/2018;1/18/2018;1;18;2018;Cais de pesca da Praia;Cais de pesca da Praia;Maio;Rede de cerco;Pequenos pelágicos;Cavala preta;Decapterus macarellus;5000
Santiago;Vinte-7;1/16/2018;1/18/2018;1;18;2018;Cais de pesca da Praia;Cais de pesca da Praia;Maio;Rede de cerco;Pequenos pelágicos;Cavala branca;Decapterus punctatus;500
Santiago;Vinte-7;1/16/2018;1/18/2018;1;18;2018;Cais de pesca da Praia;Cais de pesca da Praia;Maio;Rede de cerco;Pequenos pelágicos;Chicharro;Selar crumenophthalmus;500
Santiago;Vinte-7;1/16/2018;1/18/2018;1;18;2018;Cais de pesca da Praia;Cais de pesca da Praia;Maio;Rede de cerco;Tunídeos;Cachorrinha ou Judeu;Auxis sp;100
Santiago;Fábio;1/16/2018;1/23/2018;1;23;2018;Cais de pesca da Praia;Cais de pesca da Praia;Baixa;Linha;Tunídeos;Albacora;Thunnus albacares;369
Santiago;Fábio;1/16/2018;1/23/2018;1;23;2018;Cais de pesca da Praia;Cais de pesca da Praia;Baixa;Linha;Pequenos pelágicos;Chicharro;Selar crumenophthalmus;170
Santiago;Cidadela;1/17/2018;1/19/2018;1;19;2018;Cais de pesca da Praia;Cais de pesca da Praia;Boa Vista;Rede de cerco;Pequenos pelágicos;Chicharro;Selar crumenophthalmus;4000
Santiago;Calhau;1/20/2018;1/23/2018;1;23;2018;Cais de pesca da Praia;Cais de pesca da Praia;Calheta Maio;Rede de cerco;Pequenos pelágicos;Cavala preta;Decapterus macarellus;800
Santiago;Calhau;1/20/2018;1/23/2018;1;23;2018;Cais de pesca da Praia;Cais de pesca da Praia;Calheta Maio;Rede de cerco;Pequenos pelágicos;Chicharro;Selar crumenophthalmus;100
Santiago;Calhau;1/20/2018;1/23/2018;1;23;2018;Cais de pesca da Praia;Cais de pesca da Praia;Calheta Maio;Rede de cerco;Pequenos pelágicos;Arenque;Sardinella maderensis;200
Santiago;Calhau;1/20/2018;1/23/2018;1;23;2018;Cais de pesca da Praia;Cais de pesca da Praia;Calheta Maio;Rede de cerco;Tunídeos;Cachorrinha ou Judeu;Auxis sp;100
Santiago;Vinte-7;1/20/2018;1/24/2018;1;24;2018;Cais de pesca da Praia;Cais de pesca da Praia;Maio;Rede de cerco;Tunídeos;Cachorrinha ou Judeu;Auxis sp;300
Santiago;Judeia;1/20/2018;1/25/2018;1;25;2018;Cais de pesca da Praia;Cais de pesca da Praia;Baixa;Linha;Tunídeos;Albacora;Thunnus albacares;1198
Santiago;Judeia;1/20/2018;1/25/2018;1;25;2018;Cais de pesca da Praia;Cais de pesca da Praia;Baixa;Linha;Pequenos pelágicos;Chicharro;Selar crumenophthalmus;300
Santiago;Cidadela;1/20/2018;1/25/2018;1;25;2018;Cais de pesca da Praia;Cais de pesca da Praia;Fogo;Rede de cerco;Pequenos pelágicos;Cavala preta;Decapterus macarellus;2000
Santiago;Cidadela;1/20/2018;1/25/2018;1;25;2018;Cais de pesca da Praia;Cais de pesca da Praia;Fogo;Rede de cerco;Pequenos pelágicos;Chicharro;Selar crumenophthalmus;100
Santiago;Cidadela;1/20/2018;1/25/2018;1;25;2018;Cais de pesca da Praia;Cais de pesca da Praia;Fogo;Rede de cerco;Pequenos pelágicos;Ponteiro;Hemiramphus brasiliensis;100
Santiago;Ponta Preta;1/21/2018;1/22/2018;1;22;2018;Cais de pesca da Praia;Cais de pesca da Praia;Água doce;Rede de cerco;Pequenos pelágicos;Chicharro;Selar crumenophthalmus;100
Santiago;Ponta Preta;1/21/2018;1/22/2018;1;22;2018;Cais de pesca da Praia;Cais de pesca da Praia;Água doce;Rede de cerco;Pequenos pelágicos;Bonito;Caranx crysos;100
Santiago;Praia Gonsal;1/21/2018;1/22/2018;1;22;2018;Cais de pesca da Praia;Cais de pesca da Praia;Boa Vista;Rede de cerco;Tunídeos;Cachorrinha ou Judeu;Auxis sp;1500
Santiago;Praia Gonsal;1/21/2018;1/22/2018;1;22;2018;Cais de pesca da Praia;Cais de pesca da Praia;Boa Vista;Rede de cerco;Demersais;Goraz;Lutjanus fulgens;200
Santiago;Praia Gonsal;1/21/2018;1/22/2018;1;22;2018;Cais de pesca da Praia;Cais de pesca da Praia;Boa Vista;Rede de cerco;Pequenos pelágicos;Cavala legítima;Scomber japonicus;1500
Santiago;Jerusalém;1/21/2018;1/26/2018;1;26;2018;Cais de pesca da Praia;Cais de pesca da Praia;João Valente;Linha;Tunídeos;Albacora;Thunnus albacares;1790
Santiago;Jerusalém;1/21/2018;1/26/2018;1;26;2018;Cais de pesca da Praia;Cais de pesca da Praia;João Valente;Linha;Pequenos pelágicos;Chicharro;Selar crumenophthalmus;350
Santiago;Deus me deu;1/21/2018;1/27/2018;1;27;2018;Cais de pesca da Praia;Cais de pesca da Praia;Boa Vista;Linha;Tunídeos;Albacora;Thunnus albacares;2184
Santiago;Deus me deu;1/21/2018;1/27/2018;1;27;2018;Cais de pesca da Praia;Cais de pesca da Praia;Boa Vista;Linha;Pequenos pelágicos;Chicharro;Selar crumenophthalmus;260
Santiago;Ponta Preta;1/22/2018;1/23/2018;1;23;2018;Cais de pesca da Praia;Cais de pesca da Praia;Água doce;Rede de cerco;Pequenos pelágicos;Cavala preta;Decapterus macarellus;300
Santiago;Ponta Preta;1/22/2018;1/23/2018;1;23;2018;Cais de pesca da Praia;Cais de pesca da Praia;Água doce;Rede de cerco;Pequenos pelágicos;Chicharro;Selar crumenophthalmus;300
Santiago;Luta de Pescadores;1/22/2018;1/24/2018;1;24;2018;Cais de pesca da Praia;Cais de pesca da Praia;Santa Maria;Rede de cerco;Pequenos pelágicos;Cavala preta;Decapterus macarellus;5000
Santiago;Luta de Pescadores;1/22/2018;1/24/2018;1;24;2018;Cais de pesca da Praia;Cais de pesca da Praia;Santa Maria;Rede de cerco;Tunídeos;Cachorrinha ou Judeu;Auxis sp;4000
Santiago;Marlinda;1/22/2018;1/25/2018;1;25;2018;Cais de pesca da Praia;Cais de pesca da Praia;Boa Vista;Rede de cerco;Pequenos pelágicos;Chicharro;Selar crumenophthalmus;300
Santiago;Mayra;1/22/2018;1/23/2018;1;23;2018;Cais de pesca da Praia;Cais de pesca da Praia;Boa Vista;Rede de cerco;Pequenos pelágicos;Cavala preta;Decapterus macarellus;8000
Santiago;Carlos Maria;1/22/2018;1/25/2018;1;25;2018;Cais de pesca da Praia;Cais de pesca da Praia;Boa Vista;Rede de cerco;Pequenos pelágicos;Cavala branca;Decapterus punctatus;10000
Santiago;Carlos Maria;1/22/2018;1/25/2018;1;25;2018;Cais de pesca da Praia;Cais de pesca da Praia;Boa Vista;Rede de cerco;Demersais;Barbeiro;Acanthurus monroviae;100
Santiago;Carlos Maria;1/22/2018;1/25/2018;1;25;2018;Cais de pesca da Praia;Cais de pesca da Praia;Boa Vista;Rede de cerco;Demersais;Dobradão;Apsilus fuscus;300
Santiago;Carlos Maria;1/22/2018;1/25/2018;1;25;2018;Cais de pesca da Praia;Cais de pesca da Praia;Boa Vista;Rede de cerco;Demersais;Esmoregal ou Serze;Seriola sp;1500
Santiago;Carlos Maria;1/22/2018;1/25/2018;1;25;2018;Cais de pesca da Praia;Cais de pesca da Praia;Boa Vista;Rede de cerco;Tunídeos;Cachorrinha ou Judeu;Auxis sp;1000
Santiago;Carlos Maria;1/22/2018;1/25/2018;1;25;2018;Cais de pesca da Praia;Cais de pesca da Praia;Boa Vista;Rede de cerco;Demersais;Goraz;Lutjanus fulgens;500
Santiago;Deus me acompanha;1/22/2018;1/27/2018;1;27;2018;Cais de pesca da Praia;Cais de pesca da Praia;Baixa;Rede de cerco;Tunídeos;Albacora;Thunnus albacares;1357
Santiago;Deus me acompanha;1/22/2018;1/27/2018;1;27;2018;Cais de pesca da Praia;Cais de pesca da Praia;Baixa;Rede de cerco;Pequenos pelágicos;Chicharro;Selar crumenophthalmus;310
Santiago;Zé Carlos;1/22/2018;1/30/2018;1;30;2018;Cais de pesca da Praia;Cais de pesca da Praia;Baixa;Linha;Tunídeos;Albacora;Thunnus albacares;65
Santiago;Zé Carlos;1/22/2018;1/30/2018;1;30;2018;Cais de pesca da Praia;Cais de pesca da Praia;Baixa;Linha;Tunídeos;Serra ou Djeu;Acanthocybium solandri;26
Santiago;Zé Carlos;1/22/2018;1/30/2018;1;30;2018;Cais de pesca da Praia;Cais de pesca da Praia;Baixa;Linha;Demersais;Esmoregal ou Serze;Seriola sp;137
Santiago;Zé Carlos;1/22/2018;1/30/2018;1;30;2018;Cais de pesca da Praia;Cais de pesca da Praia;Baixa;Linha;Demersais;Badejo;Mycteroperca sp;10
Santiago;Zé Carlos;1/22/2018;1/30/2018;1;30;2018;Cais de pesca da Praia;Cais de pesca da Praia;Baixa;Linha;Demersais;Salmão;Elagatis bipinnulata;8
Santiago;Zé Carlos;1/22/2018;1/30/2018;1;30;2018;Cais de pesca da Praia;Cais de pesca da Praia;Baixa;Linha;Demersais;Enforcado ou Xereu;Caranx sp;15
Santiago;Claudia;1/23/2018;1/29/2018;1;29;2018;Cais de pesca da Praia;Cais de pesca da Praia;João Valente;Linha;Tunídeos;Albacora;Thunnus albacares;752
Santiago;Claudia;1/23/2018;1/29/2018;1;29;2018;Cais de pesca da Praia;Cais de pesca da Praia;João Valente;Linha;Pequenos pelágicos;Chicharro;Selar crumenophthalmus;180
Santiago;Santo António;1/24/2018;1/31/2018;1;31;2018;Cais de pesca da Praia;Cais de pesca da Praia;Tchadona;;Tunídeos;Albacora;Thunnus albacares;252
Santiago;Santo António;1/24/2018;1/31/2018;1;31;2018;Cais de pesca da Praia;Cais de pesca da Praia;Tchadona;;Tunídeos;Serra ou Djeu;Acanthocybium solandri;13
Santiago;Mimosa;1/24/2018;1/31/2018;1;31;2018;Cais de pesca da Praia;Cais de pesca da Praia;Boa Vista;Linha;Tunídeos;Albacora;Thunnus albacares;835
Santiago;Mimosa;1/24/2018;1/31/2018;1;31;2018;Cais de pesca da Praia;Cais de pesca da Praia;Boa Vista;Linha;Pequenos pelágicos;Chicharro;Selar crumenophthalmus;340
Santiago;Calheta;1/26/2018;1/31/2018;1;31;2018;Cais de pesca da Praia;Cais de pesca da Praia;Boa Vista;Linha;Tunídeos;Albacora;Thunnus albacares;1450
Santiago;Calheta;1/26/2018;1/31/2018;1;31;2018;Cais de pesca da Praia;Cais de pesca da Praia;Boa Vista;Linha;Pequenos pelágicos;Chicharro;Selar crumenophthalmus;180
Santiago;Luta de Pescadores;1/28/2018;1/29/2018;1;29;2018;Cais de pesca da Praia;Cais de pesca da Praia;Boa Vista;Rede de cerco;Pequenos pelágicos;Cavala branca;Decapterus punctatus;4000
Santiago;Luta de Pescadores;1/28/2018;1/29/2018;1;29;2018;Cais de pesca da Praia;Cais de pesca da Praia;Boa Vista;Rede de cerco;Pequenos pelágicos;Cavala preta;Decapterus macarellus;4000
Santiago;Luta de Pescadores;1/28/2018;1/29/2018;1;29;2018;Cais de pesca da Praia;Cais de pesca da Praia;Boa Vista;Rede de cerco;Tunídeos;Cachorrinha ou Judeu;Auxis sp;100
Santiago;Calhau;2/4/2018;2/5/2018;2;5;2018;Cais de pesca da Praia;Cais de pesca da Praia;Maio;Rede de cerco;Pequenos pelágicos;Cavala preta;Decapterus macarellus;8000
Santiago;Vinte-7;2/2/2018;2/4/2018;2;4;2018;Cais de pesca da Praia;Cais de pesca da Praia;Maio;Rede de cerco;Pequenos pelágicos;Cavala preta;Decapterus macarellus;6500
Santiago;Vinte-7;2/2/2018;2/4/2018;2;4;2018;Cais de pesca da Praia;Cais de pesca da Praia;Maio;Rede de cerco;Tunídeos;Cachorrinha ou Judeu;Auxis sp;50
Santiago;Vinte-7;2/5/2018;2/7/2018;2;7;2018;Cais de pesca da Praia;Cais de pesca da Praia;Maio;Rede de cerco;Pequenos pelágicos;Cavala branca;Decapterus punctatus;7000
Santiago;ML;2/5/2018;2/7/2018;2;7;2018;Cais de pesca da Praia;Cais de pesca da Praia;Maio;Rede de cerco;Pequenos pelágicos;Cavala preta;Decapterus macarellus;5000
Santiago;ML;2/5/2018;2/7/2018;2;7;2018;Cais de pesca da Praia;Cais de pesca da Praia;Maio;Rede de cerco;Pequenos pelágicos;Chicharro;Selar crumenophthalmus;150
Santiago;Calhau;2/5/2018;2/8/2018;2;8;2018;Cais de pesca da Praia;Cais de pesca da Praia;Calheta Maio;Rede de cerco;Pequenos pelágicos;Cavala preta;Decapterus macarellus;1500
Santiago;Calhau;2/5/2018;2/8/2018;2;8;2018;Cais de pesca da Praia;Cais de pesca da Praia;Calheta Maio;Rede de cerco;Pequenos pelágicos;Chicharro;Selar crumenophthalmus;1500
Santiago;Calhau;2/5/2018;2/8/2018;2;8;2018;Cais de pesca da Praia;Cais de pesca da Praia;Calheta Maio;Rede de cerco;Pequenos pelágicos;Cavala branca;Decapterus punctatus;100
Santiago;Calhau;2/5/2018;2/8/2018;2;8;2018;Cais de pesca da Praia;Cais de pesca da Praia;Calheta Maio;Rede de cerco;Pequenos pelágicos;Arenque;Sardinella maderensis;100
Santiago;Luta de Pescadores;2/6/2018;2/8/2018;2;8;2018;Cais de pesca da Praia;Cais de pesca da Praia;Boa Vista;Rede de cerco;Pequenos pelágicos;Cavala branca;Decapterus punctatus;11000
Santiago;Luta de Pescadores;2/6/2018;2/8/2018;2;8;2018;Cais de pesca da Praia;Cais de pesca da Praia;Boa Vista;Rede de cerco;Demersais;Esmoregal ou Serze;Seriola sp;300
Santiago;Dona Santana;1/28/2018;2/8/2018;2;8;2018;Cais de pesca da Praia;Cais de pesca da Praia;Maio;Linha;Demersais;Moreia;MURAENIDAE;25
Santiago;Dona Santana;1/28/2018;2/8/2018;2;8;2018;Cais de pesca da Praia;Cais de pesca da Praia;Maio;Linha;Demersais;Badejo;Mycteroperca sp;30
Santiago;Dona Santana;1/28/2018;2/8/2018;2;8;2018;Cais de pesca da Praia;Cais de pesca da Praia;Maio;Linha;Demersais;Garoupa;Cepahalopholis taeniops;60
Santiago;Dona Santana;1/28/2018;2/8/2018;2;8;2018;Cais de pesca da Praia;Cais de pesca da Praia;Maio;Linha;Demersais;Bica;Lethrinus atlanticus;15
Santiago;Dona Santana;1/28/2018;2/8/2018;2;8;2018;Cais de pesca da Praia;Cais de pesca da Praia;Maio;Linha;Demersais;Esmoregal ou Serze;Seriola sp;15
Santiago;Dona Santana;1/28/2018;2/8/2018;2;8;2018;Cais de pesca da Praia;Cais de pesca da Praia;Maio;Linha;Demersais;Sargo preto;Diplodus fasciatus;15
Santiago;Vinte-7;2/7/2018;2/9/2018;2;9;2018;Cais de pesca da Praia;Cais de pesca da Praia;Maio;Rede de cerco;Pequenos pelágicos;Cavala preta;Decapterus macarellus;6000
Santiago;Luta de Pescadores;2/10/2018;2/11/2018;2;11;2018;Cais de pesca da Praia;Cais de pesca da Praia;Boa Vista;Rede de cerco;Pequenos pelágicos;Cavala branca;Decapterus punctatus;12000
Santiago;Luta de Pescadores;2/10/2018;2/11/2018;2;11;2018;Cais de pesca da Praia;Cais de pesca da Praia;Boa Vista;Rede de cerco;Pequenos pelágicos;Cavala preta;Decapterus macarellus;8000
Santiago;Deus me deu;2/6/2018;2/11/2018;2;11;2018;Cais de pesca da Praia;Cais de pesca da Praia;;;Tunídeos;Albacora;Thunnus albacares;344
Santiago;Deus me deu;2/6/2018;2/11/2018;2;11;2018;Cais de pesca da Praia;Cais de pesca da Praia;;;Pequenos pelágicos;Chicharro;Selar crumenophthalmus;270
Santiago;Judeia;2/2/2018;2/9/2018;2;9;2018;Cais de pesca da Praia;Cais de pesca da Praia;Baixa;Linha;Tunídeos;Albacora;Thunnus albacares;621
Santiago;Judeia;2/2/2018;2/9/2018;2;9;2018;Cais de pesca da Praia;Cais de pesca da Praia;Baixa;Linha;Pequenos pelágicos;Chicharro;Selar crumenophthalmus;170
Santiago;Calheta;2/9/2018;2/12/2018;2;12;2018;Cais de pesca da Praia;Cais de pesca da Praia;Maio/ João Valente;Linha;Tunídeos;Albacora;Thunnus albacares;884
Santiago;Calheta;2/9/2018;2/12/2018;2;12;2018;Cais de pesca da Praia;Cais de pesca da Praia;Maio/ João Valente;Linha;Pequenos pelágicos;Chicharro;Selar crumenophthalmus;150
Santiago;Cidadela;2/10/2018;2/12/2018;2;12;2018;Cais de pesca da Praia;Cais de pesca da Praia;Fogo;Rede de cerco;Pequenos pelágicos;Chicharro;Selar crumenophthalmus;7500
Santiago;Vinte-7;2/10/2018;2/13/2018;2;13;2018;Cais de pesca da Praia;Cais de pesca da Praia;Maio;Rede de cerco;Pequenos pelágicos;Cavala preta;Decapterus macarellus;8000
Santiago;Vinte-7;2/10/2018;2/13/2018;2;13;2018;Cais de pesca da Praia;Cais de pesca da Praia;Maio;Rede de cerco;Tunídeos;Cachorrinha ou Judeu;Auxis sp;1000
Santiago;Calhau;2/14/2018;2/15/2018;2;15;2018;Cais de pesca da Praia;Cais de pesca da Praia;Tchadona;Rede de cerco;Pequenos pelágicos;Cavala preta;Decapterus macarellus;6000
Santiago;Calhau;2/14/2018;2/15/2018;2;15;2018;Cais de pesca da Praia;Cais de pesca da Praia;Tchadona;Rede de cerco;Tunídeos;Cachorrinha ou Judeu;Auxis sp;1500
Santiago;Vinte-7;2/13/2018;2/14/2018;2;14;2018;Cais de pesca da Praia;Cais de pesca da Praia;Tchadona;Rede de cerco;Pequenos pelágicos;Cavala preta;Decapterus macarellus;6000
Santiago;Vinte-7;2/13/2018;2/14/2018;2;14;2018;Cais de pesca da Praia;Cais de pesca da Praia;Tchadona;Rede de cerco;Tunídeos;Cachorrinha ou Judeu;Auxis sp;500
Santiago;Jerusalém;2/10/2018;2/15/2018;2;15;2018;Cais de pesca da Praia;Cais de pesca da Praia;Baixa;Linha;Tunídeos;Albacora;Thunnus albacares;1628
Santiago;Jerusalém;2/10/2018;2/15/2018;2;15;2018;Cais de pesca da Praia;Cais de pesca da Praia;Baixa;Linha;Pequenos pelágicos;Chicharro;Selar crumenophthalmus;350
Santiago;Israel;2/13/2018;2/15/2018;2;15;2018;Cais de pesca da Praia;Cais de pesca da Praia;Baixa;Linha;Tunídeos;Albacora;Thunnus albacares;1005
Santiago;Israel;2/13/2018;2/15/2018;2;15;2018;Cais de pesca da Praia;Cais de pesca da Praia;Baixa;Linha;Pequenos pelágicos;Chicharro;Selar crumenophthalmus;120
Santiago;Cidadela;2/15/2018;2/16/2018;2;16;2018;Cais de pesca da Praia;Cais de pesca da Praia;Tchadona;Rede de cerco;Pequenos pelágicos;Cavala preta;Decapterus macarellus;2000
Santiago;Cidadela;2/15/2018;2/16/2018;2;16;2018;Cais de pesca da Praia;Cais de pesca da Praia;Tchadona;Rede de cerco;Tunídeos;Cachorrinha ou Judeu;Auxis sp;200
Santiago;São Miguel;2/6/2018;2/15/2018;2;15;2018;Cais de pesca da Praia;Cais de pesca da Praia;Baixa;Linha;Tunídeos;Albacora;Thunnus albacares;734
Santiago;São Miguel;2/6/2018;2/15/2018;2;15;2018;Cais de pesca da Praia;Cais de pesca da Praia;Baixa;Linha;Pequenos pelágicos;Chicharro;Selar crumenophthalmus;260
Santiago;Marlinda;2/15/2018;2/16/2018;2;16;2018;Cais de pesca da Praia;Cais de pesca da Praia;Tchadona;Rede de cerco;Pequenos pelágicos;Cavala preta;Decapterus macarellus;400
Santiago;Marlinda;2/15/2018;2/16/2018;2;16;2018;Cais de pesca da Praia;Cais de pesca da Praia;Tchadona;Rede de cerco;Tunídeos;Cachorrinha ou Judeu;Auxis sp;2000
Santiago;Mayra;2/15/2018;2/16/2018;2;16;2018;Cais de pesca da Praia;Cais de pesca da Praia;Tchadona;Rede de cerco;Pequenos pelágicos;Cavala preta;Decapterus macarellus;10000
Santiago;Mayra;2/15/2018;2/16/2018;2;16;2018;Cais de pesca da Praia;Cais de pesca da Praia;Tchadona;Rede de cerco;Tunídeos;Cachorrinha ou Judeu;Auxis sp;500
Santiago;Praia Gonsal;2/16/2018;2/18/2018;2;18;2018;Cais de pesca da Praia;Cais de pesca da Praia;Boa Vista;Rede de cerco;Pequenos pelágicos;Cavala preta;Decapterus macarellus;7000
Santiago;ML;2/18/2018;2/19/2018;2;19;2018;Cais de pesca da Praia;Cais de pesca da Praia;Maio;Rede de cerco;Pequenos pelágicos;Cavala preta;Decapterus macarellus;2000
Santiago;ML;2/18/2018;2/19/2018;2;19;2018;Cais de pesca da Praia;Cais de pesca da Praia;Maio;Rede de cerco;Pequenos pelágicos;Chicharro;Selar crumenophthalmus;1000
Santiago;Calhau;2/18/2018;2/20/2018;2;20;2018;Cais de pesca da Praia;Cais de pesca da Praia;Ribeira Dom João;Rede de cerco;Pequenos pelágicos;Chicharro;Selar crumenophthalmus;5000
Santiago;Calhau;2/18/2018;2/20/2018;2;20;2018;Cais de pesca da Praia;Cais de pesca da Praia;Ribeira Dom João;Rede de cerco;Demersais;Sargo branco;Diplodus sargus lineatus;300
Santiago;Calhau;2/18/2018;2/20/2018;2;20;2018;Cais de pesca da Praia;Cais de pesca da Praia;Ribeira Dom João;Rede de cerco;Demersais;Abroto;Pomadasys rogeri;100
Santiago;Calhau;2/18/2018;2/20/2018;2;20;2018;Cais de pesca da Praia;Cais de pesca da Praia;Ribeira Dom João;Rede de cerco;Pequenos pelágicos;Arenque;Sardinella maderensis;400
Santiago;Rincon;2/19/2018;2/20/2018;2;20;2018;Cais de pesca da Praia;Cais de pesca da Praia;Kebra canela;Rede de cerco;Tunídeos;Cachorrinha ou Judeu;Auxis sp;6000
Santiago;Marlinda;2/16/2018;2/20/2018;2;20;2018;Cais de pesca da Praia;Cais de pesca da Praia;Boa Vista;Rede de cerco;Pequenos pelágicos;Cavala preta;Decapterus macarellus;7000
Santiago;Marlinda;2/16/2018;2/20/2018;2;20;2018;Cais de pesca da Praia;Cais de pesca da Praia;Boa Vista;Rede de cerco;Tunídeos;Cachorrinha ou Judeu;Auxis sp;1000
Santiago;Mimosa;2/6/2018;2/20/2018;2;20;2018;Cais de pesca da Praia;Cais de pesca da Praia;Boa Vista;Linha;Tunídeos;Albacora;Thunnus albacares;2043
Santiago;Mimosa;2/6/2018;2/20/2018;2;20;2018;Cais de pesca da Praia;Cais de pesca da Praia;Boa Vista;Linha;Pequenos pelágicos;Chicharro;Selar crumenophthalmus;330
Santiago;Vinte-7;2/19/2018;2/20/2018;2;20;2018;Cais de pesca da Praia;Cais de pesca da Praia;Maio;Rede de cerco;Pequenos pelágicos;Cavala preta;Decapterus macarellus;8000
Santiago;Vinte-7;2/19/2018;2/20/2018;2;20;2018;Cais de pesca da Praia;Cais de pesca da Praia;Maio;Rede de cerco;Tunídeos;Cachorrinha ou Judeu;Auxis sp;300
Santiago;ML;2/19/2018;2/22/2018;2;22;2018;Cais de pesca da Praia;Cais de pesca da Praia;Maio;Rede de cerco;Tunídeos;Cachorrinha ou Judeu;Auxis sp;1500
Santiago;ML;2/19/2018;2/22/2018;2;22;2018;Cais de pesca da Praia;Cais de pesca da Praia;Maio;Rede de cerco;Tunídeos;Albacora;Thunnus albacares;495
Santiago;Cidadela;2/18/2018;2/22/2018;2;22;2018;Cais de pesca da Praia;Cais de pesca da Praia;Fogo;Rede de cerco;Pequenos pelágicos;Chicharro;Selar crumenophthalmus;2000
Santiago;ML;2/22/2018;2/23/2018;2;23;2018;Cais de pesca da Praia;Cais de pesca da Praia;Tchadona;Rede de cerco;Pequenos pelágicos;Cavala preta;Decapterus macarellus;9000
Santiago;Jerusalém;2/19/2018;2/25/2018;2;25;2018;Cais de pesca da Praia;Cais de pesca da Praia;Boa Vista;Linha;Tunídeos;Albacora;Thunnus albacares;193
Santiago;Jerusalém;2/19/2018;2/25/2018;2;25;2018;Cais de pesca da Praia;Cais de pesca da Praia;Boa Vista;Linha;Demersais;Esmoregal ou Serze;Seriola sp;20
Santiago;Jerusalém;2/19/2018;2/25/2018;2;25;2018;Cais de pesca da Praia;Cais de pesca da Praia;Boa Vista;Linha;Demersais;Badejo;Mycteroperca sp;6
Santiago;Jerusalém;2/19/2018;2/25/2018;2;25;2018;Cais de pesca da Praia;Cais de pesca da Praia;Boa Vista;Linha;Pequenos pelágicos;Chicharro;Selar crumenophthalmus;420
Santiago;Israel;2/21/2018;2/25/2018;2;25;2018;Cais de pesca da Praia;Cais de pesca da Praia;Baixa;Linha;Tunídeos;Albacora;Thunnus albacares;101
Santiago;Israel;2/21/2018;2/25/2018;2;25;2018;Cais de pesca da Praia;Cais de pesca da Praia;Baixa;Linha;Tunídeos;Lobo ou Dourado;Coryphaena hippurus;37
Santiago;Israel;2/21/2018;2/25/2018;2;25;2018;Cais de pesca da Praia;Cais de pesca da Praia;Baixa;Linha;Pequenos pelágicos;Chicharro;Selar crumenophthalmus;220
Santiago;Zé Carlos;2/21/2018;2/26/2018;2;26;2018;Cais de pesca da Praia;Cais de pesca da Praia;João Valente;Linha;Pequenos pelágicos;Bonito;Caranx crysos;150
Santiago;Zé Carlos;2/21/2018;2/26/2018;2;26;2018;Cais de pesca da Praia;Cais de pesca da Praia;João Valente;Linha;Demersais;Badejo;Mycteroperca sp;16
Santiago;Zé Carlos;2/21/2018;2/26/2018;2;26;2018;Cais de pesca da Praia;Cais de pesca da Praia;João Valente;Linha;Demersais;Esmoregal ou Serze;Seriola sp;85
Santiago;Deus me acompanha;2/19/2018;2/24/2018;2;24;2018;Cais de pesca da Praia;Cais de pesca da Praia;Baixa/ João Valente;Linha;Tunídeos;Albacora;Thunnus albacares;567
Santiago;Deus me acompanha;2/19/2018;2/24/2018;2;24;2018;Cais de pesca da Praia;Cais de pesca da Praia;Baixa/ João Valente;Linha;Pequenos pelágicos;Chicharro;Selar crumenophthalmus;170
Santiago;Cidadela;2/22/2018;2/26/2018;2;26;2018;Cais de pesca da Praia;Cais de pesca da Praia;Tarrafal de Santiago;Rede de cerco;Pequenos pelágicos;Cavala preta;Decapterus macarellus;400
Santiago;Cidadela;2/22/2018;2/26/2018;2;26;2018;Cais de pesca da Praia;Cais de pesca da Praia;Tarrafal de Santiago;Rede de cerco;Pequenos pelágicos;Bonito;Caranx crysos;100
Santiago;Calhau;2/22/2018;2/27/2018;2;27;2018;Cais de pesca da Praia;Cais de pesca da Praia;Maio;Rede de cerco;Pequenos pelágicos;Cavala preta;Decapterus macarellus;500
Santiago;Calhau;2/22/2018;2/27/2018;2;27;2018;Cais de pesca da Praia;Cais de pesca da Praia;Maio;Rede de cerco;Demersais;Salmão;Elagatis bipinnulata;300
Santiago;Calhau;2/22/2018;2/27/2018;2;27;2018;Cais de pesca da Praia;Cais de pesca da Praia;Maio;Rede de cerco;Tunídeos;Albacora;Thunnus albacares;120
Santiago;Calhau;2/22/2018;2/27/2018;2;27;2018;Cais de pesca da Praia;Cais de pesca da Praia;Maio;Rede de cerco;Demersais;Enforcado ou Xereu;Caranx sp;300
Santiago;Santo António;2/18/2018;2/28/2018;2;28;2018;Cais de pesca da Praia;Cais de pesca da Praia;Boa Vista;Linha;Tunídeos;Albacora;Thunnus albacares;71
Santiago;Santo António;2/18/2018;2/28/2018;2;28;2018;Cais de pesca da Praia;Cais de pesca da Praia;Boa Vista;Linha;Demersais;Garoupa;Cepahalopholis taeniops;60
Santiago;Santo António;2/18/2018;2/28/2018;2;28;2018;Cais de pesca da Praia;Cais de pesca da Praia;Boa Vista;Linha;Demersais;Badejo;Mycteroperca sp;6
Santiago;Santo António;2/18/2018;2/28/2018;2;28;2018;Cais de pesca da Praia;Cais de pesca da Praia;Boa Vista;Linha;Demersais;Dobradão;Apsilus fuscus;20
Santiago;Santo António;2/18/2018;2/28/2018;2;28;2018;Cais de pesca da Praia;Cais de pesca da Praia;Boa Vista;Linha;Tunídeos;Lobo ou Dourado;Coryphaena hippurus;40
Santiago;Santo António;2/18/2018;2/28/2018;2;28;2018;Cais de pesca da Praia;Cais de pesca da Praia;Boa Vista;Linha;Demersais;Goraz;Lutjanus fulgens;35
Santiago;Mayra;2/27/2018;3/2/2018;3;2;2018;Cais de pesca da Praia;Cais de pesca da Praia;Sal;Rede de cerco;Tunídeos;Cachorrinha ou Judeu;Auxis sp;6000
Santiago;Cidadela;3/6/2018;3/7/2018;3;7;2018;Cais de pesca da Praia;Cais de pesca da Praia;Tarrafal de Santiago;Rede de cerco;Pequenos pelágicos;Cavala preta;Decapterus macarellus;9000
Santiago;Calhau;3/4/2018;3/7/2018;3;7;2018;Cais de pesca da Praia;Cais de pesca da Praia;Calheta;Rede de cerco;Tunídeos;Cachorrinha ou Judeu;Auxis sp;4000
Santiago;Rincon;3/7/2018;3/8/2018;3;8;2018;Cais de pesca da Praia;Cais de pesca da Praia;Tarrafal de Santiago;Rede de cerco;Pequenos pelágicos;Cavala preta;Decapterus macarellus;2500
Santiago;Dona Santana;3/2/2018;3/8/2018;3;8;2018;Cais de pesca da Praia;Cais de pesca da Praia;Maio;Linha;Demersais;Bica;Lethrinus atlanticus;100
Santiago;Dona Santana;3/2/2018;3/8/2018;3;8;2018;Cais de pesca da Praia;Cais de pesca da Praia;Maio;Linha;Demersais;Moreia;MURAENIDAE;10
Santiago;Dona Santana;3/2/2018;3/8/2018;3;8;2018;Cais de pesca da Praia;Cais de pesca da Praia;Maio;Linha;Demersais;Abroto;Pomadasys rogeri;3
Santiago;Dona Santana;3/2/2018;3/8/2018;3;8;2018;Cais de pesca da Praia;Cais de pesca da Praia;Maio;Linha;Demersais;Garoupa;Cepahalopholis taeniops;2
Santiago;Mestre Manuel;3/9/2018;3/9/2018;3;9;2018;Cais de pesca da Praia;Cais de pesca da Praia;Cabeça cais;Rede de cerco;Pequenos pelágicos;Chicharro;Selar crumenophthalmus;500
Santiago;Jerusalém;3/3/2018;3/9/2018;3;9;2018;Cais de pesca da Praia;Cais de pesca da Praia;Boa Vista/ Maio;Linha;Tunídeos;Albacora;Thunnus albacares;42
Santiago;Jerusalém;3/3/2018;3/9/2018;3;9;2018;Cais de pesca da Praia;Cais de pesca da Praia;Boa Vista/ Maio;Linha;Pequenos pelágicos;Cavala branca;Decapterus punctatus;2500
Santiago;Jerusalém;3/3/2018;3/9/2018;3;9;2018;Cais de pesca da Praia;Cais de pesca da Praia;Boa Vista/ Maio;Linha;Pequenos pelágicos;Cavala branca;Decapterus punctatus;2500
Santiago;Luta de Pescadores;3/8/2018;3/10/2018;3;10;2018;Cais de pesca da Praia;Cais de pesca da Praia;Sal;;Demersais;Dobradão;Apsilus fuscus;50
Santiago;Luta de Pescadores;3/8/2018;3/10/2018;3;10;2018;Cais de pesca da Praia;Cais de pesca da Praia;Sal;;Pequenos pelágicos;Cavala preta;Decapterus macarellus;8000
Santiago;Luta de Pescadores;3/8/2018;3/10/2018;3;10;2018;Cais de pesca da Praia;Cais de pesca da Praia;Sal;;Tunídeos;Cachorrinha ou Judeu;Auxis sp;200
Santiago;Mayra;3/6/2018;3/11/2018;3;11;2018;Cais de pesca da Praia;Cais de pesca da Praia;Tchadona/ Boa Vista/ Sal;Rede de cerco;Pequenos pelágicos;Cavala preta;Decapterus macarellus;10000
Santiago;Calheta;2/18/2018;3/10/2018;3;10;2018;Cais de pesca da Praia;Cais de pesca da Praia;Boa Vista/ Sal;Linha;Tunídeos;Albacora;Thunnus albacares;209
Santiago;Calheta;2/18/2018;3/10/2018;3;10;2018;Cais de pesca da Praia;Cais de pesca da Praia;Boa Vista/ Sal;Linha;Pequenos pelágicos;Chicharro;Selar crumenophthalmus;280
Santiago;Praia Gonsal;3/9/2018;3/12/2018;3;12;2018;Cais de pesca da Praia;Cais de pesca da Praia;Tarrafal de Santiago;Rede de cerco;Pequenos pelágicos;Cavala preta;Decapterus macarellus;5300
Santiago;ML;3/8/2018;3/13/2018;3;13;2018;Cais de pesca da Praia;Cais de pesca da Praia;Maio;Rede de cerco;Pequenos pelágicos;Chicharro;Selar crumenophthalmus;600
Santiago;ML;3/8/2018;3/13/2018;3;13;2018;Cais de pesca da Praia;Cais de pesca da Praia;Maio;Rede de cerco;Pequenos pelágicos;Pelombeta;Trachinotus ovatus;500
Santiago;Claudia;3/6/2018;3/14/2018;3;14;2018;Cais de pesca da Praia;Cais de pesca da Praia;João Valente;Linha;Tunídeos;Albacora;Thunnus albacares;44
Santiago;Claudia;3/6/2018;3/14/2018;3;14;2018;Cais de pesca da Praia;Cais de pesca da Praia;João Valente;Linha;Pequenos pelágicos;Chicharro;Selar crumenophthalmus;200
Santiago;Deus me acompanha;3/9/2018;3/14/2018;3;14;2018;Cais de pesca da Praia;Cais de pesca da Praia;João Valente;Linha;Tunídeos;Albacora;Thunnus albacares;252
Santiago;Deus me acompanha;3/9/2018;3/14/2018;3;14;2018;Cais de pesca da Praia;Cais de pesca da Praia;João Valente;Linha;Pequenos pelágicos;Chicharro;Selar crumenophthalmus;120
Santiago;Mayra;3/14/2018;3/15/2018;3;15;2018;Cais de pesca da Praia;Cais de pesca da Praia;Maio;Rede de cerco;Pequenos pelágicos;Cavala preta;Decapterus macarellus;6000
Santiago;Marlinda;3/12/2018;3/17/2018;3;17;2018;Cais de pesca da Praia;Cais de pesca da Praia;Boa Vista;Rede de cerco;Pequenos pelágicos;Cavala branca;Decapterus punctatus;10000
Santiago;Mestre Manuel;3/19/2018;3/19/2018;3;19;2018;Cais de pesca da Praia;Cais de pesca da Praia;Baía;Rede de cerco;Pequenos pelágicos;Chicharro;Selar crumenophthalmus;1000
Santiago;Jerusalém;3/15/2018;3/20/2018;3;20;2018;Cais de pesca da Praia;Cais de pesca da Praia;Boa Vista;Linha;Tunídeos;Cachorrinha ou Judeu;Auxis sp;200
Santiago;Jerusalém;3/15/2018;3/20/2018;3;20;2018;Cais de pesca da Praia;Cais de pesca da Praia;Boa Vista;Linha;Tunídeos;Albacora;Thunnus albacares;802
Santiago;Jerusalém;3/15/2018;3/20/2018;3;20;2018;Cais de pesca da Praia;Cais de pesca da Praia;Boa Vista;Linha;Demersais;Esmoregal ou Serze;Seriola sp;52
Santiago;Jerusalém;3/15/2018;3/20/2018;3;20;2018;Cais de pesca da Praia;Cais de pesca da Praia;Boa Vista;Linha;Pequenos pelágicos;Chicharro;Selar crumenophthalmus;300
Santiago;Israel;3/14/2018;3/19/2018;3;19;2018;Cais de pesca da Praia;Cais de pesca da Praia;Boa Vista;Linha;Demersais;Esmoregal ou Serze;Seriola sp;73
Santiago;Israel;3/14/2018;3/19/2018;3;19;2018;Cais de pesca da Praia;Cais de pesca da Praia;Boa Vista;Linha;Tunídeos;Serra ou Djeu;Acanthocybium solandri;8
Santiago;Israel;3/14/2018;3/19/2018;3;19;2018;Cais de pesca da Praia;Cais de pesca da Praia;Boa Vista;Linha;Tunídeos;Albacora;Thunnus albacares;355
Santiago;Israel;3/14/2018;3/19/2018;3;19;2018;Cais de pesca da Praia;Cais de pesca da Praia;Boa Vista;Linha;Pequenos pelágicos;Chicharro;Selar crumenophthalmus;170
Santiago;ML;3/18/2018;3/21/2018;3;21;2018;Cais de pesca da Praia;Cais de pesca da Praia;Maio;Rede de cerco;Pequenos pelágicos;Cavala preta;Decapterus macarellus;300
Santiago;ML;3/18/2018;3/21/2018;3;21;2018;Cais de pesca da Praia;Cais de pesca da Praia;Maio;Rede de cerco;Tunídeos;Cachorrinha ou Judeu;Auxis sp;200
Santiago;ML;3/18/2018;3/21/2018;3;21;2018;Cais de pesca da Praia;Cais de pesca da Praia;Maio;Rede de cerco;Pequenos pelágicos;Chicharro;Selar crumenophthalmus;700
Santiago;Carlos Maria;3/10/2018;3/21/2018;3;21;2018;Cais de pesca da Praia;Cais de pesca da Praia;Boa Vista;Rede de cerco;Pequenos pelágicos;Cavala branca;Decapterus punctatus;10000
Santiago;Praia Gonsal;3/21/2018;3/22/2018;3;22;2018;Cais de pesca da Praia;Cais de pesca da Praia;Papaia (Santiago);Rede de cerco;Pequenos pelágicos;Cavala preta;Decapterus macarellus;800
Santiago;Praia Gonsal;3/21/2018;3/22/2018;3;22;2018;Cais de pesca da Praia;Cais de pesca da Praia;Papaia (Santiago);Rede de cerco;Pequenos pelágicos;Bonito;Caranx crysos;200
Santiago;Praia Gonsal;3/21/2018;3/22/2018;3;22;2018;Cais de pesca da Praia;Cais de pesca da Praia;Papaia (Santiago);Rede de cerco;Pequenos pelágicos;Arenque;Sardinella maderensis;150
Santiago;Praia Gonsal;3/21/2018;3/22/2018;3;22;2018;Cais de pesca da Praia;Cais de pesca da Praia;Papaia (Santiago);Rede de cerco;Pequenos pelágicos;Chicharro;Selar crumenophthalmus;150
Santiago;Cidadela;3/19/2018;3/22/2018;3;22;2018;Cais de pesca da Praia;Cais de pesca da Praia;Fogo;Rede de cerco;Tunídeos;Cachorrinha ou Judeu;Auxis sp;3000
Santiago;Cidadela;3/19/2018;3/22/2018;3;22;2018;Cais de pesca da Praia;Cais de pesca da Praia;Fogo;Rede de cerco;Pequenos pelágicos;Cavala preta;Decapterus macarellus;1000
Santiago;Cidadela;3/19/2018;3/22/2018;3;22;2018;Cais de pesca da Praia;Cais de pesca da Praia;Fogo;Rede de cerco;Pequenos pelágicos;Chicharro;Selar crumenophthalmus;500
Santiago;Mayra;3/18/2018;3/22/2018;3;22;2018;Cais de pesca da Praia;Cais de pesca da Praia;Tchadona/ Maio/ Boa Vista;Rede de cerco;Pequenos pelágicos;Cavala preta;Decapterus macarellus;7000
Santiago;Marlinda;3/20/2018;3/22/2018;3;22;2018;Cais de pesca da Praia;Cais de pesca da Praia;Boa Vista;Rede de cerco;Pequenos pelágicos;Cavala branca;Decapterus punctatus;8000
Santiago;Praia Gonsal;3/22/2018;3/23/2018;3;23;2018;Cais de pesca da Praia;Cais de pesca da Praia;Gouveia;Rede de cerco;Pequenos pelágicos;Chicharro;Selar crumenophthalmus;400
Santiago;Praia Gonsal;3/22/2018;3/23/2018;3;23;2018;Cais de pesca da Praia;Cais de pesca da Praia;Gouveia;Rede de cerco;Pequenos pelágicos;Cavala preta;Decapterus macarellus;150
Santiago;Mestre Manuel;3/28/2018;3/28/2018;3;28;2018;Cais de pesca da Praia;Cais de pesca da Praia;Cabeça cais;;Pequenos pelágicos;Bonito;Caranx crysos;400
Santiago;Luta de Pescadores;3/26/2018;3/28/2018;3;28;2018;Cais de pesca da Praia;Cais de pesca da Praia;Sal;Rede de cerco;Pequenos pelágicos;Cavala preta;Decapterus macarellus;17000
Santiago;Luta de Pescadores;3/26/2018;3/28/2018;3;28;2018;Cais de pesca da Praia;Cais de pesca da Praia;Sal;Rede de cerco;Pequenos pelágicos;Chicharro;Selar crumenophthalmus;200
Santiago;Carlos Maria;3/25/2018;3/28/2018;3;28;2018;Cais de pesca da Praia;Cais de pesca da Praia;Sal;Rede de cerco;Tunídeos;Cachorrinha ou Judeu;Auxis sp;13000
Santiago;Lú di Balanta;3/28/2018;4/2/2018;4;2;2018;Cais de pesca da Praia;Cais de pesca da Praia;Boa Vista;Rede de cerco;Pequenos pelágicos;Pelombeta;Trachinotus ovatus;8000
Santiago;Lú di Balanta;3/28/2018;4/2/2018;4;2;2018;Cais de pesca da Praia;Cais de pesca da Praia;Boa Vista;Rede de cerco;Demersais;Sargo d'areia;Lithognathus mormyrus;300
Santiago;Israel;3/26/2018;4/2/2018;4;2;2018;Cais de pesca da Praia;Cais de pesca da Praia;Boa Vista;Linha;Tunídeos;Albacora;Thunnus albacares;126
Santiago;Israel;3/26/2018;4/2/2018;4;2;2018;Cais de pesca da Praia;Cais de pesca da Praia;Boa Vista;Linha;Tunídeos;Serra ou Djeu;Acanthocybium solandri;200
Santiago;Israel;3/26/2018;4/2/2018;4;2;2018;Cais de pesca da Praia;Cais de pesca da Praia;Boa Vista;Linha;Pequenos pelágicos;Chicharro;Selar crumenophthalmus;270
Santiago;Carlos Maria;4/3/2018;4/4/2018;4;4;2018;Cais de pesca da Praia;Cais de pesca da Praia;Tchadona;Rede de cerco;Pequenos pelágicos;Cavala preta;Decapterus macarellus;14000
Santiago;Carlos Maria;4/3/2018;4/4/2018;4;4;2018;Cais de pesca da Praia;Cais de pesca da Praia;Tchadona;Rede de cerco;Tunídeos;Cachorrinha ou Judeu;Auxis sp;100
Santiago;Calhau;4/4/2018;4/5/2018;4;5;2018;Cais de pesca da Praia;Cais de pesca da Praia;Maio;;Pequenos pelágicos;Cavala preta;Decapterus macarellus;5000
Santiago;Calhau;4/4/2018;4/5/2018;4;5;2018;Cais de pesca da Praia;Cais de pesca da Praia;Maio;;Tunídeos;Cachorrinha ou Judeu;Auxis sp;100
Santiago;Luta de Pescadores;4/4/2018;4/6/2018;4;6;2018;Cais de pesca da Praia;Cais de pesca da Praia;Sal;Rede de cerco;Pequenos pelágicos;Cavala preta;Decapterus macarellus;15000
Santiago;Cidadela;4/4/2018;4/6/2018;4;6;2018;Cais de pesca da Praia;Cais de pesca da Praia;Tarrafal de Santiago;;Pequenos pelágicos;Cavala preta;Decapterus macarellus;2500
Santiago;Mestre Manuel;4/5/2018;4/5/2018;4;5;2018;Cais de pesca da Praia;Cais de pesca da Praia;Cabeça cais;Rede de cerco;Tunídeos;Cachorrinha ou Judeu;Auxis sp;500
Santiago;Calhau;4/5/2018;4/6/2018;4;6;2018;Cais de pesca da Praia;Cais de pesca da Praia;Tchadona;Rede de cerco;Pequenos pelágicos;Cavala preta;Decapterus macarellus;1500
Santiago;Calhau;4/5/2018;4/6/2018;4;6;2018;Cais de pesca da Praia;Cais de pesca da Praia;Tchadona;Rede de cerco;Tunídeos;Cachorrinha ou Judeu;Auxis sp;1500
Santiago;Cidadela;4/8/2018;4/9/2018;4;9;2018;Cais de pesca da Praia;Cais de pesca da Praia;Tarrafal de Santiago;Rede de cerco;Pequenos pelágicos;Cavala preta;Decapterus macarellus;3000
Santiago;Mimosa;3/30/2018;4/10/2018;4;10;2018;Cais de pesca da Praia;Cais de pesca da Praia;Boa Vista;Linha;Tunídeos;Cachorrinha ou Judeu;Auxis sp;2000
Santiago;Mimosa;3/30/2018;4/10/2018;4;10;2018;Cais de pesca da Praia;Cais de pesca da Praia;Boa Vista;Linha;Demersais;Salmão;Elagatis bipinnulata;180
Santiago;Mimosa;3/30/2018;4/10/2018;4;10;2018;Cais de pesca da Praia;Cais de pesca da Praia;Boa Vista;Linha;Tunídeos;Albacora;Thunnus albacares;584
Santiago;Mimosa;3/30/2018;4/10/2018;4;10;2018;Cais de pesca da Praia;Cais de pesca da Praia;Boa Vista;Linha;Tunídeos;Serra ou Djeu;Acanthocybium solandri;20
Santiago;Praia Gonsal;4/6/2018;4/10/2018;4;10;2018;Cais de pesca da Praia;Cais de pesca da Praia;Tarrafal de Santiago;Rede de cerco;Pequenos pelágicos;Cavala preta;Decapterus macarellus;1000
Santiago;Deus me deu;4/4/2018;4/10/2018;4;10;2018;Cais de pesca da Praia;Cais de pesca da Praia;Boa Vista;Linha;Tunídeos;Albacora;Thunnus albacares;228
Santiago;Deus me deu;4/4/2018;4/10/2018;4;10;2018;Cais de pesca da Praia;Cais de pesca da Praia;Boa Vista;Linha;Demersais;Esmoregal ou Serze;Seriola sp;25
Santiago;Deus me deu;4/4/2018;4/10/2018;4;10;2018;Cais de pesca da Praia;Cais de pesca da Praia;Boa Vista;Linha;Pequenos pelágicos;Chicharro;Selar crumenophthalmus;350
Santiago;Vinte-7;4/10/2018;4/11/2018;4;11;2018;Cais de pesca da Praia;Cais de pesca da Praia;Maio;Rede de cerco;Pequenos pelágicos;Chicharro;Selar crumenophthalmus;3000
Santiago;São Miguel;4/6/2018;4/12/2018;4;12;2018;Cais de pesca da Praia;Cais de pesca da Praia;Boa Vista;Linha;Tunídeos;Albacora;Thunnus albacares;214
Santiago;São Miguel;4/6/2018;4/12/2018;4;12;2018;Cais de pesca da Praia;Cais de pesca da Praia;Boa Vista;Linha;Pequenos pelágicos;Chicharro;Selar crumenophthalmus;150
Santiago;Judeia;4/4/2018;4/11/2018;4;11;2018;Cais de pesca da Praia;Cais de pesca da Praia;Sal Rei (Boa Vista);Linha;Tunídeos;Albacora;Thunnus albacares;475
Santiago;Judeia;4/4/2018;4/11/2018;4;11;2018;Cais de pesca da Praia;Cais de pesca da Praia;Sal Rei (Boa Vista);Linha;Tunídeos;Serra ou Djeu;Acanthocybium solandri;31
Santiago;Judeia;4/4/2018;4/11/2018;4;11;2018;Cais de pesca da Praia;Cais de pesca da Praia;Sal Rei (Boa Vista);Linha;Pequenos pelágicos;Chicharro;Selar crumenophthalmus;200
Santiago;JB;4/4/2018;4/12/2018;4;12;2018;Cais de pesca da Praia;Cais de pesca da Praia;João Valente;Linha;Tunídeos;Albacora;Thunnus albacares;352
Santiago;JB;4/4/2018;4/12/2018;4;12;2018;Cais de pesca da Praia;Cais de pesca da Praia;João Valente;Linha;Pequenos pelágicos;Chicharro;Selar crumenophthalmus;130
Santiago;Deus me acompanha;4/4/2018;4/11/2018;4;11;2018;Cais de pesca da Praia;Cais de pesca da Praia;Julinho Bode;Linha;Tunídeos;Albacora;Thunnus albacares;810
Santiago;Deus me acompanha;4/4/2018;4/11/2018;4;11;2018;Cais de pesca da Praia;Cais de pesca da Praia;Julinho Bode;Linha;Pequenos pelágicos;Chicharro;Selar crumenophthalmus;300
Santiago;Jerusalém;4/8/2018;4/12/2018;4;12;2018;Cais de pesca da Praia;Cais de pesca da Praia;Sul do Maio;Linha;Tunídeos;Albacora;Thunnus albacares;845
Santiago;Jerusalém;4/8/2018;4/12/2018;4;12;2018;Cais de pesca da Praia;Cais de pesca da Praia;Sul do Maio;Linha;Pequenos pelágicos;Chicharro;Selar crumenophthalmus;370
Santiago;Paulo Nuno;4/6/2018;4/11/2018;4;11;2018;Cais de pesca da Praia;Cais de pesca da Praia;Cabeça Maio;Linha;Tunídeos;Albacora;Thunnus albacares;166
Santiago;Paulo Nuno;4/6/2018;4/11/2018;4;11;2018;Cais de pesca da Praia;Cais de pesca da Praia;Cabeça Maio;Linha;Demersais;Esmoregal ou Serze;Seriola sp;178
Santiago;Paulo Nuno;4/6/2018;4/11/2018;4;11;2018;Cais de pesca da Praia;Cais de pesca da Praia;Cabeça Maio;Linha;Tunídeos;Serra ou Djeu;Acanthocybium solandri;77
Santiago;Paulo Nuno;4/6/2018;4/11/2018;4;11;2018;Cais de pesca da Praia;Cais de pesca da Praia;Cabeça Maio;Linha;Pequenos pelágicos;Chicharro;Selar crumenophthalmus;160
Santiago;Claudia;4/5/2018;4/12/2018;4;12;2018;Cais de pesca da Praia;Cais de pesca da Praia;Sul do Maio;Linha;Tunídeos;Albacora;Thunnus albacares;970
Santiago;Claudia;4/5/2018;4/12/2018;4;12;2018;Cais de pesca da Praia;Cais de pesca da Praia;Sul do Maio;Linha;Pequenos pelágicos;Chicharro;Selar crumenophthalmus;180
Santiago;Calhau;4/15/2018;4/16/2018;4;16;2018;Cais de pesca da Praia;Cais de pesca da Praia;Maio;Rede de cerco;Pequenos pelágicos;Cavala preta;Decapterus macarellus;6000
Santiago;Lú di Balanta;4/7/2018;4/16/2018;4;16;2018;Cais de pesca da Praia;Cais de pesca da Praia;Maio;Rede de cerco;Tunídeos;Cachorrinha ou Judeu;Auxis sp;500
Santiago;Cidadela;4/16/2018;4/17/2018;4;17;2018;Cais de pesca da Praia;Cais de pesca da Praia;Tarrafal de Santiago;Rede de cerco;Pequenos pelágicos;Cavala preta;Decapterus macarellus;8000
Santiago;Mayra;4/16/2018;4/17/2018;4;17;2018;Cais de pesca da Praia;Cais de pesca da Praia;Tchadona;Rede de cerco;Pequenos pelágicos;Cavala preta;Decapterus macarellus;8000
Santiago;Paulo Nuno;4/15/2018;4/17/2018;4;17;2018;Cais de pesca da Praia;Cais de pesca da Praia;Sul do Maio;Linha;Tunídeos;Albacora;Thunnus albacares;77
Santiago;Paulo Nuno;4/15/2018;4/17/2018;4;17;2018;Cais de pesca da Praia;Cais de pesca da Praia;Sul do Maio;Linha;Tunídeos;Gaiado;Katsuwonus pelamis;120
Santiago;Paulo Nuno;4/15/2018;4/17/2018;4;17;2018;Cais de pesca da Praia;Cais de pesca da Praia;Sul do Maio;Linha;Tunídeos;Merma/ Panguil/ Txafarote;Euthynnus alleteratus;121
Santiago;Paulo Nuno;4/15/2018;4/17/2018;4;17;2018;Cais de pesca da Praia;Cais de pesca da Praia;Sul do Maio;Linha;Pequenos pelágicos;Chicharro;Selar crumenophthalmus;170
Santiago;Carlos Maria;4/16/2018;4/18/2018;4;18;2018;Cais de pesca da Praia;Cais de pesca da Praia;Tchadona;Rede de cerco;Demersais;Salmão;Elagatis bipinnulata;1000
Santiago;Carlos Maria;4/16/2018;4/18/2018;4;18;2018;Cais de pesca da Praia;Cais de pesca da Praia;Tchadona;Rede de cerco;Pequenos pelágicos;Cavala preta;Decapterus macarellus;500
Santiago;Vinte-7;4/16/2018;4/18/2018;4;18;2018;Cais de pesca da Praia;Cais de pesca da Praia;Tchadona;Rede de cerco;Pequenos pelágicos;Cavala preta;Decapterus macarellus;3000
Santiago;Mestre Manuel;4/18/2018;4/18/2018;4;18;2018;Cais de pesca da Praia;Cais de pesca da Praia;Cabeça cais;Rede laço de guia;Tunídeos;Cachorrinha ou Judeu;Auxis sp;400
Santiago;Praia Gonsal;4/16/2018;4/18/2018;4;18;2018;Cais de pesca da Praia;Cais de pesca da Praia;Tarrafal de Santiago;Rede de cerco;Pequenos pelágicos;Cavala preta;Decapterus macarellus;4000
Santiago;São Miguel;4/16/2018;4/19/2018;4;19;2018;Cais de pesca da Praia;Cais de pesca da Praia;Sul do Maio;Linha;Tunídeos;Albacora;Thunnus albacares;326
Santiago;São Miguel;4/16/2018;4/19/2018;4;19;2018;Cais de pesca da Praia;Cais de pesca da Praia;Sul do Maio;Linha;Pequenos pelágicos;Chicharro;Selar crumenophthalmus;120
Santiago;Mauro;4/15/2018;4/19/2018;4;19;2018;Cais de pesca da Praia;Cais de pesca da Praia;Sul do Maio;Linha;Tunídeos;Albacora;Thunnus albacares;964
Santiago;Mauro;4/15/2018;4/19/2018;4;19;2018;Cais de pesca da Praia;Cais de pesca da Praia;Sul do Maio;Linha;Pequenos pelágicos;Chicharro;Selar crumenophthalmus;200
Santiago;Vinte-7;4/18/2018;4/20/2018;4;20;2018;Cais de pesca da Praia;Cais de pesca da Praia;Sul do Maio/ Tchadona;Linha;Pequenos pelágicos;Chicharro;Selar crumenophthalmus;2000
Santiago;Mestre Manuel;4/20/2018;4/20/2018;4;20;2018;Cais de pesca da Praia;Cais de pesca da Praia;Cabeça cais;Rede laço de guia;Tunídeos;Cachorrinha ou Judeu;Auxis sp;120
Santiago;Luta de Pescadores;4/19/2018;4/22/2018;4;22;2018;Cais de pesca da Praia;Cais de pesca da Praia;São Nicolau;Rede de cerco;Pequenos pelágicos;Cavala preta;Decapterus macarellus;6000
Santiago;Luta de Pescadores;4/19/2018;4/22/2018;4;22;2018;Cais de pesca da Praia;Cais de pesca da Praia;São Nicolau;Rede de cerco;Demersais;Salmão;Elagatis bipinnulata;50
Santiago;Luta de Pescadores;4/19/2018;4/22/2018;4;22;2018;Cais de pesca da Praia;Cais de pesca da Praia;São Nicolau;Rede de cerco;Pequenos pelágicos;Bonito;Caranx crysos;800
Santiago;Luta de Pescadores;4/19/2018;4/22/2018;4;22;2018;Cais de pesca da Praia;Cais de pesca da Praia;São Nicolau;Rede de cerco;Demersais;Dobradão;Apsilus fuscus;2000
Santiago;Deus me deu;4/15/2018;4/22/2018;4;22;2018;Cais de pesca da Praia;Cais de pesca da Praia;Boa Vista;Linha;Tunídeos;Albacora;Thunnus albacares;930
Santiago;Deus me deu;4/15/2018;4/22/2018;4;22;2018;Cais de pesca da Praia;Cais de pesca da Praia;Boa Vista;Linha;Pequenos pelágicos;Chicharro;Selar crumenophthalmus;240
Santiago;Calhau;4/19/2018;4/22/2018;4;22;2018;Cais de pesca da Praia;Cais de pesca da Praia;Ribeira Dom João/ Maio;Rede de cerco;Pequenos pelágicos;Chicharro;Selar crumenophthalmus;2000
Santiago;Calhau;4/19/2018;4/22/2018;4;22;2018;Cais de pesca da Praia;Cais de pesca da Praia;Ribeira Dom João/ Maio;Rede de cerco;Demersais;Corvina;Bodianus scrofa;100
Santiago;Calhau;4/19/2018;4/22/2018;4;22;2018;Cais de pesca da Praia;Cais de pesca da Praia;Ribeira Dom João/ Maio;Rede de cerco;Demersais;Sargo d'areia;Lithognathus mormyrus;200
Santiago;Israel;4/16/2018;4/21/2018;4;21;2018;Cais de pesca da Praia;Cais de pesca da Praia;Boa Vista/ Sul do Maio;Linha;Tunídeos;Albacora;Thunnus albacares;98
Santiago;Israel;4/16/2018;4/21/2018;4;21;2018;Cais de pesca da Praia;Cais de pesca da Praia;Boa Vista/ Sul do Maio;Linha;Tunídeos;Serra ou Djeu;Acanthocybium solandri;98
Santiago;Israel;4/16/2018;4/21/2018;4;21;2018;Cais de pesca da Praia;Cais de pesca da Praia;Boa Vista/ Sul do Maio;Linha;Tunídeos;Gaiado;Katsuwonus pelamis;250
Santiago;Paulo Nuno;4/19/2018;4/23/2018;4;23;2018;Cais de pesca da Praia;Cais de pesca da Praia;Sul do Maio;;Tunídeos;Albacora;Thunnus albacares;634
Santiago;Paulo Nuno;4/19/2018;4/23/2018;4;23;2018;Cais de pesca da Praia;Cais de pesca da Praia;Sul do Maio;;Pequenos pelágicos;Chicharro;Selar crumenophthalmus;180
Santiago;Deus me acompanha;4/16/2018;4/24/2018;4;24;2018;Cais de pesca da Praia;Cais de pesca da Praia;João Valente;Linha;Tunídeos;Albacora;Thunnus albacares;810
Santiago;Deus me acompanha;4/16/2018;4/24/2018;4;24;2018;Cais de pesca da Praia;Cais de pesca da Praia;João Valente;Linha;Pequenos pelágicos;Chicharro;Selar crumenophthalmus;220
Santiago;Claudia;4/19/2018;4/24/2018;4;24;2018;Cais de pesca da Praia;Cais de pesca da Praia;Sul do Maio;Linha;Tunídeos;Albacora;Thunnus albacares;173
Santiago;Claudia;4/19/2018;4/24/2018;4;24;2018;Cais de pesca da Praia;Cais de pesca da Praia;Sul do Maio;Linha;Pequenos pelágicos;Chicharro;Selar crumenophthalmus;170
Santiago;Zé Carlos;4/18/2018;4/24/2018;4;24;2018;Cais de pesca da Praia;Cais de pesca da Praia;Sul do Maio;Linha;Demersais;Esmoregal ou Serze;Seriola sp;30
Santiago;Zé Carlos;4/18/2018;4/24/2018;4;24;2018;Cais de pesca da Praia;Cais de pesca da Praia;Sul do Maio;Linha;Tunídeos;Gaiado;Katsuwonus pelamis;32
Santiago;Zé Carlos;4/18/2018;4/24/2018;4;24;2018;Cais de pesca da Praia;Cais de pesca da Praia;Sul do Maio;Linha;Tunídeos;Albacora;Thunnus albacares;167
Santiago;Regresso;4/17/2018;4/25/2018;4;25;2018;Cais de pesca da Praia;Cais de pesca da Praia;Boa Vista;Linha;Tunídeos;Albacora;Thunnus albacares;376
Santiago;Regresso;4/17/2018;4/25/2018;4;25;2018;Cais de pesca da Praia;Cais de pesca da Praia;Boa Vista;Linha;Pequenos pelágicos;Chicharro;Selar crumenophthalmus;120
Santiago;Ponta Preta;4/24/2018;4/25/2018;4;25;2018;Cais de pesca da Praia;Cais de pesca da Praia;Tarrafal de Santiago;Rede de cerco;Tunídeos;Cachorrinha ou Judeu;Auxis sp;2000
Santiago;Luta de Pescadores;4/24/2018;4/27/2018;4;27;2018;Cais de pesca da Praia;Cais de pesca da Praia;Boa Vista;Rede de cerco;Pequenos pelágicos;Cavala branca;Decapterus punctatus;6000
Santiago;Luta de Pescadores;4/24/2018;4/27/2018;4;27;2018;Cais de pesca da Praia;Cais de pesca da Praia;Boa Vista;Rede de cerco;Demersais;Barbeiro;Acanthurus monroviae;300
Santiago;Luta de Pescadores;4/24/2018;4/27/2018;4;27;2018;Cais de pesca da Praia;Cais de pesca da Praia;Boa Vista;Rede de cerco;Tunídeos;Merma/ Panguil/ Txafarote;Euthynnus alleteratus;120
Santiago;Mestre Manuel;4/27/2018;4/27/2018;4;27;2018;Cais de pesca da Praia;Cais de pesca da Praia;Casona;Rede laço de guia;Tunídeos;Cachorrinha ou Judeu;Auxis sp;150
Santiago;Jerusalém;4/23/2018;4/30/2018;4;30;2018;Cais de pesca da Praia;Cais de pesca da Praia;Boa Vista;Linha;Tunídeos;Albacora;Thunnus albacares;1009
Santiago;Jerusalém;4/23/2018;4/30/2018;4;30;2018;Cais de pesca da Praia;Cais de pesca da Praia;Boa Vista;Linha;Pequenos pelágicos;Chicharro;Selar crumenophthalmus;330
Santiago;Judeia;4/24/2018;4/29/2018;4;29;2018;Cais de pesca da Praia;Cais de pesca da Praia;Boca Sal Rei;Linha;Tunídeos;Albacora;Thunnus albacares;710
Santiago;Judeia;4/24/2018;4/29/2018;4;29;2018;Cais de pesca da Praia;Cais de pesca da Praia;Boca Sal Rei;Linha;Pequenos pelágicos;Chicharro;Selar crumenophthalmus;170
Santiago;Deus me deu;4/27/2018;4/30/2018;4;30;2018;Cais de pesca da Praia;Cais de pesca da Praia;Brava;Rede de cerco;Pequenos pelágicos;Dobrada;Spicara melanurus;5500
Santiago;Deus me deu;4/27/2018;4/30/2018;4;30;2018;Cais de pesca da Praia;Cais de pesca da Praia;Brava;Rede de cerco;Demersais;Barbeiro;Acanthurus monroviae;500
Santiago;Luta de Pescadores;4/29/2018;4/30/2018;4;30;2018;Cais de pesca da Praia;Cais de pesca da Praia;Boa Vista;Rede de cerco;Pequenos pelágicos;Cavala branca;Decapterus punctatus;16000
Santiago;Luta de Pescadores;4/29/2018;4/30/2018;4;30;2018;Cais de pesca da Praia;Cais de pesca da Praia;Boa Vista;Rede de cerco;Tunídeos;Cachorrinha ou Judeu;Auxis sp;300
Santiago;Luta de Pescadores;4/29/2018;4/30/2018;4;30;2018;Cais de pesca da Praia;Cais de pesca da Praia;Boa Vista;Rede de cerco;Pequenos pelágicos;Chicharro;Selar crumenophthalmus;800
Santiago;Luta de Pescadores;4/29/2018;4/30/2018;4;30;2018;Cais de pesca da Praia;Cais de pesca da Praia;Boa Vista;Rede de cerco;Demersais;Esmoregal ou Serze;Seriola sp;700
Santiago;Luta de Pescadores;4/29/2018;4/30/2018;4;30;2018;Cais de pesca da Praia;Cais de pesca da Praia;Boa Vista;Rede de cerco;Demersais;Dobradão;Apsilus fuscus;200
Santiago;Mimosa;4/25/2018;5/1/2018;5;1;2018;Cais de pesca da Praia;Cais de pesca da Praia;Boa Vista;Linha;Tunídeos;Albacora;Thunnus albacares;2200
Santiago;Mimosa;4/25/2018;5/1/2018;5;1;2018;Cais de pesca da Praia;Cais de pesca da Praia;Boa Vista;Linha;Pequenos pelágicos;Chicharro;Selar crumenophthalmus;210
Santiago;Israel;4/26/2018;5/1/2018;5;1;2018;Cais de pesca da Praia;Cais de pesca da Praia;Boa Vista;Linha;Tunídeos;Albacora;Thunnus albacares;422
Santiago;Israel;4/26/2018;5/1/2018;5;1;2018;Cais de pesca da Praia;Cais de pesca da Praia;Boa Vista;Linha;Pequenos pelágicos;Chicharro;Selar crumenophthalmus;120
Santiago;Zé Carlos;4/27/2018;5/2/2018;5;2;2018;Cais de pesca da Praia;Cais de pesca da Praia;Sul do Maio;Linha;Diversos;Comendador;;3
Santiago;Zé Carlos;4/27/2018;5/2/2018;5;2;2018;Cais de pesca da Praia;Cais de pesca da Praia;Sul do Maio;Linha;Demersais;Esmoregal ou Serze;Seriola sp;30
Santiago;Zé Carlos;4/27/2018;5/2/2018;5;2;2018;Cais de pesca da Praia;Cais de pesca da Praia;Sul do Maio;Linha;Tunídeos;Gaiado;Katsuwonus pelamis;25
Santiago;Zé Carlos;4/27/2018;5/2/2018;5;2;2018;Cais de pesca da Praia;Cais de pesca da Praia;Sul do Maio;Linha;Pequenos pelágicos;Chicharro;Selar crumenophthalmus;60
Santiago;Zé Carlos;4/27/2018;5/2/2018;5;2;2018;Cais de pesca da Praia;Cais de pesca da Praia;Sul do Maio;Linha;Demersais;Fatcho de fundo;Mulloidichthys martinicus;18
Santiago;Zé Carlos;4/27/2018;5/2/2018;5;2;2018;Cais de pesca da Praia;Cais de pesca da Praia;Sul do Maio;Linha;Diversos;diversos;;18
Santiago;Mayra;5/3/2018;5/4/2018;5;4;2018;Cais de pesca da Praia;Cais de pesca da Praia;Tchadona;Rede de cerco;Pequenos pelágicos;Cavala preta;Decapterus macarellus;3000
Santiago;Santo António;4/28/2018;5/3/2018;5;3;2018;Cais de pesca da Praia;Cais de pesca da Praia;Boa Vista;Linha;Demersais;Façola;Heteropriachanthus cruentatus;70
Santiago;Santo António;4/28/2018;5/3/2018;5;3;2018;Cais de pesca da Praia;Cais de pesca da Praia;Boa Vista;Linha;Demersais;Papagaio;Parapristipoma humile;20
Santiago;Santo António;4/28/2018;5/3/2018;5;3;2018;Cais de pesca da Praia;Cais de pesca da Praia;Boa Vista;Linha;Demersais;Goraz;Lutjanus fulgens;15
Santiago;Santo António;4/28/2018;5/3/2018;5;3;2018;Cais de pesca da Praia;Cais de pesca da Praia;Boa Vista;Linha;Tunídeos;Albacora;Thunnus albacares;19
Santiago;Santo António;4/28/2018;5/3/2018;5;3;2018;Cais de pesca da Praia;Cais de pesca da Praia;Boa Vista;Linha;Demersais;Badejo;Mycteroperca sp;1,5
Santiago;Santo António;4/28/2018;5/3/2018;5;3;2018;Cais de pesca da Praia;Cais de pesca da Praia;Boa Vista;Linha;Demersais;Bedja;Bodianus speciosus;5
Santiago;Santo António;4/28/2018;5/3/2018;5;3;2018;Cais de pesca da Praia;Cais de pesca da Praia;Boa Vista;Linha;Demersais;Sargo branco;diplodus sargus lineatus;2
Santiago;Santo António;4/28/2018;5/3/2018;5;3;2018;Cais de pesca da Praia;Cais de pesca da Praia;Boa Vista;Linha;Demersais;Dobradão;Apsilus fuscus;7
Santiago;Santo António;4/28/2018;5/3/2018;5;3;2018;Cais de pesca da Praia;Cais de pesca da Praia;Boa Vista;Linha;Demersais;Bentelha;Viridentex acromegalus;7
Santiago;Santo António;4/28/2018;5/3/2018;5;3;2018;Cais de pesca da Praia;Cais de pesca da Praia;Boa Vista;Linha;Demersais;Sargo preto;Diplodus fasciatus;3
Santiago;Cristalina A;5/3/2018;5/7/2018;5;7;2018;Cais de pesca da Praia;Cais de pesca da Praia;São Nicolau;Rede de cerco;Pequenos pelágicos;Arenque;Sardinella maderensis;700
Santiago;Cristalina A;5/3/2018;5/7/2018;5;7;2018;Cais de pesca da Praia;Cais de pesca da Praia;São Nicolau;Rede de cerco;Pequenos pelágicos;Chicharro;Selar crumenophthalmus;6000
Santiago;Cristalina A;5/3/2018;5/7/2018;5;7;2018;Cais de pesca da Praia;Cais de pesca da Praia;São Nicolau;Rede de cerco;Pequenos pelágicos;Dobrada;Spicara melanurus;4000
Santiago;Vinte-7;5/4/2018;5/6/2018;5;6;2018;Cais de pesca da Praia;Cais de pesca da Praia;São Nicolau;Rede de cerco;Pequenos pelágicos;Cavala preta;Decapterus macarellus;6000
Santiago;Vinte-7;5/7/2018;5/8/2018;5;8;2018;Cais de pesca da Praia;Cais de pesca da Praia;Maio/ Tchadona;Rede de cerco;Pequenos pelágicos;Cavala preta;Decapterus macarellus;9000
Santiago;Mauro;4/30/2018;5/7/2018;5;7;2018;Cais de pesca da Praia;Cais de pesca da Praia;Baixa;Linha;Tunídeos;Albacora;Thunnus albacares;285
Santiago;Mauro;4/30/2018;5/7/2018;5;7;2018;Cais de pesca da Praia;Cais de pesca da Praia;Baixa;Linha;Pequenos pelágicos;Cavala branca;Decapterus punctatus;400
Santiago;Mauro;4/30/2018;5/7/2018;5;7;2018;Cais de pesca da Praia;Cais de pesca da Praia;Baixa;Linha;Pequenos pelágicos;Chicharro;Selar crumenophthalmus;180
Santiago;Praia Gonsal;5/4/2018;5/9/2018;5;9;2018;Cais de pesca da Praia;Cais de pesca da Praia;Maio;Rede de cerco;Demersais;Sargo d'areia;Lithognathus mormyrus;1300
Santiago;Pedra Badejo;4/24/2018;5/8/2018;5;8;2018;Cais de pesca da Praia;Cais de pesca da Praia;João Valente;Linha;Tunídeos;Albacora;Thunnus albacares;146
Santiago;Pedra Badejo;4/24/2018;5/8/2018;5;8;2018;Cais de pesca da Praia;Cais de pesca da Praia;João Valente;Linha;Pequenos pelágicos;Chicharro;Selar crumenophthalmus;220
Santiago;Cristalina A;5/7/2018;5/9/2018;5;9;2018;Cais de pesca da Praia;Cais de pesca da Praia;Sal;Rede de cerco;Pequenos pelágicos;Cavala preta;Decapterus macarellus;3000
Santiago;Cristalina A;5/7/2018;5/9/2018;5;9;2018;Cais de pesca da Praia;Cais de pesca da Praia;Sal;Rede de cerco;Tunídeos;Cachorrinha ou Judeu;Auxis sp;6000
Santiago;Cristalina A;5/7/2018;5/9/2018;5;9;2018;Cais de pesca da Praia;Cais de pesca da Praia;Sal;Rede de cerco;Pequenos pelágicos;Cavala branca;Decapterus punctatus;2000
Santiago;Cidadela;5/4/2018;5/10/2018;5;10;2018;Cais de pesca da Praia;Cais de pesca da Praia;Ilheu da Brava;Rede de cerco;Pequenos pelágicos;Cavala preta;Decapterus macarellus;2000
Santiago;Cidadela;5/4/2018;5/10/2018;5;10;2018;Cais de pesca da Praia;Cais de pesca da Praia;Ilheu da Brava;Rede de cerco;Tunídeos;Cachorrinha ou Judeu;Auxis sp;400
Santiago;Carlos Maria;5/7/2018;5/13/2018;5;13;2018;Cais de pesca da Praia;Cais de pesca da Praia;São Vicente;Rede de cerco;Pequenos pelágicos;Cavala preta;Decapterus macarellus;16000
Santiago;Carlos Maria;5/7/2018;5/13/2018;5;13;2018;Cais de pesca da Praia;Cais de pesca da Praia;São Vicente;Rede de cerco;Pequenos pelágicos;Chicharro;Selar crumenophthalmus;3000
Santiago;Cristalina A;5/11/2018;5/13/2018;5;13;2018;Cais de pesca da Praia;Cais de pesca da Praia;Sal;;Pequenos pelágicos;Cavala branca;Decapterus punctatus;10000
Santiago;Marlinda;5/4/2018;5/13/2018;5;13;2018;Cais de pesca da Praia;Cais de pesca da Praia;Boa Vista;Rede de cerco;Tunídeos;Cachorrinha ou Judeu;Auxis sp;7000
Santiago;Vinte-7;5/10/2018;5/12/2018;5;12;2018;Cais de pesca da Praia;Cais de pesca da Praia;Tchadona;Rede de cerco;Tunídeos;Cachorrinha ou Judeu;Auxis sp;5500
Santiago;Lú di Balanta;5/11/2018;5/14/2018;5;14;2018;Cais de pesca da Praia;Cais de pesca da Praia;Boa Vista;Rede de cerco;Pequenos pelágicos;Cavala branca;Decapterus punctatus;3000
Santiago;Lú di Balanta;5/11/2018;5/14/2018;5;14;2018;Cais de pesca da Praia;Cais de pesca da Praia;Boa Vista;Rede de cerco;Tunídeos;Cachorrinha ou Judeu;Auxis sp;1000
Santiago;Deus me acompanha;5/5/2018;5/14/2018;5;14;2018;Cais de pesca da Praia;Cais de pesca da Praia;Boa Vista;Linha;Tunídeos;Albacora;Thunnus albacares;708
Santiago;Deus me acompanha;5/5/2018;5/14/2018;5;14;2018;Cais de pesca da Praia;Cais de pesca da Praia;Boa Vista;Linha;Pequenos pelágicos;Chicharro;Selar crumenophthalmus;180
Santiago;Judeia;5/7/2018;5/14/2018;5;14;2018;Cais de pesca da Praia;Cais de pesca da Praia;Ponta do Sol;Linha;Tunídeos;Albacora;Thunnus albacares;1077
Santiago;Judeia;5/7/2018;5/14/2018;5;14;2018;Cais de pesca da Praia;Cais de pesca da Praia;Ponta do Sol;Linha;Pequenos pelágicos;Chicharro;Selar crumenophthalmus;120
Santiago;Zé Carlos;5/7/2018;5/14/2018;5;14;2018;Cais de pesca da Praia;Cais de pesca da Praia;João Valente;Linha;Pequenos pelágicos;Bonito;Caranx crysos;200
Santiago;Zé Carlos;5/7/2018;5/14/2018;5;14;2018;Cais de pesca da Praia;Cais de pesca da Praia;João Valente;Linha;Demersais;Salmão;Elagatis bipinnulata;10
Santiago;Zé Carlos;5/7/2018;5/14/2018;5;14;2018;Cais de pesca da Praia;Cais de pesca da Praia;João Valente;Linha;Tunídeos;Serra ou Djeu;Acanthocybium solandri;10
Santiago;Zé Carlos;5/7/2018;5/14/2018;5;14;2018;Cais de pesca da Praia;Cais de pesca da Praia;João Valente;Linha;Tunídeos;Albacora;Thunnus albacares;19
Santiago;Luta de Pescadores;5/13/2018;5/15/2018;5;15;2018;Cais de pesca da Praia;Cais de pesca da Praia;Boa Vista;Rede de cerco;Pequenos pelágicos;4 Rabos/ Róbejunça;Trachinotus goreensis;2500
Santiago;Luta de Pescadores;5/13/2018;5/15/2018;5;15;2018;Cais de pesca da Praia;Cais de pesca da Praia;Boa Vista;Rede de cerco;Demersais;Esmoregal ou Serze;Seriola sp;300
Santiago;Luta de Pescadores;5/13/2018;5/15/2018;5;15;2018;Cais de pesca da Praia;Cais de pesca da Praia;Boa Vista;Rede de cerco;Pequenos pelágicos;Cavala branca;Decapterus punctatus;4000
Santiago;Luta de Pescadores;5/13/2018;5/15/2018;5;15;2018;Cais de pesca da Praia;Cais de pesca da Praia;Boa Vista;Rede de cerco;Demersais;Dobradão;Apsilus fuscus;200
Santiago;Luta de Pescadores;5/13/2018;5/15/2018;5;15;2018;Cais de pesca da Praia;Cais de pesca da Praia;Boa Vista;Rede de cerco;Pequenos pelágicos;Bicuda;Sphryraena guachancho;50
Santiago;Deus me deu;5/6/2018;5/15/2018;5;15;2018;Cais de pesca da Praia;Cais de pesca da Praia;Boa Vista;Linha;Tunídeos;Albacora;Thunnus albacares;1000
Santiago;Deus me deu;5/6/2018;5/15/2018;5;15;2018;Cais de pesca da Praia;Cais de pesca da Praia;Boa Vista;Linha;Pequenos pelágicos;Chicharro;Selar crumenophthalmus;125
Santiago;Calhau;5/13/2018;5/14/2018;5;14;2018;Cais de pesca da Praia;Cais de pesca da Praia;Come sabe;Rede de cerco;Pequenos pelágicos;Cavala preta;Decapterus macarellus;5000
Santiago;Cidadela;5/13/2018;5/14/2018;5;14;2018;Cais de pesca da Praia;Cais de pesca da Praia;Tarrafal de Santiago;;Pequenos pelágicos;Cavala preta;Decapterus macarellus;8800
Santiago;Praia Gonsal;5/13/2018;5/14/2018;5;14;2018;Cais de pesca da Praia;Cais de pesca da Praia;Tchadona;Rede de cerco;Tunídeos;Cachorrinha ou Judeu;Auxis sp;6000
Santiago;Praia Gonsal;5/13/2018;5/14/2018;5;14;2018;Cais de pesca da Praia;Cais de pesca da Praia;Tchadona;Rede de cerco;Pequenos pelágicos;Cavala preta;Decapterus macarellus;1000
Santiago;Jerusalém;5/8/2018;5/15/2018;5;15;2018;Cais de pesca da Praia;Cais de pesca da Praia;Boa Vista;Linha;Tunídeos;Albacora;Thunnus albacares;667
Santiago;Jerusalém;5/8/2018;5/15/2018;5;15;2018;Cais de pesca da Praia;Cais de pesca da Praia;Boa Vista;Linha;Tunídeos;Serra ou Djeu;Acanthocybium solandri;8
Santiago;Jerusalém;5/8/2018;5/15/2018;5;15;2018;Cais de pesca da Praia;Cais de pesca da Praia;Boa Vista;Linha;Pequenos pelágicos;Chicharro;Selar crumenophthalmus;230
Santiago;Israel;5/11/2018;5/15/2018;5;15;2018;Cais de pesca da Praia;Cais de pesca da Praia;Boa Vista;Linha;Tunídeos;Albacora;Thunnus albacares;850
Santiago;Israel;5/11/2018;5/15/2018;5;15;2018;Cais de pesca da Praia;Cais de pesca da Praia;Boa Vista;Linha;Pequenos pelágicos;Chicharro;Selar crumenophthalmus;110
Santiago;Ponta Preta;5/16/2018;5/17/2018;5;17;2018;Cais de pesca da Praia;Cais de pesca da Praia;Sprinda;Rede de cerco;Pequenos pelágicos;Chicharro;Selar crumenophthalmus;300
Santiago;Mauro;5/11/2018;5/27/2018;5;27;2018;Cais de pesca da Praia;Cais de pesca da Praia;Ponta do Sol;Linha;Tunídeos;Albacora;Thunnus albacares;1235
Santiago;Mauro;5/11/2018;5/27/2018;5;27;2018;Cais de pesca da Praia;Cais de pesca da Praia;Ponta do Sol;Linha;Pequenos pelágicos;Chicharro;Selar crumenophthalmus;170
Santiago;Santo António;5/10/2018;5/16/2018;5;16;2018;Cais de pesca da Praia;Cais de pesca da Praia;Boa Vista;Linha;Demersais;Bica;Lethrinus atlanticus;1000
Santiago;Santo António;5/10/2018;5/16/2018;5;16;2018;Cais de pesca da Praia;Cais de pesca da Praia;Boa Vista;Linha;Demersais;Garoupa;Cepahalopholis taeniops;18
Santiago;Santo António;5/10/2018;5/16/2018;5;16;2018;Cais de pesca da Praia;Cais de pesca da Praia;Boa Vista;Linha;Demersais;Façola;Heteropriachanthus cruentatus;75
Santiago;Santo António;5/10/2018;5/16/2018;5;16;2018;Cais de pesca da Praia;Cais de pesca da Praia;Boa Vista;Linha;Demersais;Goraz;Lutjanus fulgens;15
Santiago;Santo António;5/10/2018;5/16/2018;5;16;2018;Cais de pesca da Praia;Cais de pesca da Praia;Boa Vista;Linha;Demersais;Papagaio;Parapristipoma humile;30
Santiago;Santo António;5/10/2018;5/16/2018;5;16;2018;Cais de pesca da Praia;Cais de pesca da Praia;Boa Vista;Linha;Demersais;Enforcado ou Xereu;Caranx sp;50
Santiago;Santo António;5/10/2018;5/16/2018;5;16;2018;Cais de pesca da Praia;Cais de pesca da Praia;Boa Vista;Linha;Demersais;Sargo preto;Diplodus fasciatus;25
Santiago;Santo António;5/10/2018;5/16/2018;5;16;2018;Cais de pesca da Praia;Cais de pesca da Praia;Boa Vista;Linha;Demersais;Abroto;Pomadasys rogeri;25
Santiago;Santo António;5/10/2018;5/16/2018;5;16;2018;Cais de pesca da Praia;Cais de pesca da Praia;Boa Vista;Linha;Demersais;Sargo branco;diplodus sargus lineatus;50
Santiago;Santo António;5/10/2018;5/16/2018;5;16;2018;Cais de pesca da Praia;Cais de pesca da Praia;Boa Vista;Linha;Demersais;Dobradão;Apsilus fuscus;8
Santiago;Santo António;5/10/2018;5/16/2018;5;16;2018;Cais de pesca da Praia;Cais de pesca da Praia;Boa Vista;Linha;Demersais;Bedja;Bodianus speciosus;8
Santiago;Santo António;5/10/2018;5/16/2018;5;16;2018;Cais de pesca da Praia;Cais de pesca da Praia;Boa Vista;Linha;Pequenos pelágicos;Bonito;Caranx crysos;5
Santiago;São Miguel;5/7/2018;5/18/2018;5;18;2018;Cais de pesca da Praia;Cais de pesca da Praia;Boa Vista;Linha;Tunídeos;Albacora;Thunnus albacares;551
Santiago;São Miguel;5/7/2018;5/18/2018;5;18;2018;Cais de pesca da Praia;Cais de pesca da Praia;Boa Vista;Linha;Pequenos pelágicos;Chicharro;Selar crumenophthalmus;180
Santiago;Rincon;5/14/2018;5/17/2018;5;17;2018;Cais de pesca da Praia;Cais de pesca da Praia;Tarrafal de Santiago;Rede de cerco;Pequenos pelágicos;Bonito;Caranx crysos;60
Santiago;Rincon;5/14/2018;5/17/2018;5;17;2018;Cais de pesca da Praia;Cais de pesca da Praia;Tarrafal de Santiago;Rede de cerco;Pequenos pelágicos;Cavala preta;Decapterus macarellus;1500
Santiago;Rincon;5/14/2018;5/17/2018;5;17;2018;Cais de pesca da Praia;Cais de pesca da Praia;Tarrafal de Santiago;Rede de cerco;Pequenos pelágicos;Arenque;Sardinella maderensis;50
Santiago;Rincon;5/14/2018;5/17/2018;5;17;2018;Cais de pesca da Praia;Cais de pesca da Praia;Tarrafal de Santiago;Rede de cerco;Pequenos pelágicos;Pampo ou Corcovado;Selene dorsalis;6
Santiago;ML;5/17/2018;5/20/2018;5;20;2018;Cais de pesca da Praia;Cais de pesca da Praia;Tchadona;Rede de cerco;Pequenos pelágicos;Cavala preta;Decapterus macarellus;3000
Santiago;ML;5/17/2018;5/20/2018;5;20;2018;Cais de pesca da Praia;Cais de pesca da Praia;Tchadona;Rede de cerco;Pequenos pelágicos;Chicharro;Selar crumenophthalmus;2000
Santiago;ML;5/17/2018;5/20/2018;5;20;2018;Cais de pesca da Praia;Cais de pesca da Praia;Tchadona;Rede de cerco;Tunídeos;Cachorrinha ou Judeu;Auxis sp;50
Santiago;ML;5/17/2018;5/20/2018;5;20;2018;Cais de pesca da Praia;Cais de pesca da Praia;Tchadona;Rede de cerco;Pequenos pelágicos;Arenque;Sardinella maderensis;50
Santiago;Calhau;5/18/2018;5/21/2018;5;21;2018;Cais de pesca da Praia;Cais de pesca da Praia;Tchadona;Rede de cerco;Tunídeos;Cachorrinha ou Judeu;Auxis sp;6000
Santiago;Di Joana;5/16/2018;5/20/2018;5;20;2018;Cais de pesca da Praia;Cais de pesca da Praia;Maio/ Boa Vista;Linha;Tunídeos;Albacora;Thunnus albacares;178
Santiago;Di Joana;5/16/2018;5/20/2018;5;20;2018;Cais de pesca da Praia;Cais de pesca da Praia;Maio/ Boa Vista;Linha;Pequenos pelágicos;Agulha;BELONIDAE;30
Santiago;Di Joana;5/16/2018;5/20/2018;5;20;2018;Cais de pesca da Praia;Cais de pesca da Praia;Maio/ Boa Vista;Linha;Pequenos pelágicos;Chicharro;Selar crumenophthalmus;90
Santiago;Mestre Manuel;5/21/2018;5/21/2018;5;21;2018;Cais de pesca da Praia;Cais de pesca da Praia;Baía;Rede de cerco;Pequenos pelágicos;Chicharro;Selar crumenophthalmus;120
Santiago;Mestre Manuel;5/21/2018;5/21/2018;5;21;2018;Cais de pesca da Praia;Cais de pesca da Praia;Baía;Rede de cerco;Pequenos pelágicos;Arenque;Sardinella maderensis;100
Santiago;Mestre Manuel;5/21/2018;5/21/2018;5;21;2018;Cais de pesca da Praia;Cais de pesca da Praia;Baía;Rede de cerco;Pequenos pelágicos;Pelombeta;Trachinotus ovatus;30
Santiago;Mestre Manuel;5/21/2018;5/21/2018;5;21;2018;Cais de pesca da Praia;Cais de pesca da Praia;Baía;Rede de cerco;Tunídeos;Cachorrinha ou Judeu;Auxis sp;200
Santiago;Pedra Badejo;5/16/2018;5/22/2018;5;22;2018;Cais de pesca da Praia;Cais de pesca da Praia;Ponta do Sol;Linha;Tunídeos;Albacora;Thunnus albacares;1197
Santiago;Pedra Badejo;5/16/2018;5/22/2018;5;22;2018;Cais de pesca da Praia;Cais de pesca da Praia;Ponta do Sol;Linha;Pequenos pelágicos;Chicharro;Selar crumenophthalmus;170
Santiago;Vinte-7;5/20/2018;5/22/2018;5;22;2018;Cais de pesca da Praia;Cais de pesca da Praia;Tchadona;;Tunídeos;Cachorrinha ou Judeu;Auxis sp;7000
Santiago;Cristalina A;5/17/2018;5/21/2018;5;21;2018;Cais de pesca da Praia;Cais de pesca da Praia;São Nicolau;Rede de cerco;Pequenos pelágicos;Dobrada;Spicara melanurus;4000
Santiago;Cristalina A;5/17/2018;5/21/2018;5;21;2018;Cais de pesca da Praia;Cais de pesca da Praia;São Nicolau;Rede de cerco;Demersais;Salmonete;Pseudupeneus prayensis;150
Santiago;Cristalina A;5/17/2018;5/21/2018;5;21;2018;Cais de pesca da Praia;Cais de pesca da Praia;São Nicolau;Rede de cerco;Demersais;Besugo;Pomadasys incisus;200
Santiago;Lú di Balanta;5/19/2018;5/22/2018;5;22;2018;Cais de pesca da Praia;Cais de pesca da Praia;Maio;Rede de cerco;Tunídeos;Cachorrinha ou Judeu;Auxis sp;6000
Santiago;Luta de Pescadores;5/21/2018;5/22/2018;5;22;2018;Cais de pesca da Praia;Cais de pesca da Praia;Boa Vista;Rede de cerco;Tunídeos;Albacora;Thunnus albacares;1200
Santiago;Luta de Pescadores;5/21/2018;5/22/2018;5;22;2018;Cais de pesca da Praia;Cais de pesca da Praia;Boa Vista;Rede de cerco;Pequenos pelágicos;Cavala preta;Decapterus macarellus;17000
Santiago;Rincon;5/21/2018;5/25/2018;5;25;2018;Cais de pesca da Praia;Cais de pesca da Praia;Tarrafal de Santiago;Rede de cerco;Tunídeos;Cachorrinha ou Judeu;Auxis sp;3000
Santiago;Carlos Maria;5/23/2018;5/27/2018;5;27;2018;Cais de pesca da Praia;Cais de pesca da Praia;Boa Vista;Rede de cerco;Tunídeos;Cachorrinha ou Judeu;Auxis sp;8000
Santiago;Luta de Pescadores;5/25/2018;5/27/2018;5;27;2018;Cais de pesca da Praia;Cais de pesca da Praia;João Valente;Rede de cerco;Demersais;Barbeiro;Acanthurus monroviae;500
Santiago;Luta de Pescadores;5/25/2018;5/27/2018;5;27;2018;Cais de pesca da Praia;Cais de pesca da Praia;João Valente;Rede de cerco;Demersais;Dobradão;Apsilus fuscus;6000
Santiago;Luta de Pescadores;5/25/2018;5/27/2018;5;27;2018;Cais de pesca da Praia;Cais de pesca da Praia;João Valente;Rede de cerco;Demersais;Esmoregal ou Serze;Seriola sp;400
Santiago;Luta de Pescadores;5/25/2018;5/27/2018;5;27;2018;Cais de pesca da Praia;Cais de pesca da Praia;João Valente;Rede de cerco;Tunídeos;Cachorrinha ou Judeu;Auxis sp;300
Santiago;Deus me acompanha;5/18/2018;5/26/2018;5;26;2018;Cais de pesca da Praia;Cais de pesca da Praia;Boa Vista;Linha;Tunídeos;Albacora;Thunnus albacares;513
Santiago;Deus me acompanha;5/18/2018;5/26/2018;5;26;2018;Cais de pesca da Praia;Cais de pesca da Praia;Boa Vista;Linha;Pequenos pelágicos;Chicharro;Selar crumenophthalmus;180
Santiago;Mauro;5/21/2018;5/26/2018;5;26;2018;Cais de pesca da Praia;Cais de pesca da Praia;Baixa/ João Valente;Linha;Tunídeos;Albacora;Thunnus albacares;106
Santiago;Mauro;5/21/2018;5/26/2018;5;26;2018;Cais de pesca da Praia;Cais de pesca da Praia;Baixa/ João Valente;Linha;Pequenos pelágicos;Chicharro;Selar crumenophthalmus;170
Santiago;Paulo Nuno;5/16/2018;5/27/2018;5;27;2018;Cais de pesca da Praia;Cais de pesca da Praia;Boa Vista;Linha;Tunídeos;Albacora;Thunnus albacares;152
Santiago;Paulo Nuno;5/16/2018;5/27/2018;5;27;2018;Cais de pesca da Praia;Cais de pesca da Praia;Boa Vista;Linha;Tunídeos;Serra ou Djeu;Acanthocybium solandri;32
Santiago;Fábio;5/23/2018;5/27/2018;5;27;2018;Cais de pesca da Praia;Cais de pesca da Praia;Julinho Bode;Linha;Tunídeos;Albacora;Thunnus albacares;265
Santiago;Fábio;5/23/2018;5/27/2018;5;27;2018;Cais de pesca da Praia;Cais de pesca da Praia;Julinho Bode;Linha;Pequenos pelágicos;Chicharro;Selar crumenophthalmus;120
Santiago;Mestre Manuel;5/29/2018;5/29/2018;5;29;2018;Cais de pesca da Praia;Cais de pesca da Praia;Cabeça cais;Rede de cerco;Tunídeos;Cachorrinha ou Judeu;Auxis sp;500
Santiago;Santo António;5/22/2018;5/30/2018;5;30;2018;Cais de pesca da Praia;Cais de pesca da Praia;Maio;Linha;Demersais;Bica;Lethrinus atlanticus;50
Santiago;Santo António;5/22/2018;5/30/2018;5;30;2018;Cais de pesca da Praia;Cais de pesca da Praia;Maio;Linha;Demersais;Moreia;MURAENIDAE;10
Santiago;Santo António;5/22/2018;5/30/2018;5;30;2018;Cais de pesca da Praia;Cais de pesca da Praia;Maio;Linha;Demersais;Garoupa;Cepahalopholis taeniops;50
Santiago;Santo António;5/22/2018;5/30/2018;5;30;2018;Cais de pesca da Praia;Cais de pesca da Praia;Maio;Linha;Demersais;Salmonete;Pseudupeneus prayensis;15
Santiago;Santo António;5/22/2018;5/30/2018;5;30;2018;Cais de pesca da Praia;Cais de pesca da Praia;Maio;Linha;Demersais;Barbo;Galeoides decadactylus;5
Santiago;Santo António;5/22/2018;5/30/2018;5;30;2018;Cais de pesca da Praia;Cais de pesca da Praia;Maio;Linha;Demersais;Sargo preto;Diplodus fasciatus;5
Santiago;Mestre Manuel;5/31/2018;5/31/2018;5;31;2018;Cais de pesca da Praia;Cais de pesca da Praia;Ponta Serra ou Djeu;Rede de cerco;Tunídeos;Cachorrinha ou Judeu;Auxis sp;700
Santiago;Jerusalém;5/23/2018;6/1/2018;6;1;2018;Cais de pesca da Praia;Cais de pesca da Praia;Boa Vista;Linha;Tunídeos;Albacora;Thunnus albacares;687
Santiago;Jerusalém;5/23/2018;6/1/2018;6;1;2018;Cais de pesca da Praia;Cais de pesca da Praia;Boa Vista;Linha;Pequenos pelágicos;Chicharro;Selar crumenophthalmus;350
Santiago;Vinte-7;6/1/2018;6/3/2018;6;3;2018;Cais de pesca da Praia;Cais de pesca da Praia;Tchadona;Rede de cerco;Pequenos pelágicos;Cavala preta;Decapterus macarellus;5500
Santiago;Vinte-7;6/1/2018;6/3/2018;6;3;2018;Cais de pesca da Praia;Cais de pesca da Praia;Tchadona;Rede de cerco;Demersais;Dobradão;Apsilus fuscus;3000
Santiago;Vinte-7;6/1/2018;6/3/2018;6;3;2018;Cais de pesca da Praia;Cais de pesca da Praia;Tchadona;Rede de cerco;Demersais;Barbeiro;Acanthurus monroviae;50
Santiago;Vinte-7;6/1/2018;6/3/2018;6;3;2018;Cais de pesca da Praia;Cais de pesca da Praia;Tchadona;Rede de cerco;Tunídeos;Cachorrinha ou Judeu;Auxis sp;100
Santiago;Luta de Pescadores;5/29/2018;6/1/2018;6;1;2018;Cais de pesca da Praia;Cais de pesca da Praia;João Valente;Rede de cerco;Demersais;Barbeiro;Acanthurus monroviae;1500
Santiago;Luta de Pescadores;5/29/2018;6/1/2018;6;1;2018;Cais de pesca da Praia;Cais de pesca da Praia;João Valente;Rede de cerco;Pequenos pelágicos;Cavala preta;Decapterus macarellus;4000
Santiago;Luta de Pescadores;5/29/2018;6/1/2018;6;1;2018;Cais de pesca da Praia;Cais de pesca da Praia;João Valente;Rede de cerco;Demersais;Esmoregal ou Serze;Seriola sp;1500
Santiago;Luta de Pescadores;5/29/2018;6/1/2018;6;1;2018;Cais de pesca da Praia;Cais de pesca da Praia;João Valente;Rede de cerco;Pequenos pelágicos;Bonito;Caranx crysos;2000
Santiago;Luta de Pescadores;5/29/2018;6/1/2018;6;1;2018;Cais de pesca da Praia;Cais de pesca da Praia;João Valente;Rede de cerco;Pequenos pelágicos;Cavala branca;Decapterus punctatus;5000
Santiago;Dona Santana;5/27/2018;6/4/2018;6;4;2018;Cais de pesca da Praia;Cais de pesca da Praia;Maio;Linha;Demersais;Bica;Lethrinus atlanticus;100
Santiago;Dona Santana;5/27/2018;6/4/2018;6;4;2018;Cais de pesca da Praia;Cais de pesca da Praia;Maio;Linha;Demersais;Garoupa;Cepahalopholis taeniops;30
Santiago;Dona Santana;5/27/2018;6/4/2018;6;4;2018;Cais de pesca da Praia;Cais de pesca da Praia;Maio;Linha;Demersais;Bentelha;Viridentex acromegalus;3
Santiago;Dona Santana;5/27/2018;6/4/2018;6;4;2018;Cais de pesca da Praia;Cais de pesca da Praia;Maio;Linha;Demersais;Moreia;MURAENIDAE;20
Santiago;Dona Santana;5/27/2018;6/4/2018;6;4;2018;Cais de pesca da Praia;Cais de pesca da Praia;Maio;Linha;Tunídeos;Albacora;Thunnus albacares;10
Santiago;Dona Santana;5/27/2018;6/4/2018;6;4;2018;Cais de pesca da Praia;Cais de pesca da Praia;Maio;Linha;Demersais;Sargo preto;Diplodus fasciatus;3
Santiago;Dona Santana;5/27/2018;6/4/2018;6;4;2018;Cais de pesca da Praia;Cais de pesca da Praia;Maio;Linha;Diversos;Peixe prata;;3
Santiago;Dona Santana;5/27/2018;6/4/2018;6;4;2018;Cais de pesca da Praia;Cais de pesca da Praia;Maio;Linha;Demersais;Papagaio;Parapristipoma humile;5
Santiago;Dona Santana;5/27/2018;6/4/2018;6;4;2018;Cais de pesca da Praia;Cais de pesca da Praia;Maio;Linha;Demersais;Badejo;Mycteroperca sp;4
Santiago;Dona Santana;5/27/2018;6/4/2018;6;4;2018;Cais de pesca da Praia;Cais de pesca da Praia;Maio;Linha;Demersais;Bedja;Bodianus speciosus;8
Santiago;Dona Santana;5/27/2018;6/4/2018;6;4;2018;Cais de pesca da Praia;Cais de pesca da Praia;Maio;Linha;Demersais;Dobradão;Apsilus fuscus;5
Santiago;Rincon;6/3/2018;6/6/2018;6;6;2018;Cais de pesca da Praia;Cais de pesca da Praia;Tarrafal de Santiago;Rede de cerco;Pequenos pelágicos;Chicharro;Selar crumenophthalmus;3000
Santiago;Rincon;6/3/2018;6/6/2018;6;6;2018;Cais de pesca da Praia;Cais de pesca da Praia;Tarrafal de Santiago;Rede de cerco;Demersais;Barbo;Galeoides decadactylus;1500
Santiago;Rincon;6/3/2018;6/6/2018;6;6;2018;Cais de pesca da Praia;Cais de pesca da Praia;Tarrafal de Santiago;Rede de cerco;Pequenos pelágicos;Bonito;Caranx crysos;500
Santiago;Mayra;6/4/2018;6/6/2018;6;6;2018;Cais de pesca da Praia;Cais de pesca da Praia;Tchadona;Rede de cerco;Tunídeos;Cachorrinha ou Judeu;Auxis sp;5
Santiago;Mayra;6/4/2018;6/6/2018;6;6;2018;Cais de pesca da Praia;Cais de pesca da Praia;Tchadona;Rede de cerco;Pequenos pelágicos;Cavala preta;Decapterus macarellus;5000
Santiago;Vinte-7;6/4/2018;6/7/2018;6;7;2018;Cais de pesca da Praia;Cais de pesca da Praia;Tchadona;Rede de cerco;Tunídeos;Cachorrinha ou Judeu;Auxis sp;2000
Santiago;Vinte-7;6/4/2018;6/7/2018;6;7;2018;Cais de pesca da Praia;Cais de pesca da Praia;Tchadona;Rede de cerco;Pequenos pelágicos;Cavala preta;Decapterus macarellus;4000
Santiago;Cidadela;6/4/2018;6/7/2018;6;7;2018;Cais de pesca da Praia;Cais de pesca da Praia;Serra ou Djeu Brava;Rede de cerco;Pequenos pelágicos;Cavala preta;Decapterus macarellus;7000
Santiago;São Miguel;6/3/2018;6/8/2018;6;8;2018;Cais de pesca da Praia;Cais de pesca da Praia;Brava;Rede de cerco;Demersais;Salmonete;Pseudupeneus prayensis;150
Santiago;São Miguel;6/3/2018;6/8/2018;6;8;2018;Cais de pesca da Praia;Cais de pesca da Praia;Brava;Rede de cerco;Demersais;Castanheta;Chromis lubbocki;150
Santiago;São Miguel;6/3/2018;6/8/2018;6;8;2018;Cais de pesca da Praia;Cais de pesca da Praia;Brava;Rede de cerco;Pequenos pelágicos;Dobrada;Spicara melanurus;150
Santiago;São Miguel;6/3/2018;6/8/2018;6;8;2018;Cais de pesca da Praia;Cais de pesca da Praia;Brava;Rede de cerco;Demersais;Barbeiro;Acanthurus monroviae;1500
Santiago;São Miguel;6/3/2018;6/8/2018;6;8;2018;Cais de pesca da Praia;Cais de pesca da Praia;Brava;Rede de cerco;Demersais;Sargo preto;Diplodus fasciatus;1500
Santiago;São Miguel;6/3/2018;6/8/2018;6;8;2018;Cais de pesca da Praia;Cais de pesca da Praia;Brava;Rede de cerco;Demersais;Bidião;SCARIDAE;300
Santiago;Mimosa;5/23/2018;6/8/2018;6;8;2018;Cais de pesca da Praia;Cais de pesca da Praia;Boa Vista;Linha;Tunídeos;Albacora;Thunnus albacares;1067
Santiago;Mimosa;5/23/2018;6/8/2018;6;8;2018;Cais de pesca da Praia;Cais de pesca da Praia;Boa Vista;Linha;Demersais;Moreia;MURAENIDAE;45
Santiago;Mimosa;5/23/2018;6/8/2018;6;8;2018;Cais de pesca da Praia;Cais de pesca da Praia;Boa Vista;Linha;Demersais;Salmão;Elagatis bipinnulata;77
Santiago;Mimosa;5/23/2018;6/8/2018;6;8;2018;Cais de pesca da Praia;Cais de pesca da Praia;Boa Vista;Linha;Demersais;Esmoregal ou Serze;Seriola sp;79
Santiago;Pedra Badejo;6/1/2018;6/8/2018;6;8;2018;Cais de pesca da Praia;Cais de pesca da Praia;Ponta do Sol;Linha;Tunídeos;Albacora;Thunnus albacares;898
Santiago;Pedra Badejo;6/1/2018;6/8/2018;6;8;2018;Cais de pesca da Praia;Cais de pesca da Praia;Ponta do Sol;Linha;Pequenos pelágicos;Chicharro;Selar crumenophthalmus;280
Santiago;Marlinda;6/5/2018;6/7/2018;6;7;2018;Cais de pesca da Praia;Cais de pesca da Praia;Boa Vista;Rede de cerco;Pequenos pelágicos;Cavala preta;Decapterus macarellus;7000
Santiago;Marlinda;6/9/2018;6/10/2018;6;10;2018;Cais de pesca da Praia;Cais de pesca da Praia;Boa Vista;Rede de cerco;Pequenos pelágicos;Cavala preta;Decapterus macarellus;10000
Santiago;Jerusalém;6/5/2018;6/11/2018;6;11;2018;Cais de pesca da Praia;Cais de pesca da Praia;João Valente;Linha;Tunídeos;Albacora;Thunnus albacares;1325
Santiago;Jerusalém;6/5/2018;6/11/2018;6;11;2018;Cais de pesca da Praia;Cais de pesca da Praia;João Valente;Linha;Tunídeos;Merma/ Panguil/ Txafarote;Euthynnus alleteratus;80
Santiago;Jerusalém;6/5/2018;6/11/2018;6;11;2018;Cais de pesca da Praia;Cais de pesca da Praia;João Valente;Linha;Pequenos pelágicos;Chicharro;Selar crumenophthalmus;350
Santiago;Mauro;6/4/2018;6/8/2018;6;8;2018;Cais de pesca da Praia;Cais de pesca da Praia;Baixa;Linha;Tunídeos;Albacora;Thunnus albacares;1802
Santiago;Mauro;6/4/2018;6/8/2018;6;8;2018;Cais de pesca da Praia;Cais de pesca da Praia;Baixa;Linha;Pequenos pelágicos;Chicharro;Selar crumenophthalmus;220
Santiago;Calhau;6/6/2018;6/10/2018;6;10;2018;Cais de pesca da Praia;Cais de pesca da Praia;Maio;Rede de cerco;Pequenos pelágicos;Chicharro;Selar crumenophthalmus;600
Santiago;Ponta Cacimba;6/10/2018;6/11/2018;6;11;2018;Cais de pesca da Praia;Cais de pesca da Praia;Ilheu branco;Rede de cerco;Pequenos pelágicos;Cavala preta;Decapterus macarellus;14000
Santiago;Ponta Cacimba;6/10/2018;6/11/2018;6;11;2018;Cais de pesca da Praia;Cais de pesca da Praia;Ilheu branco;Rede de cerco;Tunídeos;Cachorrinha ou Judeu;Auxis sp;1000
Santiago;Deus me acompanha;6/6/2018;6/11/2018;6;11;2018;Cais de pesca da Praia;Cais de pesca da Praia;Baixa/ João Valente;Linha;Tunídeos;Albacora;Thunnus albacares;953
Santiago;Deus me acompanha;6/6/2018;6/11/2018;6;11;2018;Cais de pesca da Praia;Cais de pesca da Praia;Baixa/ João Valente;Linha;Pequenos pelágicos;Chicharro;Selar crumenophthalmus;160
Santiago;Cidadela;6/10/2018;6/12/2018;6;12;2018;Cais de pesca da Praia;Cais de pesca da Praia;Tarrafal de Santiago;Rede de cerco;Tunídeos;Cachorrinha ou Judeu;Auxis sp;5000
Santiago;Cidadela;6/10/2018;6/12/2018;6;12;2018;Cais de pesca da Praia;Cais de pesca da Praia;Tarrafal de Santiago;Rede de cerco;Demersais;Esmoregal ou Serze;Seriola sp;10
Santiago;Calhau;6/11/2018;6/14/2018;6;14;2018;Cais de pesca da Praia;Cais de pesca da Praia;Boa Vista;Rede de cerco;Pequenos pelágicos;Cavala branca;Decapterus punctatus;8000
Santiago;Mayra;6/11/2018;6/15/2018;6;15;2018;Cais de pesca da Praia;Cais de pesca da Praia;Boa Vista;Rede de cerco;Pequenos pelágicos;Cavala preta;Decapterus macarellus;9000
Santiago;Vinte-7;6/11/2018;6/15/2018;6;15;2018;Cais de pesca da Praia;Cais de pesca da Praia;Maio;Rede de cerco;Tunídeos;Cachorrinha ou Judeu;Auxis sp;1500
Santiago;Judeia;6/13/2018;6/17/2018;6;17;2018;Cais de pesca da Praia;Cais de pesca da Praia;Costa João Valente;Linha;Tunídeos;Albacora;Thunnus albacares;902
Santiago;Judeia;6/13/2018;6/17/2018;6;17;2018;Cais de pesca da Praia;Cais de pesca da Praia;Costa João Valente;Linha;Demersais;Esmoregal ou Serze;Seriola sp;64
Santiago;Judeia;6/13/2018;6/17/2018;6;17;2018;Cais de pesca da Praia;Cais de pesca da Praia;Costa João Valente;Linha;Pequenos pelágicos;Chicharro;Selar crumenophthalmus;180
Santiago;Marlinda;6/12/2018;6/17/2018;6;17;2018;Cais de pesca da Praia;Cais de pesca da Praia;Boa Vista;Rede de cerco;Tunídeos;Cachorrinha ou Judeu;Auxis sp;6000
Santiago;Mauro;6/13/2018;6/18/2018;6;18;2018;Cais de pesca da Praia;Cais de pesca da Praia;Baixa;Linha;Tunídeos;Albacora;Thunnus albacares;937
Santiago;Mauro;6/13/2018;6/18/2018;6;18;2018;Cais de pesca da Praia;Cais de pesca da Praia;Baixa;Linha;Pequenos pelágicos;Chicharro;Selar crumenophthalmus;250
Santiago;Israel;6/13/2018;6/18/2018;6;18;2018;Cais de pesca da Praia;Cais de pesca da Praia;Boa Vista/ Baixa;Linha;Tunídeos;Albacora;Thunnus albacares;965
Santiago;Israel;6/13/2018;6/18/2018;6;18;2018;Cais de pesca da Praia;Cais de pesca da Praia;Boa Vista/ Baixa;Linha;Demersais;Salmão;Elagatis bipinnulata;10
Santiago;Israel;6/13/2018;6/18/2018;6;18;2018;Cais de pesca da Praia;Cais de pesca da Praia;Boa Vista/ Baixa;Linha;Demersais;Esmoregal ou Serze;Seriola sp;135
Santiago;Israel;6/13/2018;6/18/2018;6;18;2018;Cais de pesca da Praia;Cais de pesca da Praia;Boa Vista/ Baixa;Linha;Tunídeos;Serra ou Djeu;Acanthocybium solandri;39
Santiago;Israel;6/13/2018;6/18/2018;6;18;2018;Cais de pesca da Praia;Cais de pesca da Praia;Boa Vista/ Baixa;Linha;Pequenos pelágicos;Chicharro;Selar crumenophthalmus;150
Santiago;Calhau;6/16/2018;6/17/2018;6;17;2018;Cais de pesca da Praia;Cais de pesca da Praia;Curralinho;Rede de cerco;Tunídeos;Cachorrinha ou Judeu;Auxis sp;2400
Santiago;Calhau;6/16/2018;6/17/2018;6;17;2018;Cais de pesca da Praia;Cais de pesca da Praia;Curralinho;Rede de cerco;Pequenos pelágicos;Cavala branca;Decapterus punctatus;5000
Santiago;Noquinha;6/11/2018;6/18/2018;6;18;2018;Cais de pesca da Praia;Cais de pesca da Praia;Boa Vista;Linha;Tunídeos;Albacora;Thunnus albacares;515
Santiago;Noquinha;6/11/2018;6/18/2018;6;18;2018;Cais de pesca da Praia;Cais de pesca da Praia;Boa Vista;Linha;Pequenos pelágicos;Chicharro;Selar crumenophthalmus;150
Santiago;Ponta Preta;6/8/2018;6/18/2018;6;18;2018;Cais de pesca da Praia;Cais de pesca da Praia;Ilheu da Brava;Rede de cerco;Pequenos pelágicos;Cavala preta;Decapterus macarellus;3000
Santiago;Carlos Maria;6/15/2018;6/19/2018;6;19;2018;Cais de pesca da Praia;Cais de pesca da Praia;Boa Vista;Rede de cerco;Demersais;Esmoregal ou Serze;Seriola sp;1500
Santiago;Carlos Maria;6/15/2018;6/19/2018;6;19;2018;Cais de pesca da Praia;Cais de pesca da Praia;Boa Vista;Rede de cerco;Demersais;Salmão;Elagatis bipinnulata;300
Santiago;Carlos Maria;6/15/2018;6/19/2018;6;19;2018;Cais de pesca da Praia;Cais de pesca da Praia;Boa Vista;Rede de cerco;Pequenos pelágicos;Bicuda;Sphryraena guachancho;300
Santiago;Carlos Maria;6/15/2018;6/19/2018;6;19;2018;Cais de pesca da Praia;Cais de pesca da Praia;Boa Vista;Rede de cerco;Pequenos pelágicos;Bonito;Caranx crysos;200
Santiago;Carlos Maria;6/15/2018;6/19/2018;6;19;2018;Cais de pesca da Praia;Cais de pesca da Praia;Boa Vista;Rede de cerco;Demersais;Abroto;Pomadasys rogeri;500
Santiago;Carlos Maria;6/15/2018;6/19/2018;6;19;2018;Cais de pesca da Praia;Cais de pesca da Praia;Boa Vista;Rede de cerco;Demersais;Dobradão;Apsilus fuscus;1500
Santiago;Cidadela;6/14/2018;6/19/2018;6;19;2018;Cais de pesca da Praia;Cais de pesca da Praia;Brava;Rede de cerco;Pequenos pelágicos;Cavala preta;Decapterus macarellus;10500
Santiago;Pedra Badejo;6/14/2018;6/20/2018;6;20;2018;Cais de pesca da Praia;Cais de pesca da Praia;João Valente;Linha;Tunídeos;Albacora;Thunnus albacares;1522
Santiago;Mayra;6/9/2018;6/20/2018;6;20;2018;Cais de pesca da Praia;Cais de pesca da Praia;Boa Vista/ Tchadona;Rede de cerco;Pequenos pelágicos;Cavala branca;Decapterus punctatus;4000
Santiago;Mayra;6/9/2018;6/20/2018;6;20;2018;Cais de pesca da Praia;Cais de pesca da Praia;Boa Vista/ Tchadona;Rede de cerco;Tunídeos;Cachorrinha ou Judeu;Auxis sp;6000
Santiago;Vinte-7;6/16/2018;6/20/2018;6;20;2018;Cais de pesca da Praia;Cais de pesca da Praia;Boa Vista;Rede de cerco;Pequenos pelágicos;Cavala branca;Decapterus punctatus;4500
Santiago;Vinte-7;6/16/2018;6/20/2018;6;20;2018;Cais de pesca da Praia;Cais de pesca da Praia;Boa Vista;Rede de cerco;Pequenos pelágicos;Cavala preta;Decapterus macarellus;2500
Santiago;Vinte-7;6/16/2018;6/20/2018;6;20;2018;Cais de pesca da Praia;Cais de pesca da Praia;Boa Vista;Rede de cerco;Demersais;Bica;Lethrinus atlanticus;150
Santiago;Vinte-7;6/16/2018;6/20/2018;6;20;2018;Cais de pesca da Praia;Cais de pesca da Praia;Boa Vista;Rede de cerco;Demersais;Abroto;Pomadasys rogeri;100
Santiago;Vinte-7;6/16/2018;6/20/2018;6;20;2018;Cais de pesca da Praia;Cais de pesca da Praia;Boa Vista;Rede de cerco;Demersais;Garoupa;Cepahalopholis taeniops;150
Santiago;Vinte-7;6/16/2018;6/20/2018;6;20;2018;Cais de pesca da Praia;Cais de pesca da Praia;Boa Vista;Rede de cerco;Demersais;Façola;Heteropriachanthus cruentatus;200
Santiago;Paulo Nuno;6/16/2018;6/20/2018;6;20;2018;Cais de pesca da Praia;Cais de pesca da Praia;Cabeça Maio;Linha;Tunídeos;Albacora;Thunnus albacares;341
Santiago;Paulo Nuno;6/16/2018;6/20/2018;6;20;2018;Cais de pesca da Praia;Cais de pesca da Praia;Cabeça Maio;Linha;Pequenos pelágicos;Chicharro;Selar crumenophthalmus;180
Santiago;Fábio;6/14/2018;6/20/2018;6;20;2018;Cais de pesca da Praia;Cais de pesca da Praia;Baixa;Linha;Tunídeos;Albacora;Thunnus albacares;351
Santiago;Santo António;6/15/2018;6/20/2018;6;20;2018;Cais de pesca da Praia;Cais de pesca da Praia;Come sabe;Linha;Demersais;Esmoregal ou Serze;Seriola sp;47
Santiago;Santo António;6/15/2018;6/20/2018;6;20;2018;Cais de pesca da Praia;Cais de pesca da Praia;Come sabe;Linha;Tunídeos;Albacora;Thunnus albacares;243
Santiago;Santo António;6/15/2018;6/20/2018;6;20;2018;Cais de pesca da Praia;Cais de pesca da Praia;Come sabe;Linha;Demersais;Enforcado ou Xereu;Caranx sp;6
Santiago;Luta de Pescadores;6/19/2018;6/22/2018;6;22;2018;Cais de pesca da Praia;Cais de pesca da Praia;Sal;Rede de cerco;Demersais;Salmão;Elagatis bipinnulata;200
Santiago;Luta de Pescadores;6/19/2018;6/22/2018;6;22;2018;Cais de pesca da Praia;Cais de pesca da Praia;Sal;Rede de cerco;Demersais;Dobradão;Apsilus fuscus;1000
Santiago;Luta de Pescadores;6/19/2018;6/22/2018;6;22;2018;Cais de pesca da Praia;Cais de pesca da Praia;Sal;Rede de cerco;Pequenos pelágicos;Cavala branca;Decapterus punctatus;4000
Santiago;Luta de Pescadores;6/19/2018;6/22/2018;6;22;2018;Cais de pesca da Praia;Cais de pesca da Praia;Sal;Rede de cerco;Demersais;Abroto;Pomadasys rogeri;100
Santiago;Luta de Pescadores;6/19/2018;6/22/2018;6;22;2018;Cais de pesca da Praia;Cais de pesca da Praia;Sal;Rede de cerco;Demersais;Barbeiro;Acanthurus monroviae;2
Santiago;Jerusalém;6/16/2018;6/22/2018;6;22;2018;Cais de pesca da Praia;Cais de pesca da Praia;Boa Vista;Linha;Tunídeos;Albacora;Thunnus albacares;1673
Santiago;Jerusalém;6/16/2018;6/22/2018;6;22;2018;Cais de pesca da Praia;Cais de pesca da Praia;Boa Vista;Linha;Tunídeos;Serra ou Djeu;Acanthocybium solandri;60
Santiago;Jerusalém;6/16/2018;6/22/2018;6;22;2018;Cais de pesca da Praia;Cais de pesca da Praia;Boa Vista;Linha;Pequenos pelágicos;Chicharro;Selar crumenophthalmus;280
Santiago;Mimosa;6/16/2018;6/23/2018;6;23;2018;Cais de pesca da Praia;Cais de pesca da Praia;Boa Vista;Linha;Tunídeos;Albacora;Thunnus albacares;1400
Santiago;Mimosa;6/16/2018;6/23/2018;6;23;2018;Cais de pesca da Praia;Cais de pesca da Praia;Boa Vista;Linha;Tunídeos;Merma/ Panguil/ Txafarote;Euthynnus alleteratus;600
Santiago;Mimosa;6/16/2018;6/23/2018;6;23;2018;Cais de pesca da Praia;Cais de pesca da Praia;Boa Vista;Linha;Demersais;Salmão;Elagatis bipinnulata;100
Santiago;Mimosa;6/16/2018;6/23/2018;6;23;2018;Cais de pesca da Praia;Cais de pesca da Praia;Boa Vista;Linha;Demersais;Esmoregal ou Serze;Seriola sp;150
Santiago;Mimosa;6/16/2018;6/23/2018;6;23;2018;Cais de pesca da Praia;Cais de pesca da Praia;Boa Vista;Linha;Pequenos pelágicos;Chicharro;Selar crumenophthalmus;230
Santiago;Calhau;6/18/2018;6/22/2018;6;22;2018;Cais de pesca da Praia;Cais de pesca da Praia;;Rede de cerco;Pequenos pelágicos;Cavala preta;Decapterus macarellus;1050
Santiago;Calhau;6/18/2018;6/22/2018;6;22;2018;Cais de pesca da Praia;Cais de pesca da Praia;;Rede de cerco;Tunídeos;Cachorrinha ou Judeu;Auxis sp;500
Santiago;Calhau;6/18/2018;6/22/2018;6;22;2018;Cais de pesca da Praia;Cais de pesca da Praia;;Rede de cerco;Pequenos pelágicos;Bonito;Caranx crysos;500
Santiago;Calhau;6/18/2018;6/22/2018;6;22;2018;Cais de pesca da Praia;Cais de pesca da Praia;;Rede de cerco;Demersais;Enforcado ou Xereu;Caranx sp;100
Santiago;Mayra;6/21/2018;6/22/2018;6;22;2018;Cais de pesca da Praia;Cais de pesca da Praia;Tchadona;Rede de cerco;Tunídeos;Cachorrinha ou Judeu;Auxis sp;5000
Santiago;Deus me deu;6/13/2018;6/23/2018;6;23;2018;Cais de pesca da Praia;Cais de pesca da Praia;Boa Vista;Linha;Tunídeos;Albacora;Thunnus albacares;1079
Santiago;Deus me deu;6/13/2018;6/23/2018;6;23;2018;Cais de pesca da Praia;Cais de pesca da Praia;Boa Vista;Linha;Pequenos pelágicos;Chicharro;Selar crumenophthalmus;270
Santiago;Deus me acompanha;6/16/2018;6/23/2018;6;23;2018;Cais de pesca da Praia;Cais de pesca da Praia;Boa Vista;Linha;Tunídeos;Albacora;Thunnus albacares;1079
Santiago;Deus me acompanha;6/16/2018;6/23/2018;6;23;2018;Cais de pesca da Praia;Cais de pesca da Praia;Boa Vista;Linha;Pequenos pelágicos;Chicharro;Selar crumenophthalmus;180
Santiago;Mauro;6/20/2018;6/23/2018;6;23;2018;Cais de pesca da Praia;Cais de pesca da Praia;Baixa;Linha;Tunídeos;Albacora;Thunnus albacares;1060
Santiago;Mauro;6/20/2018;6/23/2018;6;23;2018;Cais de pesca da Praia;Cais de pesca da Praia;Baixa;Linha;Pequenos pelágicos;Chicharro;Selar crumenophthalmus;220
Santiago;Vinte-7;6/20/2018;6/25/2018;6;25;2018;Cais de pesca da Praia;Cais de pesca da Praia;Maio;Rede de cerco;Pequenos pelágicos;Cavala branca;Decapterus punctatus;1500
Santiago;Vinte-7;6/20/2018;6/25/2018;6;25;2018;Cais de pesca da Praia;Cais de pesca da Praia;Maio;Rede de cerco;Demersais;Besugo;Pomadasys incisus;100
Santiago;Vinte-7;6/20/2018;6/25/2018;6;25;2018;Cais de pesca da Praia;Cais de pesca da Praia;Maio;Rede de cerco;Pequenos pelágicos;Chicharro;Selar crumenophthalmus;100
Santiago;Israel;6/22/2018;6/26/2018;6;26;2018;Cais de pesca da Praia;Cais de pesca da Praia;Baixa;Linha;Tunídeos;Albacora;Thunnus albacares;1109
Santiago;Israel;6/22/2018;6/26/2018;6;26;2018;Cais de pesca da Praia;Cais de pesca da Praia;Baixa;Linha;Tunídeos;Serra ou Djeu;Acanthocybium solandri;20
Santiago;Israel;6/22/2018;6/26/2018;6;26;2018;Cais de pesca da Praia;Cais de pesca da Praia;Baixa;Linha;Pequenos pelágicos;Chicharro;Selar crumenophthalmus;200
Santiago;Judeia;6/22/2018;6/26/2018;6;26;2018;Cais de pesca da Praia;Cais de pesca da Praia;Baixa/ João Valente;Linha;Tunídeos;Albacora;Thunnus albacares;1068
Santiago;Judeia;6/22/2018;6/26/2018;6;26;2018;Cais de pesca da Praia;Cais de pesca da Praia;Baixa/ João Valente;Linha;Tunídeos;Serra ou Djeu;Acanthocybium solandri;35
Santiago;Judeia;6/22/2018;6/26/2018;6;26;2018;Cais de pesca da Praia;Cais de pesca da Praia;Baixa/ João Valente;Linha;Tunídeos;Lobo ou Dourado;Coryphaena hippurus;11
Santiago;Judeia;6/22/2018;6/26/2018;6;26;2018;Cais de pesca da Praia;Cais de pesca da Praia;Baixa/ João Valente;Linha;Pequenos pelágicos;Chicharro;Selar crumenophthalmus;170
Santiago;Luta de Pescadores;6/22/2018;6/28/2018;6;28;2018;Cais de pesca da Praia;Cais de pesca da Praia;Boa Vista;Rede de cerco;Pequenos pelágicos;Cavala branca;Decapterus punctatus;2000
Santiago;Luta de Pescadores;6/22/2018;6/28/2018;6;28;2018;Cais de pesca da Praia;Cais de pesca da Praia;Boa Vista;Rede de cerco;Tunídeos;Cachorrinha ou Judeu;Auxis sp;20
Santiago;Luta de Pescadores;6/22/2018;6/28/2018;6;28;2018;Cais de pesca da Praia;Cais de pesca da Praia;Boa Vista;Rede de cerco;Pequenos pelágicos;Cavala preta;Decapterus macarellus;50
Santiago;Luta de Pescadores;6/22/2018;6/28/2018;6;28;2018;Cais de pesca da Praia;Cais de pesca da Praia;Boa Vista;Rede de cerco;Demersais;Esmoregal ou Serze;Seriola sp;250
Santiago;Luta de Pescadores;6/22/2018;6/28/2018;6;28;2018;Cais de pesca da Praia;Cais de pesca da Praia;Boa Vista;Rede de cerco;Demersais;Pargo;Pagrus africanus;400
Santiago;Pedra Badejo;6/20/2018;6/29/2018;6;29;2018;Cais de pesca da Praia;Cais de pesca da Praia;João Valente;Linha;Tunídeos;Albacora;Thunnus albacares;1342
Santiago;Pedra Badejo;6/20/2018;6/29/2018;6;29;2018;Cais de pesca da Praia;Cais de pesca da Praia;João Valente;Linha;Pequenos pelágicos;Chicharro;Selar crumenophthalmus;180
Santiago;Luta de Pescadores;6/29/2018;7/1/2018;7;1;2018;Cais de pesca da Praia;Cais de pesca da Praia;João Valente/ Boa Vista;Rede de cerco;Pequenos pelágicos;Cavala preta;Decapterus macarellus;6000
Santiago;Luta de Pescadores;6/29/2018;7/1/2018;7;1;2018;Cais de pesca da Praia;Cais de pesca da Praia;João Valente/ Boa Vista;Rede de cerco;Demersais;Barbeiro;Acanthurus monroviae;800
Santiago;Luta de Pescadores;6/29/2018;7/1/2018;7;1;2018;Cais de pesca da Praia;Cais de pesca da Praia;João Valente/ Boa Vista;Rede de cerco;Demersais;Dobradão;Apsilus fuscus;1200
Santiago;Luta de Pescadores;6/29/2018;7/1/2018;7;1;2018;Cais de pesca da Praia;Cais de pesca da Praia;João Valente/ Boa Vista;Rede de cerco;Tunídeos;Cachorrinha ou Judeu;Auxis sp;4000
Santiago;Carlos Maria;6/30/2018;7/2/2018;7;2;2018;Cais de pesca da Praia;Cais de pesca da Praia;João Valente;Rede de cerco;Demersais;Enforcado ou Xereu;Caranx sp;500
Santiago;Carlos Maria;6/30/2018;7/2/2018;7;2;2018;Cais de pesca da Praia;Cais de pesca da Praia;João Valente;Rede de cerco;Pequenos pelágicos;Cavala preta;Decapterus macarellus;5000
Santiago;Carlos Maria;6/30/2018;7/2/2018;7;2;2018;Cais de pesca da Praia;Cais de pesca da Praia;João Valente;Rede de cerco;Tunídeos;Cachorrinha ou Judeu;Auxis sp;500
Santiago;Dona Santana;6/23/2018;7/1/2018;7;1;2018;Cais de pesca da Praia;Cais de pesca da Praia;Maio;Linha;Demersais;Moreia;MURAENIDAE;51
Santiago;Dona Santana;6/23/2018;7/1/2018;7;1;2018;Cais de pesca da Praia;Cais de pesca da Praia;Maio;Linha;Demersais;Bica;Lethrinus atlanticus;100
Santiago;Dona Santana;6/23/2018;7/1/2018;7;1;2018;Cais de pesca da Praia;Cais de pesca da Praia;Maio;Linha;Demersais;Garoupa;Cepahalopholis taeniops;80
Santiago;Dona Santana;6/23/2018;7/1/2018;7;1;2018;Cais de pesca da Praia;Cais de pesca da Praia;Maio;Linha;Demersais;Papagaio;Parapristipoma humile;2
Santiago;Dona Santana;6/23/2018;7/1/2018;7;1;2018;Cais de pesca da Praia;Cais de pesca da Praia;Maio;Linha;Demersais;Bentelha;Viridentex acromegalus;2
Santiago;Dona Santana;6/23/2018;7/1/2018;7;1;2018;Cais de pesca da Praia;Cais de pesca da Praia;Maio;Linha;Demersais;Sargo preto;Diplodus fasciatus;3
Santiago;Paulo Nuno;6/25/2018;7/3/2018;7;3;2018;Cais de pesca da Praia;Cais de pesca da Praia;Boa Vista;Linha;Tunídeos;Albacora;Thunnus albacares;658
Santiago;Calhau;7/1/2018;7/3/2018;7;3;2018;Cais de pesca da Praia;Cais de pesca da Praia;Maio;Rede de cerco;Pequenos pelágicos;Cavala preta;Decapterus macarellus;5000
Santiago;ML;7/1/2018;7/4/2018;7;4;2018;Cais de pesca da Praia;Cais de pesca da Praia;Maio;Rede de cerco;Pequenos pelágicos;Cavala preta;Decapterus macarellus;3000
Santiago;ML;7/1/2018;7/4/2018;7;4;2018;Cais de pesca da Praia;Cais de pesca da Praia;Maio;Rede de cerco;Demersais;Enforcado ou Xereu;Caranx sp;200
Santiago;Noquinha;7/1/2018;7/6/2018;7;6;2018;Cais de pesca da Praia;Cais de pesca da Praia;Boa Vista;Linha;Tunídeos;Albacora;Thunnus albacares;633
Santiago;Mayra;7/2/2018;7/6/2018;7;6;2018;Cais de pesca da Praia;Cais de pesca da Praia;Tchadona;Rede de cerco;Pequenos pelágicos;Cavala preta;Decapterus macarellus;10000
Santiago;Cidadela;7/4/2018;7/8/2018;7;8;2018;Cais de pesca da Praia;Cais de pesca da Praia;Serra ou Djeu Brava;Rede de cerco;Pequenos pelágicos;Cavala preta;Decapterus macarellus;4400
Santiago;Cidadela;7/4/2018;7/8/2018;7;8;2018;Cais de pesca da Praia;Cais de pesca da Praia;Serra ou Djeu Brava;Rede de cerco;Tunídeos;Cachorrinha ou Judeu;Auxis sp;2500
Santiago;Cidadela;7/4/2018;7/8/2018;7;8;2018;Cais de pesca da Praia;Cais de pesca da Praia;Serra ou Djeu Brava;Rede de cerco;Demersais;Dobradão;Apsilus fuscus;150
Santiago;Zé Carlos;7/2/2018;7/9/2018;7;9;2018;Cais de pesca da Praia;Cais de pesca da Praia;Julinho Bode;Linha;Tunídeos;Albacora;Thunnus albacares;500
Santiago;Judeia;7/3/2018;7/9/2018;7;9;2018;Cais de pesca da Praia;Cais de pesca da Praia;Baixa/ João Valente;Linha;Tunídeos;Albacora;Thunnus albacares;1000
Santiago;Judeia;7/3/2018;7/9/2018;7;9;2018;Cais de pesca da Praia;Cais de pesca da Praia;Baixa/ João Valente;Linha;Pequenos pelágicos;Chicharro;Selar crumenophthalmus;180
Santiago;Mimosa;7/3/2018;7/9/2018;7;9;2018;Cais de pesca da Praia;Cais de pesca da Praia;Boa Vista;Linha;Tunídeos;Albacora;Thunnus albacares;485
Santiago;Mimosa;7/3/2018;7/9/2018;7;9;2018;Cais de pesca da Praia;Cais de pesca da Praia;Boa Vista;Linha;Tunídeos;Serra ou Djeu;Acanthocybium solandri;360
Santiago;Mimosa;7/3/2018;7/9/2018;7;9;2018;Cais de pesca da Praia;Cais de pesca da Praia;Boa Vista;Linha;Demersais;Salmão;Elagatis bipinnulata;50
Santiago;Mimosa;7/3/2018;7/9/2018;7;9;2018;Cais de pesca da Praia;Cais de pesca da Praia;Boa Vista;Linha;Demersais;Esmoregal ou Serze;Seriola sp;318
Santiago;Jerusalém;7/5/2018;7/9/2018;7;9;2018;Cais de pesca da Praia;Cais de pesca da Praia;João Valente/ Maio;Linha;Tunídeos;Albacora;Thunnus albacares;1536
Santiago;Jerusalém;7/5/2018;7/9/2018;7;9;2018;Cais de pesca da Praia;Cais de pesca da Praia;João Valente/ Maio;Linha;Pequenos pelágicos;Chicharro;Selar crumenophthalmus;250
Santiago;Pedra Badejo;7/6/2018;7/10/2018;7;10;2018;Cais de pesca da Praia;Cais de pesca da Praia;João Valente;Linha;Tunídeos;Albacora;Thunnus albacares;1302
Santiago;Pedra Badejo;7/6/2018;7/10/2018;7;10;2018;Cais de pesca da Praia;Cais de pesca da Praia;João Valente;Linha;Pequenos pelágicos;Chicharro;Selar crumenophthalmus;180
Santiago;Deus me acompanha;7/5/2018;7/10/2018;7;10;2018;Cais de pesca da Praia;Cais de pesca da Praia;Baixa;Linha;Tunídeos;Albacora;Thunnus albacares;1400
Santiago;Deus me acompanha;7/5/2018;7/10/2018;7;10;2018;Cais de pesca da Praia;Cais de pesca da Praia;Baixa;Linha;Pequenos pelágicos;Chicharro;Selar crumenophthalmus;220
Santiago;Cidadela;7/9/2018;7/10/2018;7;10;2018;Cais de pesca da Praia;Cais de pesca da Praia;Serra ou Djeu Brava;Rede de cerco;Pequenos pelágicos;Cavala preta;Decapterus macarellus;6000
Santiago;Cidadela;7/9/2018;7/10/2018;7;10;2018;Cais de pesca da Praia;Cais de pesca da Praia;Serra ou Djeu Brava;Rede de cerco;Tunídeos;Cachorrinha ou Judeu;Auxis sp;1000
Santiago;Mayra;7/8/2018;7/11/2018;7;11;2018;Cais de pesca da Praia;Cais de pesca da Praia;Tchadona;Rede de cerco;Pequenos pelágicos;Cavala preta;Decapterus macarellus;10000
Santiago;Mayra;7/8/2018;7/11/2018;7;11;2018;Cais de pesca da Praia;Cais de pesca da Praia;Tchadona;Rede de cerco;Demersais;Enforcado ou Xereu;Caranx sp;200
Santiago;Mayra;7/8/2018;7/11/2018;7;11;2018;Cais de pesca da Praia;Cais de pesca da Praia;Tchadona;Rede de cerco;Tunídeos;Cachorrinha ou Judeu;Auxis sp;100
Santiago;Di Joana;7/7/2018;7/11/2018;7;11;2018;Cais de pesca da Praia;Cais de pesca da Praia;João Valente;Linha;Tunídeos;Albacora;Thunnus albacares;583
Santiago;Calhau;7/10/2018;7/12/2018;7;12;2018;Cais de pesca da Praia;Cais de pesca da Praia;Maio;Rede de cerco;Pequenos pelágicos;Bonito;Caranx crysos;2500
Santiago;Calhau;7/10/2018;7/12/2018;7;12;2018;Cais de pesca da Praia;Cais de pesca da Praia;Maio;Rede de cerco;Demersais;Enforcado ou Xereu;Caranx sp;200
Santiago;Calhau;7/10/2018;7/12/2018;7;12;2018;Cais de pesca da Praia;Cais de pesca da Praia;Maio;Rede de cerco;Demersais;Dobradão;Apsilus fuscus;100
Santiago;Calhau;7/10/2018;7/12/2018;7;12;2018;Cais de pesca da Praia;Cais de pesca da Praia;Maio;Rede de cerco;Pequenos pelágicos;Bicuda;Sphryraena guachancho;50
Santiago;Calhau;7/10/2018;7/12/2018;7;12;2018;Cais de pesca da Praia;Cais de pesca da Praia;Maio;Rede de cerco;Pequenos pelágicos;Chicharro;Selar crumenophthalmus;50
Santiago;Marlinda;7/6/2018;7/12/2018;7;12;2018;Cais de pesca da Praia;Cais de pesca da Praia;Fogo;Rede de cerco;Pequenos pelágicos;Cavala preta;Decapterus macarellus;6000
Santiago;Marlinda;7/6/2018;7/12/2018;7;12;2018;Cais de pesca da Praia;Cais de pesca da Praia;Fogo;Rede de cerco;Tunídeos;Cachorrinha ou Judeu;Auxis sp;50
Santiago;Santo António;7/4/2018;7/12/2018;7;12;2018;Cais de pesca da Praia;Cais de pesca da Praia;Leste curral velho (Boa Vista);Linha;Tunídeos;Albacora;Thunnus albacares;430
Santiago;Santo António;7/4/2018;7/12/2018;7;12;2018;Cais de pesca da Praia;Cais de pesca da Praia;Leste curral velho (Boa Vista);Linha;Tunídeos;Serra ou Djeu;Acanthocybium solandri;14
Santiago;Santo António;7/4/2018;7/12/2018;7;12;2018;Cais de pesca da Praia;Cais de pesca da Praia;Leste curral velho (Boa Vista);Linha;Demersais;Esmoregal ou Serze;Seriola sp;20
Santiago;Rincon;7/9/2018;7/12/2018;7;12;2018;Cais de pesca da Praia;Cais de pesca da Praia;Maio;Rede de cerco;Pequenos pelágicos;Dobrada;Spicara melanurus;2000
Santiago;Rincon;7/9/2018;7/12/2018;7;12;2018;Cais de pesca da Praia;Cais de pesca da Praia;Maio;Rede de cerco;Demersais;Abroto;Pomadasys rogeri;20
Santiago;Rincon;7/9/2018;7/12/2018;7;12;2018;Cais de pesca da Praia;Cais de pesca da Praia;Maio;Rede de cerco;Demersais;Barbeiro;Acanthurus monroviae;200
Santiago;Rincon;7/9/2018;7/12/2018;7;12;2018;Cais de pesca da Praia;Cais de pesca da Praia;Maio;Rede de cerco;Demersais;Fatcho de fundo;Mulloidichthys martinicus;10
Santiago;Rincon;7/9/2018;7/12/2018;7;12;2018;Cais de pesca da Praia;Cais de pesca da Praia;Maio;Rede de cerco;Pequenos pelágicos;Pelombeta;Trachinotus ovatus;10
Santiago;Rincon;7/9/2018;7/12/2018;7;12;2018;Cais de pesca da Praia;Cais de pesca da Praia;Maio;Rede de cerco;Demersais;Bica;Lethrinus atlanticus;10
Santiago;ML;7/6/2018;7/16/2018;7;16;2018;Cais de pesca da Praia;Cais de pesca da Praia;Maio;Rede de cerco;Demersais;Salmão;Elagatis bipinnulata;1000
Santiago;ML;7/6/2018;7/16/2018;7;16;2018;Cais de pesca da Praia;Cais de pesca da Praia;Maio;Rede de cerco;Demersais;Enforcado ou Xereu;Caranx sp;400
Santiago;ML;7/6/2018;7/16/2018;7;16;2018;Cais de pesca da Praia;Cais de pesca da Praia;Maio;Rede de cerco;Pequenos pelágicos;Bonito;Caranx crysos;1500
Santiago;ML;7/6/2018;7/16/2018;7;16;2018;Cais de pesca da Praia;Cais de pesca da Praia;Maio;Rede de cerco;Pequenos pelágicos;Chicharro;Selar crumenophthalmus;200
Santiago;Cidadela;7/12/2018;7/15/2018;7;15;2018;Cais de pesca da Praia;Cais de pesca da Praia;Serra ou Djeu Brava;Rede de cerco;Pequenos pelágicos;Dobrada;Spicara melanurus;2200
Santiago;Calhau;7/13/2018;7/15/2018;7;15;2018;Cais de pesca da Praia;Cais de pesca da Praia;Maio;Rede de cerco;Demersais;Salmão;Elagatis bipinnulata;300
Santiago;Calhau;7/13/2018;7/15/2018;7;15;2018;Cais de pesca da Praia;Cais de pesca da Praia;Maio;Rede de cerco;Demersais;Enforcado ou Xereu;Caranx sp;500
Santiago;Calhau;7/13/2018;7/15/2018;7;15;2018;Cais de pesca da Praia;Cais de pesca da Praia;Maio;Rede de cerco;Pequenos pelágicos;Bonito;Caranx crysos;3000
Santiago;Calhau;7/13/2018;7/15/2018;7;15;2018;Cais de pesca da Praia;Cais de pesca da Praia;Maio;Rede de cerco;Pequenos pelágicos;Chicharro;Selar crumenophthalmus;300
Santiago;Calhau;7/13/2018;7/15/2018;7;15;2018;Cais de pesca da Praia;Cais de pesca da Praia;Maio;Rede de cerco;Pequenos pelágicos;Cavala preta;Decapterus macarellus;50
Santiago;Calhau;7/13/2018;7/15/2018;7;15;2018;Cais de pesca da Praia;Cais de pesca da Praia;Maio;Rede de cerco;Tunídeos;Albacora;Thunnus albacares;300
Santiago;Deus me deu;7/10/2018;7/15/2018;7;15;2018;Cais de pesca da Praia;Cais de pesca da Praia;Boa Vista;Linha;Tunídeos;Albacora;Thunnus albacares;1140
Santiago;Deus me deu;7/10/2018;7/15/2018;7;15;2018;Cais de pesca da Praia;Cais de pesca da Praia;Boa Vista;Linha;Pequenos pelágicos;Chicharro;Selar crumenophthalmus;180
Santiago;Mayra;7/15/2018;7/17/2018;7;17;2018;Cais de pesca da Praia;Cais de pesca da Praia;Maio;Rede de cerco;Tunídeos;Merma/ Panguil/ Txafarote;Euthynnus alleteratus;5000
Santiago;Fábio;7/11/2018;7/17/2018;7;17;2018;Cais de pesca da Praia;Cais de pesca da Praia;Baixa;Linha;Tunídeos;Albacora;Thunnus albacares;420
Santiago;Fábio;7/11/2018;7/17/2018;7;17;2018;Cais de pesca da Praia;Cais de pesca da Praia;Baixa;Linha;Pequenos pelágicos;Chicharro;Selar crumenophthalmus;80
Santiago;Paulo Nuno;7/11/2018;7/18/2018;7;18;2018;Cais de pesca da Praia;Cais de pesca da Praia;Boa Vista;Linha;Tunídeos;Albacora;Thunnus albacares;676
Santiago;Paulo Nuno;7/11/2018;7/18/2018;7;18;2018;Cais de pesca da Praia;Cais de pesca da Praia;Boa Vista;Linha;Pequenos pelágicos;Chicharro;Selar crumenophthalmus;80
Santiago;Israel;7/19/2018;7/14/2018;7;14;2018;Cais de pesca da Praia;Cais de pesca da Praia;Baixa;Linha;Tunídeos;Albacora;Thunnus albacares;766
Santiago;Noquinha;7/14/2018;7/19/2018;7;19;2018;Cais de pesca da Praia;Cais de pesca da Praia;Maio/ Boa Vista;Linha;Tunídeos;Albacora;Thunnus albacares;500
Santiago;Noquinha;7/14/2018;7/19/2018;7;19;2018;Cais de pesca da Praia;Cais de pesca da Praia;Maio/ Boa Vista;Linha;Tunídeos;Serra ou Djeu;Acanthocybium solandri;100
Santiago;Noquinha;7/14/2018;7/19/2018;7;19;2018;Cais de pesca da Praia;Cais de pesca da Praia;Maio/ Boa Vista;Linha;Tunídeos;Lobo ou Dourado;Coryphaena hippurus;120
Santiago;Calhau;7/17/2018;7/19/2018;7;19;2018;Cais de pesca da Praia;Cais de pesca da Praia;Banca;Rede de cerco;Demersais;Dobradão;Apsilus fuscus;7000
Santiago;Calhau;7/17/2018;7/19/2018;7;19;2018;Cais de pesca da Praia;Cais de pesca da Praia;Banca;Rede de cerco;Pequenos pelágicos;Bonito;Caranx crysos;300
Santiago;Calhau;7/17/2018;7/19/2018;7;19;2018;Cais de pesca da Praia;Cais de pesca da Praia;Banca;Rede de cerco;Demersais;Goraz;Lutjanus fulgens;100
Santiago;Calhau;7/17/2018;7/19/2018;7;19;2018;Cais de pesca da Praia;Cais de pesca da Praia;Banca;Rede de cerco;Demersais;Enforcado ou Xereu;Caranx sp;200
Santiago;Praia Gonsal;7/16/2018;7/18/2018;7;18;2018;Cais de pesca da Praia;Cais de pesca da Praia;Boa Vista;Rede de cerco;Tunídeos;Merma/ Panguil/ Txafarote;Euthynnus alleteratus;2000
Santiago;ML;7/18/2018;7/19/2018;7;19;2018;Cais de pesca da Praia;Cais de pesca da Praia;Maio;Rede de cerco;Tunídeos;Merma/ Panguil/ Txafarote;Euthynnus alleteratus;10000
Santiago;Carlos Maria;7/15/2018;7/19/2018;7;19;2018;Cais de pesca da Praia;Cais de pesca da Praia;Sal;Rede de cerco;Pequenos pelágicos;Chicharro;Selar crumenophthalmus;1200
Santiago;Carlos Maria;7/15/2018;7/19/2018;7;19;2018;Cais de pesca da Praia;Cais de pesca da Praia;Sal;Rede de cerco;Demersais;Abroto;Pomadasys rogeri;1000
Santiago;Cidadela;7/18/2018;7/20/2018;7;20;2018;Cais de pesca da Praia;Cais de pesca da Praia;Maio;Rede de cerco;Pequenos pelágicos;Chicharro;Selar crumenophthalmus;13000
Santiago;Mayra;7/19/2018;7/20/2018;7;20;2018;Cais de pesca da Praia;Cais de pesca da Praia;Maio;Rede de cerco;Pequenos pelágicos;Chicharro;Selar crumenophthalmus;10000
Santiago;Rincon;7/17/2018;7/20/2018;7;20;2018;Cais de pesca da Praia;Cais de pesca da Praia;Maio;Rede de cerco;Pequenos pelágicos;Cavala branca;Decapterus punctatus;2000
Santiago;Pedra Badejo;7/14/2018;7/20/2018;7;20;2018;Cais de pesca da Praia;Cais de pesca da Praia;Baixa;Linha;Tunídeos;Albacora;Thunnus albacares;1336
Santiago;Pedra Badejo;7/14/2018;7/20/2018;7;20;2018;Cais de pesca da Praia;Cais de pesca da Praia;Baixa;Linha;Pequenos pelágicos;Chicharro;Selar crumenophthalmus;300
Santiago;Jerusalém;7/14/2018;7/23/2018;7;23;2018;Cais de pesca da Praia;Cais de pesca da Praia;Boa Vista;Linha;Tunídeos;Albacora;Thunnus albacares;1935
Santiago;Jerusalém;7/14/2018;7/23/2018;7;23;2018;Cais de pesca da Praia;Cais de pesca da Praia;Boa Vista;Linha;Pequenos pelágicos;Chicharro;Selar crumenophthalmus;270
Santiago;Regresso;7/18/2018;7/23/2018;7;23;2018;Cais de pesca da Praia;Cais de pesca da Praia;Leste curral velho (Boa Vista);Linha;Tunídeos;Albacora;Thunnus albacares;300
Santiago;Regresso;7/18/2018;7/23/2018;7;23;2018;Cais de pesca da Praia;Cais de pesca da Praia;Leste curral velho (Boa Vista);Linha;Tunídeos;Lobo ou Dourado;Coryphaena hippurus;150
Santiago;Regresso;7/18/2018;7/23/2018;7;23;2018;Cais de pesca da Praia;Cais de pesca da Praia;Leste curral velho (Boa Vista);Linha;Demersais;Esmoregal ou Serze;Seriola sp;100
Santiago;Regresso;7/18/2018;7/23/2018;7;23;2018;Cais de pesca da Praia;Cais de pesca da Praia;Leste curral velho (Boa Vista);Linha;Tunídeos;Serra ou Djeu;Acanthocybium solandri;100
Santiago;Mauro;7/18/2018;7/21/2018;7;21;2018;Cais de pesca da Praia;Cais de pesca da Praia;Baixa;Linha;Tunídeos;Albacora;Thunnus albacares;1992
Santiago;Mauro;7/18/2018;7/21/2018;7;21;2018;Cais de pesca da Praia;Cais de pesca da Praia;Baixa;Linha;Pequenos pelágicos;Chicharro;Selar crumenophthalmus;100
Santiago;ML;7/19/2018;7/20/2018;7;20;2018;Cais de pesca da Praia;Cais de pesca da Praia;Maio;Rede de cerco;Pequenos pelágicos;Bonito;Caranx crysos;5000
Santiago;ML;7/19/2018;7/20/2018;7;20;2018;Cais de pesca da Praia;Cais de pesca da Praia;Maio;Rede de cerco;Demersais;Enforcado ou Xereu;Caranx sp;300
Santiago;ML;7/19/2018;7/20/2018;7;20;2018;Cais de pesca da Praia;Cais de pesca da Praia;Maio;Rede de cerco;Pequenos pelágicos;Chicharro;Selar crumenophthalmus;100
Santiago;ML;7/19/2018;7/20/2018;7;20;2018;Cais de pesca da Praia;Cais de pesca da Praia;Maio;Rede de cerco;Demersais;Dobradão;Apsilus fuscus;3000
Santiago;ML;7/19/2018;7/20/2018;7;20;2018;Cais de pesca da Praia;Cais de pesca da Praia;Maio;Rede de cerco;Demersais;Goraz;Lutjanus fulgens;50
Santiago;Mestre Manuel;7/23/2018;7/23/2018;7;23;2018;Cais de pesca da Praia;Cais de pesca da Praia;Cabeça cais;Rede de cerco;Tunídeos;Cachorrinha ou Judeu;Auxis sp;400
Santiago;Mayra;7/21/2018;7/24/2018;7;24;2018;Cais de pesca da Praia;Cais de pesca da Praia;;Rede de cerco;Pequenos pelágicos;Chicharro;Selar crumenophthalmus;15000
Santiago;Fábio;7/18/2018;7/24/2018;7;24;2018;Cais de pesca da Praia;Cais de pesca da Praia;Baixa;Linha;Tunídeos;Albacora;Thunnus albacares;269
Santiago;Fábio;7/18/2018;7/24/2018;7;24;2018;Cais de pesca da Praia;Cais de pesca da Praia;Baixa;Linha;Pequenos pelágicos;Chicharro;Selar crumenophthalmus;120
Santiago;Calhau;7/22/2018;7/24/2018;7;24;2018;Cais de pesca da Praia;Cais de pesca da Praia;Maio;Rede de cerco;Pequenos pelágicos;Chicharro;Selar crumenophthalmus;300
Santiago;Calhau;7/22/2018;7/24/2018;7;24;2018;Cais de pesca da Praia;Cais de pesca da Praia;Maio;Rede de cerco;Demersais;Goraz;Lutjanus fulgens;200
Santiago;Calhau;7/22/2018;7/24/2018;7;24;2018;Cais de pesca da Praia;Cais de pesca da Praia;Maio;Rede de cerco;Demersais;Dobradão;Apsilus fuscus;1000
Santiago;Calhau;7/22/2018;7/24/2018;7;24;2018;Cais de pesca da Praia;Cais de pesca da Praia;Maio;Rede de cerco;Demersais;Façola;Heteropriachanthus cruentatus;20
Santiago;Calhau;7/22/2018;7/24/2018;7;24;2018;Cais de pesca da Praia;Cais de pesca da Praia;Maio;Rede de cerco;Demersais;Enforcado ou Xereu;Caranx sp;100
Santiago;Cidadela;7/22/2018;7/23/2018;7;23;2018;Cais de pesca da Praia;Cais de pesca da Praia;Maio;Rede de cerco;Pequenos pelágicos;Chicharro;Selar crumenophthalmus;7000
Santiago;ML;7/23/2018;7/23/2018;7;23;2018;Cais de pesca da Praia;Cais de pesca da Praia;Maio;Rede de cerco;Demersais;Salmão;Elagatis bipinnulata;450
Santiago;ML;7/23/2018;7/23/2018;7;23;2018;Cais de pesca da Praia;Cais de pesca da Praia;Maio;Rede de cerco;Pequenos pelágicos;Bonito;Caranx crysos;3000
Santiago;ML;7/23/2018;7/23/2018;7;23;2018;Cais de pesca da Praia;Cais de pesca da Praia;Maio;Rede de cerco;Demersais;Dobradão;Apsilus fuscus;5000
Santiago;Zé Carlos;7/19/2018;7/25/2018;7;25;2018;Cais de pesca da Praia;Cais de pesca da Praia;Varandinha;Linha;Tunídeos;Albacora;Thunnus albacares;478
Santiago;Santo António;7/19/2018;7/25/2018;7;25;2018;Cais de pesca da Praia;Cais de pesca da Praia;Varandinha;Linha;Tunídeos;Albacora;Thunnus albacares;428
Santiago;Santo António;7/19/2018;7/25/2018;7;25;2018;Cais de pesca da Praia;Cais de pesca da Praia;Varandinha;Linha;Demersais;Esmoregal ou Serze;Seriola sp;29
Santiago;Santo António;7/19/2018;7/25/2018;7;25;2018;Cais de pesca da Praia;Cais de pesca da Praia;Varandinha;Linha;Tunídeos;Serra ou Djeu;Acanthocybium solandri;22
Santiago;Israel;7/21/2018;7/26/2018;7;26;2018;Cais de pesca da Praia;Cais de pesca da Praia;Maio;Linha;Tunídeos;Albacora;Thunnus albacares;1024
Santiago;Marlinda;7/20/2018;7/27/2018;7;27;2018;Cais de pesca da Praia;Cais de pesca da Praia;Maio;Rede de cerco;Pequenos pelágicos;Chicharro;Selar crumenophthalmus;200
Santiago;Marlinda;7/20/2018;7/27/2018;7;27;2018;Cais de pesca da Praia;Cais de pesca da Praia;Maio;Rede de cerco;Demersais;Barbo;Galeoides decadactylus;1000
Santiago;Marlinda;7/20/2018;7/27/2018;7;27;2018;Cais de pesca da Praia;Cais de pesca da Praia;Maio;Rede de cerco;Tunídeos;Cachorrinha ou Judeu;Auxis sp;200
Santiago;Mimosa;7/17/2018;7/27/2018;7;27;2018;Cais de pesca da Praia;Cais de pesca da Praia;Boa Vista;Linha;Tunídeos;Albacora;Thunnus albacares;722
Santiago;Mimosa;7/17/2018;7/27/2018;7;27;2018;Cais de pesca da Praia;Cais de pesca da Praia;Boa Vista;Linha;Demersais;Esmoregal ou Serze;Seriola sp;7
Santiago;Mimosa;7/17/2018;7/27/2018;7;27;2018;Cais de pesca da Praia;Cais de pesca da Praia;Boa Vista;Linha;Tunídeos;Serra ou Djeu;Acanthocybium solandri;20
Santiago;Mimosa;7/17/2018;7/27/2018;7;27;2018;Cais de pesca da Praia;Cais de pesca da Praia;Boa Vista;Linha;Demersais;Salmão;Elagatis bipinnulata;8
Santiago;Mimosa;7/17/2018;7/27/2018;7;27;2018;Cais de pesca da Praia;Cais de pesca da Praia;Boa Vista;Linha;Pequenos pelágicos;Chicharro;Selar crumenophthalmus;270
Santiago;Carlos Maria;7/21/2018;7/27/2018;7;27;2018;Cais de pesca da Praia;Cais de pesca da Praia;João Valente;Rede de cerco;Demersais;Dobradão;Apsilus fuscus;500
Santiago;Carlos Maria;7/21/2018;7/27/2018;7;27;2018;Cais de pesca da Praia;Cais de pesca da Praia;João Valente;Rede de cerco;Demersais;Esmoregal ou Serze;Seriola sp;300
Santiago;Carlos Maria;7/21/2018;7/27/2018;7;27;2018;Cais de pesca da Praia;Cais de pesca da Praia;João Valente;Rede de cerco;Demersais;Goraz;Lutjanus fulgens;200
Santiago;Mestre Manuel;7/27/2018;7/27/2018;7;27;2018;Cais de pesca da Praia;Cais de pesca da Praia;Cabeça cais;Rede de cerco;Tunídeos;Cachorrinha ou Judeu;Auxis sp;500
Santiago;Mayra;7/24/2018;7/27/2018;7;27;2018;Cais de pesca da Praia;Cais de pesca da Praia;Maio;Rede de cerco;Pequenos pelágicos;Chicharro;Selar crumenophthalmus;9000
Santiago;Jerusalém;7/28/2018;7/30/2018;7;30;2018;Cais de pesca da Praia;Cais de pesca da Praia;Baixa;Linha;Tunídeos;Albacora;Thunnus albacares;816
Santiago;Pedra Badejo;7/27/2018;7/31/2018;7;31;2018;Cais de pesca da Praia;Cais de pesca da Praia;João Valente;Linha;Tunídeos;Albacora;Thunnus albacares;926
Santiago;Mayra;7/28/2018;8/2/2018;8;2;2018;Cais de pesca da Praia;Cais de pesca da Praia;Maio/ Boa Vista;Rede de cerco;Pequenos pelágicos;Cavala branca;Decapterus punctatus;2000
Santiago;Mayra;7/28/2018;8/2/2018;8;2;2018;Cais de pesca da Praia;Cais de pesca da Praia;Maio/ Boa Vista;Rede de cerco;Pequenos pelágicos;Chicharro;Selar crumenophthalmus;1000
Santiago;Calhau;7/31/2018;8/2/2018;8;2;2018;Cais de pesca da Praia;Cais de pesca da Praia;Tchadona;Rede de cerco;Demersais;Dobradão;Apsilus fuscus;6000
Santiago;Calhau;7/31/2018;8/2/2018;8;2;2018;Cais de pesca da Praia;Cais de pesca da Praia;Tchadona;Rede de cerco;Demersais;Goraz;Lutjanus fulgens;3600
Santiago;Calhau;7/31/2018;8/2/2018;8;2;2018;Cais de pesca da Praia;Cais de pesca da Praia;Tchadona;Rede de cerco;Pequenos pelágicos;Bonito;Caranx crysos;300
Santiago;Calhau;7/31/2018;8/2/2018;8;2;2018;Cais de pesca da Praia;Cais de pesca da Praia;Tchadona;Rede de cerco;Pequenos pelágicos;Cavala preta;Decapterus macarellus;50
Santiago;Calhau;7/31/2018;8/2/2018;8;2;2018;Cais de pesca da Praia;Cais de pesca da Praia;Tchadona;Rede de cerco;Tunídeos;Cachorrinha ou Judeu;Auxis sp;100
Santiago;Calhau;7/31/2018;8/2/2018;8;2;2018;Cais de pesca da Praia;Cais de pesca da Praia;Tchadona;Rede de cerco;Demersais;Esmoregal ou Serze;Seriola sp;350
Santiago;ML;7/31/2018;8/2/2018;8;2;2018;Cais de pesca da Praia;Cais de pesca da Praia;Maio;Rede de cerco;Tunídeos;Cachorrinha ou Judeu;Auxis sp;300
Santiago;ML;7/31/2018;8/2/2018;8;2;2018;Cais de pesca da Praia;Cais de pesca da Praia;Maio;Rede de cerco;Demersais;Goraz;Lutjanus fulgens;2500
Santiago;ML;7/31/2018;8/2/2018;8;2;2018;Cais de pesca da Praia;Cais de pesca da Praia;Maio;Rede de cerco;Demersais;Dobradão;Apsilus fuscus;3500
Santiago;ML;7/31/2018;8/2/2018;8;2;2018;Cais de pesca da Praia;Cais de pesca da Praia;Maio;Rede de cerco;Demersais;Barbeiro;Acanthurus monroviae;600
Santiago;ML;7/31/2018;8/2/2018;8;2;2018;Cais de pesca da Praia;Cais de pesca da Praia;Maio;Rede de cerco;Demersais;Esmoregal ou Serze;Seriola sp;400
Santiago;ML;7/31/2018;8/2/2018;8;2;2018;Cais de pesca da Praia;Cais de pesca da Praia;Maio;Rede de cerco;Pequenos pelágicos;Pampo ou Corcovado;Selene dorsalis;1000
Santiago;Calhau;8/4/2018;8/6/2018;8;6;2018;Cais de pesca da Praia;Cais de pesca da Praia;Calheta Maio;Rede de cerco;Demersais;Dobradão;Apsilus fuscus;4000
Santiago;Calhau;8/4/2018;8/6/2018;8;6;2018;Cais de pesca da Praia;Cais de pesca da Praia;Calheta Maio;Rede de cerco;Demersais;Enforcado ou Xereu;Caranx sp;100
Santiago;Calhau;8/4/2018;8/6/2018;8;6;2018;Cais de pesca da Praia;Cais de pesca da Praia;Calheta Maio;Rede de cerco;Demersais;Barbeiro;Acanthurus monroviae;100
Santiago;ML;8/4/2018;8/6/2018;8;6;2018;Cais de pesca da Praia;Cais de pesca da Praia;Maio;Rede de cerco;Pequenos pelágicos;Bonito;Caranx crysos;1500
Santiago;ML;8/4/2018;8/6/2018;8;6;2018;Cais de pesca da Praia;Cais de pesca da Praia;Maio;Rede de cerco;Demersais;Goraz;Lutjanus fulgens;100
Santiago;ML;8/4/2018;8/6/2018;8;6;2018;Cais de pesca da Praia;Cais de pesca da Praia;Maio;Rede de cerco;Demersais;Sargo;SPARIDAE;1000
Santiago;ML;8/4/2018;8/6/2018;8;6;2018;Cais de pesca da Praia;Cais de pesca da Praia;Maio;Rede de cerco;Pequenos pelágicos;Chicharro;Selar crumenophthalmus;400
Santiago;ML;8/4/2018;8/6/2018;8;6;2018;Cais de pesca da Praia;Cais de pesca da Praia;Maio;Rede de cerco;Demersais;Salmão;Elagatis bipinnulata;2500
Santiago;Noquinha;7/31/2018;8/5/2018;8;5;2018;Cais de pesca da Praia;Cais de pesca da Praia;Boa Vista;Linha;Tunídeos;Albacora;Thunnus albacares;892
Santiago;Deus me acompanha;7/31/2018;8/6/2018;8;6;2018;Cais de pesca da Praia;Cais de pesca da Praia;Baixa;Linha;Tunídeos;Albacora;Thunnus albacares;770
Santiago;Deus me acompanha;7/31/2018;8/6/2018;8;6;2018;Cais de pesca da Praia;Cais de pesca da Praia;Baixa;Linha;Pequenos pelágicos;Agulha;BELONIDAE;250
Santiago;Deus me acompanha;7/31/2018;8/6/2018;8;6;2018;Cais de pesca da Praia;Cais de pesca da Praia;Baixa;Linha;Pequenos pelágicos;Chicharro;Selar crumenophthalmus;170
Santiago;Luta de Pescadores;8/5/2018;8/6/2018;8;6;2018;Cais de pesca da Praia;Cais de pesca da Praia;Santa Maria;Rede de cerco;Pequenos pelágicos;Chicharro;Selar crumenophthalmus;5000
Santiago;Luta de Pescadores;8/5/2018;8/6/2018;8;6;2018;Cais de pesca da Praia;Cais de pesca da Praia;Santa Maria;Rede de cerco;Tunídeos;Cachorrinha ou Judeu;Auxis sp;13500
Santiago;Jerusalém;8/1/2018;8/4/2018;8;4;2018;Cais de pesca da Praia;Cais de pesca da Praia;Baixa;Linha;Tunídeos;Albacora;Thunnus albacares;1491
Santiago;Jerusalém;8/1/2018;8/4/2018;8;4;2018;Cais de pesca da Praia;Cais de pesca da Praia;Baixa;Linha;Pequenos pelágicos;Cavala branca;Decapterus punctatus;180
Santiago;Israel;8/1/2018;8/4/2018;8;4;2018;Cais de pesca da Praia;Cais de pesca da Praia;Baixa;Linha;Tunídeos;Albacora;Thunnus albacares;763
Santiago;Judeia;7/27/2018;8/3/2018;8;3;2018;Cais de pesca da Praia;Cais de pesca da Praia;Ponta do Sol/ João Valente;Linha;Tunídeos;Albacora;Thunnus albacares;1178
Santiago;Mauro;8/1/2018;8/5/2018;8;5;2018;Cais de pesca da Praia;Cais de pesca da Praia;Baixa;Linha;Tunídeos;Albacora;Thunnus albacares;1434
Santiago;Mauro;8/1/2018;8/5/2018;8;5;2018;Cais de pesca da Praia;Cais de pesca da Praia;Baixa;Linha;Pequenos pelágicos;Cavala branca;Decapterus punctatus;170
Santiago;Pedra Badejo;8/3/2018;8/6/2018;8;6;2018;Cais de pesca da Praia;Cais de pesca da Praia;João Valente;Linha;Tunídeos;Albacora;Thunnus albacares;1288
Santiago;Pedra Badejo;8/3/2018;8/6/2018;8;6;2018;Cais de pesca da Praia;Cais de pesca da Praia;João Valente;Linha;Pequenos pelágicos;Chicharro;Selar crumenophthalmus;150
Santiago;Claudia;7/30/2018;8/8/2018;8;8;2018;Cais de pesca da Praia;Cais de pesca da Praia;Baixa;Linha;Tunídeos;Albacora;Thunnus albacares;1302
Santiago;Claudia;7/30/2018;8/8/2018;8;8;2018;Cais de pesca da Praia;Cais de pesca da Praia;Baixa;Linha;Pequenos pelágicos;Chicharro;Selar crumenophthalmus;120
Santiago;ML;8/7/2018;8/8/2018;8;8;2018;Cais de pesca da Praia;Cais de pesca da Praia;Maio;Rede de cerco;Demersais;Salmão;Elagatis bipinnulata;2000
Santiago;ML;8/7/2018;8/8/2018;8;8;2018;Cais de pesca da Praia;Cais de pesca da Praia;Maio;Rede de cerco;Pequenos pelágicos;Bonito;Caranx crysos;3000
Santiago;ML;8/7/2018;8/8/2018;8;8;2018;Cais de pesca da Praia;Cais de pesca da Praia;Maio;Rede de cerco;Demersais;Enforcado ou Xereu;Caranx sp;500
Santiago;Zé Carlos;8/5/2018;8/8/2018;8;8;2018;Cais de pesca da Praia;Cais de pesca da Praia;Baixa;Linha;Diversos;Peixe prata;;10
Santiago;Zé Carlos;8/5/2018;8/8/2018;8;8;2018;Cais de pesca da Praia;Cais de pesca da Praia;Baixa;Linha;Tunídeos;Lobo ou Dourado;Coryphaena hippurus;31
Santiago;Zé Carlos;8/5/2018;8/8/2018;8;8;2018;Cais de pesca da Praia;Cais de pesca da Praia;Baixa;Linha;Tunídeos;Albacora;Thunnus albacares;60
Santiago;Zé Carlos;8/5/2018;8/8/2018;8;8;2018;Cais de pesca da Praia;Cais de pesca da Praia;Baixa;Linha;Pequenos pelágicos;Agulha;BELONIDAE;28
Santiago;Rincon;8/5/2018;8/8/2018;8;8;2018;Cais de pesca da Praia;Cais de pesca da Praia;Maio;Rede de cerco;Demersais;Barbeiro;Acanthurus monroviae;400
Santiago;Rincon;8/5/2018;8/8/2018;8;8;2018;Cais de pesca da Praia;Cais de pesca da Praia;Maio;Rede de cerco;Demersais;Dobradão;Apsilus fuscus;500
Santiago;Rincon;8/5/2018;8/8/2018;8;8;2018;Cais de pesca da Praia;Cais de pesca da Praia;Maio;Rede de cerco;Demersais;Goraz;Lutjanus fulgens;300
Santiago;Rincon;8/5/2018;8/8/2018;8;8;2018;Cais de pesca da Praia;Cais de pesca da Praia;Maio;Rede de cerco;Demersais;Esmoregal ou Serze;Seriola sp;100
Santiago;Rincon;8/5/2018;8/8/2018;8;8;2018;Cais de pesca da Praia;Cais de pesca da Praia;Maio;Rede de cerco;Demersais;Enforcado ou Xereu;Caranx sp;100
Santiago;Rincon;8/5/2018;8/8/2018;8;8;2018;Cais de pesca da Praia;Cais de pesca da Praia;Maio;Rede de cerco;Pequenos pelágicos;Bicuda;sphryraena guachancho;50
Santiago;Cidadela;8/6/2018;8/9/2018;8;9;2018;Cais de pesca da Praia;Cais de pesca da Praia;Maio;Rede de cerco;Pequenos pelágicos;Chicharro;Selar crumenophthalmus;12000
Santiago;Deus me deu;8/3/2018;8/9/2018;8;9;2018;Cais de pesca da Praia;Cais de pesca da Praia;João Valente;Linha;Tunídeos;Albacora;Thunnus albacares;1164
Santiago;Deus me deu;8/3/2018;8/9/2018;8;9;2018;Cais de pesca da Praia;Cais de pesca da Praia;João Valente;Linha;Pequenos pelágicos;Chicharro;Selar crumenophthalmus;160
Santiago;Mimosa;8/7/2018;8/8/2018;8;8;2018;Cais de pesca da Praia;Cais de pesca da Praia;Boa Vista;Linha;Tunídeos;Albacora;Thunnus albacares;3000
Santiago;Mimosa;8/7/2018;8/8/2018;8;8;2018;Cais de pesca da Praia;Cais de pesca da Praia;Boa Vista;Linha;Tunídeos;Cachorrinha ou Judeu;Auxis sp;60
Santiago;Mimosa;8/7/2018;8/8/2018;8;8;2018;Cais de pesca da Praia;Cais de pesca da Praia;Boa Vista;Linha;Pequenos pelágicos;Chicharro;Selar crumenophthalmus;260
Santiago;Mauro;8/8/2018;8/12/2018;8;12;2018;Cais de pesca da Praia;Cais de pesca da Praia;Baixa;Linha;Tunídeos;Albacora;Thunnus albacares;1536
Santiago;Mauro;8/8/2018;8/12/2018;8;12;2018;Cais de pesca da Praia;Cais de pesca da Praia;Baixa;Linha;Pequenos pelágicos;Chicharro;Selar crumenophthalmus;120
Santiago;Jerusalém;8/8/2018;8/13/2018;8;13;2018;Cais de pesca da Praia;Cais de pesca da Praia;Boa Vista;Linha;Tunídeos;Albacora;Thunnus albacares;1601
Santiago;Jerusalém;8/8/2018;8/13/2018;8;13;2018;Cais de pesca da Praia;Cais de pesca da Praia;Boa Vista;Linha;Pequenos pelágicos;Chicharro;Selar crumenophthalmus;170
Santiago;Praia Gonsal;8/11/2018;8/11/2018;8;11;2018;Cais de pesca da Praia;Cais de pesca da Praia;São Tomé;Rede de cerco;Pequenos pelágicos;Chicharro;Selar crumenophthalmus;5000
Santiago;Israel;8/10/2018;8/13/2018;8;13;2018;Cais de pesca da Praia;Cais de pesca da Praia;Boa Vista;Linha;Tunídeos;Albacora;Thunnus albacares;1103
Santiago;Judeia;8/8/2018;8/13/2018;8;13;2018;Cais de pesca da Praia;Cais de pesca da Praia;João Valente;Linha;Tunídeos;Albacora;Thunnus albacares;1177
Santiago;Calhau;8/12/2018;8/13/2018;8;13;2018;Cais de pesca da Praia;Cais de pesca da Praia;Maio;Rede de cerco;Pequenos pelágicos;Bonito;Caranx crysos;1500
Santiago;Calhau;8/12/2018;8/13/2018;8;13;2018;Cais de pesca da Praia;Cais de pesca da Praia;Maio;Rede de cerco;Pequenos pelágicos;Cavala preta;Decapterus macarellus;20
Santiago;Calhau;8/12/2018;8/13/2018;8;13;2018;Cais de pesca da Praia;Cais de pesca da Praia;Maio;Rede de cerco;Pequenos pelágicos;Chicharro;Selar crumenophthalmus;160
Santiago;Calhau;8/12/2018;8/13/2018;8;13;2018;Cais de pesca da Praia;Cais de pesca da Praia;Maio;Rede de cerco;Demersais;Salmão;Elagatis bipinnulata;50
Santiago;Calhau;8/12/2018;8/13/2018;8;13;2018;Cais de pesca da Praia;Cais de pesca da Praia;Maio;Rede de cerco;Tunídeos;Cachorrinha ou Judeu;Auxis sp;100
Santiago;Cidadela;8/14/2018;8/15/2018;8;15;2018;Cais de pesca da Praia;Cais de pesca da Praia;Maio;Rede de cerco;Pequenos pelágicos;Cavala branca;Decapterus punctatus;1560
Santiago;Cidadela;8/14/2018;8/15/2018;8;15;2018;Cais de pesca da Praia;Cais de pesca da Praia;Maio;Rede de cerco;Demersais;Abroto;Pomadasys rogeri;2500
Santiago;Cidadela;8/14/2018;8/15/2018;8;15;2018;Cais de pesca da Praia;Cais de pesca da Praia;Maio;Rede de cerco;Pequenos pelágicos;Bonito;Caranx crysos;50
Santiago;Cidadela;8/14/2018;8/15/2018;8;15;2018;Cais de pesca da Praia;Cais de pesca da Praia;Maio;Rede de cerco;Pequenos pelágicos;Chicharro;Selar crumenophthalmus;200
Santiago;Cidadela;8/14/2018;8/15/2018;8;15;2018;Cais de pesca da Praia;Cais de pesca da Praia;Maio;Rede de cerco;Pequenos pelágicos;Pelombeta;Trachinotus ovatus;1500
Santiago;Cidadela;8/14/2018;8/15/2018;8;15;2018;Cais de pesca da Praia;Cais de pesca da Praia;Maio;Rede de cerco;Pequenos pelágicos;Arenque;Sardinella maderensis;100
Santiago;ML;8/13/2018;8/15/2018;8;15;2018;Cais de pesca da Praia;Cais de pesca da Praia;Maio;Rede de cerco;Pequenos pelágicos;Bonito;Caranx crysos;3000
Santiago;ML;8/13/2018;8/15/2018;8;15;2018;Cais de pesca da Praia;Cais de pesca da Praia;Maio;Rede de cerco;Demersais;Enforcado ou Xereu;Caranx sp;400
Santiago;ML;8/13/2018;8/15/2018;8;15;2018;Cais de pesca da Praia;Cais de pesca da Praia;Maio;Rede de cerco;Demersais;Salmão;Elagatis bipinnulata;800
Santiago;ML;8/13/2018;8/15/2018;8;15;2018;Cais de pesca da Praia;Cais de pesca da Praia;Maio;Rede de cerco;Pequenos pelágicos;Chicharro;Selar crumenophthalmus;500
Santiago;Mayra;8/10/2018;8/14/2018;8;14;2018;Cais de pesca da Praia;Cais de pesca da Praia;Maio/ Boa Vista;Rede de cerco;Pequenos pelágicos;Chicharro;Selar crumenophthalmus;2500
Santiago;Mayra;8/10/2018;8/14/2018;8;14;2018;Cais de pesca da Praia;Cais de pesca da Praia;Maio/ Boa Vista;Rede de cerco;Pequenos pelágicos;Bonito;Caranx crysos;1500
Santiago;Mayra;8/16/2018;8/16/2018;8;16;2018;Cais de pesca da Praia;Cais de pesca da Praia;São Francisco;Rede de cerco;Pequenos pelágicos;Chicharro;Selar crumenophthalmus;5000
Santiago;Paulo Nuno;8/14/2018;8/20/2018;8;20;2018;Cais de pesca da Praia;Cais de pesca da Praia;Boa Vista;Linha;Tunídeos;Albacora;Thunnus albacares;409
Santiago;Paulo Nuno;8/14/2018;8/20/2018;8;20;2018;Cais de pesca da Praia;Cais de pesca da Praia;Boa Vista;Linha;Pequenos pelágicos;Chicharro;Selar crumenophthalmus;100
Santiago;Pedra Badejo;8/11/2018;8/19/2018;8;19;2018;Cais de pesca da Praia;Cais de pesca da Praia;João Valente;Linha;Tunídeos;Albacora;Thunnus albacares;928
Santiago;Rincon;8/17/2018;8/19/2018;8;19;2018;Cais de pesca da Praia;Cais de pesca da Praia;Maio;Rede de cerco;Demersais;Dobradão;Apsilus fuscus;1300
Santiago;Rincon;8/17/2018;8/19/2018;8;19;2018;Cais de pesca da Praia;Cais de pesca da Praia;Maio;Rede de cerco;Demersais;Goraz;Lutjanus fulgens;100
Santiago;Rincon;8/17/2018;8/19/2018;8;19;2018;Cais de pesca da Praia;Cais de pesca da Praia;Maio;Rede de cerco;Pequenos pelágicos;Bonito;Caranx crysos;200
Santiago;Praia Gonsal;8/17/2018;8/20/2018;8;20;2018;Cais de pesca da Praia;Cais de pesca da Praia;Maio;Rede de cerco;Pequenos pelágicos;Bonito;Caranx crysos;1500
Santiago;Praia Gonsal;8/17/2018;8/20/2018;8;20;2018;Cais de pesca da Praia;Cais de pesca da Praia;Maio;Rede de cerco;Pequenos pelágicos;Chicharro;Selar crumenophthalmus;500
Santiago;ML;8/18/2018;8/20/2018;8;20;2018;Cais de pesca da Praia;Cais de pesca da Praia;Maio;Rede de cerco;Pequenos pelágicos;Bonito;Caranx crysos;1500
Santiago;ML;8/18/2018;8/20/2018;8;20;2018;Cais de pesca da Praia;Cais de pesca da Praia;Maio;Rede de cerco;Pequenos pelágicos;Chicharro;Selar crumenophthalmus;1000
Santiago;ML;8/18/2018;8/20/2018;8;20;2018;Cais de pesca da Praia;Cais de pesca da Praia;Maio;Rede de cerco;Pequenos pelágicos;Cavala branca;Decapterus punctatus;1000
Santiago;Cidadela;8/20/2018;8/20/2018;8;20;2018;Cais de pesca da Praia;Cais de pesca da Praia;Maio;Rede de cerco;Pequenos pelágicos;Chicharro;Selar crumenophthalmus;2000
Santiago;Calhau;8/19/2018;8/21/2018;8;21;2018;Cais de pesca da Praia;Cais de pesca da Praia;Maio;Rede de cerco;Demersais;Dobradão;Apsilus fuscus;2500
Santiago;Calhau;8/19/2018;8/21/2018;8;21;2018;Cais de pesca da Praia;Cais de pesca da Praia;Maio;Rede de cerco;Demersais;Esmoregal ou Serze;Seriola sp;100
Santiago;Calhau;8/19/2018;8/21/2018;8;21;2018;Cais de pesca da Praia;Cais de pesca da Praia;Maio;Rede de cerco;Demersais;Goraz;Lutjanus fulgens;20
Santiago;Calhau;8/19/2018;8/21/2018;8;21;2018;Cais de pesca da Praia;Cais de pesca da Praia;Maio;Rede de cerco;Demersais;Salmão;Elagatis bipinnulata;50
Santiago;Mauro;8/19/2018;8/21/2018;8;21;2018;Cais de pesca da Praia;Cais de pesca da Praia;João Valente;Linha;Tunídeos;Albacora;Thunnus albacares;869
Santiago;Mauro;8/19/2018;8/21/2018;8;21;2018;Cais de pesca da Praia;Cais de pesca da Praia;João Valente;Linha;Demersais;Salmão;Elagatis bipinnulata;150
Santiago;Mauro;8/19/2018;8/21/2018;8;21;2018;Cais de pesca da Praia;Cais de pesca da Praia;João Valente;Linha;Tunídeos;Merma/ Panguil/ Txafarote;Euthynnus alleteratus;150
Santiago;Mauro;8/19/2018;8/21/2018;8;21;2018;Cais de pesca da Praia;Cais de pesca da Praia;João Valente;Linha;Pequenos pelágicos;Cavala branca;Decapterus punctatus;150
Santiago;Judeia;8/17/2018;8/23/2018;8;23;2018;Cais de pesca da Praia;Cais de pesca da Praia;João Valente;Linha;Tunídeos;Albacora;Thunnus albacares;1067
Santiago;Mayra;8/17/2018;8/24/2018;8;24;2018;Cais de pesca da Praia;Cais de pesca da Praia;Boa Vista/ Sal;Rede de cerco;Tunídeos;Cachorrinha ou Judeu;Auxis sp;8000
Santiago;Mayra;8/17/2018;8/24/2018;8;24;2018;Cais de pesca da Praia;Cais de pesca da Praia;Boa Vista/ Sal;Rede de cerco;Demersais;Besugo;Pomadasys incisus;600
Santiago;Mayra;8/17/2018;8/24/2018;8;24;2018;Cais de pesca da Praia;Cais de pesca da Praia;Boa Vista/ Sal;Rede de cerco;Demersais;Barbo;Galeoides decadactylus;600
Santiago;Mayra;8/17/2018;8/24/2018;8;24;2018;Cais de pesca da Praia;Cais de pesca da Praia;Boa Vista/ Sal;Rede de cerco;Pequenos pelágicos;Chicharro;Selar crumenophthalmus;800
Santiago;Pedra Badejo;8/21/2018;8/26/2018;8;26;2018;Cais de pesca da Praia;Cais de pesca da Praia;João Valente;Linha;Tunídeos;Albacora;Thunnus albacares;606
Santiago;Dona Santana;8/15/2018;8/25/2018;8;25;2018;Cais de pesca da Praia;Cais de pesca da Praia;Maio;Linha;Tunídeos;Lobo ou Dourado;Coryphaena hippurus;91
Santiago;Dona Santana;8/15/2018;8/25/2018;8;25;2018;Cais de pesca da Praia;Cais de pesca da Praia;Maio;Linha;Demersais;Moreia;MURAENIDAE;47
Santiago;Dona Santana;8/15/2018;8/25/2018;8;25;2018;Cais de pesca da Praia;Cais de pesca da Praia;Maio;Linha;Demersais;Garoupa;Cepahalopholis taeniops;20
Santiago;Dona Santana;8/15/2018;8/25/2018;8;25;2018;Cais de pesca da Praia;Cais de pesca da Praia;Maio;Linha;Demersais;Bica;Lethrinus atlanticus;25
Santiago;Dona Santana;8/15/2018;8/25/2018;8;25;2018;Cais de pesca da Praia;Cais de pesca da Praia;Maio;Linha;Demersais;Bedja;Bodianus speciosus;8
Santiago;Dona Santana;8/15/2018;8/25/2018;8;25;2018;Cais de pesca da Praia;Cais de pesca da Praia;Maio;Linha;Demersais;Esmoregal ou Serze;Seriola sp;4
Santiago;Praia Gonsal;8/28/2018;8/28/2018;8;28;2018;Cais de pesca da Praia;Cais de pesca da Praia;Maio;Rede de cerco;Pequenos pelágicos;Chicharro;Selar crumenophthalmus;8000
Santiago;Mimosa;8/15/2018;8/29/2018;8;29;2018;Cais de pesca da Praia;Cais de pesca da Praia;Boa Vista;Linha;Tunídeos;Albacora;Thunnus albacares;238
Santiago;Mimosa;8/15/2018;8/29/2018;8;29;2018;Cais de pesca da Praia;Cais de pesca da Praia;Boa Vista;Linha;Pequenos pelágicos;Chicharro;Selar crumenophthalmus;280
Santiago;Cabral;8/18/2018;8/24/2018;8;24;2018;Cais de pesca da Praia;Cais de pesca da Praia;Baixa;Linha;Tunídeos;Albacora;Thunnus albacares;102
Santiago;Jerusalém;8/20/2018;8/24/2018;8;24;2018;Cais de pesca da Praia;Cais de pesca da Praia;João Valente;Linha;Tunídeos;Albacora;Thunnus albacares;1100
Santiago;Jerusalém;8/20/2018;8/24/2018;8;24;2018;Cais de pesca da Praia;Cais de pesca da Praia;João Valente;Linha;Pequenos pelágicos;Arenque;Sardinella maderensis;220
Santiago;Mauro;8/26/2018;9/2/2018;9;2;2018;Cais de pesca da Praia;Cais de pesca da Praia;Baixa;Linha;Tunídeos;Albacora;Thunnus albacares;1062
Santiago;Claudia;8/23/2018;9/2/2018;9;2;2018;Cais de pesca da Praia;Cais de pesca da Praia;Boa Vista;Linha;Tunídeos;Albacora;Thunnus albacares;223
Santiago;Claudia;8/23/2018;9/2/2018;9;2;2018;Cais de pesca da Praia;Cais de pesca da Praia;Boa Vista;Linha;Pequenos pelágicos;Agulha;BELONIDAE;600
Santiago;Claudia;8/23/2018;9/2/2018;9;2;2018;Cais de pesca da Praia;Cais de pesca da Praia;Boa Vista;Linha;Pequenos pelágicos;Chicharro;Selar crumenophthalmus;200
Santiago;Pedra Badejo;8/29/2018;9/3/2018;9;3;2018;Cais de pesca da Praia;Cais de pesca da Praia;João Valente;Linha;Tunídeos;Albacora;Thunnus albacares;382
Santiago;Santo António;8/27/2018;9/4/2018;9;4;2018;Cais de pesca da Praia;Cais de pesca da Praia;Boa Vista;Linha;Demersais;Façola;Heteropriachanthus cruentatus;700
Santiago;Santo António;8/27/2018;9/4/2018;9;4;2018;Cais de pesca da Praia;Cais de pesca da Praia;Boa Vista;Linha;Demersais;Bica;Lethrinus atlanticus;20
Santiago;Santo António;8/27/2018;9/4/2018;9;4;2018;Cais de pesca da Praia;Cais de pesca da Praia;Boa Vista;Linha;Demersais;Garoupa;Cepahalopholis taeniops;6
Santiago;Santo António;8/27/2018;9/4/2018;9;4;2018;Cais de pesca da Praia;Cais de pesca da Praia;Boa Vista;Linha;Pequenos pelágicos;Bonito;Caranx crysos;2
Santiago;Santo António;8/27/2018;9/4/2018;9;4;2018;Cais de pesca da Praia;Cais de pesca da Praia;Boa Vista;Linha;Demersais;Bedja;Bodianus speciosus;2
Santiago;Mayra;9/4/2018;9/6/2018;9;6;2018;Cais de pesca da Praia;Cais de pesca da Praia;Boa Vista;Rede de cerco;Pequenos pelágicos;Chicharro;Selar crumenophthalmus;10000
Santiago;Calhau;9/3/2018;9/7/2018;9;7;2018;Cais de pesca da Praia;Cais de pesca da Praia;Maio;Rede de cerco;Pequenos pelágicos;Bonito;Caranx crysos;3000
Santiago;Calhau;9/3/2018;9/7/2018;9;7;2018;Cais de pesca da Praia;Cais de pesca da Praia;Maio;Rede de cerco;Pequenos pelágicos;Chicharro;Selar crumenophthalmus;1000
Santiago;Calhau;9/3/2018;9/7/2018;9;7;2018;Cais de pesca da Praia;Cais de pesca da Praia;Maio;Rede de cerco;Pequenos pelágicos;Cavala preta;Decapterus macarellus;100
Santiago;Calhau;9/3/2018;9/7/2018;9;7;2018;Cais de pesca da Praia;Cais de pesca da Praia;Maio;Rede de cerco;Tunídeos;Cachorrinha ou Judeu;Auxis sp;3000
Santiago;Calhau;9/3/2018;9/7/2018;9;7;2018;Cais de pesca da Praia;Cais de pesca da Praia;Maio;Rede de cerco;Demersais;Enforcado ou Xereu;Caranx sp;100
Santiago;Calhau;9/3/2018;9/7/2018;9;7;2018;Cais de pesca da Praia;Cais de pesca da Praia;Maio;Rede de cerco;Pequenos pelágicos;Cavala branca;Decapterus punctatus;100
Santiago;Judeia;9/2/2018;9/8/2018;9;8;2018;Cais de pesca da Praia;Cais de pesca da Praia;Boa Vista;Linha;Tunídeos;Albacora;Thunnus albacares;1115
Santiago;Judeia;9/2/2018;9/8/2018;9;8;2018;Cais de pesca da Praia;Cais de pesca da Praia;Boa Vista;Linha;Pequenos pelágicos;Chicharro;Selar crumenophthalmus;120
Santiago;Luta de Pescadores;9/5/2018;9/10/2018;9;10;2018;Cais de pesca da Praia;Cais de pesca da Praia;Nova Holanda;Rede de cerco;Tunídeos;Cachorrinha ou Judeu;Auxis sp;5000
Santiago;Luta de Pescadores;9/5/2018;9/10/2018;9;10;2018;Cais de pesca da Praia;Cais de pesca da Praia;Nova Holanda;Rede de cerco;Diversos;Cavala madeira;;800
Santiago;Luta de Pescadores;9/5/2018;9/10/2018;9;10;2018;Cais de pesca da Praia;Cais de pesca da Praia;Nova Holanda;Rede de cerco;Tunídeos;Merma/ Panguil/ Txafarote;Euthynnus alleteratus;2500
Santiago;Luta de Pescadores;9/5/2018;9/10/2018;9;10;2018;Cais de pesca da Praia;Cais de pesca da Praia;Nova Holanda;Rede de cerco;Tunídeos;Gaiado;Katsuwonus pelamis;500
Santiago;Luta de Pescadores;9/5/2018;9/10/2018;9;10;2018;Cais de pesca da Praia;Cais de pesca da Praia;Nova Holanda;Rede de cerco;Demersais;Esmoregal ou Serze;Seriola sp;52
Santiago;Luta de Pescadores;9/5/2018;9/10/2018;9;10;2018;Cais de pesca da Praia;Cais de pesca da Praia;Nova Holanda;Rede de cerco;Demersais;Fatcho de fundo;Mulloidichthys martinicus;800
Santiago;Paulo Nuno;9/5/2018;9/10/2018;9;10;2018;Cais de pesca da Praia;Cais de pesca da Praia;Boa Vista;Linha;Tunídeos;Albacora;Thunnus albacares;630
Santiago;Paulo Nuno;9/5/2018;9/10/2018;9;10;2018;Cais de pesca da Praia;Cais de pesca da Praia;Boa Vista;Linha;Pequenos pelágicos;Chicharro;Selar crumenophthalmus;150
Santiago;Jerusalém;9/7/2018;9/12/2018;9;12;2018;Cais de pesca da Praia;Cais de pesca da Praia;Boa Vista;Linha;Tunídeos;Albacora;Thunnus albacares;1204
Santiago;Jerusalém;9/7/2018;9/12/2018;9;12;2018;Cais de pesca da Praia;Cais de pesca da Praia;Boa Vista;Linha;Pequenos pelágicos;Chicharro;Selar crumenophthalmus;170
Santiago;Israel;9/6/2018;9/11/2018;9;11;2018;Cais de pesca da Praia;Cais de pesca da Praia;Boa Vista;Linha;Tunídeos;Albacora;Thunnus albacares;881
Santiago;Israel;9/6/2018;9/11/2018;9;11;2018;Cais de pesca da Praia;Cais de pesca da Praia;Boa Vista;Linha;Pequenos pelágicos;Chicharro;Selar crumenophthalmus;130
Santiago;ML;9/11/2018;9/12/2018;9;12;2018;Cais de pesca da Praia;Cais de pesca da Praia;Maio;Rede de cerco;Pequenos pelágicos;Bonito;Caranx crysos;3000
Santiago;ML;9/11/2018;9/12/2018;9;12;2018;Cais de pesca da Praia;Cais de pesca da Praia;Maio;Rede de cerco;Demersais;Salmão;Elagatis bipinnulata;5000
Santiago;ML;9/11/2018;9/12/2018;9;12;2018;Cais de pesca da Praia;Cais de pesca da Praia;Maio;Rede de cerco;Pequenos pelágicos;Chicharro;Selar crumenophthalmus;1000
Santiago;ML;9/11/2018;9/12/2018;9;12;2018;Cais de pesca da Praia;Cais de pesca da Praia;Maio;Rede de cerco;Pequenos pelágicos;Cavala preta;Decapterus macarellus;30
Santiago;Calhau;9/10/2018;9/14/2018;9;14;2018;Cais de pesca da Praia;Cais de pesca da Praia;Maio;Rede de cerco;Pequenos pelágicos;Chicharro;Selar crumenophthalmus;1000
Santiago;Calhau;9/10/2018;9/14/2018;9;14;2018;Cais de pesca da Praia;Cais de pesca da Praia;Maio;Rede de cerco;Pequenos pelágicos;Cavala branca;Decapterus punctatus;2500
Santiago;Calhau;9/10/2018;9/14/2018;9;14;2018;Cais de pesca da Praia;Cais de pesca da Praia;Maio;Rede de cerco;Pequenos pelágicos;Bonito;Caranx crysos;2500
Santiago;Calhau;9/10/2018;9/14/2018;9;14;2018;Cais de pesca da Praia;Cais de pesca da Praia;Maio;Rede de cerco;Pequenos pelágicos;Arenque;Sardinella maderensis;100
Santiago;Calhau;9/10/2018;9/14/2018;9;14;2018;Cais de pesca da Praia;Cais de pesca da Praia;Maio;Rede de cerco;Pequenos pelágicos;Cavala preta;Decapterus macarellus;100
Santiago;Deus me acompanha;9/7/2018;9/13/2018;9;13;2018;Cais de pesca da Praia;Cais de pesca da Praia;João Valente;Linha;Tunídeos;Albacora;Thunnus albacares;1186
Santiago;Deus me acompanha;9/7/2018;9/13/2018;9;13;2018;Cais de pesca da Praia;Cais de pesca da Praia;João Valente;Linha;Pequenos pelágicos;Chicharro;Selar crumenophthalmus;180
Santiago;Mayra;9/12/2018;9/14/2018;9;14;2018;Cais de pesca da Praia;Cais de pesca da Praia;Boa Vista;Rede de cerco;Pequenos pelágicos;Chicharro;Selar crumenophthalmus;1500
Santiago;Mayra;9/12/2018;9/14/2018;9;14;2018;Cais de pesca da Praia;Cais de pesca da Praia;Boa Vista;Rede de cerco;Pequenos pelágicos;Bonito;Caranx crysos;1500
Santiago;Mayra;9/12/2018;9/14/2018;9;14;2018;Cais de pesca da Praia;Cais de pesca da Praia;Boa Vista;Rede de cerco;Demersais;Façola;Heteropriachanthus cruentatus;20
Santiago;Mayra;9/12/2018;9/14/2018;9;14;2018;Cais de pesca da Praia;Cais de pesca da Praia;Boa Vista;Rede de cerco;Demersais;Barbo;Galeoides decadactylus;200
Santiago;Jerusalém;9/14/2018;9/17/2018;9;17;2018;Cais de pesca da Praia;Cais de pesca da Praia;Boa Vista;Linha;Tunídeos;Albacora;Thunnus albacares;1067
Santiago;Jerusalém;9/14/2018;9/17/2018;9;17;2018;Cais de pesca da Praia;Cais de pesca da Praia;Boa Vista;Linha;Pequenos pelágicos;Chicharro;Selar crumenophthalmus;180
Santiago;Marlinda;9/13/2018;9/16/2018;9;16;2018;Cais de pesca da Praia;Cais de pesca da Praia;Ilheu da Brava;Rede de cerco;Pequenos pelágicos;Cavala preta;Decapterus macarellus;10000
Santiago;Marlinda;9/13/2018;9/16/2018;9;16;2018;Cais de pesca da Praia;Cais de pesca da Praia;Ilheu da Brava;Rede de cerco;Tunídeos;Cachorrinha ou Judeu;Auxis sp;300
Santiago;Rincon;9/11/2018;9/16/2018;9;16;2018;Cais de pesca da Praia;Cais de pesca da Praia;Maio;Rede de cerco;Demersais;Salmão;Elagatis bipinnulata;1500
Santiago;Rincon;9/11/2018;9/16/2018;9;16;2018;Cais de pesca da Praia;Cais de pesca da Praia;Maio;Rede de cerco;Pequenos pelágicos;Bonito;Caranx crysos;300
Santiago;Rincon;9/11/2018;9/16/2018;9;16;2018;Cais de pesca da Praia;Cais de pesca da Praia;Maio;Rede de cerco;Pequenos pelágicos;Chicharro;Selar crumenophthalmus;200
Santiago;Rincon;9/11/2018;9/16/2018;9;16;2018;Cais de pesca da Praia;Cais de pesca da Praia;Maio;Rede de cerco;Pequenos pelágicos;Cavala preta;Decapterus macarellus;200
Santiago;Mauro;9/11/2018;9/15/2018;9;15;2018;Cais de pesca da Praia;Cais de pesca da Praia;Baixa;Rede de cerco;Tunídeos;Albacora;Thunnus albacares;1100
Santiago;Mauro;9/11/2018;9/15/2018;9;15;2018;Cais de pesca da Praia;Cais de pesca da Praia;Baixa;Rede de cerco;Pequenos pelágicos;Chicharro;Selar crumenophthalmus;160
Santiago;Vera;9/12/2018;9/15/2018;9;15;2018;Cais de pesca da Praia;Cais de pesca da Praia;Sul da Boa Vista;Linha;Tunídeos;Albacora;Thunnus albacares;1001
Santiago;Vera;9/12/2018;9/15/2018;9;15;2018;Cais de pesca da Praia;Cais de pesca da Praia;Sul da Boa Vista;Linha;Pequenos pelágicos;Chicharro;Selar crumenophthalmus;160
Santiago;Calhau;9/15/2018;9/16/2018;9;16;2018;Cais de pesca da Praia;Cais de pesca da Praia;Maio;Rede de cerco;Pequenos pelágicos;Cavala preta;Decapterus macarellus;5000
Santiago;Calhau;9/15/2018;9/16/2018;9;16;2018;Cais de pesca da Praia;Cais de pesca da Praia;Maio;Rede de cerco;Tunídeos;Albacora;Thunnus albacares;350
Santiago;Calhau;9/15/2018;9/16/2018;9;16;2018;Cais de pesca da Praia;Cais de pesca da Praia;Maio;Rede de cerco;Tunídeos;Cachorrinha ou Judeu;Auxis sp;2000
Santiago;Praia Gonsal;9/12/2018;9/16/2018;9;16;2018;Cais de pesca da Praia;Cais de pesca da Praia;Maio;Rede de cerco;Pequenos pelágicos;Chicharro;Selar crumenophthalmus;2500
Santiago;Mayra;9/14/2018;9/18/2018;9;18;2018;Cais de pesca da Praia;Cais de pesca da Praia;Tchadona/ Maio/ Fogo/ Brava;Rede de cerco;Pequenos pelágicos;Cavala preta;Decapterus macarellus;3000
Santiago;Mayra;9/14/2018;9/18/2018;9;18;2018;Cais de pesca da Praia;Cais de pesca da Praia;Tchadona/ Maio/ Fogo/ Brava;Rede de cerco;Pequenos pelágicos;Chicharro;Selar crumenophthalmus;15000
Santiago;Mayra;9/14/2018;9/18/2018;9;18;2018;Cais de pesca da Praia;Cais de pesca da Praia;Tchadona/ Maio/ Fogo/ Brava;Rede de cerco;Demersais;Esmoregal ou Serze;Seriola sp;9
Santiago;Mimosa;9/11/2018;9/18/2018;9;18;2018;Cais de pesca da Praia;Cais de pesca da Praia;Boa Vista;Linha;Tunídeos;Albacora;Thunnus albacares;500
Santiago;Mimosa;9/11/2018;9/18/2018;9;18;2018;Cais de pesca da Praia;Cais de pesca da Praia;Boa Vista;Linha;Pequenos pelágicos;Chicharro;Selar crumenophthalmus;210
Santiago;Deus me deu;9/14/2018;9/18/2018;9;18;2018;Cais de pesca da Praia;Cais de pesca da Praia;Boa Vista;Linha;Tunídeos;Albacora;Thunnus albacares;500
Santiago;Deus me deu;9/14/2018;9/18/2018;9;18;2018;Cais de pesca da Praia;Cais de pesca da Praia;Boa Vista;Linha;Pequenos pelágicos;Chicharro;Selar crumenophthalmus;150
Santiago;Israel;9/15/2018;9/17/2018;9;17;2018;Cais de pesca da Praia;Cais de pesca da Praia;Boa Vista;Linha;Tunídeos;Albacora;Thunnus albacares;900
Santiago;Israel;9/15/2018;9/17/2018;9;17;2018;Cais de pesca da Praia;Cais de pesca da Praia;Boa Vista;Linha;Pequenos pelágicos;Chicharro;Selar crumenophthalmus;120
Santiago;Claudia;9/10/2018;9/17/2018;9;17;2018;Cais de pesca da Praia;Cais de pesca da Praia;Baixa;Linha;Tunídeos;Albacora;Thunnus albacares;746
Santiago;Claudia;9/10/2018;9/17/2018;9;17;2018;Cais de pesca da Praia;Cais de pesca da Praia;Baixa;Linha;Pequenos pelágicos;Chicharro;Selar crumenophthalmus;140
Santiago;Luta de Pescadores;9/13/2018;9/18/2018;9;18;2018;Cais de pesca da Praia;Cais de pesca da Praia;Nova Holanda;Rede de cerco;Tunídeos;Gaiado;Katsuwonus pelamis;928
Santiago;Luta de Pescadores;9/13/2018;9/18/2018;9;18;2018;Cais de pesca da Praia;Cais de pesca da Praia;Nova Holanda;Rede de cerco;Demersais;Esmoregal ou Serze;Seriola sp;250
Santiago;Luta de Pescadores;9/13/2018;9/18/2018;9;18;2018;Cais de pesca da Praia;Cais de pesca da Praia;Nova Holanda;Rede de cerco;Demersais;Fatcho de fundo;Mulloidichthys martinicus;750
Santiago;Luta de Pescadores;9/13/2018;9/18/2018;9;18;2018;Cais de pesca da Praia;Cais de pesca da Praia;Nova Holanda;Rede de cerco;Tunídeos;Albacora;Thunnus albacares;900
Santiago;Luta de Pescadores;9/13/2018;9/18/2018;9;18;2018;Cais de pesca da Praia;Cais de pesca da Praia;Nova Holanda;Rede de cerco;Diversos;Peixe espada;;700
Santiago;Luta de Pescadores;9/13/2018;9/18/2018;9;18;2018;Cais de pesca da Praia;Cais de pesca da Praia;Nova Holanda;Rede de cerco;Diversos;Cavala de fundo;;200
Santiago;Paulo Nuno;9/16/2018;9/20/2018;9;20;2018;Cais de pesca da Praia;Cais de pesca da Praia;Boa Vista;Linha;Tunídeos;Albacora;Thunnus albacares;550
Santiago;Paulo Nuno;9/16/2018;9/20/2018;9;20;2018;Cais de pesca da Praia;Cais de pesca da Praia;Boa Vista;Linha;Pequenos pelágicos;Chicharro;Selar crumenophthalmus;110
Santiago;Santo António;9/13/2018;9/20/2018;9;20;2018;Cais de pesca da Praia;Cais de pesca da Praia;Boa Vista;Linha;Demersais;Moreia;MURAENIDAE;10
Santiago;Santo António;9/13/2018;9/20/2018;9;20;2018;Cais de pesca da Praia;Cais de pesca da Praia;Boa Vista;Linha;Demersais;Garoupa;Cepahalopholis taeniops;20
Santiago;Santo António;9/13/2018;9/20/2018;9;20;2018;Cais de pesca da Praia;Cais de pesca da Praia;Boa Vista;Linha;Demersais;Bica;Lethrinus atlanticus;40
Santiago;Santo António;9/13/2018;9/20/2018;9;20;2018;Cais de pesca da Praia;Cais de pesca da Praia;Boa Vista;Linha;Tunídeos;Serra ou Djeu;Acanthocybium solandri;26
Santiago;Santo António;9/13/2018;9/20/2018;9;20;2018;Cais de pesca da Praia;Cais de pesca da Praia;Boa Vista;Linha;Tunídeos;Albacora;Thunnus albacares;28
Santiago;Calhau;9/18/2018;9/20/2018;9;20;2018;Cais de pesca da Praia;Cais de pesca da Praia;Maio;Rede de cerco;Pequenos pelágicos;Bonito;Caranx crysos;1000
Santiago;Calhau;9/18/2018;9/20/2018;9;20;2018;Cais de pesca da Praia;Cais de pesca da Praia;Maio;Rede de cerco;Tunídeos;Cachorrinha ou Judeu;Auxis sp;2000
Santiago;Calhau;9/18/2018;9/20/2018;9;20;2018;Cais de pesca da Praia;Cais de pesca da Praia;Maio;Rede de cerco;Demersais;Goraz;Lutjanus fulgens;200
Santiago;ML;9/18/2018;9/21/2018;9;21;2018;Cais de pesca da Praia;Cais de pesca da Praia;Maio;Rede de cerco;Pequenos pelágicos;Bonito;Caranx crysos;400
Santiago;ML;9/18/2018;9/21/2018;9;21;2018;Cais de pesca da Praia;Cais de pesca da Praia;Maio;Rede de cerco;Pequenos pelágicos;Chicharro;Selar crumenophthalmus;200
Santiago;ML;9/18/2018;9/21/2018;9;21;2018;Cais de pesca da Praia;Cais de pesca da Praia;Maio;Rede de cerco;Demersais;Enforcado ou Xereu;Caranx sp;50
Santiago;ML;9/18/2018;9/21/2018;9;21;2018;Cais de pesca da Praia;Cais de pesca da Praia;Maio;Rede de cerco;Tunídeos;Serra ou Djeu;Acanthocybium solandri;1400
Santiago;Judeia;9/15/2018;9/21/2018;9;21;2018;Cais de pesca da Praia;Cais de pesca da Praia;Boa Vista;Linha;Tunídeos;Albacora;Thunnus albacares;1675
Santiago;Judeia;9/15/2018;9/21/2018;9;21;2018;Cais de pesca da Praia;Cais de pesca da Praia;Boa Vista;Linha;Pequenos pelágicos;Chicharro;Selar crumenophthalmus;180
Santiago;Marlinda;9/18/2018;9/20/2018;9;20;2018;Cais de pesca da Praia;Cais de pesca da Praia;Ilheu da Brava;Rede de cerco;Pequenos pelágicos;Pelombeta;Trachinotus ovatus;5000
Santiago;Ponta Preta;9/15/2018;9/20/2018;9;20;2018;Cais de pesca da Praia;Cais de pesca da Praia;Ilheu da Brava;Rede de cerco;Pequenos pelágicos;Cavala preta;Decapterus macarellus;2000
Santiago;Ponta Preta;9/15/2018;9/20/2018;9;20;2018;Cais de pesca da Praia;Cais de pesca da Praia;Ilheu da Brava;Rede de cerco;Tunídeos;Cachorrinha ou Judeu;Auxis sp;500
Santiago;Deus me acompanha;9/20/2018;9/23/2018;9;23;2018;Cais de pesca da Praia;Cais de pesca da Praia;Baixa/ João Valente;Linha;Tunídeos;Albacora;Thunnus albacares;1100
Santiago;Deus me acompanha;9/20/2018;9/23/2018;9;23;2018;Cais de pesca da Praia;Cais de pesca da Praia;Baixa/ João Valente;Linha;Pequenos pelágicos;Chicharro;Selar crumenophthalmus;180
Santiago;Mauro;9/20/2018;9/23/2018;9;23;2018;Cais de pesca da Praia;Cais de pesca da Praia;Baixa;Linha;Tunídeos;Albacora;Thunnus albacares;1625
Santiago;Mauro;9/20/2018;9/23/2018;9;23;2018;Cais de pesca da Praia;Cais de pesca da Praia;Baixa;Linha;Pequenos pelágicos;Cavala branca;Decapterus punctatus;180
Santiago;Flamengo;9/19/2018;9/22/2018;9;22;2018;Cais de pesca da Praia;Cais de pesca da Praia;Ilheu branco;Rede de cerco;Pequenos pelágicos;Cavala preta;Decapterus macarellus;4000
Santiago;Flamengo;9/19/2018;9/22/2018;9;22;2018;Cais de pesca da Praia;Cais de pesca da Praia;Ilheu branco;Rede de cerco;Pequenos pelágicos;Chicharro;Selar crumenophthalmus;200
Santiago;Praia Gonsal;9/18/2018;9/22/2018;9;22;2018;Cais de pesca da Praia;Cais de pesca da Praia;Maio;Rede de cerco;Pequenos pelágicos;Chicharro;Selar crumenophthalmus;2000
Santiago;Israel;9/21/2018;9/24/2018;9;24;2018;Cais de pesca da Praia;Cais de pesca da Praia;Boa Vista;linha;Tunídeos;Albacora;Thunnus albacares;547
Santiago;Jerusalém;9/20/2018;9/25/2018;9;25;2018;Cais de pesca da Praia;Cais de pesca da Praia;Boa Vista;Linha;Tunídeos;Albacora;Thunnus albacares;1000
Santiago;Jerusalém;9/20/2018;9/25/2018;9;25;2018;Cais de pesca da Praia;Cais de pesca da Praia;Boa Vista;Linha;Pequenos pelágicos;Cavala branca;Decapterus punctatus;150
Santiago;Vera;9/20/2018;9/27/2018;9;27;2018;Cais de pesca da Praia;Cais de pesca da Praia;Tchadona, Cabeça Maio;Linha;Tunídeos;Albacora;Thunnus albacares;509
Santiago;Carlos Maria;9/30/2018;10/1/2018;10;1;2018;Cais de pesca da Praia;Cais de pesca da Praia;João Valente;Rede de cerco;Demersais;Dobradão;Apsilus fuscus;9000
Santiago;Carlos Maria;9/30/2018;10/1/2018;10;1;2018;Cais de pesca da Praia;Cais de pesca da Praia;João Valente;Rede de cerco;Demersais;Esmoregal ou Serze;Seriola sp;1500
Santiago;Carlos Maria;9/30/2018;10/1/2018;10;1;2018;Cais de pesca da Praia;Cais de pesca da Praia;João Valente;Rede de cerco;Demersais;Goraz;Lutjanus fulgens;2000
Santiago;Carlos Maria;9/30/2018;10/1/2018;10;1;2018;Cais de pesca da Praia;Cais de pesca da Praia;João Valente;Rede de cerco;Demersais;Salmão;Elagatis bipinnulata;100
Santiago;Carlos Maria;9/30/2018;10/1/2018;10;1;2018;Cais de pesca da Praia;Cais de pesca da Praia;João Valente;Rede de cerco;Demersais;Barbeiro;Acanthurus monroviae;400
Santiago;Israel;9/28/2018;10/2/2018;10;2;2018;Cais de pesca da Praia;Cais de pesca da Praia;Boa Vista;Linha;Tunídeos;Albacora;Thunnus albacares;1200
Santiago;Israel;9/28/2018;10/2/2018;10;2;2018;Cais de pesca da Praia;Cais de pesca da Praia;Boa Vista;Linha;Tunídeos;Serra ou Djeu;Acanthocybium solandri;100
Santiago;Mauro;9/29/2018;10/2/2018;10;2;2018;Cais de pesca da Praia;Cais de pesca da Praia;Baixa;Linha;Tunídeos;Albacora;Thunnus albacares;1503
Santiago;Mauro;9/29/2018;10/2/2018;10;2;2018;Cais de pesca da Praia;Cais de pesca da Praia;Baixa;Linha;Pequenos pelágicos;Arenque;Sardinella maderensis;170
Santiago;Calhau;9/30/2018;10/4/2018;10;4;2018;Cais de pesca da Praia;Cais de pesca da Praia;Maio;Rede de cerco;Demersais;Salmão;Elagatis bipinnulata;2000
Santiago;Calhau;9/30/2018;10/4/2018;10;4;2018;Cais de pesca da Praia;Cais de pesca da Praia;Maio;Rede de cerco;Pequenos pelágicos;Bonito;Caranx crysos;510
Santiago;Calhau;9/30/2018;10/4/2018;10;4;2018;Cais de pesca da Praia;Cais de pesca da Praia;Maio;Rede de cerco;Pequenos pelágicos;Chicharro;Selar crumenophthalmus;500
Santiago;Paulo Nuno;9/29/2018;10/4/2018;10;4;2018;Cais de pesca da Praia;Cais de pesca da Praia;Boa Vista;Rede de cerco;Tunídeos;Albacora;Thunnus albacares;840
Santiago;Paulo Nuno;9/29/2018;10/4/2018;10;4;2018;Cais de pesca da Praia;Cais de pesca da Praia;Boa Vista;Rede de cerco;Pequenos pelágicos;Chicharro;Selar crumenophthalmus;120
Santiago;Vinte-7;9/29/2018;10/4/2018;10;4;2018;Cais de pesca da Praia;Cais de pesca da Praia;Sal;Rede de cerco;Pequenos pelágicos;Cavala preta;Decapterus macarellus;3000
Santiago;Vinte-7;9/29/2018;10/4/2018;10;4;2018;Cais de pesca da Praia;Cais de pesca da Praia;Sal;Rede de cerco;Pequenos pelágicos;Cavala branca;Decapterus punctatus;200
Santiago;Vinte-7;9/29/2018;10/4/2018;10;4;2018;Cais de pesca da Praia;Cais de pesca da Praia;Sal;Rede de cerco;Tunídeos;Merma/ Panguil/ Txafarote;Euthynnus alleteratus;50
Santiago;Vinte-7;9/29/2018;10/4/2018;10;4;2018;Cais de pesca da Praia;Cais de pesca da Praia;Sal;Rede de cerco;Pequenos pelágicos;Chicharro;Selar crumenophthalmus;100
Santiago;Rincon;10/2/2018;10/5/2018;10;5;2018;Cais de pesca da Praia;Cais de pesca da Praia;Maio;;Pequenos pelágicos;Bonito;Caranx crysos;2000
Santiago;Rincon;10/2/2018;10/5/2018;10;5;2018;Cais de pesca da Praia;Cais de pesca da Praia;Maio;;Demersais;Goraz;Lutjanus fulgens;70
Santiago;Rincon;10/2/2018;10/5/2018;10;5;2018;Cais de pesca da Praia;Cais de pesca da Praia;Maio;;Tunídeos;Serra ou Djeu;Acanthocybium solandri;10
Santiago;Rincon;10/2/2018;10/5/2018;10;5;2018;Cais de pesca da Praia;Cais de pesca da Praia;Maio;;Pequenos pelágicos;Chicharro;Selar crumenophthalmus;40
Santiago;Calhau;11/6/2018;11/8/2018;11;8;2018;Cais de pesca da Praia;Cais de pesca da Praia;Maio;;Pequenos pelágicos;Cavala preta;Decapterus macarellus;3000
Santiago;Calhau;11/6/2018;11/8/2018;11;8;2018;Cais de pesca da Praia;Cais de pesca da Praia;Maio;;Tunídeos;Gaiado;Katsuwonus pelamis;100
Santiago;Calhau;11/6/2018;11/8/2018;11;8;2018;Cais de pesca da Praia;Cais de pesca da Praia;Maio;;Pequenos pelágicos;Chicharro;Selar crumenophthalmus;1000
Santiago;Calhau;11/6/2018;11/8/2018;11;8;2018;Cais de pesca da Praia;Cais de pesca da Praia;Maio;;Tunídeos;Albacora;Thunnus albacares;20
Santiago;Jerusalém;11/4/2018;11/8/2018;11;8;2018;Cais de pesca da Praia;Cais de pesca da Praia;Boa Vista;Linha;Tunídeos;Albacora;Thunnus albacares;1500
Santiago;Jerusalém;11/4/2018;11/8/2018;11;8;2018;Cais de pesca da Praia;Cais de pesca da Praia;Boa Vista;Linha;Pequenos pelágicos;Chicharro;Selar crumenophthalmus;250
Santiago;Paulo Nuno;11/3/2018;11/9/2018;11;9;2018;Cais de pesca da Praia;Cais de pesca da Praia;Boa Vista;;Tunídeos;Albacora;Thunnus albacares;970
Santiago;Paulo Nuno;11/3/2018;11/9/2018;11;9;2018;Cais de pesca da Praia;Cais de pesca da Praia;Boa Vista;;Pequenos pelágicos;Chicharro;Selar crumenophthalmus;150
Santiago;Marlinda;11/5/2018;11/8/2018;11;8;2018;Cais de pesca da Praia;Cais de pesca da Praia;Boa Vista;Rede de cerco;Pequenos pelágicos;Chicharro;Selar crumenophthalmus;7000
Santiago;Cristalina A;11/7/2018;11/9/2018;11;9;2018;Cais de pesca da Praia;Cais de pesca da Praia;Ilheu branco;Rede de cerco;Demersais;Papagaio;Parapristipoma humile;20
Santiago;Cristalina A;11/7/2018;11/9/2018;11;9;2018;Cais de pesca da Praia;Cais de pesca da Praia;Ilheu branco;Rede de cerco;Pequenos pelágicos;Chicharro;Selar crumenophthalmus;3500
Santiago;Cristalina A;11/7/2018;11/9/2018;11;9;2018;Cais de pesca da Praia;Cais de pesca da Praia;Ilheu branco;Rede de cerco;Pequenos pelágicos;Cavala preta;Decapterus macarellus;1500
Santiago;Cristalina A;11/7/2018;11/9/2018;11;9;2018;Cais de pesca da Praia;Cais de pesca da Praia;Ilheu branco;Rede de cerco;Tunídeos;Cachorrinha ou Judeu;Auxis sp;1000
Santiago;Cristalina A;11/7/2018;11/9/2018;11;9;2018;Cais de pesca da Praia;Cais de pesca da Praia;Ilheu branco;Rede de cerco;Demersais;Fatcho de fundo;Mulloidichthys martinicus;5000
Santiago;Cristalina A;11/7/2018;11/9/2018;11;9;2018;Cais de pesca da Praia;Cais de pesca da Praia;Ilheu branco;Rede de cerco;Pequenos pelágicos;Pelombeta;Trachinotus ovatus;590
Santiago;ML;11/6/2018;11/9/2018;11;9;2018;Cais de pesca da Praia;Cais de pesca da Praia;Maio;Rede de cerco;Pequenos pelágicos;Bonito;Caranx crysos;1500
Santiago;ML;11/6/2018;11/9/2018;11;9;2018;Cais de pesca da Praia;Cais de pesca da Praia;Maio;Rede de cerco;Tunídeos;Cachorrinha ou Judeu;Auxis sp;800
Santiago;ML;11/6/2018;11/9/2018;11;9;2018;Cais de pesca da Praia;Cais de pesca da Praia;Maio;Rede de cerco;Demersais;Goraz;Lutjanus fulgens;600
Santiago;ML;11/6/2018;11/9/2018;11;9;2018;Cais de pesca da Praia;Cais de pesca da Praia;Maio;Rede de cerco;Pequenos pelágicos;Cavala preta;Decapterus macarellus;400
Santiago;Vera;11/6/2018;11/9/2018;11;9;2018;Cais de pesca da Praia;Cais de pesca da Praia;C. Maio;Linha;Tunídeos;Albacora;Thunnus albacares;1040
Santiago;Vera;11/6/2018;11/9/2018;11;9;2018;Cais de pesca da Praia;Cais de pesca da Praia;C. Maio;Linha;Pequenos pelágicos;Chicharro;Selar crumenophthalmus;220
Santiago;Ponta Preta;11/6/2018;11/8/2018;11;8;2018;Cais de pesca da Praia;Cais de pesca da Praia;Sul do Maio/ Cabeça Maio;Rede de cerco;Tunídeos;Gaiado;Katsuwonus pelamis;2000
Santiago;Ponta Preta;11/6/2018;11/8/2018;11;8;2018;Cais de pesca da Praia;Cais de pesca da Praia;Sul do Maio/ Cabeça Maio;Rede de cerco;Tunídeos;Merma/ Panguil/ Txafarote;Euthynnus alleteratus;500
Santiago;Mayra;11/8/2018;11/8/2018;11;8;2018;Cais de pesca da Praia;Cais de pesca da Praia;Papaia (Santiago);Rede de cerco;Tunídeos;Gaiado;Katsuwonus pelamis;10000
Santiago;Mauro;11/6/2018;11/9/2018;11;9;2018;Cais de pesca da Praia;Cais de pesca da Praia;C. Maio;Linha;Tunídeos;Albacora;Thunnus albacares;1500
Santiago;Mauro;11/6/2018;11/9/2018;11;9;2018;Cais de pesca da Praia;Cais de pesca da Praia;C. Maio;Linha;Pequenos pelágicos;Chicharro;Selar crumenophthalmus;200
Santiago;Calhau;11/8/2018;11/11/2018;11;11;2018;Cais de pesca da Praia;Cais de pesca da Praia;Calheta Maio;Rede de cerco;Pequenos pelágicos;Cavala branca;Decapterus punctatus;4000
Santiago;Calhau;11/8/2018;11/11/2018;11;11;2018;Cais de pesca da Praia;Cais de pesca da Praia;Calheta Maio;Rede de cerco;Demersais;Abroto;Pomadasys rogeri;100
Santiago;Calhau;11/8/2018;11/11/2018;11;11;2018;Cais de pesca da Praia;Cais de pesca da Praia;Calheta Maio;Rede de cerco;Pequenos pelágicos;Chicharro;Selar crumenophthalmus;200
Santiago;Calhau;11/8/2018;11/11/2018;11;11;2018;Cais de pesca da Praia;Cais de pesca da Praia;Calheta Maio;Rede de cerco;Pequenos pelágicos;Cavala preta;Decapterus macarellus;200
Santiago;JB;11/9/2018;11/12/2018;11;12;2018;Cais de pesca da Praia;Cais de pesca da Praia;João Valente;Linha;Tunídeos;Albacora;Thunnus albacares;904
Santiago;JB;11/9/2018;11/12/2018;11;12;2018;Cais de pesca da Praia;Cais de pesca da Praia;João Valente;Linha;Pequenos pelágicos;Chicharro;Selar crumenophthalmus;120
Santiago;Mimosa;11/7/2018;11/15/2018;11;15;2018;Cais de pesca da Praia;Cais de pesca da Praia;Boa Vista;Rede de cerco;Tunídeos;Albacora;Thunnus albacares;2370
Santiago;Mimosa;11/7/2018;11/15/2018;11;15;2018;Cais de pesca da Praia;Cais de pesca da Praia;Boa Vista;Rede de cerco;Pequenos pelágicos;Chicharro;Selar crumenophthalmus;220
Santiago;Cidadela;11/11/2018;11/14/2018;11;14;2018;Cais de pesca da Praia;Cais de pesca da Praia;Brava;Rede de cerco;Pequenos pelágicos;Cavala preta;Decapterus macarellus;3600
Santiago;Cidadela;11/11/2018;11/14/2018;11;14;2018;Cais de pesca da Praia;Cais de pesca da Praia;Brava;Rede de cerco;Pequenos pelágicos;Chicharro;Selar crumenophthalmus;40
Santiago;Deus me acompanha;11/9/2018;11/15/2018;11;15;2018;Cais de pesca da Praia;Cais de pesca da Praia;Baixa/ João Valente;Linha;Tunídeos;Albacora;Thunnus albacares;1436
Santiago;Deus me acompanha;11/9/2018;11/15/2018;11;15;2018;Cais de pesca da Praia;Cais de pesca da Praia;Baixa/ João Valente;Linha;Pequenos pelágicos;Chicharro;Selar crumenophthalmus;150
Santiago;Mauro;11/14/2018;11/15/2018;11;15;2018;Cais de pesca da Praia;Cais de pesca da Praia;Sul do Maio;Linha;Tunídeos;Albacora;Thunnus albacares;1800
Santiago;Mauro;11/14/2018;11/15/2018;11;15;2018;Cais de pesca da Praia;Cais de pesca da Praia;Sul do Maio;Linha;Tunídeos;Merma/ Panguil/ Txafarote;Euthynnus alleteratus;300
Santiago;Mauro;11/14/2018;11/15/2018;11;15;2018;Cais de pesca da Praia;Cais de pesca da Praia;Sul do Maio;Linha;Tunídeos;Gaiado;Katsuwonus pelamis;1800
Santiago;Mauro;11/14/2018;11/15/2018;11;15;2018;Cais de pesca da Praia;Cais de pesca da Praia;Sul do Maio;Linha;Pequenos pelágicos;Chicharro;Selar crumenophthalmus;170
Santiago;Furna;11/9/2018;11/10/2018;11;10;2018;Cais de pesca da Praia;Cais de pesca da Praia;Baixa;Linha;Tunídeos;Albacora;Thunnus albacares;1700
Santiago;Furna;11/9/2018;11/10/2018;11;10;2018;Cais de pesca da Praia;Cais de pesca da Praia;Baixa;Linha;Pequenos pelágicos;Chicharro;Selar crumenophthalmus;130
Santiago;Calhau;11/13/2018;11/16/2018;11;16;2018;Cais de pesca da Praia;Cais de pesca da Praia;Maio;Rede de cerco;Pequenos pelágicos;Chicharro;Selar crumenophthalmus;1500
Santiago;Ponta Preta;11/15/2018;11/15/2018;11;15;2018;Cais de pesca da Praia;Cais de pesca da Praia;Sul do Maio;Linha;Tunídeos;Gaiado;Katsuwonus pelamis;1800
Santiago;Ponta Preta;11/15/2018;11/15/2018;11;15;2018;Cais de pesca da Praia;Cais de pesca da Praia;Sul do Maio;Linha;Tunídeos;Albacora;Thunnus albacares;300
Santiago;Ponta Preta;11/15/2018;11/15/2018;11;15;2018;Cais de pesca da Praia;Cais de pesca da Praia;Sul do Maio;Linha;Pequenos pelágicos;Chicharro;Selar crumenophthalmus;250
Santiago;Mauro;11/14/2018;11/15/2018;11;15;2018;Cais de pesca da Praia;Cais de pesca da Praia;Sul do Maio;Linha;Tunídeos;Albacora;Thunnus albacares;670
Santiago;Mauro;11/14/2018;11/15/2018;11;15;2018;Cais de pesca da Praia;Cais de pesca da Praia;Sul do Maio;Linha;Tunídeos;Gaiado;Katsuwonus pelamis;700
Santiago;JB;11/14/2018;11/15/2018;11;15;2018;Cais de pesca da Praia;Cais de pesca da Praia;Sul do Maio;Linha;Tunídeos;Albacora;Thunnus albacares;158
Santiago;JB;11/14/2018;11/15/2018;11;15;2018;Cais de pesca da Praia;Cais de pesca da Praia;Sul do Maio;Linha;Tunídeos;Gaiado;Katsuwonus pelamis;158
Santiago;JB;11/14/2018;11/15/2018;11;15;2018;Cais de pesca da Praia;Cais de pesca da Praia;Sul do Maio;Linha;Tunídeos;Merma/ Panguil/ Txafarote;Euthynnus alleteratus;150
Santiago;JB;11/14/2018;11/15/2018;11;15;2018;Cais de pesca da Praia;Cais de pesca da Praia;Sul do Maio;Linha;Pequenos pelágicos;Chicharro;Selar crumenophthalmus;100
Santiago;Mestre Manuel;11/16/2018;11/16/2018;11;16;2018;Cais de pesca da Praia;Cais de pesca da Praia;Baía;Rede de cerco;Pequenos pelágicos;Cavala preta;Decapterus macarellus;800
Santiago;Mestre Manuel;11/16/2018;11/16/2018;11;16;2018;Cais de pesca da Praia;Cais de pesca da Praia;Baía;Rede de cerco;Tunídeos;Cachorrinha ou Judeu;Auxis sp;150
Santiago;Pedra Badejo;11/14/2018;11/19/2018;11;19;2018;Cais de pesca da Praia;Cais de pesca da Praia;Ponta do Sol;Linha;Tunídeos;Albacora;Thunnus albacares;1631
Santiago;Pedra Badejo;11/14/2018;11/19/2018;11;19;2018;Cais de pesca da Praia;Cais de pesca da Praia;Ponta do Sol;Linha;Pequenos pelágicos;Chicharro;Selar crumenophthalmus;180
Santiago;Israel;11/14/2018;11/17/2018;11;17;2018;Cais de pesca da Praia;Cais de pesca da Praia;Boa Vista;Linha;Tunídeos;Albacora;Thunnus albacares;1050
Santiago;Israel;11/14/2018;11/17/2018;11;17;2018;Cais de pesca da Praia;Cais de pesca da Praia;Boa Vista;Linha;Pequenos pelágicos;Chicharro;Selar crumenophthalmus;170
Santiago;Marlinda;11/13/2018;11/18/2018;11;18;2018;Cais de pesca da Praia;Cais de pesca da Praia;Boa Vista;Rede de cerco;Pequenos pelágicos;Chicharro;Selar crumenophthalmus;2500
Santiago;Ponta Preta;11/17/2018;11/17/2018;11;17;2018;Cais de pesca da Praia;Cais de pesca da Praia;Sul do Maio;;Tunídeos;Merma/ Panguil/ Txafarote;Euthynnus alleteratus;1000
Santiago;Ponta Preta;11/17/2018;11/17/2018;11;17;2018;Cais de pesca da Praia;Cais de pesca da Praia;Sul do Maio;;Tunídeos;Gaiado;Katsuwonus pelamis;2000
Santiago;JB;11/16/2018;11/17/2018;11;17;2018;Cais de pesca da Praia;Cais de pesca da Praia;Galião;Linha;Tunídeos;Albacora;Thunnus albacares;938
Santiago;JB;11/16/2018;11/17/2018;11;17;2018;Cais de pesca da Praia;Cais de pesca da Praia;Galião;Linha;Pequenos pelágicos;Chicharro;Selar crumenophthalmus;130
Santiago;Dona Santana;11/10/2018;11/19/2018;11;19;2018;Cais de pesca da Praia;Cais de pesca da Praia;Maio;Linha;Demersais;Bica;Lethrinus atlanticus;70
Santiago;Dona Santana;11/10/2018;11/19/2018;11;19;2018;Cais de pesca da Praia;Cais de pesca da Praia;Maio;Linha;Demersais;Garoupa;Cepahalopholis taeniops;40
Santiago;Dona Santana;11/10/2018;11/19/2018;11;19;2018;Cais de pesca da Praia;Cais de pesca da Praia;Maio;Linha;Demersais;Moreia;MURAENIDAE;35
Santiago;Dona Santana;11/10/2018;11/19/2018;11;19;2018;Cais de pesca da Praia;Cais de pesca da Praia;Maio;Linha;Demersais;Bedja;Bodianus speciosus;7
Santiago;Dona Santana;11/10/2018;11/19/2018;11;19;2018;Cais de pesca da Praia;Cais de pesca da Praia;Maio;Linha;Demersais;Esmoregal ou Serze;Seriola sp;10
Santiago;Dona Santana;11/10/2018;11/19/2018;11;19;2018;Cais de pesca da Praia;Cais de pesca da Praia;Maio;Linha;Demersais;Papagaio;Parapristipoma humile;5
Santiago;Calhau;11/18/2018;11/18/2018;11;18;2018;Cais de pesca da Praia;Cais de pesca da Praia;Sul do Maio;Linha;Tunídeos;Gaiado;Katsuwonus pelamis;7000
Santiago;Calhau;11/18/2018;11/18/2018;11;18;2018;Cais de pesca da Praia;Cais de pesca da Praia;Sul do Maio;Linha;Tunídeos;Albacora;Thunnus albacares;182
Santiago;Calhau;11/18/2018;11/18/2018;11;18;2018;Cais de pesca da Praia;Cais de pesca da Praia;Sul do Maio;Linha;Tunídeos;Merma/ Panguil/ Txafarote;Euthynnus alleteratus;300
Santiago;ML;11/14/2018;11/18/2018;11;18;2018;Cais de pesca da Praia;Cais de pesca da Praia;Maio;Rede de cerco;Pequenos pelágicos;Chicharro;Selar crumenophthalmus;1000
Santiago;ML;11/14/2018;11/18/2018;11;18;2018;Cais de pesca da Praia;Cais de pesca da Praia;Maio;Rede de cerco;Pequenos pelágicos;Cavala preta;Decapterus macarellus;20
Santiago;ML;11/14/2018;11/18/2018;11;18;2018;Cais de pesca da Praia;Cais de pesca da Praia;Maio;Rede de cerco;Demersais;Goraz;Lutjanus fulgens;5
Santiago;ML;11/14/2018;11/18/2018;11;18;2018;Cais de pesca da Praia;Cais de pesca da Praia;Maio;Rede de cerco;Pequenos pelágicos;Chicharro;Selar crumenophthalmus;500
Santiago;Mayra;11/13/2018;11/14/2018;11;14;2018;Cais de pesca da Praia;Cais de pesca da Praia;Boa Vista;Rede de cerco;Pequenos pelágicos;Chicharro;Selar crumenophthalmus;10000
Santiago;Carlos Maria;11/15/2018;11/27/2018;11;27;2018;Cais de pesca da Praia;Cais de pesca da Praia;Baixa/ João Valente;Rede de cerco;Pequenos pelágicos;Cavala preta;Decapterus macarellus;1200
Santiago;Deus me deu;11/11/2018;11/19/2018;11;19;2018;Cais de pesca da Praia;Cais de pesca da Praia;Boa Vista;Linha;Tunídeos;Albacora;Thunnus albacares;1623
Santiago;Deus me deu;11/11/2018;11/19/2018;11;19;2018;Cais de pesca da Praia;Cais de pesca da Praia;Boa Vista;Linha;Pequenos pelágicos;Chicharro;Selar crumenophthalmus;180
Santiago;Mestre Manuel;11/20/2018;11/20/2018;11;20;2018;Cais de pesca da Praia;Cais de pesca da Praia;Cabeça cais;Rede de cerco;Tunídeos;Cachorrinha ou Judeu;Auxis sp;200
Santiago;Mestre Manuel;11/20/2018;11/20/2018;11;20;2018;Cais de pesca da Praia;Cais de pesca da Praia;Cabeça cais;Rede de cerco;Pequenos pelágicos;Bonito;Caranx crysos;40
Santiago;Mestre Manuel;11/20/2018;11/20/2018;11;20;2018;Cais de pesca da Praia;Cais de pesca da Praia;Cabeça cais;Rede de cerco;Pequenos pelágicos;Cavala preta;Decapterus macarellus;200
Santiago;ML;11/19/2018;11/20/2018;11;20;2018;Cais de pesca da Praia;Cais de pesca da Praia;Sul do Maio;Rede de cerco;Tunídeos;Gaiado;Katsuwonus pelamis;10000
Santiago;ML;11/19/2018;11/20/2018;11;20;2018;Cais de pesca da Praia;Cais de pesca da Praia;Sul do Maio;Rede de cerco;Tunídeos;Merma/ Panguil/ Txafarote;Euthynnus alleteratus;500
Santiago;Calhau;11/19/2018;11/20/2018;11;20;2018;Cais de pesca da Praia;Cais de pesca da Praia;Sul do Maio;Rede de cerco;Tunídeos;Gaiado;Katsuwonus pelamis;7000
Santiago;Calhau;11/19/2018;11/20/2018;11;20;2018;Cais de pesca da Praia;Cais de pesca da Praia;Sul do Maio;Rede de cerco;Tunídeos;Merma/ Panguil/ Txafarote;Euthynnus alleteratus;482
Santiago;Cidadela;11/17/2018;11/21/2018;11;21;2018;Cais de pesca da Praia;Cais de pesca da Praia;Papaia (Santiago);Rede de cerco;Tunídeos;Merma/ Panguil/ Txafarote;Euthynnus alleteratus;200
Santiago;Cidadela;11/17/2018;11/21/2018;11;21;2018;Cais de pesca da Praia;Cais de pesca da Praia;Papaia (Santiago);Rede de cerco;Tunídeos;Gaiado;Katsuwonus pelamis;200
Santiago;Cidadela;11/17/2018;11/21/2018;11;21;2018;Cais de pesca da Praia;Cais de pesca da Praia;Papaia (Santiago);Rede de cerco;Tunídeos;Cachorrinha ou Judeu;Auxis sp;100
Santiago;Cidadela;11/17/2018;11/21/2018;11;21;2018;Cais de pesca da Praia;Cais de pesca da Praia;Papaia (Santiago);Rede de cerco;Tunídeos;Lobo ou Dourado;Coryphaena hippurus;80
Santiago;Mauro;11/20/2018;11/20/2018;11;20;2018;Cais de pesca da Praia;Cais de pesca da Praia;Sul do Maio;Linha;Tunídeos;Gaiado;Katsuwonus pelamis;2400
Santiago;Mauro;11/20/2018;11/20/2018;11;20;2018;Cais de pesca da Praia;Cais de pesca da Praia;Sul do Maio;Linha;Tunídeos;Albacora;Thunnus albacares;80
Santiago;Mauro;11/20/2018;11/20/2018;11;20;2018;Cais de pesca da Praia;Cais de pesca da Praia;Sul do Maio;Linha;Tunídeos;Merma/ Panguil/ Txafarote;Euthynnus alleteratus;600
Santiago;Mauro;11/20/2018;11/20/2018;11;20;2018;Cais de pesca da Praia;Cais de pesca da Praia;Sul do Maio;Linha;Pequenos pelágicos;Chicharro;Selar crumenophthalmus;120
Santiago;Jerusalém;11/17/2018;11/22/2018;11;22;2018;Cais de pesca da Praia;Cais de pesca da Praia;Boa Vista;Linha;Tunídeos;Albacora;Thunnus albacares;1644
Santiago;Jerusalém;11/17/2018;11/22/2018;11;22;2018;Cais de pesca da Praia;Cais de pesca da Praia;Boa Vista;Linha;Pequenos pelágicos;Arenque;Sardinella maderensis;50
Santiago;Jerusalém;11/17/2018;11/22/2018;11;22;2018;Cais de pesca da Praia;Cais de pesca da Praia;Boa Vista;Linha;Pequenos pelágicos;Pelombeta;Trachinotus ovatus;50
Santiago;Ponta Preta;11/20/2018;11/21/2018;11;21;2018;Cais de pesca da Praia;Cais de pesca da Praia;Sul do Maio;Rede de cerco;Tunídeos;Gaiado;Katsuwonus pelamis;1000
Santiago;Ponta Preta;11/20/2018;11/21/2018;11;21;2018;Cais de pesca da Praia;Cais de pesca da Praia;Sul do Maio;Rede de cerco;Pequenos pelágicos;Chicharro;Selar crumenophthalmus;200
Santiago;Praia Gonsal;11/21/2018;11/21/2018;11;21;2018;Cais de pesca da Praia;Cais de pesca da Praia;Sul do Maio;Linha e vara;Tunídeos;Gaiado;Katsuwonus pelamis;3000
Santiago;Praia Gonsal;11/21/2018;11/21/2018;11;21;2018;Cais de pesca da Praia;Cais de pesca da Praia;Sul do Maio;Linha e vara;Pequenos pelágicos;Chicharro;Selar crumenophthalmus;270
Santiago;Mestre Manuel;11/22/2018;11/22/2018;11;22;2018;Cais de pesca da Praia;Cais de pesca da Praia;Baía;Rede de cerco;Pequenos pelágicos;Bonito;Caranx crysos;250
Santiago;Vinte-7;11/18/2018;11/20/2018;11;20;2018;Cais de pesca da Praia;Cais de pesca da Praia;27/maio;Linha;Tunídeos;Serra ou Djeu;Acanthocybium solandri;370
Santiago;Vinte-7;11/18/2018;11/20/2018;11;20;2018;Cais de pesca da Praia;Cais de pesca da Praia;27/maio;Linha;Pequenos pelágicos;Bonito;Caranx crysos;1500
Santiago;Vinte-7;11/18/2018;11/20/2018;11;20;2018;Cais de pesca da Praia;Cais de pesca da Praia;27/maio;Linha;Pequenos pelágicos;Pampo ou Corcovado;Selene dorsalis;200
Santiago;Vinte-7;11/18/2018;11/20/2018;11;20;2018;Cais de pesca da Praia;Cais de pesca da Praia;27/maio;Linha;Demersais;Dobradão;Apsilus fuscus;500
Santiago;Vinte-7;11/18/2018;11/20/2018;11;20;2018;Cais de pesca da Praia;Cais de pesca da Praia;27/maio;Linha;Demersais;Goraz;Lutjanus fulgens;300
Santiago;Vinte-7;11/18/2018;11/20/2018;11;20;2018;Cais de pesca da Praia;Cais de pesca da Praia;27/maio;Linha;Demersais;Barbeiro;Acanthurus monroviae;500
Santiago;Mauro;11/22/2018;11/22/2018;11;22;2018;Cais de pesca da Praia;Cais de pesca da Praia;Sul do Maio;Linha;Tunídeos;Gaiado;Katsuwonus pelamis;1500
Santiago;Mauro;11/22/2018;11/22/2018;11;22;2018;Cais de pesca da Praia;Cais de pesca da Praia;Sul do Maio;Linha;Tunídeos;Albacora;Thunnus albacares;300
Santiago;Mauro;11/22/2018;11/22/2018;11;22;2018;Cais de pesca da Praia;Cais de pesca da Praia;Sul do Maio;Linha;Tunídeos;Merma/ Panguil/ Txafarote;Euthynnus alleteratus;1000
Santiago;Mauro;11/22/2018;11/22/2018;11;22;2018;Cais de pesca da Praia;Cais de pesca da Praia;Sul do Maio;Linha;Pequenos pelágicos;Chicharro;Selar crumenophthalmus;160
Santiago;Praia Gonsal;11/22/2018;11/23/2018;11;23;2018;Cais de pesca da Praia;Cais de pesca da Praia;Sul do Maio;Linha e vara;Tunídeos;Gaiado;Katsuwonus pelamis;1300
Santiago;Praia Gonsal;11/22/2018;11/23/2018;11;23;2018;Cais de pesca da Praia;Cais de pesca da Praia;Sul do Maio;Linha e vara;Tunídeos;Merma/ Panguil/ Txafarote;Euthynnus alleteratus;700
Santiago;Paulo Nuno;11/17/2018;11/23/2018;11;23;2018;Cais de pesca da Praia;Cais de pesca da Praia;Boa Vista;Linha;Tunídeos;Albacora;Thunnus albacares;834
Santiago;Paulo Nuno;11/17/2018;11/23/2018;11;23;2018;Cais de pesca da Praia;Cais de pesca da Praia;Boa Vista;Linha;Pequenos pelágicos;Chicharro;Selar crumenophthalmus;120
Santiago;JB;11/21/2018;11/24/2018;11;24;2018;Cais de pesca da Praia;Cais de pesca da Praia;Boa Vista;Linha;Tunídeos;Albacora;Thunnus albacares;938
Santiago;JB;11/21/2018;11/24/2018;11;24;2018;Cais de pesca da Praia;Cais de pesca da Praia;Boa Vista;Linha;Pequenos pelágicos;Chicharro;Selar crumenophthalmus;100
Santiago;Mayra;11/21/2018;11/26/2018;11;26;2018;Cais de pesca da Praia;Cais de pesca da Praia;Boa Vista;Rede de cerco;Demersais;Façola;Heteropriachanthus cruentatus;3000
Santiago;Mayra;11/21/2018;11/26/2018;11;26;2018;Cais de pesca da Praia;Cais de pesca da Praia;Boa Vista;Rede de cerco;Demersais;Papagaio;Parapristipoma humile;100
Santiago;Mayra;11/21/2018;11/26/2018;11;26;2018;Cais de pesca da Praia;Cais de pesca da Praia;Boa Vista;Rede de cerco;Demersais;Goraz;Lutjanus fulgens;50
Santiago;Mayra;11/21/2018;11/26/2018;11;26;2018;Cais de pesca da Praia;Cais de pesca da Praia;Boa Vista;Rede de cerco;Demersais;Barbeiro;Acanthurus monroviae;100
Santiago;Fábio;11/17/2018;11/24/2018;11;24;2018;Cais de pesca da Praia;Cais de pesca da Praia;Ponta do Sol;Linha;Tunídeos;Albacora;Thunnus albacares;375
Santiago;Fábio;11/17/2018;11/24/2018;11;24;2018;Cais de pesca da Praia;Cais de pesca da Praia;Ponta do Sol;Linha;Pequenos pelágicos;Chicharro;Selar crumenophthalmus;120
Santiago;Praia Gonsal;11/26/2018;11/27/2018;11;27;2018;Cais de pesca da Praia;Cais de pesca da Praia;Sul do Maio;Rede de cerco;Tunídeos;Gaiado;Katsuwonus pelamis;1200
Santiago;Ponta Preta;11/27/2018;11/28/2018;11;28;2018;Cais de pesca da Praia;Cais de pesca da Praia;Sul do Maio;Rede de cerco;Tunídeos;Gaiado;Katsuwonus pelamis;500
Santiago;Ponta Preta;11/27/2018;11/28/2018;11;28;2018;Cais de pesca da Praia;Cais de pesca da Praia;Sul do Maio;Rede de cerco;Demersais;Enforcado ou Xereu;Caranx sp;50
Santiago;Mestre Manuel;11/28/2018;11/28/2018;11;28;2018;Cais de pesca da Praia;Cais de pesca da Praia;Baía trás de cais;Rede de cerco;Pequenos pelágicos;Bonito;Caranx crysos;200
Santiago;Mauro;11/27/2018;11/28/2018;11;28;2018;Cais de pesca da Praia;Cais de pesca da Praia;Sul do Maio;Linha;Tunídeos;Albacora;Thunnus albacares;150
Santiago;Mauro;11/27/2018;11/28/2018;11;28;2018;Cais de pesca da Praia;Cais de pesca da Praia;Sul do Maio;Linha;Tunídeos;Gaiado;Katsuwonus pelamis;200
Santiago;Mauro;11/27/2018;11/28/2018;11;28;2018;Cais de pesca da Praia;Cais de pesca da Praia;Sul do Maio;Linha;Tunídeos;Merma/ Panguil/ Txafarote;Euthynnus alleteratus;150
Santiago;Mauro;11/27/2018;11/28/2018;11;28;2018;Cais de pesca da Praia;Cais de pesca da Praia;Sul do Maio;Linha;Pequenos pelágicos;Chicharro;Selar crumenophthalmus;200
Santiago;Vinte-7;11/26/2018;11/29/2018;11;29;2018;Cais de pesca da Praia;Cais de pesca da Praia;Maio;Rede de cerco;Pequenos pelágicos;Bonito;Caranx crysos;2000
Santiago;Vinte-7;11/26/2018;11/29/2018;11;29;2018;Cais de pesca da Praia;Cais de pesca da Praia;Maio;Rede de cerco;Tunídeos;Serra ou Djeu;Acanthocybium solandri;74
Santiago;Vinte-7;11/26/2018;11/29/2018;11;29;2018;Cais de pesca da Praia;Cais de pesca da Praia;Maio;Rede de cerco;Pequenos pelágicos;Chicharro;Selar crumenophthalmus;100
Santiago;Vinte-7;11/26/2018;11/29/2018;11;29;2018;Cais de pesca da Praia;Cais de pesca da Praia;Maio;Rede de cerco;Demersais;Dobradão;Apsilus fuscus;50
Santiago;Mimosa;11/27/2018;11/28/2018;11;28;2018;Cais de pesca da Praia;Cais de pesca da Praia;Sul do Maio;Linha;Tunídeos;Albacora;Thunnus albacares;750
Santiago;Mimosa;11/27/2018;11/28/2018;11;28;2018;Cais de pesca da Praia;Cais de pesca da Praia;Sul do Maio;Linha;Tunídeos;Merma/ Panguil/ Txafarote;Euthynnus alleteratus;350
Santiago;Mimosa;11/27/2018;11/28/2018;11;28;2018;Cais de pesca da Praia;Cais de pesca da Praia;Sul do Maio;Linha;Tunídeos;Gaiado;Katsuwonus pelamis;800
Santiago;Mimosa;11/27/2018;11/28/2018;11;28;2018;Cais de pesca da Praia;Cais de pesca da Praia;Sul do Maio;Linha;Pequenos pelágicos;Chicharro;Selar crumenophthalmus;250
Santiago;Israel;11/28/2018;11/30/2018;11;30;2018;Cais de pesca da Praia;Cais de pesca da Praia;Cabeça Maio;Linha;Tunídeos;Albacora;Thunnus albacares;1874
Santiago;Israel;11/28/2018;11/30/2018;11;30;2018;Cais de pesca da Praia;Cais de pesca da Praia;Cabeça Maio;Linha;Tunídeos;Merma/ Panguil/ Txafarote;Euthynnus alleteratus;700
São Vicente;Barbara;7/18/2018;7/19/2018;7;19;2018;CPCI;CPCI;Baía do Porto Novo;Rede de cerco;Tunídeos;Cachorrinha ou Judeu;Auxis sp;11000
São Vicente;Djesone;7/19/2018;7/19/2018;7;19;2018;CPCI;CPCI;Ribeira torta;Rede de cerco;Tunídeos;Cachorrinha ou Judeu;Auxis sp;8000
São Vicente;Gamboa;7/18/2018;7/19/2018;7;19;2018;CPCI;CPCI;Ribeira torta;Rede de cerco;Tunídeos;Cachorrinha ou Judeu;Auxis sp;9000
São Vicente;Vinte-7;7/18/2018;7/19/2018;7;19;2018;CPCI;CPCI;Póss de pau;Rede de cerco;Tunídeos;Cachorrinha ou Judeu;Auxis sp;8000
São Vicente;São João Baptista;7/19/2018;7/19/2018;7;19;2018;CPCI;CPCI;Baía do Porto Novo;Rede de cerco;Tunídeos;Cachorrinha ou Judeu;Auxis sp;6000
São Vicente;Baía Porto Novo;7/19/2018;7/20/2018;7;20;2018;CPCI;CPCI;Baía do Porto Novo;Rede de cerco;Tunídeos;Cachorrinha ou Judeu;Auxis sp;22000
São Vicente;Sal Rei;7/21/2018;7/24/2018;7;24;2018;CPCI;CPCI;Monte Trigo;Rede de cerco;Tunídeos;Gaiado;Katsuwonus pelamis;9000
São Vicente;Luta de Pescadores;7/21/2018;7/23/2018;7;23;2018;CPCI;CPCI;Noroeste;Rede de cerco e Linha;Tunídeos;Gaiado;Katsuwonus pelamis;12500
São Vicente;Luta de Pescadores;7/21/2018;7/23/2018;7;23;2018;CPCI;CPCI;Noroeste;Rede de cerco e Linha;Tunídeos;Serra ou Djeu;Acanthocybium solandri;405
São Vicente;Luta de Pescadores;7/21/2018;7/23/2018;7;23;2018;CPCI;CPCI;Noroeste;Rede de cerco e Linha;Demersais;Esmoregal ou Serze;Seriola sp;619
São Vicente;Barbara;7/24/2018;7/25/2018;7;25;2018;CPCI;CPCI;Porto Novo;Rede de cerco;Tunídeos;Cachorrinha ou Judeu;Auxis sp;10000
São Vicente;Barbara;7/24/2018;7/25/2018;7;25;2018;CPCI;CPCI;Porto Novo;Rede de cerco;Tunídeos;Gaiado;Katsuwonus pelamis;600
São Vicente;São José;7/22/2018;7/23/2018;7;23;2018;CPCI;CPCI;Monte Trigo;Rede de cerco;Tunídeos;Gaiado;Katsuwonus pelamis;9000
São Vicente;Vinte-7;7/24/2018;7/25/2018;7;25;2018;CPCI;CPCI;Escorralete;Rede de cerco;Tunídeos;Gaiado;Katsuwonus pelamis;3000
São Vicente;Vinte-7;7/24/2018;7/25/2018;7;25;2018;CPCI;CPCI;Escorralete;Rede de cerco;Tunídeos;Cachorrinha ou Judeu;Auxis sp;7421
São Vicente;Atlantida II;7/24/2018;7/25/2018;7;25;2018;CPCI;CPCI;Monte Trigo;Rede de cerco;Tunídeos;Gaiado;Katsuwonus pelamis;7000
São Vicente;Tantum;7/25/2018;7/25/2018;7;25;2018;CPCI;CPCI;Ribeira torta;Rede de cerco;Tunídeos;Cachorrinha ou Judeu;Auxis sp;6000
São Vicente;Ponta Peça;7/22/2018;7/25/2018;7;25;2018;CPCI;CPCI;Tarrafal de Monte Trigo;Rede de cerco;Tunídeos;Gaiado;Katsuwonus pelamis;10000
São Vicente;Laginha;7/24/2018;7/25/2018;7;25;2018;CPCI;CPCI;Tarrafal de Monte Trigo;Rede de cerco;Tunídeos;Gaiado;Katsuwonus pelamis;5000
São Vicente;Gamboa;7/24/2018;7/25/2018;7;25;2018;CPCI;CPCI;Escorralete;Rede de cerco;Tunídeos;Cachorrinha ou Judeu;Auxis sp;4000
São Vicente;Frescura Baía;7/24/2018;7/25/2018;7;25;2018;CPCI;CPCI;Tarrafal de Monte Trigo;Rede de cerco;Tunídeos;Cachorrinha ou Judeu;Auxis sp;4000
São Vicente;Frescura Baía;7/24/2018;7/25/2018;7;25;2018;CPCI;CPCI;Tarrafal de Monte Trigo;Rede de cerco;Tunídeos;Gaiado;Katsuwonus pelamis;700
São Vicente;Djesone;7/25/2018;7/26/2018;7;26;2018;CPCI;CPCI;Porto Novo;Rede de cerco;Tunídeos;Cachorrinha ou Judeu;Auxis sp;6000
São Vicente;Djesone;7/25/2018;7/26/2018;7;26;2018;CPCI;CPCI;Porto Novo;Rede de cerco;Tunídeos;Gaiado;Katsuwonus pelamis;711
São Vicente;Cristalina A;7/25/2018;7/26/2018;7;26;2018;CPCI;CPCI;Porto Novo;Rede de cerco;Tunídeos;Cachorrinha ou Judeu;Auxis sp;7000
São Vicente;Maranata;7/25/2018;7/26/2018;7;26;2018;CPCI;CPCI;Monte Trigo;Rede de cerco;Tunídeos;Gaiado;Katsuwonus pelamis;7000
São Vicente;Barbara;7/25/2018;7/26/2018;7;26;2018;CPCI;CPCI;Janela (Santo Antão);Rede de cerco;Tunídeos;Cachorrinha ou Judeu;Auxis sp;9000
São Vicente;Sal Rei;7/25/2018;7/26/2018;7;26;2018;CPCI;CPCI;Tarrafal de Monte Trigo;Rede de cerco;Tunídeos;Gaiado;Katsuwonus pelamis;1500
São Vicente;Sal Rei;7/25/2018;7/26/2018;7;26;2018;CPCI;CPCI;Tarrafal de Monte Trigo;Rede de cerco;Tunídeos;Cachorrinha ou Judeu;Auxis sp;9000
São Vicente;São João Baptista;7/27/2018;7/27/2018;7;27;2018;CPCI;CPCI;Escorralete;Rede de cerco;Tunídeos;Cachorrinha ou Judeu;Auxis sp;10700
São Vicente;Maranata;7/28/2018;7/28/2018;7;28;2018;CPCI;CPCI;Janela (Santo Antão);Rede de cerco;Tunídeos;Cachorrinha ou Judeu;Auxis sp;10000
São Vicente;Laginha;7/27/2018;7/28/2018;7;28;2018;CPCI;CPCI;Janela (Santo Antão);Rede de cerco;Tunídeos;Cachorrinha ou Judeu;Auxis sp;6000
São Vicente;São João Baptista;7/28/2018;7/28/2018;7;28;2018;CPCI;CPCI;Farol de boi;Rede de cerco;Tunídeos;Cachorrinha ou Judeu;Auxis sp;12000
São Vicente;Ponta Cacimba;7/28/2018;7/29/2018;7;29;2018;CPCI;CPCI;Paúl;Rede de cerco;Tunídeos;Cachorrinha ou Judeu;Auxis sp;4000
São Vicente;Belfish II;7/30/2018;7/30/2018;7;30;2018;Cruzinha;CPCI;Janela (Santo Antão);Rede de cerco;Tunídeos;Cachorrinha ou Judeu;Auxis sp;3500
São Vicente;Kelly;7/28/2018;7/29/2018;7;29;2018;CPCI;CPCI;Tarrafal de Monte Trigo;Rede de cerco;Tunídeos;Gaiado;Katsuwonus pelamis;3500
São Vicente;Ponta Peça;7/28/2018;7/30/2018;7;30;2018;CPCI;CPCI;Monte Trigo - Janela;Rede de cerco;Tunídeos;Cachorrinha ou Judeu;Auxis sp;14000
São Vicente;Ponta Peça;7/28/2018;7/30/2018;7;30;2018;CPCI;CPCI;Monte Trigo - Janela;Rede de cerco;Tunídeos;Gaiado;Katsuwonus pelamis;4000
São Vicente;Djesone;7/29/2018;7/30/2018;7;30;2018;CPCI;CPCI;Paúl;Rede de cerco;Tunídeos;Cachorrinha ou Judeu;Auxis sp;10075
São Vicente;Djeta;7/30/2018;7/30/2018;7;30;2018;Monte Trigo;CPCI;Monte Trigo;Rede de cerco;Tunídeos;Gaiado;Katsuwonus pelamis;6500
São Vicente;Ponta Cacimba;7/30/2018;7/31/2018;7;31;2018;CPCI;CPCI;Janela (Santo Antão);Rede de cerco;Tunídeos;Cachorrinha ou Judeu;Auxis sp;18000
São Vicente;Djeta;7/31/2018;7/31/2018;7;31;2018;Ponta do Sol;CPCI;Ponta do Sol - Povoação;Rede de cerco;Tunídeos;Gaiado;Katsuwonus pelamis;4000
São Vicente;Barbara;7/29/2018;7/31/2018;7;31;2018;CPCI;CPCI;Janela (Santo Antão);Rede de cerco;Tunídeos;Cachorrinha ou Judeu;Auxis sp;10500
São Vicente;Baía Porto Novo;7/29/2018;7/30/2018;7;30;2018;CPCI;CPCI;Janela (Santo Antão);Rede de cerco;Tunídeos;Cachorrinha ou Judeu;Auxis sp;23000
São Vicente;Vinte-7;7/29/2018;7/30/2018;7;30;2018;CPCI;CPCI;Janela - Boca de tubarão;Rede de cerco;Tunídeos;Cachorrinha ou Judeu;Auxis sp;3871
São Vicente;Frescura Baía;7/30/2018;7/31/2018;7;31;2018;CPCI;CPCI;Paúl;Rede de cerco;Tunídeos;Cachorrinha ou Judeu;Auxis sp;4000
São Vicente;Gamboa;7/30/2018;7/31/2018;7;31;2018;CPCI;CPCI;Janela (Santo Antão);Rede de cerco;Tunídeos;Cachorrinha ou Judeu;Auxis sp;5000
São Vicente;Maranata;7/30/2018;7/31/2018;7;31;2018;CPCI;CPCI;Janela (Santo Antão);Rede de cerco;Tunídeos;Cachorrinha ou Judeu;Auxis sp;10000
São Vicente;Belfish II;7/30/2018;7/31/2018;7;31;2018;CPCI;CPCI;Janela (Santo Antão);Rede de cerco;Tunídeos;Cachorrinha ou Judeu;Auxis sp;4000
São Vicente;Kelly;9/2/2018;9/3/2018;9;3;2018;CPCI;CPCI;Tarrafal de Monte Trigo;Rede de cerco;Tunídeos;Gaiado;Katsuwonus pelamis;2500
São Vicente;Kelly;9/3/2018;9/4/2018;9;4;2018;CPCI;CPCI;Tarrafal de Monte Trigo;Rede de cerco;Tunídeos;Gaiado;Katsuwonus pelamis;2586
São Vicente;Ponta Peça;9/2/2018;9/4/2018;9;4;2018;CPCI;CPCI;Tarrafal de Monte Trigo;Rede de cerco;Tunídeos;Gaiado;Katsuwonus pelamis;3000
São Vicente;São José;9/5/2018;9/6/2018;9;6;2018;CPCI;CPCI;Tarrafal de Monte Trigo;Rede de cerco;Tunídeos;Gaiado;Katsuwonus pelamis;1700
São Vicente;Belfish II;9/5/2018;9/6/2018;9;6;2018;CPCI;CPCI;Tarrafal de Monte Trigo;Rede de cerco;Tunídeos;Gaiado;Katsuwonus pelamis;2300
São Vicente;Belfish II;9/5/2018;9/6/2018;9;6;2018;CPCI;CPCI;Tarrafal de Monte Trigo;Rede de cerco;Tunídeos;Cachorrinha ou Judeu;Auxis sp;2500
São Vicente;Djesone;9/5/2018;9/6/2018;9;6;2018;CPCI;CPCI;Janela (Santo Antão);Rede de cerco;Tunídeos;Cachorrinha ou Judeu;Auxis sp;12000
São Vicente;Cristalina A;9/6/2018;9/6/2018;9;6;2018;CPCI;Mercado de peixe;Ribeirinha de São Pedro;Rede de cerco;Pequenos pelágicos;Chicharro;Selar crumenophthalmus;3000
São Vicente;Maranata;9/6/2018;9/7/2018;9;7;2018;CPCI;CPCI;Porto Novo;Rede de cerco;Tunídeos;Cachorrinha ou Judeu;Auxis sp;3932
São Vicente;São João Baptista;9/7/2018;9/7/2018;9;7;2018;Porto Novo;CPCI;Porto Novo;Rede de cerco;Tunídeos;Cachorrinha ou Judeu;Auxis sp;10738
São Vicente;Cristalina A;9/6/2018;9/7/2018;9;7;2018;CPCI;CPCI;Baía do Porto Novo;Rede de cerco;Tunídeos;Cachorrinha ou Judeu;Auxis sp;16000
São Vicente;Belfish II;9/8/2018;9/10/2018;9;10;2018;CPCI;CPCI;Tarrafal de Monte Trigo;Rede de cerco;Tunídeos;Cachorrinha ou Judeu;Auxis sp;2497
São Vicente;Ponta Peça;9/9/2018;9/10/2018;9;10;2018;CPCI;CPCI;Porto Novo;Rede de cerco;Tunídeos;Cachorrinha ou Judeu;Auxis sp;1101
São Vicente;Atlantida II;9/10/2018;9/11/2018;9;11;2018;CPCI;Mercado de peixe;Baía das Gatas;Rede de cerco;Pequenos pelágicos;Chicharro;Selar crumenophthalmus;400
São Vicente;Tantum;9/11/2018;9/12/2018;9;12;2018;CPCI;Mercado de peixe;Baía das Gatas;Rede de cerco;Pequenos pelágicos;Chicharro;Selar crumenophthalmus;700
São Vicente;Frescura Baía;9/10/2018;9/12/2018;9;12;2018;CPCI;CPCI;Escorralete;Rede de cerco;Tunídeos;Cachorrinha ou Judeu;Auxis sp;4500
São Vicente;Tantum;9/12/2018;9/13/2018;9;13;2018;CPCI;Mercado de peixe;Baía das Gatas;Rede de cerco;Pequenos pelágicos;Chicharro;Selar crumenophthalmus;300
São Vicente;Tantum;9/12/2018;9/13/2018;9;13;2018;CPCI;Mercado de peixe;Baía das Gatas;Rede de cerco;Pequenos pelágicos;Bonito;Caranx crysos;200
São Vicente;Alice;9/13/2018;9/14/2018;9;14;2018;CPCI;Mercado de peixe;Praia Formosa;Rede de cerco;Pequenos pelágicos;Chicharro;Selar crumenophthalmus;400
São Vicente;Barbara;9/13/2018;9/14/2018;9;14;2018;CPCI;CPCI;Porto Novo e Zuringa;Rede de cerco;Pequenos pelágicos;Pelombeta;Trachinotus ovatus;6000
São Vicente;Barbara;9/13/2018;9/14/2018;9;14;2018;CPCI;CPCI;Porto Novo e Zuringa;Rede de cerco;Tunídeos;Cachorrinha ou Judeu;Auxis sp;3090
São Vicente;Baía Porto Novo;9/15/2018;9/17/2018;9;17;2018;CPCI;CPCI;Noroeste;Rede de cerco;Tunídeos;Gaiado;Katsuwonus pelamis;25523
São Vicente;Barbara;9/16/2018;9/17/2018;9;17;2018;CPCI;CPCI;Zuringa;Rede de cerco;Tunídeos;Cachorrinha ou Judeu;Auxis sp;5500
São Vicente;São João Baptista;9/16/2018;9/17/2018;9;17;2018;CPCI;CPCI;Monte Trigo;Rede de cerco;Tunídeos;Gaiado;Katsuwonus pelamis;4300
São Vicente;Gamboa;9/17/2018;9/18/2018;9;18;2018;CPCI;Mercado de peixe;Baía das Gatas;Rede de cerco;Pequenos pelágicos;Chicharro;Selar crumenophthalmus;600
São Vicente;Ponta Peça;9/16/2018;9/17/2018;9;17;2018;CPCI;CPCI;Noroeste;Rede de cerco;Tunídeos;Gaiado;Katsuwonus pelamis;13000
São Vicente;Ponta Cacimba;9/16/2018;9/18/2018;9;18;2018;CPCI;CPCI;Noroeste;Rede de cerco;Tunídeos;Gaiado;Katsuwonus pelamis;7000
São Vicente;Alice;9/18/2018;9/19/2018;9;19;2018;CPCI;Mercado de peixe;Baía das Gatas;Rede de cerco;Pequenos pelágicos;Chicharro;Selar crumenophthalmus;300
São Vicente;Barbara;9/18/2018;9/19/2018;9;19;2018;CPCI;CPCI;Póss de pau;Rede de cerco;Tunídeos;Cachorrinha ou Judeu;Auxis sp;6000
São Vicente;Sal Rei;9/19/2018;9/20/2018;9;20;2018;CPCI;CPCI;Porto Novo;Rede de cerco;Tunídeos;Cachorrinha ou Judeu;Auxis sp;6131
São Vicente;Baía Porto Novo;9/18/2018;9/20/2018;9;20;2018;CPCI;CPCI;Noroeste;Rede de cerco;Tunídeos;Gaiado;Katsuwonus pelamis;5500
São Vicente;Ponta Peça;9/18/2018;9/20/2018;9;20;2018;CPCI;CPCI;Noroeste;Rede de cerco;Tunídeos;Gaiado;Katsuwonus pelamis;2500
São Vicente;São José;11/1/2018;11/3/2018;11;3;2018;CPCI;CPCI;Tarrafal de Monte Trigo;Linha e vara;Tunídeos;Albacora;Thunnus albacares;569
São Vicente;São José;11/1/2018;11/3/2018;11;3;2018;CPCI;CPCI;Tarrafal de Monte Trigo;Linha e vara;Tunídeos;Serra ou Djeu;Acanthocybium solandri;406
São Vicente;São José;11/1/2018;11/3/2018;11;3;2018;CPCI;CPCI;Tarrafal de Monte Trigo;Linha e vara;Tunídeos;Gaiado;Katsuwonus pelamis;144
São Vicente;Baía Porto Novo;11/4/2018;11/6/2018;11;6;2018;CPCI;CPCI;Ilheu branco;Rede de cerco;Pequenos pelágicos;Chicharro;Selar crumenophthalmus;300
São Vicente;Baía Porto Novo;11/4/2018;11/6/2018;11;6;2018;CPCI;CPCI;Ilheu branco;Rede de cerco;Pequenos pelágicos;Cavala preta;Decapterus macarellus;7300
São Vicente;Cristalina A;11/4/2018;11/5/2018;11;5;2018;CPCI;CPCI;Sul de São Pedro;Rede de cerco;Tunídeos;Cachorrinha ou Judeu;Auxis sp;1417
São Vicente;Barbara;11/6/2018;11/7/2018;11;7;2018;CPCI;CPCI;Sul de São Pedro;Rede de cerco;Tunídeos;Cachorrinha ou Judeu;Auxis sp;3380
São Vicente;Barbara;11/6/2018;11/7/2018;11;7;2018;CPCI;CPCI;Sul de São Pedro;Rede de cerco;Pequenos pelágicos;Chicharro;Selar crumenophthalmus;2773
São Vicente;Baía Porto Novo;11/7/2018;11/8/2018;11;8;2018;CPCI;CPCI;Sul de São Pedro;Rede de cerco;Tunídeos;Cachorrinha ou Judeu;Auxis sp;10584
São Vicente;Baía Porto Novo;11/7/2018;11/8/2018;11;8;2018;CPCI;CPCI;Sul de São Pedro;Rede de cerco;Pequenos pelágicos;Chicharro;Selar crumenophthalmus;1797
São Vicente;Gamboa;11/8/2018;11/9/2018;11;9;2018;CPCI;CPCI;Sul de São Pedro;Rede de cerco;Tunídeos;Cachorrinha ou Judeu;Auxis sp;657
São Vicente;Rita Maria;11/8/2018;11/9/2018;11;9;2018;CPCI;CPCI;Tarrafal de Monte Trigo;Linha e vara;Tunídeos;Albacora;Thunnus albacares;472
São Vicente;Rita Maria;11/8/2018;11/9/2018;11;9;2018;CPCI;CPCI;Tarrafal de Monte Trigo;Linha e vara;Tunídeos;Serra ou Djeu;Acanthocybium solandri;380
São Vicente;Ponta Cacimba;11/8/2018;11/9/2018;11;9;2018;CPCI;CPCI;Ilheu branco;Rede de cerco;Pequenos pelágicos;Chicharro;Selar crumenophthalmus;5500
São Vicente;Belfish II;11/7/2018;11/9/2018;11;9;2018;CPCI;CPCI;Tarrafal de Monte Trigo;Linha e vara;Tunídeos;Gaiado;Katsuwonus pelamis;845
São Vicente;Cristalina A;11/12/2018;11/13/2018;11;13;2018;CPCI;CPCI;Sul de São Pedro;Rede de cerco;Pequenos pelágicos;Chicharro;Selar crumenophthalmus;500
São Vicente;Atlantida II;11/13/2018;11/14/2018;11;14;2018;CPCI;CPCI;Farol de São Pedro;Rede de cerco;Pequenos pelágicos;Bonito;Caranx crysos;300
São Vicente;Atlantida II;11/13/2018;11/14/2018;11;14;2018;CPCI;CPCI;Farol de São Pedro;Rede de cerco;Tunídeos;Cachorrinha ou Judeu;Auxis sp;1500
São Vicente;Atlantida II;11/13/2018;11/14/2018;11;14;2018;CPCI;CPCI;Farol de São Pedro;Rede de cerco;Demersais;Salmão;Elagatis bipinnulata;200
São Vicente;Barbara;11/14/2018;11/15/2018;11;15;2018;CPCI;CPCI;Farol de São Pedro;Rede de cerco;Tunídeos;Cachorrinha ou Judeu;Auxis sp;2280
São Vicente;Atlantida II;11/14/2018;11/15/2018;11;15;2018;CPCI;CPCI;São Pedro;Rede de cerco;Demersais;Enforcado ou Xereu;Caranx sp;300
São Vicente;Atlantida II;11/14/2018;11/15/2018;11;15;2018;CPCI;CPCI;São Pedro;Rede de cerco;Pequenos pelágicos;Bonito;Caranx crysos;200
São Vicente;Atlantida II;11/14/2018;11/15/2018;11;15;2018;CPCI;CPCI;São Pedro;Rede de cerco;Pequenos pelágicos;Chicharro;Selar crumenophthalmus;500
São Vicente;Laginha;11/14/2018;11/15/2018;11;15;2018;CPCI;Mercado de peixe;São Pedro;Rede de cerco;Pequenos pelágicos;Chicharro;Selar crumenophthalmus;500
São Vicente;Laginha;11/14/2018;11/15/2018;11;15;2018;CPCI;Mercado de peixe;São Pedro;Rede de cerco;Pequenos pelágicos;Bonito;Caranx crysos;200
São Vicente;Frescura Baía;11/15/2018;11/16/2018;11;16;2018;CPCI;Mercado de peixe;Sul de São Pedro;Rede de cerco;Pequenos pelágicos;Cavala preta;Decapterus macarellus;2000
São Vicente;Frescura Baía;11/15/2018;11/16/2018;11;16;2018;CPCI;Mercado de peixe;Sul de São Pedro;Rede de cerco;Pequenos pelágicos;Chicharro;Selar crumenophthalmus;500
São Vicente;São José;11/18/2018;11/19/2018;11;19;2018;CPCI;CPCI;Tarrafal de Monte Trigo;Linha e vara;Tunídeos;Gaiado;Katsuwonus pelamis;3442
São Vicente;Ponta Peça;11/18/2018;11/19/2018;11;19;2018;CPCI;CPCI;Tarrafal de Monte Trigo;Linha;Tunídeos;Gaiado;Katsuwonus pelamis;1312
São Vicente;Belfish II;11/21/2018;11/22/2018;11;22;2018;CPCI;CPCI;Tarrafal de Monte Trigo;Linha e vara;Tunídeos;Gaiado;Katsuwonus pelamis;780
São Vicente;Maranata;11/21/2018;11/22/2018;11;22;2018;CPCI;CPCI;Sul de Santo Antão;Linha e vara;Tunídeos;Gaiado;Katsuwonus pelamis;1455
São Vicente;Cristalina A;11/21/2018;11/22/2018;11;22;2018;CPCI;CPCI/ Mercado de peixe;Sul de São Pedro;Linha;Pequenos pelágicos;Dobrada;Spicara melanurus;2882
São Vicente;Cristalina A;11/21/2018;11/22/2018;11;22;2018;CPCI;CPCI/ Mercado de peixe;Sul de São Pedro;Linha;Demersais;Fatcho de fundo;Mulloidichthys martinicus;1212
São Vicente;Cristalina A;11/21/2018;11/22/2018;11;22;2018;CPCI;CPCI/ Mercado de peixe;Sul de São Pedro;Linha;Tunídeos;Albacora;Thunnus albacares;81
São Vicente;Rita Maria;11/21/2018;11/23/2018;11;23;2018;CPCI;CPCI/ Mercado de peixe;Tarrafal de Monte Trigo;Linha e vara;Tunídeos;Albacora;Thunnus albacares;310
São Vicente;Rita Maria;11/21/2018;11/23/2018;11;23;2018;CPCI;CPCI/ Mercado de peixe;Tarrafal de Monte Trigo;Linha e vara;Tunídeos;Serra ou Djeu;Acanthocybium solandri;396
São Vicente;Rita Maria;11/21/2018;11/23/2018;11;23;2018;CPCI;CPCI/ Mercado de peixe;Tarrafal de Monte Trigo;Linha e vara;Demersais;Garoupa;Cepahalopholis taeniops;8
São Vicente;São José;11/21/2018;11/23/2018;11;23;2018;CPCI;CPCI;Tarrafal de Monte Trigo;Linha e vara;Tunídeos;Albacora;Thunnus albacares;1212
São Vicente;São José;11/21/2018;11/23/2018;11;23;2018;CPCI;CPCI;Tarrafal de Monte Trigo;Linha e vara;Tunídeos;Serra ou Djeu;Acanthocybium solandri;563
São Vicente;São José;11/21/2018;11/23/2018;11;23;2018;CPCI;CPCI;Tarrafal de Monte Trigo;Linha e vara;Demersais;Salmão;Elagatis bipinnulata;102
São Vicente;Maranata;11/24/2018;11/25/2018;11;25;2018;CPCI;CPCI;Tarrafal de Monte Trigo;Rede de cerco;Tunídeos;Gaiado;Katsuwonus pelamis;5285
São Vicente;São José;11/27/2018;11/28/2018;11;28;2018;CPCI;CPCI;Tarrafal de Monte Trigo;Linha;Tunídeos;Gaiado;Katsuwonus pelamis;3575
São Vicente;Djesone;1/12/2018;1/13/2018;1;13;2018;CPCI;CPCI;Póss de pau;Rede de cerco;Pequenos pelágicos;Cavala preta;Decapterus macarellus;6658
São Vicente;Frescura Baía;1/12/2018;1/13/2018;1;13;2018;CPCI;CPCI;Sul de São Pedro;Rede de cerco;Pequenos pelágicos;Cavala preta;Decapterus macarellus;2803
São Vicente;Maranata;1/12/2018;1/13/2018;1;13;2018;CPCI;CPCI;Monte Trigo;Rede de cerco;Pequenos pelágicos;Cavala preta;Decapterus macarellus;7300
São Vicente;Laginha;1/12/2018;1/13/2018;1;13;2018;CPCI;CPCI;Sul de São Pedro;Rede de cerco;Pequenos pelágicos;Cavala preta;Decapterus macarellus;2172
São Vicente;Maranata;1/12/2018;1/13/2018;1;13;2018;CPCI;CPCI;Monte Trigo;Rede de cerco;Tunídeos;Cachorrinha ou Judeu;Auxis sp;455
São Vicente;Laginha;1/12/2018;1/13/2018;1;13;2018;CPCI;CPCI;Sul de São Pedro;Rede de cerco;Tunídeos;Cachorrinha ou Judeu;Auxis sp;355
São Vicente;São João Baptista;1/12/2018;1/13/2018;1;13;2018;CPCI;CPCI;Flamengo;Rede de cerco;Pequenos pelágicos;Cavala preta;Decapterus macarellus;12277
São Vicente;São João Baptista;1/12/2018;1/13/2018;1;13;2018;CPCI;CPCI;Flamengo;Rede de cerco;Tunídeos;Cachorrinha ou Judeu;Auxis sp;104
São Vicente;Cristalina A;1/12/2018;1/13/2018;1;13;2018;CPCI;CPCI;Sul de São Pedro;Rede de cerco;Pequenos pelágicos;Cavala preta;Decapterus macarellus;1910
São Vicente;Baía Porto Novo;1/13/2018;1/14/2018;1;14;2018;CPCI;CPCI;Sul de São Pedro;Rede de cerco;Pequenos pelágicos;Cavala preta;Decapterus macarellus;8057
São Vicente;Frescura Baía;1/13/2018;1/14/2018;1;14;2018;CPCI;CPCI;Sul de São Pedro;Rede de cerco;Pequenos pelágicos;Cavala preta;Decapterus macarellus;4455
São Vicente;Djesone;1/13/2018;1/14/2018;1;14;2018;CPCI;CPCI;Póss de pau;Rede de cerco;Pequenos pelágicos;Cavala preta;Decapterus macarellus;10414
São Vicente;Cristalina A;1/13/2018;1/14/2018;1;14;2018;CPCI;CPCI;Sul de São Pedro;Rede de cerco;Pequenos pelágicos;Cavala preta;Decapterus macarellus;11095
São Vicente;Sal Rei;1/16/2018;1/17/2018;1;17;2018;CPCI;CPCI;Póss de pau;Rede de cerco;Pequenos pelágicos;Cavala preta;Decapterus macarellus;6316
São Vicente;São João Baptista;1/16/2018;1/17/2018;1;17;2018;CPCI;CPCI;Sul de São Pedro;Rede de cerco;Pequenos pelágicos;Cavala preta;Decapterus macarellus;14408
São Vicente;São João Baptista;1/16/2018;1/17/2018;1;17;2018;CPCI;CPCI;Sul de São Pedro;Rede de cerco;Tunídeos;Cachorrinha ou Judeu;Auxis sp;621
São Vicente;Baía Porto Novo;1/19/2018;1/20/2018;1;20;2018;CPCI;CPCI;Póss de pau;Rede de cerco;Pequenos pelágicos;Cavala preta;Decapterus macarellus;23991
São Vicente;Baía Porto Novo;1/19/2018;1/20/2018;1;20;2018;CPCI;CPCI;Póss de pau;Rede de cerco;Tunídeos;Cachorrinha ou Judeu;Auxis sp;2752
São Vicente;Laginha;1/19/2018;1/20/2018;1;20;2018;CPCI;CPCI;Sul de São Pedro;Rede de cerco;Tunídeos;Cachorrinha ou Judeu;Auxis sp;412
São Vicente;Djesone;1/21/2018;1/22/2018;1;22;2018;CPCI;CPCI;Póss de pau;Rede de cerco;Pequenos pelágicos;Cavala preta;Decapterus macarellus;1602
São Vicente;Baía Porto Novo;1/21/2018;1/22/2018;1;22;2018;CPCI;CPCI;Sul de São Pedro;Rede de cerco;Tunídeos;Cachorrinha ou Judeu;Auxis sp;10168
São Vicente;São João Baptista;1/21/2018;1/22/2018;1;22;2018;CPCI;CPCI;Ribeira torta;Rede de cerco;Pequenos pelágicos;Cavala preta;Decapterus macarellus;5508
São Vicente;Ponta Peça;1/21/2018;1/22/2018;1;22;2018;CPCI;CPCI;Sul de São Pedro;Rede de cerco;Tunídeos;Cachorrinha ou Judeu;Auxis sp;3356
São Vicente;Ponta Peça;1/21/2018;1/22/2018;1;22;2018;CPCI;CPCI;Sul de São Pedro;Rede de cerco;Pequenos pelágicos;Cavala preta;Decapterus macarellus;1221
São Vicente;Maranata;1/26/2018;1/27/2018;1;27;2018;CPCI;CPCI;Monte Trigo;Rede de cerco;Tunídeos;Cachorrinha ou Judeu;Auxis sp;1035
São Vicente;Djesone;1/26/2018;1/27/2018;1;27;2018;CPCI;CPCI;Porto Novo;Rede de cerco;Pequenos pelágicos;Cavala preta;Decapterus macarellus;1856
São Vicente;Baía Porto Novo;1/26/2018;1/27/2018;1;27;2018;CPCI;CPCI;Sul de São Pedro;Rede de cerco;Tunídeos;Cachorrinha ou Judeu;Auxis sp;4986
São Vicente;Ponta Peça;1/27/2018;1/28/2018;1;28;2018;CPCI;CPCI;Sul de São Pedro;Rede de cerco;Pequenos pelágicos;Cavala preta;Decapterus macarellus;4520
São Vicente;São João Baptista;1/27/2018;1/28/2018;1;28;2018;CPCI;CPCI;Ribeira torta;Rede de cerco;Pequenos pelágicos;Cavala preta;Decapterus macarellus;6378
São Vicente;Cristalina A;1/27/2018;1/28/2018;1;28;2018;CPCI;CPCI;Sul de São Pedro;Rede de cerco;Pequenos pelágicos;Cavala preta;Decapterus macarellus;2921
São Vicente;Sal Rei;1/27/2018;1/28/2018;1;28;2018;CPCI;CPCI;Flamengo;Rede de cerco;Tunídeos;Cachorrinha ou Judeu;Auxis sp;8171
São Vicente;Ponta Peça;2/4/2018;2/5/2018;2;5;2018;CPCI;CPCI;Sul de São Pedro;Rede de cerco;Tunídeos;Cachorrinha ou Judeu;Auxis sp;9263
São Vicente;Ponta Peça;2/4/2018;2/5/2018;2;5;2018;CPCI;CPCI;Sul de São Pedro;Rede de cerco;Pequenos pelágicos;Cavala preta;Decapterus macarellus;494
São Vicente;Cristalina A;2/5/2018;2/6/2018;2;6;2018;CPCI;CPCI;Póss de pau;Rede de cerco;Tunídeos;Cachorrinha ou Judeu;Auxis sp;5007
São Vicente;Gamboa;2/5/2018;2/6/2018;2;6;2018;CPCI;CPCI;Sul de São Pedro;Rede de cerco;Tunídeos;Cachorrinha ou Judeu;Auxis sp;8847
São Vicente;Ponta Peça;2/6/2018;2/7/2018;2;7;2018;CPCI;CPCI;Sul de São Pedro;Rede de cerco;Tunídeos;Cachorrinha ou Judeu;Auxis sp;9750
São Vicente;São José;2/6/2018;2/7/2018;2;7;2018;CPCI;CPCI;Sul do Porto Novo;Rede de cerco;Tunídeos;Cachorrinha ou Judeu;Auxis sp;6130
São Vicente;Djesone;2/6/2018;2/7/2018;2;7;2018;CPCI;CPCI;Póss de pau;Rede de cerco;Tunídeos;Cachorrinha ou Judeu;Auxis sp;1628
São Vicente;Baía Porto Novo;2/6/2018;2/7/2018;2;7;2018;CPCI;CPCI;Tarrafal de Monte Trigo;Rede de cerco;Tunídeos;Cachorrinha ou Judeu;Auxis sp;1727
São Vicente;Cristalina A;2/6/2018;2/7/2018;2;7;2018;CPCI;CPCI;Póss de pau;Rede de cerco;Tunídeos;Cachorrinha ou Judeu;Auxis sp;16288
São Vicente;Laginha;2/6/2018;2/7/2018;2;7;2018;CPCI;CPCI;Sul de São Pedro;Rede de cerco;Tunídeos;Cachorrinha ou Judeu;Auxis sp;7718
São Vicente;Sal Rei;2/7/2018;2/8/2018;2;8;2018;CPCI;CPCI;Sul de São Pedro;Rede de cerco;Tunídeos;Cachorrinha ou Judeu;Auxis sp;1314
São Vicente;Frescura Baía;2/7/2018;2/8/2018;2;8;2018;CPCI;CPCI;Sul de São Pedro;Rede de cerco;Tunídeos;Cachorrinha ou Judeu;Auxis sp;5583
São Vicente;Ponta Peça;2/7/2018;2/8/2018;2;8;2018;CPCI;CPCI;Sul de São Pedro;Rede de cerco;Tunídeos;Cachorrinha ou Judeu;Auxis sp;22175
São Vicente;São José;2/7/2018;2/8/2018;2;8;2018;CPCI;CPCI;Sul do Porto Novo;Rede de cerco;Tunídeos;Cachorrinha ou Judeu;Auxis sp;9067
São Vicente;Laginha;2/7/2018;2/8/2018;2;8;2018;CPCI;CPCI;Sul de São Pedro;Rede de cerco;Tunídeos;Cachorrinha ou Judeu;Auxis sp;1401
São Vicente;Baía Porto Novo;2/7/2018;2/8/2018;2;8;2018;CPCI;CPCI;Tarrafal de Monte Trigo;Rede de cerco;Tunídeos;Cachorrinha ou Judeu;Auxis sp;2797
São Vicente;Gamboa;2/7/2018;2/8/2018;2;8;2018;CPCI;CPCI;Sul de São Pedro;Rede de cerco;Tunídeos;Cachorrinha ou Judeu;Auxis sp;2308
São Vicente;Cristalina A;2/7/2018;2/8/2018;2;8;2018;CPCI;CPCI;Póss de pau;Rede de cerco;Tunídeos;Cachorrinha ou Judeu;Auxis sp;2317
São Vicente;Flamengo;2/8/2018;2/9/2018;2;9;2018;CPCI;CPCI;Flamengo;Rede de cerco;Tunídeos;Cachorrinha ou Judeu;Auxis sp;3212
São Vicente;Cristalina A;2/8/2018;2/9/2018;2;9;2018;CPCI;CPCI;Sul de São Pedro;Rede de cerco;Tunídeos;Cachorrinha ou Judeu;Auxis sp;3946
São Vicente;Baía Porto Novo;2/8/2018;2/9/2018;2;9;2018;CPCI;CPCI;Tarrafal de Monte Trigo;Rede de cerco;Pequenos pelágicos;Cavala preta;Decapterus macarellus;10667
São Vicente;São João Baptista;2/8/2018;2/9/2018;2;9;2018;CPCI;CPCI;Póss de pau;Rede de cerco;Pequenos pelágicos;Cavala preta;Decapterus macarellus;8696
São Vicente;Djesone;2/9/2018;2/10/2018;2;10;2018;CPCI;CPCI;Póss de pau;Rede de cerco;Pequenos pelágicos;Cavala preta;Decapterus macarellus;3551
São Vicente;Baía Porto Novo;2/9/2018;2/10/2018;2;10;2018;CPCI;CPCI;Tarrafal de Monte Trigo;Rede de cerco;Pequenos pelágicos;Cavala preta;Decapterus macarellus;1544
São Vicente;Cristalina A;2/9/2018;2/10/2018;2;10;2018;CPCI;CPCI;Sul de São Pedro;Rede de cerco;Pequenos pelágicos;Cavala preta;Decapterus macarellus;3871
São Vicente;Ponta Peça;2/12/2018;2/13/2018;2;13;2018;CPCI;CPCI;Tarrafal de Monte Trigo;Rede de cerco;Pequenos pelágicos;Cavala preta;Decapterus macarellus;7019
São Vicente;Ponta Peça;2/12/2018;2/13/2018;2;13;2018;CPCI;CPCI;Tarrafal de Monte Trigo;Rede de cerco;Tunídeos;Cachorrinha ou Judeu;Auxis sp;2743
São Vicente;Baía Porto Novo;2/12/2018;2/13/2018;2;13;2018;CPCI;CPCI;Tarrafal de Monte Trigo;Rede de cerco;Pequenos pelágicos;Cavala preta;Decapterus macarellus;2282
São Vicente;Baía Porto Novo;2/12/2018;2/13/2018;2;13;2018;CPCI;CPCI;Tarrafal de Monte Trigo;Rede de cerco;Tunídeos;Cachorrinha ou Judeu;Auxis sp;2993
São Vicente;São João Baptista;2/12/2018;2/13/2018;2;13;2018;CPCI;CPCI;Póss de pau;Rede de cerco;Pequenos pelágicos;Cavala preta;Decapterus macarellus;9032
São Vicente;Barbara;2/12/2018;2/13/2018;2;13;2018;CPCI;CPCI;Póss de pau;Rede de cerco;Pequenos pelágicos;Cavala preta;Decapterus macarellus;10608
São Vicente;Flamengo;2/13/2018;2/14/2018;2;14;2018;CPCI;CPCI;Sul de São Pedro;Rede de cerco;Pequenos pelágicos;Cavala preta;Decapterus macarellus;2656
São Vicente;Cristalina A;2/13/2018;2/14/2018;2;14;2018;CPCI;CPCI;Sul de São Pedro;Rede de cerco;Pequenos pelágicos;Cavala preta;Decapterus macarellus;15817
São Vicente;Ponta Peça;2/13/2018;2/14/2018;2;14;2018;CPCI;CPCI;Tarrafal de Monte Trigo;Rede de cerco;Pequenos pelágicos;Cavala preta;Decapterus macarellus;9539
São Vicente;Sal Rei;2/13/2018;2/14/2018;2;14;2018;CPCI;CPCI;Sul de São Pedro;Rede de cerco;Tunídeos;Cachorrinha ou Judeu;Auxis sp;2580
São Vicente;Barbara;2/13/2018;2/14/2018;2;14;2018;CPCI;CPCI;Póss de pau;Rede de cerco;Tunídeos;Cachorrinha ou Judeu;Auxis sp;4316
São Vicente;São João Baptista;2/14/2018;2/15/2018;2;15;2018;CPCI;CPCI;Póss de pau;Rede de cerco;Pequenos pelágicos;Cavala preta;Decapterus macarellus;4373
São Vicente;São João Baptista;2/14/2018;2/15/2018;2;15;2018;CPCI;CPCI;Póss de pau;Rede de cerco;Tunídeos;Cachorrinha ou Judeu;Auxis sp;144
São Vicente;Maranata;2/14/2018;2/15/2018;2;15;2018;CPCI;CPCI;Tarrafal de Monte Trigo;Rede de cerco;Tunídeos;Cachorrinha ou Judeu;Auxis sp;1013
São Vicente;Sal Rei;2/14/2018;2/15/2018;2;15;2018;CPCI;CPCI;Sul de São Pedro;Rede de cerco;Pequenos pelágicos;Cavala preta;Decapterus macarellus;10906
São Vicente;Flamengo;2/14/2018;2/15/2018;2;15;2018;CPCI;CPCI;Sul de São Pedro;Rede de cerco;Pequenos pelágicos;Cavala preta;Decapterus macarellus;2362
São Vicente;Baía Porto Novo;2/14/2018;2/15/2018;2;15;2018;CPCI;CPCI;Tarrafal de Monte Trigo;Rede de cerco;Pequenos pelágicos;Cavala preta;Decapterus macarellus;8898
São Vicente;Djesone;2/14/2018;2/15/2018;2;15;2018;CPCI;CPCI;Póss de pau;Rede de cerco;Pequenos pelágicos;Cavala preta;Decapterus macarellus;13588
São Vicente;Sal Rei;2/15/2018;2/16/2018;2;16;2018;CPCI;CPCI;Sul de São Pedro;Rede de cerco;Pequenos pelágicos;Cavala preta;Decapterus macarellus;2518
São Vicente;Barbara;2/15/2018;2/16/2018;2;16;2018;CPCI;CPCI;Porto Novo;Rede de cerco;Pequenos pelágicos;Cavala preta;Decapterus macarellus;12033
São Vicente;São João Baptista;2/15/2018;2/16/2018;2;16;2018;CPCI;CPCI;Póss de pau;Rede de cerco;Pequenos pelágicos;Cavala preta;Decapterus macarellus;14775
São Vicente;Maranata;2/15/2018;2/16/2018;2;16;2018;CPCI;CPCI;Tarrafal de Monte Trigo;Rede de cerco;Tunídeos;Cachorrinha ou Judeu;Auxis sp;1720
São Vicente;Baía Porto Novo;2/15/2018;2/16/2018;2;16;2018;CPCI;CPCI;Tarrafal de Monte Trigo;Rede de cerco;Pequenos pelágicos;Cavala preta;Decapterus macarellus;14723
São Vicente;Baía Porto Novo;2/16/2018;2/17/2018;2;17;2018;CPCI;CPCI;Tarrafal de Monte Trigo;Rede de cerco;Pequenos pelágicos;Cavala preta;Decapterus macarellus;9849
São Vicente;Flamengo;2/16/2018;2/17/2018;2;17;2018;CPCI;CPCI;Flamengo;Rede de cerco;Tunídeos;Cachorrinha ou Judeu;Auxis sp;1027
São Vicente;Maranata;2/16/2018;2/17/2018;2;17;2018;CPCI;CPCI;Tarrafal de Monte Trigo;Rede de cerco;Tunídeos;Cachorrinha ou Judeu;Auxis sp;2699
São Vicente;Ponta Peça;2/17/2018;2/18/2018;2;18;2018;CPCI;CPCI;Tarrafal de Monte Trigo;Rede de cerco;Tunídeos;Cachorrinha ou Judeu;Auxis sp;5143
São Vicente;Ponta Peça;3/8/2018;3/9/2018;3;9;2018;CPCI;CPCI;São Nicolau;Rede de cerco;Tunídeos;Cachorrinha ou Judeu;Auxis sp;4474
São Vicente;Sal Rei;3/12/2018;3/13/2018;3;13;2018;CPCI;CPCI;Farol de São Pedro;Rede de cerco;Pequenos pelágicos;Cavala preta;Decapterus macarellus;1594
São Vicente;Maranata;3/13/2018;3/14/2018;3;14;2018;CPCI;CPCI;Porto Novo;Rede de cerco;Pequenos pelágicos;Cavala preta;Decapterus macarellus;4605
São Vicente;Rita Maria;3/13/2018;3/14/2018;3;14;2018;CPCI;CPCI;Tarrafal de Monte Trigo;Linha e vara;Tunídeos;Serra ou Djeu;Acanthocybium solandri;168
São Vicente;Sal Rei;3/14/2018;3/15/2018;3;15;2018;CPCI;CPCI;Tarrafal de Monte Trigo;Rede de cerco;Tunídeos;Cachorrinha ou Judeu;Auxis sp;195
São Vicente;Cristalina A;3/14/2018;3/15/2018;3;15;2018;CPCI;CPCI;São Nicolau;Rede de cerco;Pequenos pelágicos;Cavala preta;Decapterus macarellus;2785
São Vicente;Carlos Maria;3/15/2018;3/16/2018;3;16;2018;CPCI;CPCI;;Rede de cerco;Tunídeos;Cachorrinha ou Judeu;Auxis sp;1457
São Vicente;Cristalina A;3/18/2018;3/19/2018;3;19;2018;CPCI;CPCI;Ilheu branco;Rede de cerco;Tunídeos;Cachorrinha ou Judeu;Auxis sp;4375
São Vicente;São José;3/18/2018;3/19/2018;3;19;2018;CPCI;CPCI;Tarrafal de Monte Trigo;Linha e vara;Tunídeos;Serra ou Djeu;Acanthocybium solandri;1358
São Vicente;São José;3/18/2018;3/19/2018;3;19;2018;CPCI;CPCI;Tarrafal de Monte Trigo;Linha e vara;Tunídeos;Albacora;Thunnus albacares;191
São Vicente;São José;3/29/2018;3/30/2018;3;30;2018;CPCI;CPCI;Tarrafal de Monte Trigo;Linha e vara;Tunídeos;Serra ou Djeu;Acanthocybium solandri;1120
São Vicente;São José;3/29/2018;3/30/2018;3;30;2018;CPCI;CPCI;Tarrafal de Monte Trigo;Linha e vara;Tunídeos;Albacora;Thunnus albacares;530
São Vicente;São José;3/29/2018;3/30/2018;3;30;2018;CPCI;CPCI;Tarrafal de Monte Trigo;Linha e vara;Demersais;Esmoregal ou Serze;Seriola sp;646
São Vicente;Rita Maria;3/29/2018;3/30/2018;3;30;2018;CPCI;CPCI;Tarrafal de Monte Trigo;Linha e vara;Tunídeos;Serra ou Djeu;Acanthocybium solandri;41
São Vicente;Rita Maria;3/29/2018;3/30/2018;3;30;2018;CPCI;CPCI;Tarrafal de Monte Trigo;Linha e vara;Tunídeos;Albacora;Thunnus albacares;125
São Vicente;Djesone;4/13/2018;4/14/2018;4;14;2018;CPCI;CPCI;;Rede de cerco;Tunídeos;Cachorrinha ou Judeu;Auxis sp;6321
São Vicente;Baía Porto Novo;4/14/2018;4/15/2018;4;15;2018;CPCI;CPCI;;Rede de cerco;Pequenos pelágicos;Cavala preta;Decapterus macarellus;2554
São Vicente;Laginha;4/14/2018;4/15/2018;4;15;2018;CPCI;CPCI;;Rede de cerco;Pequenos pelágicos;Cavala preta;Decapterus macarellus;1715
São Vicente;Baía Porto Novo;4/15/2018;4/16/2018;4;16;2018;CPCI;CPCI;;Rede de cerco;Tunídeos;Cachorrinha ou Judeu;Auxis sp;4755
São Vicente;Cristalina A;4/15/2018;4/16/2018;4;16;2018;CPCI;CPCI;;Rede de cerco;Tunídeos;Cachorrinha ou Judeu;Auxis sp;790
São Vicente;Maranata;4/15/2018;4/16/2018;4;16;2018;CPCI;CPCI;;;Tunídeos;Serra ou Djeu;Acanthocybium solandri;223
São Vicente;Maranata;4/15/2018;4/16/2018;4;16;2018;CPCI;CPCI;;;Tunídeos;Albacora;Thunnus albacares;35
São Vicente;Djesone;4/17/2018;4/18/2018;4;18;2018;CPCI;CPCI;;Rede de cerco;Tunídeos;Cachorrinha ou Judeu;Auxis sp;3652
São Vicente;Djesone;4/17/2018;4/18/2018;4;18;2018;CPCI;CPCI;;;Tunídeos;Merma/ Panguil/ Txafarote;Euthynnus alleteratus;690
São Vicente;Cristalina A;4/19/2018;4/20/2018;4;20;2018;CPCI;CPCI;;Rede de cerco;Tunídeos;Cachorrinha ou Judeu;Auxis sp;14184
São Vicente;Maranata;4/19/2018;4/20/2018;4;20;2018;CPCI;CPCI;;;Tunídeos;Serra ou Djeu;Acanthocybium solandri;161
São Vicente;Maranata;4/19/2018;4/20/2018;4;20;2018;CPCI;CPCI;;;Tunídeos;Albacora;Thunnus albacares;68
São Vicente;B/p Elizabete;4/19/2018;4/20/2018;4;20;2018;CPCI;CPCI;;;Tunídeos;Albacora;Thunnus albacares;94
São Vicente;B/p Elizabete;4/19/2018;4/20/2018;4;20;2018;CPCI;CPCI;;;Tunídeos;Serra ou Djeu;Acanthocybium solandri;113
São Vicente;B/p Elizabete;4/19/2018;4/20/2018;4;20;2018;CPCI;CPCI;;;Demersais;Salmão;Elagatis bipinnulata;28
São Vicente;Cristalina A;4/19/2018;4/20/2018;4;20;2018;CPCI;CPCI;;;Pequenos pelágicos;Chicharro;Selar crumenophthalmus;2726
São Vicente;Ponta Peça;4/20/2018;4/21/2018;4;21;2018;CPCI;CPCI;;;Tunídeos;Gaiado;Katsuwonus pelamis;14609
São Vicente;Barbara;4/21/2018;4/22/2018;4;22;2018;CPCI;CPCI;;Rede de cerco;Pequenos pelágicos;Cavala preta;Decapterus macarellus;1000
São Vicente;Barbara;4/21/2018;4/22/2018;4;22;2018;CPCI;CPCI;;Rede de cerco;Pequenos pelágicos;Cavala preta;Decapterus macarellus;4217
São Vicente;São José;4/25/2018;4/26/2018;4;26;2018;CPCI;CPCI;;;Tunídeos;Serra ou Djeu;Acanthocybium solandri;432
São Vicente;São José;4/25/2018;4/26/2018;4;26;2018;CPCI;CPCI;;;Demersais;Esmoregal ou Serze;Seriola sp;122
São Vicente;São José;4/25/2018;4/26/2018;4;26;2018;CPCI;CPCI;;;Tunídeos;Albacora;Thunnus albacares;90
São Vicente;São José;4/25/2018;4/26/2018;4;26;2018;CPCI;CPCI;;;Demersais;Salmão;Elagatis bipinnulata;28
São Vicente;Rita Maria;4/25/2018;4/26/2018;4;26;2018;CPCI;CPCI;;;Tunídeos;Albacora;Thunnus albacares;111
São Vicente;B/p Elizabete;4/29/2018;4/30/2018;4;30;2018;CPCI;CPCI;;;Tunídeos;Serra ou Djeu;Acanthocybium solandri;282
São Vicente;B/p Elizabete;4/29/2018;4/30/2018;4;30;2018;CPCI;CPCI;;;Tunídeos;Albacora;Thunnus albacares;110
São Vicente;B/p Elizabete;4/29/2018;4/30/2018;4;30;2018;CPCI;CPCI;;;Demersais;Esmoregal ou Serze;Seriola sp;119
São Vicente;São João Baptista;7/4/2018;7/5/2018;7;5;2018;CPCI;CPCI;;Rede de cerco;Tunídeos;Cachorrinha ou Judeu;Auxis sp;2466
São Vicente;Maranata;7/5/2018;7/6/2018;7;6;2018;CPCI;CPCI;;Rede de cerco;Tunídeos;Cachorrinha ou Judeu;Auxis sp;7390
São Vicente;Sal Rei;7/6/2018;7/7/2018;7;7;2018;CPCI;CPCI;;Rede de cerco;Tunídeos;Cachorrinha ou Judeu;Auxis sp;11000
São Vicente;Djesone;7/8/2018;7/9/2018;7;9;2018;CPCI;CPCI;;Rede de cerco;Tunídeos;Cachorrinha ou Judeu;Auxis sp;9323
São Vicente;Ponta Cacimba;7/8/2018;7/9/2018;7;9;2018;CPCI;CPCI;;Rede de cerco;Tunídeos;Cachorrinha ou Judeu;Auxis sp;15200
São Vicente;Ponta Peça;7/9/2018;7/10/2018;7;10;2018;CPCI;CPCI;;Rede de cerco;Tunídeos;Cachorrinha ou Judeu;Auxis sp;23994
São Vicente;Atlantida II;7/9/2018;7/10/2018;7;10;2018;CPCI;CPCI;;Rede de cerco;Tunídeos;Cachorrinha ou Judeu;Auxis sp;6676
São Vicente;Laginha;7/9/2018;7/10/2018;7;10;2018;CPCI;CPCI;;Rede de cerco;Tunídeos;Cachorrinha ou Judeu;Auxis sp;9534
São Vicente;Cristalina A;7/9/2018;7/10/2018;7;10;2018;CPCI;CPCI;;Rede de cerco;Tunídeos;Cachorrinha ou Judeu;Auxis sp;24556
São Vicente;Gamboa;7/9/2018;7/10/2018;7;10;2018;CPCI;CPCI;;Rede de cerco;Tunídeos;Cachorrinha ou Judeu;Auxis sp;9422
São Vicente;Djesone;7/10/2018;7/11/2018;7;11;2018;CPCI;CPCI;;Rede de cerco;Tunídeos;Cachorrinha ou Judeu;Auxis sp;10688
São Vicente;Sal Rei;7/10/2018;7/11/2018;7;11;2018;CPCI;CPCI;;Rede de cerco;Tunídeos;Cachorrinha ou Judeu;Auxis sp;11377
São Vicente;São João Baptista;7/10/2018;7/11/2018;7;11;2018;CPCI;CPCI;;Rede de cerco;Tunídeos;Cachorrinha ou Judeu;Auxis sp;13867
São Vicente;Luta de Pescadores;7/10/2018;7/11/2018;7;11;2018;CPCI;CPCI;;Rede de cerco;Tunídeos;Cachorrinha ou Judeu;Auxis sp;18719
São Vicente;Barbara;7/11/2018;7/12/2018;7;12;2018;CPCI;CPCI;;Rede de cerco;Tunídeos;Cachorrinha ou Judeu;Auxis sp;9205
São Vicente;Frescura Baía;7/11/2018;7/12/2018;7;12;2018;CPCI;CPCI;;Rede de cerco;Tunídeos;Cachorrinha ou Judeu;Auxis sp;5118
São Vicente;Maranata;7/11/2018;7/12/2018;7;12;2018;CPCI;CPCI;;Rede de cerco;Tunídeos;Cachorrinha ou Judeu;Auxis sp;11699
São Vicente;Tantum;7/12/2018;7/13/2018;7;13;2018;CPCI;CPCI;;Rede de cerco;Tunídeos;Cachorrinha ou Judeu;Auxis sp;3245
São Vicente;Baía Porto Novo;7/12/2018;7/13/2018;7;13;2018;CPCI;CPCI;;Rede de cerco;Tunídeos;Cachorrinha ou Judeu;Auxis sp;26839
São Vicente;Barbara;7/12/2018;7/13/2018;7;13;2018;CPCI;CPCI;;Rede de cerco;Tunídeos;Cachorrinha ou Judeu;Auxis sp;4333
São Vicente;São José;7/12/2018;7/13/2018;7;13;2018;CPCI;CPCI;;Rede de cerco;Tunídeos;Cachorrinha ou Judeu;Auxis sp;10904
São Vicente;Belfish II;7/12/2018;7/13/2018;7;13;2018;CPCI;CPCI;Tarrafal de Monte Trigo;Rede de cerco;Tunídeos;Cachorrinha ou Judeu;Auxis sp;5423
São Vicente;Kelly;7/12/2018;7/13/2018;7;13;2018;CPCI;CPCI;;Rede de cerco;Tunídeos;Cachorrinha ou Judeu;Auxis sp;3124
São Vicente;Gamboa;7/13/2018;7/14/2018;7;14;2018;CPCI;CPCI;;Rede de cerco;Tunídeos;Cachorrinha ou Judeu;Auxis sp;4301
São Vicente;Vinte-7;7/13/2018;7/14/2018;7;14;2018;CPCI;CPCI;;Rede de cerco;Tunídeos;Cachorrinha ou Judeu;Auxis sp;8766
São Vicente;Luta de Pescadores;7/13/2018;7/14/2018;7;14;2018;CPCI;CPCI;;Rede de cerco;Tunídeos;Cachorrinha ou Judeu;Auxis sp;2300
São Vicente;Ponta Cacimba;7/13/2018;7/14/2018;7;14;2018;CPCI;CPCI;;Rede de cerco;Tunídeos;Cachorrinha ou Judeu;Auxis sp;22824
São Vicente;Maranata;7/14/2018;7/15/2018;7;15;2018;CPCI;CPCI;;Rede de cerco;Tunídeos;Cachorrinha ou Judeu;Auxis sp;10234
São Vicente;Ponta Peça;7/14/2018;7/15/2018;7;15;2018;CPCI;CPCI;;Rede de cerco;Tunídeos;Cachorrinha ou Judeu;Auxis sp;10601
São Vicente;Cristalina A;9/30/2018;10/1/2018;10;1;2018;CPCI;CPCI;;Rede de cerco;Pequenos pelágicos;Cavala preta;Decapterus macarellus;1062
São Vicente;Cristalina A;9/30/2018;10/1/2018;10;1;2018;CPCI;CPCI;;;Pequenos pelágicos;Bonito;Caranx crysos;474
São Vicente;Cristalina A;10/1/2018;10/2/2018;10;2;2018;CPCI;CPCI;;Rede de cerco;Pequenos pelágicos;Cavala preta;Decapterus macarellus;12506
São Vicente;Cristalina A;10/1/2018;10/2/2018;10;2;2018;CPCI;CPCI;;Rede de cerco;Tunídeos;Cachorrinha ou Judeu;Auxis sp;1122
São Vicente;Ponta Peça;10/2/2018;10/3/2018;10;3;2018;CPCI;CPCI;;Rede de cerco;Pequenos pelágicos;Cavala preta;Decapterus macarellus;25449
São Vicente;Ponta Peça;10/2/2018;10/3/2018;10;3;2018;CPCI;CPCI;;Rede de cerco;Tunídeos;Cachorrinha ou Judeu;Auxis sp;776
São Vicente;Gamboa;10/3/2018;10/4/2018;10;4;2018;CPCI;CPCI;;Rede de cerco;Pequenos pelágicos;Cavala preta;Decapterus macarellus;4039
São Vicente;Barbara;10/3/2018;10/4/2018;10;4;2018;CPCI;CPCI;;Rede de cerco;Pequenos pelágicos;Cavala preta;Decapterus macarellus;3814
São Vicente;Cristalina A;10/3/2018;10/4/2018;10;4;2018;CPCI;CPCI;;Rede de cerco;Pequenos pelágicos;Cavala preta;Decapterus macarellus;9740
São Vicente;Barbara;10/3/2018;10/4/2018;10;4;2018;CPCI;CPCI;;Rede de cerco;Tunídeos;Cachorrinha ou Judeu;Auxis sp;452
São Vicente;Baía Porto Novo;10/4/2018;10/5/2018;10;5;2018;CPCI;CPCI;;Rede de cerco;Pequenos pelágicos;Cavala preta;Decapterus macarellus;7599
São Vicente;Ponta Peça;10/4/2018;10/5/2018;10;5;2018;CPCI;CPCI;;Rede de cerco;Pequenos pelágicos;Cavala preta;Decapterus macarellus;9362
São Vicente;São João Baptista;10/4/2018;10/5/2018;10;5;2018;CPCI;CPCI;;Rede de cerco;Tunídeos;Cachorrinha ou Judeu;Auxis sp;888
São Vicente;São João Baptista;10/4/2018;10/5/2018;10;5;2018;CPCI;CPCI;;Rede de cerco;Pequenos pelágicos;Cavala preta;Decapterus macarellus;2853
São Vicente;Cristalina A;10/4/2018;10/5/2018;10;5;2018;CPCI;CPCI;;Rede de cerco;Pequenos pelágicos;Cavala preta;Decapterus macarellus;15860
São Vicente;Cristalina A;10/4/2018;10/5/2018;10;5;2018;CPCI;CPCI;;Rede de cerco;Tunídeos;Cachorrinha ou Judeu;Auxis sp;2260
São Vicente;Cristalina A;10/4/2018;10/5/2018;10;5;2018;CPCI;CPCI;;Rede de cerco;Tunídeos;Cachorrinha ou Judeu;Auxis sp;220
São Vicente;Baía Porto Novo;10/4/2018;10/5/2018;10;5;2018;CPCI;CPCI;;Rede de cerco;Tunídeos;Cachorrinha ou Judeu;Auxis sp;504
São Vicente;Ponta Peça;10/4/2018;10/5/2018;10;5;2018;CPCI;CPCI;;Rede de cerco;Tunídeos;Cachorrinha ou Judeu;Auxis sp;376
São Vicente;Cristalina A;10/4/2018;10/5/2018;10;5;2018;CPCI;CPCI;;Rede de cerco;Tunídeos;Cachorrinha ou Judeu;Auxis sp;220
São Vicente;Gamboa;10/4/2018;10/5/2018;10;5;2018;CPCI;CPCI;;Rede de cerco;Pequenos pelágicos;Cavala preta;Decapterus macarellus;1645
São Vicente;Barbara;10/4/2018;10/5/2018;10;5;2018;CPCI;CPCI;;Rede de cerco;Pequenos pelágicos;Cavala preta;Decapterus macarellus;3814
São Vicente;Djesone;10/5/2018;10/6/2018;10;6;2018;CPCI;CPCI;;Rede de cerco;Pequenos pelágicos;Cavala preta;Decapterus macarellus;1199
São Vicente;Cristalina A;10/5/2018;10/6/2018;10;6;2018;CPCI;CPCI;;Rede de cerco;Pequenos pelágicos;Cavala preta;Decapterus macarellus;10000
São Vicente;Ponta Peça;10/6/2018;10/7/2018;10;7;2018;CPCI;CPCI;;;Tunídeos;Gaiado;Katsuwonus pelamis;19029
São Vicente;Baía Porto Novo;10/6/2018;10/7/2018;10;7;2018;CPCI;CPCI;;;Tunídeos;Gaiado;Katsuwonus pelamis;7486
São Vicente;Cristalina A;10/6/2018;10/7/2018;10;7;2018;CPCI;CPCI;;Rede de cerco;Pequenos pelágicos;Cavala preta;Decapterus macarellus;3584
São Vicente;Cristalina A;10/6/2018;10/7/2018;10;7;2018;CPCI;CPCI;;Rede de cerco;Tunídeos;Cachorrinha ou Judeu;Auxis sp;1854
São Vicente;Djesone;10/6/2018;10/7/2018;10;7;2018;CPCI;CPCI;;Rede de cerco;Pequenos pelágicos;Cavala preta;Decapterus macarellus;1199
São Vicente;Belfish II;10/7/2018;10/8/2018;10;8;2018;CPCI;CPCI;Tarrafal de Monte Trigo;;Tunídeos;Gaiado;Katsuwonus pelamis;792
São Vicente;São José;10/7/2018;10/8/2018;10;8;2018;CPCI;CPCI;;;Tunídeos;Gaiado;Katsuwonus pelamis;2358
São Vicente;Cristalina A;10/7/2018;10/8/2018;10;8;2018;CPCI;CPCI;;;Tunídeos;Gaiado;Katsuwonus pelamis;8353
São Vicente;São José;10/7/2018;10/8/2018;10;8;2018;CPCI;CPCI;;;Tunídeos;Albacora;Thunnus albacares;374
São Vicente;São José;10/7/2018;10/8/2018;10;8;2018;CPCI;CPCI;;;Tunídeos;Serra ou Djeu;Acanthocybium solandri;111
São Vicente;Cristalina A;10/7/2018;10/8/2018;10;8;2018;CPCI;CPCI;;Rede de cerco;Pequenos pelágicos;Cavala preta;Decapterus macarellus;500
São Vicente;Barbara;10/8/2018;10/9/2018;10;9;2018;CPCI;CPCI;;Rede de cerco;Tunídeos;Cachorrinha ou Judeu;Auxis sp;5200
São Vicente;Ponta Cacimba;10/8/2018;10/9/2018;10;9;2018;CPCI;CPCI;;Rede de cerco;Pequenos pelágicos;Cavala preta;Decapterus macarellus;4622
São Vicente;Barbara;10/9/2018;10/10/2018;10;10;2018;CPCI;CPCI;;Rede de cerco;Tunídeos;Cachorrinha ou Judeu;Auxis sp;2542
São Vicente;Baía Porto Novo;10/9/2018;10/10/2018;10;10;2018;CPCI;CPCI;;Rede de cerco;Tunídeos;Cachorrinha ou Judeu;Auxis sp;16325
São Vicente;Ponta Cacimba;10/10/2018;10/11/2018;10;11;2018;CPCI;CPCI;;Rede de cerco;Pequenos pelágicos;Cavala preta;Decapterus macarellus;10096
São Vicente;Cristalina A;10/10/2018;10/11/2018;10;11;2018;CPCI;CPCI;;Rede de cerco;Pequenos pelágicos;Cavala preta;Decapterus macarellus;6781
São Vicente;Ponta Cacimba;10/10/2018;10/11/2018;10;11;2018;CPCI;CPCI;;Rede de cerco;Tunídeos;Cachorrinha ou Judeu;Auxis sp;667
São Vicente;Cristalina A;10/10/2018;10/11/2018;10;11;2018;CPCI;CPCI;;Rede de cerco;Tunídeos;Cachorrinha ou Judeu;Auxis sp;800
São Vicente;Barbara;10/11/2018;10/12/2018;10;12;2018;CPCI;CPCI;;Rede de cerco;Tunídeos;Cachorrinha ou Judeu;Auxis sp;1233
São Vicente;São José;10/11/2018;10/12/2018;10;12;2018;CPCI;CPCI;;;Tunídeos;Gaiado;Katsuwonus pelamis;1343
São Vicente;São José;10/11/2018;10/12/2018;10;12;2018;CPCI;CPCI;;;Tunídeos;Serra ou Djeu;Acanthocybium solandri;427
São Vicente;São José;10/11/2018;10/12/2018;10;12;2018;CPCI;CPCI;;;Tunídeos;Albacora;Thunnus albacares;159
São Vicente;São José;10/11/2018;10/12/2018;10;12;2018;CPCI;CPCI;;;Demersais;Esmoregal ou Serze;Seriola sp;27
São Vicente;São José;10/11/2018;10/12/2018;10;12;2018;CPCI;CPCI;;;Demersais;Salmão;Elagatis bipinnulata;62
São Vicente;Baía Porto Novo;10/12/2018;10/13/2018;10;13;2018;CPCI;CPCI;;Rede de cerco;Tunídeos;Cachorrinha ou Judeu;Auxis sp;2162
São Vicente;Ponta D´Tun;10/14/2018;10/15/2018;10;15;2018;CPCI;CPCI;;;Tunídeos;Gaiado;Katsuwonus pelamis;4528
São Vicente;Belfish II;10/15/2018;10/16/2018;10;16;2018;CPCI;CPCI;Tarrafal de Monte Trigo;;Tunídeos;Gaiado;Katsuwonus pelamis;2009
São Vicente;São José;10/16/2018;10/17/2018;10;17;2018;CPCI;CPCI;;;Tunídeos;Gaiado;Katsuwonus pelamis;3671
São Vicente;Barbara;10/16/2018;10/17/2018;10;17;2018;CPCI;CPCI;;Rede de cerco;Pequenos pelágicos;Cavala preta;Decapterus macarellus;2522
São Vicente;Barbara;10/16/2018;10/17/2018;10;17;2018;CPCI;CPCI;;Rede de cerco;Pequenos pelágicos;Cavala preta;Decapterus macarellus;2000
São Vicente;Ponta Peça;10/17/2018;10/18/2018;10;18;2018;CPCI;CPCI;;Rede de cerco;Pequenos pelágicos;Cavala preta;Decapterus macarellus;24952
São Vicente;Ponta Peça;10/17/2018;10/18/2018;10;18;2018;CPCI;CPCI;;Rede de cerco;Tunídeos;Cachorrinha ou Judeu;Auxis sp;828
São Vicente;Ponta Cacimba;10/17/2018;10/18/2018;10;18;2018;CPCI;CPCI;;Rede de cerco;Pequenos pelágicos;Cavala preta;Decapterus macarellus;3115
São Vicente;Barbara;10/18/2018;10/19/2018;10;19;2018;CPCI;CPCI;;Rede de cerco;Tunídeos;Cachorrinha ou Judeu;Auxis sp;6705
São Vicente;São José;10/19/2018;10/20/2018;10;20;2018;CPCI;CPCI;;;Tunídeos;Gaiado;Katsuwonus pelamis;4672
São Vicente;Belfish II;10/22/2018;10/23/2018;10;23;2018;CPCI;CPCI;Tarrafal de Monte Trigo;;Tunídeos;Gaiado;Katsuwonus pelamis;791
São Vicente;Belfish II;10/22/2018;10/23/2018;10;23;2018;CPCI;CPCI;Tarrafal de Monte Trigo;;Tunídeos;Albacora;Thunnus albacares;160
São Vicente;Belfish II;10/22/2018;10/23/2018;10;23;2018;CPCI;CPCI;Tarrafal de Monte Trigo;;Tunídeos;Serra ou Djeu;Acanthocybium solandri;177
São Vicente;Ponta D´Tun;10/24/2018;10/25/2018;10;25;2018;CPCI;CPCI;;;Diversos;Diversos;;200
São Vicente;São José;10/26/2018;10/27/2018;10;27;2018;CPCI;CPCI;;;Tunídeos;Gaiado;Katsuwonus pelamis;5724
São Vicente;Sal Rei;10/27/2018;10/28/2018;10;28;2018;CPCI;CPCI;;;Tunídeos;Gaiado;Katsuwonus pelamis;5042
São Vicente;Solamita;10/27/2018;10/28/2018;10;28;2018;CPCI;CPCI;;;Tunídeos;Gaiado;Katsuwonus pelamis;3447
São Vicente;Barbara;10/27/2018;10/28/2018;10;28;2018;CPCI;CPCI;;;Tunídeos;Gaiado;Katsuwonus pelamis;3493
São Vicente;Belfish II;8/31/2018;9/1/2018;9;1;2018;CPCI;CPCI;Tarrafal de Monte Trigo;Rede de cerco;Tunídeos;Cachorrinha ou Judeu;Auxis sp;6106
São Vicente;Baía Porto Novo;8/31/2018;9/1/2018;9;1;2018;CPCI;CPCI;;Rede de cerco;Tunídeos;Cachorrinha ou Judeu;Auxis sp;13819
São Vicente;São João Baptista;8/31/2018;9/1/2018;9;1;2018;CPCI;CPCI;;Rede de cerco;Tunídeos;Cachorrinha ou Judeu;Auxis sp;11919
São Vicente;Djeta;8/31/2018;9/1/2018;9;1;2018;CPCI;CPCI;;;Tunídeos;Gaiado;Katsuwonus pelamis;3257
São Vicente;Deivika;8/31/2018;9/1/2018;9;1;2018;CPCI;CPCI;;;Tunídeos;Gaiado;Katsuwonus pelamis;2413
São Vicente;Sal Rei;9/1/2018;9/2/2018;9;2;2018;CPCI;CPCI;;Rede de cerco;Tunídeos;Cachorrinha ou Judeu;Auxis sp;6318
São Vicente;Sal Rei;9/1/2018;9/2/2018;9;2;2018;CPCI;CPCI;;;Tunídeos;Gaiado;Katsuwonus pelamis;940
São Vicente;Ponta Cacimba;9/1/2018;9/2/2018;9;2;2018;CPCI;CPCI;;Rede de cerco;Tunídeos;Cachorrinha ou Judeu;Auxis sp;8170
São Vicente;Maranata;9/2/2018;9/3/2018;9;3;2018;CPCI;CPCI;;Rede de cerco;Tunídeos;Cachorrinha ou Judeu;Auxis sp;5070
São Vicente;Ponta Cacimba;9/3/2018;9/4/2018;9;4;2018;CPCI;CPCI;;;Tunídeos;Gaiado;Katsuwonus pelamis;817
São Vicente;Ponta Cacimba;9/3/2018;9/4/2018;9;4;2018;CPCI;CPCI;;Rede de cerco;Tunídeos;Cachorrinha ou Judeu;Auxis sp;236
São Vicente;Deivika;9/3/2018;9/4/2018;9;4;2018;CPCI;CPCI;;;Tunídeos;Gaiado;Katsuwonus pelamis;1783
São Vicente;Sal Rei;9/3/2018;9/4/2018;9;4;2018;CPCI;CPCI;;;Tunídeos;Gaiado;Katsuwonus pelamis;1745
São Vicente;Djeta;9/3/2018;9/4/2018;9;4;2018;CPCI;CPCI;;Rede de cerco;Tunídeos;Cachorrinha ou Judeu;Auxis sp;431
São Vicente;Djeta;9/3/2018;9/4/2018;9;4;2018;CPCI;CPCI;;;Tunídeos;Gaiado;Katsuwonus pelamis;1059
São Vicente;Barbara;9/6/2018;9/7/2018;9;7;2018;CPCI;CPCI;;Rede de cerco;Tunídeos;Cachorrinha ou Judeu;Auxis sp;4140
São Vicente;Vinte-7;9/6/2018;9/7/2018;9;7;2018;CPCI;CPCI;;Rede de cerco;Tunídeos;Cachorrinha ou Judeu;Auxis sp;4894
São Vicente;Barbara;9/7/2018;9/8/2018;9;8;2018;CPCI;CPCI;;Rede de cerco;Tunídeos;Cachorrinha ou Judeu;Auxis sp;5762
São Vicente;Kelly;9/7/2018;9/8/2018;9;8;2018;CPCI;CPCI;;Rede de cerco;Tunídeos;Cachorrinha ou Judeu;Auxis sp;3184
São Vicente;Deivika;9/7/2018;9/8/2018;9;8;2018;CPCI;CPCI;;Rede de cerco;Tunídeos;Cachorrinha ou Judeu;Auxis sp;2160
São Vicente;Baía Porto Novo;9/7/2018;9/8/2018;9;8;2018;CPCI;CPCI;;Rede de cerco;Tunídeos;Cachorrinha ou Judeu;Auxis sp;7075
São Vicente;Ponta Cacimba;9/7/2018;9/8/2018;9;8;2018;CPCI;CPCI;;Rede de cerco;Tunídeos;Cachorrinha ou Judeu;Auxis sp;2781
São Vicente;Cristalina A;9/7/2018;9/8/2018;9;8;2018;CPCI;CPCI;;Rede de cerco;Tunídeos;Cachorrinha ou Judeu;Auxis sp;9504
São Vicente;Barbara;9/10/2018;9/11/2018;9;11;2018;CPCI;CPCI;;Rede de cerco;Tunídeos;Cachorrinha ou Judeu;Auxis sp;4728
São Vicente;Vinte-7;9/11/2018;9/12/2018;9;12;2018;CPCI;CPCI;;Rede de cerco;Tunídeos;Cachorrinha ou Judeu;Auxis sp;706
São Vicente;Baía Porto Novo;9/12/2018;9/13/2018;9;13;2018;CPCI;CPCI;;Rede de cerco;Tunídeos;Cachorrinha ou Judeu;Auxis sp;2532
São Vicente;Cristalina A;9/12/2018;9/13/2018;9;13;2018;CPCI;CPCI;;Rede de cerco;Tunídeos;Cachorrinha ou Judeu;Auxis sp;1028
São Vicente;São João Baptista;9/12/2018;9/13/2018;9;13;2018;CPCI;CPCI;;Rede de cerco;Tunídeos;Cachorrinha ou Judeu;Auxis sp;3275
São Vicente;Belfish II;9/14/2018;9/15/2018;9;15;2018;CPCI;CPCI;Tarrafal de Monte Trigo;Rede de cerco;Tunídeos;Cachorrinha ou Judeu;Auxis sp;3162
São Vicente;Djeta;9/15/2018;9/16/2018;9;16;2018;CPCI;CPCI;;Rede de cerco;Tunídeos;Cachorrinha ou Judeu;Auxis sp;2656
São Vicente;Cristalina A;9/15/2018;9/16/2018;9;16;2018;CPCI;CPCI;;Rede de cerco;Tunídeos;Cachorrinha ou Judeu;Auxis sp;7146
São Vicente;Cristalina A;9/15/2018;9/16/2018;9;16;2018;CPCI;CPCI;;Rede de cerco;Pequenos pelágicos;Cavala preta;Decapterus macarellus;12022
São Vicente;Cristalina A;9/15/2018;9/16/2018;9;16;2018;CPCI;CPCI;;;Diversos;Diversos;;119
São Vicente;Cristalina A;9/15/2018;9/16/2018;9;16;2018;CPCI;CPCI;;;Pequenos pelágicos;Chicharro;Selar crumenophthalmus;3722
São Vicente;Barbara;9/17/2018;9/18/2018;9;18;2018;CPCI;CPCI;;Rede de cerco;Tunídeos;Cachorrinha ou Judeu;Auxis sp;1743
São Vicente;Ponta Cacimba;9/18/2018;9/19/2018;9;19;2018;CPCI;CPCI;;;Tunídeos;Gaiado;Katsuwonus pelamis;7737
São Vicente;Cristalina A;9/18/2018;9/19/2018;9;19;2018;CPCI;CPCI;;Rede de cerco;Pequenos pelágicos;Cavala preta;Decapterus macarellus;5517
São Vicente;Cristalina A;9/18/2018;9/19/2018;9;19;2018;CPCI;CPCI;;;Diversos;Diversos;;240
São Vicente;Cristalina A;9/18/2018;9/19/2018;9;19;2018;CPCI;CPCI;;;Pequenos pelágicos;Chicharro;Selar crumenophthalmus;476
São Vicente;Maranata;9/18/2018;9/19/2018;9;19;2018;CPCI;CPCI;;;Diversos;Diversos;;1836
São Vicente;Maranata;9/18/2018;9/19/2018;9;19;2018;CPCI;CPCI;;;Tunídeos;Serra ou Djeu;Acanthocybium solandri;1441
São Vicente;Cristalina A;9/20/2018;9/21/2018;9;21;2018;CPCI;CPCI;;Rede de cerco;Pequenos pelágicos;Cavala preta;Decapterus macarellus;8888
São Vicente;Frescura Baía;7/17/2018;7/18/2018;7;18;2018;CPCI;CPCI;;Rede de cerco;Tunídeos;Cachorrinha ou Judeu;Auxis sp;6037
São Vicente;Barbara;7/17/2018;7/18/2018;7;18;2018;CPCI;CPCI;;Rede de cerco;Tunídeos;Cachorrinha ou Judeu;Auxis sp;4457
São Vicente;Belfish II;7/17/2018;7/18/2018;7;18;2018;CPCI;CPCI;Tarrafal de Monte Trigo;Rede de cerco;Tunídeos;Cachorrinha ou Judeu;Auxis sp;7614
São Vicente;Djesone;7/17/2018;7/18/2018;7;18;2018;CPCI;CPCI;;Rede de cerco;Tunídeos;Cachorrinha ou Judeu;Auxis sp;7002
São Vicente;Baía Porto Novo;7/17/2018;7/18/2018;7;18;2018;CPCI;CPCI;;Rede de cerco;Tunídeos;Cachorrinha ou Judeu;Auxis sp;17005
São Vicente;São José;7/17/2018;7/18/2018;7;18;2018;CPCI;CPCI;;Rede de cerco;Tunídeos;Cachorrinha ou Judeu;Auxis sp;7143
São Vicente;Kelly;7/17/2018;7/18/2018;7;18;2018;CPCI;CPCI;;Rede de cerco;Tunídeos;Cachorrinha ou Judeu;Auxis sp;2950
São Vicente;Atlantida II;7/18/2018;7/19/2018;7;19;2018;CPCI;CPCI;;Rede de cerco;Tunídeos;Cachorrinha ou Judeu;Auxis sp;2690
São Vicente;Ponta Cacimba;7/18/2018;7/19/2018;7;19;2018;CPCI;CPCI;;Rede de cerco;Tunídeos;Cachorrinha ou Judeu;Auxis sp;13074
São Vicente;Sal Rei;7/18/2018;7/19/2018;7;19;2018;CPCI;CPCI;;Rede de cerco;Tunídeos;Cachorrinha ou Judeu;Auxis sp;7836
São Vicente;Frescura Baía;7/18/2018;7/19/2018;7;19;2018;CPCI;CPCI;;Rede de cerco;Tunídeos;Cachorrinha ou Judeu;Auxis sp;8404
São Vicente;Maranata;7/18/2018;7/19/2018;7;19;2018;CPCI;CPCI;;Rede de cerco;Tunídeos;Cachorrinha ou Judeu;Auxis sp;7771
São Vicente;Djeta;7/18/2018;7/19/2018;7;19;2018;CPCI;CPCI;;;Tunídeos;Gaiado;Katsuwonus pelamis;2489
São Vicente;Vinte-7;7/19/2018;7/20/2018;7;20;2018;CPCI;CPCI;;Rede de cerco;Tunídeos;Cachorrinha ou Judeu;Auxis sp;8161
São Vicente;Barbara;7/19/2018;7/20/2018;7;20;2018;CPCI;CPCI;;Rede de cerco;Tunídeos;Cachorrinha ou Judeu;Auxis sp;10463
São Vicente;São João Baptista;7/20/2018;7/21/2018;7;21;2018;CPCI;CPCI;;Rede de cerco;Tunídeos;Cachorrinha ou Judeu;Auxis sp;7920
São Vicente;Gamboa;7/20/2018;7/21/2018;7;21;2018;CPCI;CPCI;;Rede de cerco;Tunídeos;Cachorrinha ou Judeu;Auxis sp;9256
São Vicente;Djesone;7/20/2018;7/21/2018;7;21;2018;CPCI;CPCI;;Rede de cerco;Tunídeos;Cachorrinha ou Judeu;Auxis sp;8756
São Vicente;Luta de Pescadores;7/24/2018;7/25/2018;7;25;2018;CPCI;CPCI;;;Tunídeos;Gaiado;Katsuwonus pelamis;12256
São Vicente;Ponta Cacimba;7/24/2018;7/25/2018;7;25;2018;CPCI;CPCI;;Rede de cerco;Tunídeos;Cachorrinha ou Judeu;Auxis sp;10607
São Vicente;Ponta Cacimba;7/24/2018;7/25/2018;7;25;2018;CPCI;CPCI;;;Tunídeos;Gaiado;Katsuwonus pelamis;2209
São Vicente;Belfish II;7/24/2018;7/25/2018;7;25;2018;CPCI;CPCI;Tarrafal de Monte Trigo;;Tunídeos;Gaiado;Katsuwonus pelamis;6011
São Vicente;Kelly;7/24/2018;7/25/2018;7;25;2018;CPCI;CPCI;;;Tunídeos;Gaiado;Katsuwonus pelamis;2656
São Vicente;Deivika;7/24/2018;7/25/2018;7;25;2018;CPCI;CPCI;;;Tunídeos;Gaiado;Katsuwonus pelamis;4091
São Vicente;Sal Rei;7/24/2018;7/25/2018;7;25;2018;CPCI;CPCI;;;Tunídeos;Gaiado;Katsuwonus pelamis;9000
São Vicente;Tantum;7/25/2018;7/26/2018;7;26;2018;CPCI;CPCI;;Rede de cerco;Tunídeos;Cachorrinha ou Judeu;Auxis sp;6011
São Vicente;Ponta Peça;7/25/2018;7/26/2018;7;26;2018;CPCI;CPCI;;;Tunídeos;Gaiado;Katsuwonus pelamis;9871
São Vicente;Kelly;7/25/2018;7/26/2018;7;26;2018;CPCI;CPCI;;;Tunídeos;Gaiado;Katsuwonus pelamis;3706
São Vicente;Atlantida II;7/25/2018;7/26/2018;7;26;2018;CPCI;CPCI;;Rede de cerco;Tunídeos;Gaiado;Katsuwonus pelamis;1600
São Vicente;Laginha;7/25/2018;7/26/2018;7;26;2018;CPCI;CPCI;;;Tunídeos;Gaiado;Katsuwonus pelamis;5765
São Vicente;Gamboa;7/25/2018;7/26/2018;7;26;2018;CPCI;CPCI;;Rede de cerco;Tunídeos;Cachorrinha ou Judeu;Auxis sp;4042
São Vicente;Frescura Baía;7/25/2018;7/26/2018;7;26;2018;CPCI;CPCI;;Rede de cerco;Tunídeos;Cachorrinha ou Judeu;Auxis sp;3700
São Vicente;Frescura Baía;7/25/2018;7/26/2018;7;26;2018;CPCI;CPCI;;;Tunídeos;Gaiado;Katsuwonus pelamis;607
São Vicente;Djeta;7/26/2018;7/27/2018;7;27;2018;CPCI;CPCI;;;Tunídeos;Gaiado;Katsuwonus pelamis;490
São Vicente;Djeta;7/26/2018;7/27/2018;7;27;2018;CPCI;CPCI;;Rede de cerco;Tunídeos;Cachorrinha ou Judeu;Auxis sp;5704
São Vicente;Djesone;7/26/2018;7/27/2018;7;27;2018;CPCI;CPCI;;Rede de cerco;Tunídeos;Cachorrinha ou Judeu;Auxis sp;8175
São Vicente;Ponta Cacimba;7/27/2018;7/28/2018;7;28;2018;CPCI;CPCI;;Rede de cerco;Tunídeos;Cachorrinha ou Judeu;Auxis sp;8764
São Vicente;Baía Porto Novo;7/27/2018;7/28/2018;7;28;2018;CPCI;CPCI;;Rede de cerco;Tunídeos;Cachorrinha ou Judeu;Auxis sp;23645
São Vicente;Barbara;7/27/2018;7/28/2018;7;28;2018;CPCI;CPCI;;Rede de cerco;Tunídeos;Cachorrinha ou Judeu;Auxis sp;10456
São Vicente;Vinte-7;7/27/2018;7/28/2018;7;28;2018;CPCI;CPCI;;Rede de cerco;Tunídeos;Cachorrinha ou Judeu;Auxis sp;10092
São Vicente;Luta de Pescadores;7/27/2018;7/28/2018;7;28;2018;CPCI;CPCI;;Rede de cerco;Tunídeos;Cachorrinha ou Judeu;Auxis sp;5117
São Vicente;Luta de Pescadores;7/28/2018;7/29/2018;7;29;2018;CPCI;CPCI;;Rede de cerco;Tunídeos;Cachorrinha ou Judeu;Auxis sp;19525
São Vicente;Luta de Pescadores;7/28/2018;7/29/2018;7;29;2018;CPCI;CPCI;;;Tunídeos;Gaiado;Katsuwonus pelamis;3258
São Vicente;Gamboa;7/28/2018;7/29/2018;7;29;2018;CPCI;CPCI;;Rede de cerco;Tunídeos;Cachorrinha ou Judeu;Auxis sp;9923
São Vicente;Cristalina A;7/28/2018;7/29/2018;7;29;2018;CPCI;CPCI;;Rede de cerco;Tunídeos;Cachorrinha ou Judeu;Auxis sp;20742
São Vicente;Belfish II;7/28/2018;7/29/2018;7;29;2018;CPCI;CPCI;Tarrafal de Monte Trigo;Rede de cerco;Tunídeos;Cachorrinha ou Judeu;Auxis sp;5422
São Vicente;Ponta Cacimba;7/29/2018;7/30/2018;7;30;2018;CPCI;CPCI;;Rede de cerco;Tunídeos;Cachorrinha ou Judeu;Auxis sp;3366
São Vicente;São João Baptista;7/29/2018;7/30/2018;7;30;2018;CPCI;CPCI;;Rede de cerco;Tunídeos;Cachorrinha ou Judeu;Auxis sp;4000
São Vicente;São João Baptista;7/30/2018;7/31/2018;7;31;2018;CPCI;CPCI;;Rede de cerco;Tunídeos;Cachorrinha ou Judeu;Auxis sp;4000
Santo Antão;Djesone;1/15/2018;1/16/2018;1;16;2018;Porto Novo;Porto Novo;Póss de pau;Rede de cerco;Pequenos pelágicos;Cavala preta;Decapterus macarellus;3300
Santo Antão;São João Baptista;1/27/2018;1/28/2018;1;28;2018;Porto Novo;Porto Novo;Póss de pau;Rede de cerco;Pequenos pelágicos;Cavala preta;Decapterus macarellus;1450
Santo Antão;São João Baptista;2/7/2018;2/8/2018;2;8;2018;Porto Novo;Porto Novo;Baía do Porto Novo;Rede de cerco;Pequenos pelágicos;Cavala branca;Decapterus punctatus;800
Santo Antão;Barbara;2/11/2018;2/12/2018;2;12;2018;Porto Novo;Porto Novo;Póss de pau;Rede de cerco;Pequenos pelágicos;Cavala preta;Decapterus macarellus;6000
Santo Antão;Djesone;3/16/2018;3/17/2018;3;17;2018;Porto Novo;Porto Novo;Baía do Porto Novo;Rede de cerco;Pequenos pelágicos;Chicharro;Selar crumenophthalmus;500
Santo Antão;Barbara;3/19/2018;3/20/2018;3;20;2018;Porto Novo;Porto Novo;Baía do Porto Novo;Rede de cerco;Pequenos pelágicos;Chicharro;Selar crumenophthalmus;600
Santo Antão;Maranata;4/7/2018;4/8/2018;4;8;2018;Porto Novo;Porto Novo;Baía do Porto Novo;Rede de cerco;Pequenos pelágicos;Chicharro;Selar crumenophthalmus;1000
Santo Antão;Barbara;4/15/2018;4/16/2018;4;16;2018;Porto Novo;Porto Novo;Ilheu raso;Rede de cerco;Pequenos pelágicos;Cavala preta;Decapterus macarellus;3000
Santo Antão;Djesone;4/19/2018;4/20/2018;4;20;2018;Porto Novo;Porto Novo;Ilheu raso;Rede de cerco;Pequenos pelágicos;Cavala preta;Decapterus macarellus;420
Santo Antão;Djesone;4/23/2018;4/24/2018;4;24;2018;Porto Novo;Porto Novo;Flamengo;Rede de cerco;Pequenos pelágicos;Cavala preta;Decapterus macarellus;2900
Santo Antão;Sona peixe;5/11/2018;5/12/2018;5;12;2018;Porto Novo;Porto Novo;Baía do Porto Novo;Rede de cerco;Pequenos pelágicos;Chicharro;Selar crumenophthalmus;300
Santo Antão;São João Baptista;5/15/2018;5/16/2018;5;16;2018;Porto Novo;Porto Novo;São Pedro;Rede de cerco;Pequenos pelágicos;Cavala preta;Decapterus macarellus;5300
Santo Antão;Djesone;5/19/2018;5/20/2018;5;20;2018;Porto Novo;Porto Novo;Ilheu raso;Rede de cerco;Pequenos pelágicos;Cavala preta;Decapterus macarellus;5000
Santo Antão;Barbara;5/19/2018;5/20/2018;5;20;2018;Porto Novo;Porto Novo;Baía do Porto Novo;Rede de cerco;Pequenos pelágicos;Chicharro;Selar crumenophthalmus;500
Santo Antão;Barbara;5/19/2018;5/20/2018;5;20;2018;Porto Novo;Porto Novo;Baía do Porto Novo;Rede de cerco;Demersais;Esmoregal ou Serze;Seriola sp;60
Santo Antão;São João Baptista;6/11/2018;6/12/2018;6;12;2018;Porto Novo;Porto Novo;Ilheu raso;Rede de cerco;Tunídeos;Cachorrinha ou Judeu;Auxis sp;180
Santo Antão;São João Baptista;6/11/2018;6/12/2018;6;12;2018;Porto Novo;Porto Novo;Ilheu raso;Rede de cerco;Pequenos pelágicos;Cavala preta;Decapterus macarellus;1080
Sal;Chefarote;1/16/2018;1/16/2018;1;16;2018;Palmeira;Palmeira;Madama;Rede de cerco;Pequenos pelágicos;Chicharro;Selar crumenophthalmus;100
Sal;Chefarote;1/16/2018;1/16/2018;1;16;2018;Palmeira;Palmeira;Madama;Rede de cerco;Tunídeos;Cachorrinha ou Judeu;Auxis sp;200
Sal;Chefarote;1/16/2018;1/16/2018;1;16;2018;Palmeira;Palmeira;Madama;Rede de cerco;Pequenos pelágicos;Arenque;Sardinella maderensis;50
Sal;Mestre Pimentel;1/16/2018;1/16/2018;1;16;2018;Palmeira;Palmeira;Madama;Rede de cerco;Tunídeos;Cachorrinha ou Judeu;Auxis sp;1800
Sal;Chefarote;1/19/2018;1/19/2018;1;19;2018;Palmeira;Palmeira;Madama;Rede de cerco;Tunídeos;Cachorrinha ou Judeu;Auxis sp;600
Sal;Mestre Pimentel;1/20/2018;1/20/2018;1;20;2018;Palmeira;Palmeira;Madama;Rede de cerco;Tunídeos;Cachorrinha ou Judeu;Auxis sp;800
Sal;Luta de Pescadores;1/21/2018;1/22/2018;1;22;2018;Palmeira;Palmeira;Santa Maria;Rede de cerco;Pequenos pelágicos;Cavala preta;Decapterus macarellus;5000
Sal;Mestre Pimentel;1/24/2018;1/24/2018;1;24;2018;Palmeira;Palmeira;Madama;Rede de cerco;Tunídeos;Cachorrinha ou Judeu;Auxis sp;3000
Sal;Chefarote;1/24/2018;1/24/2018;1;24;2018;Palmeira;Palmeira;Madama;Rede de cerco;Tunídeos;Cachorrinha ou Judeu;Auxis sp;2000
Sal;Luta de Pescadores;1/25/2018;1/26/2018;1;26;2018;Santa Maria;Palmeira;Santa Maria;Rede de cerco;Pequenos pelágicos;Cavala branca;Decapterus punctatus;2000
Sal;Chefarote;1/29/2018;1/29/2018;1;29;2018;Palmeira;Palmeira;Madama;Rede de cerco;Tunídeos;Cachorrinha ou Judeu;Auxis sp;2000
Sal;Mestre Pimentel;2/7/2018;2/7/2018;2;7;2018;Palmeira;Palmeira;Madama;Rede de cerco;Tunídeos;Cachorrinha ou Judeu;Auxis sp;2000
Sal;Chefarote;2/8/2018;2/8/2018;2;8;2018;Palmeira;Palmeira;Ilheu raso;Rede de cerco;Tunídeos;Cachorrinha ou Judeu;Auxis sp;1400
Sal;Mestre Pimentel;2/11/2018;2/11/2018;2;11;2018;Palmeira;Palmeira;Madama;Rede de cerco;Tunídeos;Cachorrinha ou Judeu;Auxis sp;600
Sal;Chefarote;2/12/2018;2/12/2018;2;12;2018;Palmeira;Palmeira;Madama;Rede de cerco;Tunídeos;Cachorrinha ou Judeu;Auxis sp;1100
Sal;Luta de Pescadores;2/15/2018;2/16/2018;2;16;2018;Palmeira;Palmeira;Santa Maria;Rede de cerco;Pequenos pelágicos;Cavala preta;Decapterus macarellus;8000
Sal;Luta de Pescadores;2/15/2018;2/16/2018;2;16;2018;Palmeira;Palmeira;Santa Maria;Rede de cerco;Tunídeos;Cachorrinha ou Judeu;Auxis sp;400
Sal;Mestre Pimentel;2/16/2018;2/16/2018;2;16;2018;Palmeira;Palmeira;Madama;Rede de cerco;Pequenos pelágicos;Cavala branca;Decapterus punctatus;800
Sal;Luta de Pescadores;2/19/2018;2/20/2018;2;20;2018;Palmeira;Palmeira;Santa Maria;Rede de cerco;Pequenos pelágicos;Cavala preta;Decapterus macarellus;2500
Sal;Luta de Pescadores;2/19/2018;2/20/2018;2;20;2018;Palmeira;Palmeira;Santa Maria;Rede de cerco;Demersais;Esmoregal ou Serze;Seriola rivoliana;3000
Sal;Luta de Pescadores;2/21/2018;2/22/2018;2;22;2018;Palmeira;Palmeira;Santa Maria;Rede de cerco;Pequenos pelágicos;Cavala preta;Decapterus macarellus;7000
Sal;Luta de Pescadores;2/21/2018;2/22/2018;2;22;2018;Palmeira;Palmeira;Santa Maria;Rede de cerco;Tunídeos;Cachorrinha ou Judeu;Auxis sp;400
Sal;Luta de Pescadores;3/4/2018;3/5/2018;3;5;2018;Palmeira;Palmeira;Santa Maria;Rede de cerco;Pequenos pelágicos;Cavala preta;Decapterus macarellus;250
Sal;Luta de Pescadores;3/4/2018;3/5/2018;3;5;2018;Palmeira;Palmeira;Santa Maria;Rede de cerco;Pequenos pelágicos;Cavala branca;Decapterus punctatus;2500
Sal;Luta de Pescadores;3/4/2018;3/5/2018;3;5;2018;Palmeira;Palmeira;Santa Maria;Rede de cerco;Tunídeos;Cachorrinha ou Judeu;Auxis sp;250
Sal;Mestre Pimentel;3/8/2018;3/8/2018;3;8;2018;Palmeira;Palmeira;Madama;Rede de cerco;Tunídeos;Cachorrinha ou Judeu;Auxis sp;250
Sal;Luta de Pescadores;3/8/2018;3/9/2018;3;9;2018;Palmeira;Palmeira;Santa Maria;Rede de cerco;Pequenos pelágicos;Cavala preta;Decapterus macarellus;9000
Sal;Chefarote;3/10/2018;3/10/2018;3;10;2018;Palmeira;Palmeira;Madama;Rede de cerco;Tunídeos;Cachorrinha ou Judeu;Auxis sp;900
Sal;Chefarote;3/13/2018;3/13/2018;3;13;2018;Palmeira;Palmeira;Madama;Rede de cerco;Tunídeos;Cachorrinha ou Judeu;Auxis sp;400
Sal;Mestre Pimentel;3/19/2018;3/19/2018;3;19;2018;Palmeira;Palmeira;Madama;Rede de cerco;Tunídeos;Cachorrinha ou Judeu;Auxis sp;550
Sal;Luta de Pescadores;3/21/2018;3/24/2018;3;24;2018;Palmeira;Cais de pesca da Praia;Sal;Rede de cerco;Pequenos pelágicos;Cavala preta;Decapterus macarellus;17000
Sal;Luta de Pescadores;3/26/2018;3/27/2018;3;27;2018;Praia;Sal;Santa Maria;Rede de cerco;Pequenos pelágicos;Cavala preta;Decapterus macarellus;1500
Sal;Luta de Pescadores;3/29/2018;3/30/2018;3;30;2018;Palmeira;Palmeira;Santa Maria;Rede de cerco;Pequenos pelágicos;Cavala preta;Decapterus macarellus;500
São Vicente;Rita Maria;11/21/2018;11/23/2018;11;23;2018;CPCI;CPCI/ Mercado de peixe;Tarrafal de Monte Trigo;Linha e vara;Demersais;Salmão;Elagatis bipinnulata;124
São Vicente;São João Baptista;11/14/2018;11/15/2018;11;15;2018;CPCI;CPCI;;Rede de cerco;Tunídeos;Cachorrinha ou Judeu;Auxis sp;3316
São Vicente;Maranata;11/15/2018;11/16/2018;11;16;2018;CPCI;CPCI;;Rede de cerco;Tunídeos;Gaiado;Katsuwonus pelamis;2160
São Vicente;Cristalina A;11/16/2018;11/17/2018;11;17;2018;CPCI;CPCI;;Rede de cerco;Pequenos pelágicos;Cavala preta;Decapterus macarellus;4096
São Vicente;Maranata;11/21/2018;11/22/2018;11;22;2018;CPCI;CPCI;;Rede de cerco;Tunídeos;Diversos;;689
São Vicente;B/p art Principe de Gala;11/26/2018;11/27/2018;11;27;2018;CPCI;CPCI;;Rede de cerco;Tunídeos;Albacora;Thunnus albacares;253
São Vicente;Cristalina A;11/27/2018;11/28/2018;11;28;2018;CPCI;CPCI;;Rede de cerco;Tunídeos;Cachorrinha ou Judeu;Auxis sp;1343
São Vicente;Cristalina A;11/27/2018;11/28/2018;11;28;2018;CPCI;CPCI;;Rede de cerco;Pequenos pelágicos;Cavala preta;Decapterus macarellus;400
Sal;Chefarote;4/4/2018;4/4/2018;4;4;2018;Palmeira;Palmeira;Madama;Rede de cerco;Tunídeos;Cachorrinha ou Judeu;Auxis sp;200
Sal;Luta de Pescadores;4/5/2018;4/6/2018;4;6;2018;Palmeira;Cais de pesca da Praia;Santa Maria;Rede de cerco;Pequenos pelágicos;Cavala preta;Decapterus macarellus;15000
Sal;Chefarote;4/6/2018;4/7/2018;4;7;2018;Palmeira;Palmeira;Madama;Rede de cerco;Pequenos pelágicos;Chicharro;Selar crumenophthalmus;2000
Sal;Mestre Pimentel;4/7/2018;4/7/2018;4;7;2018;Palmeira;Palmeira;Madama;Rede de cerco;Tunídeos;Cachorrinha ou Judeu;Auxis sp;400
Sal;Luta de Pescadores;4/8/2018;4/9/2018;4;9;2018;Palmeira;Palmeira;Santa Maria;Rede de cerco;Pequenos pelágicos;Cavala preta;Decapterus macarellus;1200
Sal;Chefarote;4/14/2018;4/15/2018;4;15;2018;Palmeira;Palmeira;Madama;Rede de cerco;Pequenos pelágicos;Chicharro;Selar crumenophthalmus;280
Sal;Luta de Pescadores;4/15/2018;4/17/2018;4;17;2018;Palmeira;Palmeira;Santa Maria;Rede de cerco;Pequenos pelágicos;Chicharro;Selar crumenophthalmus;1200
Santiago;Luta de Pescadores;4/19/2018;4/22/2018;4;22;2018;Palmeira;Cais de pesca da Praia;São Nicolau;Rede de cerco;Demersais;Fatcho de fundo;Mulloidichthys martinicus;2500
Sal;Chefarote;4/24/2018;4/24/2018;4;24;2018;Palmeira;Palmeira;;Rede de cerco;Tunídeos;Cachorrinha ou Judeu;Auxis sp;200
Santiago;Luta de Pescadores;4/24/2018;4/27/2018;4;27;2018;Cais de pesca da Praia;Cais de pesca da Praia;Boa Vista;Rede de cerco;Demersais;Goraz;Lutjanus fulgens;80
Santiago;Luta de Pescadores;4/28/2018;4/30/2018;4;30;2018;Cais de pesca da Praia;Cais de pesca da Praia;Boa Vista;Rede de cerco;Demersais;Fatcho de fundo;Mulloidichthys martinicus;200
Sal;Chefarote;4/28/2018;4/28/2018;4;28;2018;Palmeira;Palmeira;Madama;Rede de cerco;Tunídeos;Cachorrinha ou Judeu;Auxis sp;350
Sal;Chefarote;4/28/2018;4/28/2018;4;28;2018;Palmeira;Palmeira;Madama;Rede de cerco;Pequenos pelágicos;Dobrada;Spicara melanurus;200
São Vicente;Cristalina A;7/31/2018;8/1/2018;8;1;2018;CPCI;CPCI;Sul de São Pedro;Rede de cerco;Tunídeos;Cachorrinha ou Judeu;Auxis sp;21993
São Vicente;Djesone;7/31/2018;8/1/2018;8;1;2018;CPCI;CPCI;Baía do Porto Novo;Rede de cerco;Tunídeos;Cachorrinha ou Judeu;Auxis sp;5188
São Vicente;Laginha;7/31/2018;8/1/2018;8;1;2018;CPCI;CPCI;Palha carga;Rede de cerco;Tunídeos;Cachorrinha ou Judeu;Auxis sp;4525
São Vicente;Ponta Peça;7/30/2018;8/1/2018;8;1;2018;CPCI;CPCI;Ilheu raso;Rede de cerco;Tunídeos;Cachorrinha ou Judeu;Auxis sp;3728
São Vicente;Sal Rei;7/30/2018;8/1/2018;8;1;2018;CPCI;CPCI;Tarrafal de Monte Trigo;Rede de cerco;Tunídeos;Cachorrinha ou Judeu;Auxis sp;6171
São Vicente;Barbara;8/1/2018;8/2/2018;8;2;2018;CPCI;CPCI;Farol de boi;Rede de cerco;Tunídeos;Cachorrinha ou Judeu;Auxis sp;8146
São Vicente;Maranata;8/1/2018;8/2/2018;8;2;2018;CPCI;CPCI;Ilheu raso;Rede de cerco;Tunídeos;Cachorrinha ou Judeu;Auxis sp;9988
São Vicente;São João Baptista;7/31/2018;8/2/2018;8;2;2018;CPCI;CPCI;Ilheu branco;Rede de cerco;Tunídeos;Cachorrinha ou Judeu;Auxis sp;15823
São Vicente;Baía Porto Novo;8/1/2018;8/2/2018;8;2;2018;CPCI;CPCI;Ilheu raso e branco;Rede de cerco;Tunídeos;Cachorrinha ou Judeu;Auxis sp;28239
São Vicente;Ponta Cacimba;8/1/2018;8/3/2018;8;3;2018;CPCI;CPCI;Saragarça;Rede de cerco;Tunídeos;Cachorrinha ou Judeu;Auxis sp;23468
São Vicente;Gamboa;8/2/2018;8/3/2018;8;3;2018;CPCI;CPCI;Baía das Gatas;Rede de cerco;Tunídeos;Cachorrinha ou Judeu;Auxis sp;8401
São Vicente;Laginha;8/2/2018;8/3/2018;8;3;2018;CPCI;CPCI;Sul de São Pedro;Rede de cerco;Tunídeos;Cachorrinha ou Judeu;Auxis sp;10110
São Vicente;Djesone;8/2/2018;8/3/2018;8;3;2018;CPCI;CPCI;Praia Formosa;Rede de cerco;Tunídeos;Cachorrinha ou Judeu;Auxis sp;8481
São Vicente;Belfish II;8/1/2018;8/3/2018;8;3;2018;CPCI;CPCI;Tarrafal de Monte Trigo;Rede de cerco;Tunídeos;Cachorrinha ou Judeu;Auxis sp;2248
São Vicente;Barbara;8/2/2018;8/3/2018;8;3;2018;CPCI;CPCI;Ilheu raso;Rede de cerco;Tunídeos;Cachorrinha ou Judeu;Auxis sp;7980
São Vicente;Ponta Peça;8/2/2018;8/4/2018;8;4;2018;CPCI;CPCI;Sul de São Pedro;Rede de cerco;Tunídeos;Cachorrinha ou Judeu;Auxis sp;19006
São Vicente;Cristalina A;8/2/2018;8/4/2018;8;4;2018;CPCI;CPCI;Ribeirinha de São Pedro;Rede de cerco;Tunídeos;Cachorrinha ou Judeu;Auxis sp;12535
São Vicente;Maranata;8/2/2018;8/4/2018;8;4;2018;CPCI;CPCI;Flamengo;Rede de cerco;Tunídeos;Cachorrinha ou Judeu;Auxis sp;6903
São Vicente;São João Baptista;8/3/2018;8/5/2018;8;5;2018;CPCI;CPCI;Tarrafal de Monte Trigo;Rede de cerco;Tunídeos;Cachorrinha ou Judeu;Auxis sp;14301
São Vicente;Barbara;8/4/2018;8/5/2018;8;5;2018;CPCI;CPCI;Póss de pau;Rede de cerco;Tunídeos;Cachorrinha ou Judeu;Auxis sp;9088
São Vicente;Baía Porto Novo;8/3/2018;8/5/2018;8;5;2018;CPCI;CPCI;Ilheu branco;Rede de cerco;Tunídeos;Cachorrinha ou Judeu;Auxis sp;4343
São Vicente;Baía Porto Novo;8/5/2018;8/6/2018;8;6;2018;CPCI;CPCI;Sul de São Pedro;Rede de cerco;Tunídeos;Cachorrinha ou Judeu;Auxis sp;23020
São Vicente;Tantum;8/5/2018;8/6/2018;8;6;2018;CPCI;CPCI;Baía das Gatas;Rede de cerco;Pequenos pelágicos;Chicharro;Selar crumenophthalmus;1200
São Vicente;Vinte-7;8/4/2018;8/6/2018;8;6;2018;CPCI;CPCI;Flamenguinho;Rede de cerco;Tunídeos;Cachorrinha ou Judeu;Auxis sp;2313
São Vicente;Sal Rei;8/4/2018;8/6/2018;8;6;2018;CPCI;CPCI;Tarrafal de Monte Trigo;Rede de cerco;Tunídeos;Cachorrinha ou Judeu;Auxis sp;6354
São Vicente;São José;8/3/2018;8/6/2018;8;6;2018;CPCI;CPCI;Tarrafal de Monte Trigo;Rede de cerco;Tunídeos;Cachorrinha ou Judeu;Auxis sp;10313
São Vicente;Gamboa;8/5/2018;8/6/2018;8;6;2018;CPCI;CPCI;Póss de pau;Rede de cerco;Tunídeos;Cachorrinha ou Judeu;Auxis sp;4532
São Vicente;Djesone;8/5/2018;8/6/2018;8;6;2018;CPCI;CPCI;Baía do Porto Novo;Rede de cerco;Tunídeos;Cachorrinha ou Judeu;Auxis sp;8719
São Vicente;Cristalina A;8/5/2018;8/7/2018;8;7;2018;CPCI;CPCI;Ilheu raso;Rede de cerco;Tunídeos;Cachorrinha ou Judeu;Auxis sp;20323
São Vicente;São João Baptista;8/5/2018;8/7/2018;8;7;2018;CPCI;CPCI;Baía das Gatas;Rede de cerco;Tunídeos;Cachorrinha ou Judeu;Auxis sp;11810
São Vicente;Ponta Peça;8/5/2018;8/7/2018;8;7;2018;CPCI;CPCI;Sul de São Pedro;Rede de cerco;Tunídeos;Cachorrinha ou Judeu;Auxis sp;19174
São Vicente;Maranata;8/6/2018;8/7/2018;8;7;2018;CPCI;CPCI;Palha carga;Rede de cerco;Tunídeos;Cachorrinha ou Judeu;Auxis sp;11415
São Vicente;Belfish II;8/4/2018;8/8/2018;8;8;2018;CPCI;CPCI;Monte Trigo;Rede de cerco;Tunídeos;Cachorrinha ou Judeu;Auxis sp;4414
São Vicente;Ponta Cacimba;8/6/2018;8/8/2018;8;8;2018;CPCI;CPCI;Ilheu branco;Rede de cerco;Tunídeos;Cachorrinha ou Judeu;Auxis sp;7511
São Vicente;Ponta Cacimba;8/6/2018;8/8/2018;8;8;2018;CPCI;CPCI;Ilheu branco;Rede de cerco;Tunídeos;Gaiado;Katsuwonus pelamis;1087
São Vicente;Barbara;8/7/2018;8/8/2018;8;8;2018;CPCI;CPCI;Baía do Porto Grande;Rede de cerco;Tunídeos;Gaiado;Katsuwonus pelamis;2566
São Vicente;Ponta Peça;8/7/2018;8/8/2018;8;8;2018;CPCI;CPCI;Flamengo;Rede de cerco;Tunídeos;Cachorrinha ou Judeu;Auxis sp;22605
São Vicente;Cristalina A;8/7/2018;8/8/2018;8;8;2018;CPCI;CPCI;Sul de São Pedro;Rede de cerco;Tunídeos;Cachorrinha ou Judeu;Auxis sp;9155
São Vicente;Cristalina A;8/8/2018;8/9/2018;8;9;2018;CPCI;CPCI;Ponta de farol;Rede de cerco;Tunídeos;Cachorrinha ou Judeu;Auxis sp;11620
São Vicente;Baía Porto Novo;8/15/2018;8/17/2018;8;17;2018;CPCI;CPCI;Póss de pau;Rede de cerco;Tunídeos;Cachorrinha ou Judeu;Auxis sp;26219
São Vicente;Cristalina A;8/16/2018;8/17/2018;8;17;2018;CPCI;CPCI;Ribeirinha de São Pedro;Rede de cerco;Tunídeos;Cachorrinha ou Judeu;Auxis sp;18471
São Vicente;Barbara;8/16/2018;8/17/2018;8;17;2018;CPCI;CPCI;Praia Formosa;Rede de cerco;Tunídeos;Cachorrinha ou Judeu;Auxis sp;9929
São Vicente;Sal Rei;8/15/2018;8/17/2018;8;17;2018;CPCI;CPCI;Tarrafal de Monte Trigo;Rede de cerco;Tunídeos;Cachorrinha ou Judeu;Auxis sp;8886
São Vicente;São José;8/15/2018;8/18/2018;8;18;2018;CPCI;CPCI;Monte Trigo;Rede de cerco;Tunídeos;Cachorrinha ou Judeu;Auxis sp;10488
São Vicente;Ponta Peça;8/16/2018;8/18/2018;8;18;2018;CPCI;CPCI;Sul de São Pedro;Rede de cerco;Tunídeos;Cachorrinha ou Judeu;Auxis sp;25009
São Vicente;Frescura Baía;8/17/2018;8/18/2018;8;18;2018;CPCI;CPCI;Saragarça;Rede de cerco;Tunídeos;Cachorrinha ou Judeu;Auxis sp;8432
São Vicente;Baía Porto Novo;8/17/2018;8/19/2018;8;19;2018;CPCI;CPCI;Sonje (Porto Novo);Rede de cerco;Tunídeos;Cachorrinha ou Judeu;Auxis sp;23722
São Vicente;Gamboa;8/18/2018;8/19/2018;8;19;2018;CPCI;CPCI;Sul de São Pedro;Rede de cerco;Tunídeos;Cachorrinha ou Judeu;Auxis sp;7703
São Vicente;Laginha;8/18/2018;8/19/2018;8;19;2018;CPCI;CPCI;Canal de fora;Rede de cerco;Tunídeos;Cachorrinha ou Judeu;Auxis sp;9050
São Vicente;Djesone;8/18/2018;8/19/2018;8;19;2018;CPCI;CPCI;Baía do Porto Novo;Rede de cerco;Tunídeos;Cachorrinha ou Judeu;Auxis sp;8249
São Vicente;Atlantida II;8/18/2018;8/19/2018;8;19;2018;CPCI;CPCI;Póss de pau;Rede de cerco;Tunídeos;Cachorrinha ou Judeu;Auxis sp;970
São Vicente;Barbara;8/19/2018;8/20/2018;8;20;2018;CPCI;CPCI;Sonje (Porto Novo);Rede de cerco;Tunídeos;Cachorrinha ou Judeu;Auxis sp;10413
São Vicente;Cristalina A;8/18/2018;8/20/2018;8;20;2018;CPCI;CPCI;Ilheu branco;Rede de cerco;Tunídeos;Cachorrinha ou Judeu;Auxis sp;15512
São Vicente;São José;8/18/2018;8/20/2018;8;20;2018;CPCI;CPCI;Monte Trigo;Rede de cerco;Tunídeos;Cachorrinha ou Judeu;Auxis sp;10125
São Vicente;Sal Rei;8/19/2018;8/20/2018;8;20;2018;CPCI;CPCI;Póss de pau;Rede de cerco;Tunídeos;Cachorrinha ou Judeu;Auxis sp;6867
São Vicente;Kelly;8/19/2018;8/20/2018;8;20;2018;CPCI;CPCI;Baía das Gatas;Rede de cerco;Tunídeos;Cachorrinha ou Judeu;Auxis sp;2839
São Vicente;Ponta Peça;8/19/2018;8/20/2018;8;20;2018;CPCI;CPCI;Calhau;Rede de cerco;Tunídeos;Cachorrinha ou Judeu;Auxis sp;19043
São Vicente;Baía Porto Novo;8/20/2018;8/21/2018;8;21;2018;CPCI;CPCI;Praia Formosa;Rede de cerco;Tunídeos;Cachorrinha ou Judeu;Auxis sp;22563
São Vicente;Gamboa;8/20/2018;8/21/2018;8;21;2018;CPCI;CPCI;Fateja;Rede de cerco;Tunídeos;Cachorrinha ou Judeu;Auxis sp;7768
São Vicente;Djesone;8/20/2018;8/21/2018;8;21;2018;CPCI;CPCI;Póss de pau;Rede de cerco;Tunídeos;Cachorrinha ou Judeu;Auxis sp;10149
São Vicente;Barbara;8/20/2018;8/21/2018;8;21;2018;CPCI;CPCI;Baía do Porto Novo;Rede de cerco;Tunídeos;Cachorrinha ou Judeu;Auxis sp;9105
São Vicente;São João Baptista;8/20/2018;8/21/2018;8;21;2018;CPCI;CPCI;Sul de São Pedro;Rede de cerco;Tunídeos;Cachorrinha ou Judeu;Auxis sp;12611
São Vicente;Maranata;8/20/2018;8/21/2018;8;21;2018;CPCI;CPCI;Póss de pau;Rede de cerco;Tunídeos;Cachorrinha ou Judeu;Auxis sp;8133
São Vicente;Kelly;8/20/2018;8/21/2018;8;21;2018;CPCI;CPCI;Tarrafal de Monte Trigo;Rede de cerco;Tunídeos;Gaiado;Katsuwonus pelamis;3522
São Vicente;Laginha;8/21/2018;8/22/2018;8;22;2018;CPCI;CPCI;Ribeirinha de São Pedro;Rede de cerco;Tunídeos;Cachorrinha ou Judeu;Auxis sp;9908
São Vicente;Frescura Baía;8/21/2018;8/22/2018;8;22;2018;CPCI;CPCI;João d'Évora;Rede de cerco;Tunídeos;Cachorrinha ou Judeu;Auxis sp;5622
São Vicente;São José;8/21/2018;8/22/2018;8;22;2018;CPCI;CPCI;Póss de pau;Rede de cerco;Tunídeos;Cachorrinha ou Judeu;Auxis sp;6252
São Vicente;Tantum;8/21/2018;8/22/2018;8;22;2018;CPCI;CPCI;Baía do Porto Grande;Rede de cerco;Tunídeos;Gaiado;Katsuwonus pelamis;2419
São Vicente;Deivika;8/21/2018;8/22/2018;8;22;2018;CPCI;CPCI;Canal de ponta (São Pedro);Rede de cerco;Tunídeos;Cachorrinha ou Judeu;Auxis sp;3380
São Vicente;Sal Rei;8/21/2018;8/22/2018;8;22;2018;CPCI;CPCI;Ilheu raso;Rede de cerco;Tunídeos;Gaiado;Katsuwonus pelamis;8196
São Vicente;Djeta;8/21/2018;8/22/2018;8;22;2018;CPCI;CPCI;Sul de São Pedro;Rede de cerco;Tunídeos;Cachorrinha ou Judeu;Auxis sp;7497
São Vicente;Cristalina A;8/21/2018;8/22/2018;8;22;2018;CPCI;CPCI;Sul de São Pedro;Rede de cerco;Tunídeos;Cachorrinha ou Judeu;Auxis sp;10116
São Vicente;Ponta Peça;8/21/2018;8/22/2018;8;22;2018;CPCI;CPCI;Sul de São Pedro (Calheta);Rede de cerco;Tunídeos;Cachorrinha ou Judeu;Auxis sp;4256
São Vicente;Alice;8/21/2018;8/22/2018;8;22;2018;CPCI;CPCI;Baía das Gatas;Rede de cerco;Pequenos pelágicos;Chicharro;Selar crumenophthalmus;1600
São Vicente;Ponta Peça;8/22/2018;8/23/2018;8;23;2018;CPCI;CPCI;Palha carga;Rede de cerco;Tunídeos;Cachorrinha ou Judeu;Auxis sp;21879
São Vicente;Baía Porto Novo;8/22/2018;8/23/2018;8;23;2018;CPCI;CPCI;Ilheu branco;Rede de cerco;Tunídeos;Cachorrinha ou Judeu;Auxis sp;15808
São Vicente;Gamboa;8/22/2018;8/23/2018;8;23;2018;CPCI;CPCI;Póss de pau;Rede de cerco;Tunídeos;Cachorrinha ou Judeu;Auxis sp;5404
São Vicente;Atlantida II;8/22/2018;8/23/2018;8;23;2018;CPCI;CPCI;Santa Luzia;Rede de cerco;Tunídeos;Gaiado;Katsuwonus pelamis;5404
São Vicente;Ponta Leste;8/21/2018;8/23/2018;8;23;2018;CPCI;CPCI;Tarrafal de São Nicolau;Rede de cerco;Tunídeos;Cachorrinha ou Judeu;Auxis sp;5651
São Vicente;São José;8/22/2018;8/23/2018;8;23;2018;CPCI;CPCI;Saragarça;Rede de cerco;Tunídeos;Cachorrinha ou Judeu;Auxis sp;6198
São Vicente;Kelly;8/22/2018;8/23/2018;8;23;2018;CPCI;CPCI;Fateja;Rede de cerco;Tunídeos;Gaiado;Katsuwonus pelamis;839
São Vicente;Kelly;8/22/2018;8/23/2018;8;23;2018;CPCI;CPCI;Fateja;Rede de cerco;Tunídeos;Cachorrinha ou Judeu;Auxis sp;2123
São Vicente;Sal Rei;8/23/2018;8/24/2018;8;24;2018;CPCI;CPCI;Sul de São Pedro;Rede de cerco;Tunídeos;Cachorrinha ou Judeu;Auxis sp;10353
São Vicente;Barbara;8/23/2018;8/24/2018;8;24;2018;CPCI;CPCI;Sonje (Porto Novo);Rede de cerco;Tunídeos;Cachorrinha ou Judeu;Auxis sp;5158
São Vicente;São João Baptista;8/23/2018;8/24/2018;8;24;2018;CPCI;CPCI;Baía do Porto Novo;Rede de cerco;Tunídeos;Cachorrinha ou Judeu;Auxis sp;5909
São Vicente;São João Baptista;8/23/2018;8/24/2018;8;24;2018;CPCI;CPCI;Baía do Porto Novo;Rede de cerco;Tunídeos;Gaiado;Katsuwonus pelamis;7929
São Vicente;Maranata;8/23/2018;8/24/2018;8;24;2018;CPCI;CPCI;Póss de pau;Rede de cerco;Tunídeos;Cachorrinha ou Judeu;Auxis sp;8457
São Vicente;Maranata;8/23/2018;8/24/2018;8;24;2018;CPCI;CPCI;Póss de pau;Rede de cerco;Tunídeos;Gaiado;Katsuwonus pelamis;2309
São Vicente;Djesone;8/23/2018;8/24/2018;8;24;2018;CPCI;CPCI;Baía do Porto Novo;Rede de cerco;Tunídeos;Cachorrinha ou Judeu;Auxis sp;2557
São Vicente;Ponta Cacimba;8/23/2018;8/24/2018;8;24;2018;CPCI;CPCI;Calheta;Rede de cerco;Tunídeos;Cachorrinha ou Judeu;Auxis sp;12912
São Vicente;Laginha;8/23/2018;8/24/2018;8;24;2018;CPCI;CPCI;Póss de pau;Rede de cerco;Tunídeos;Cachorrinha ou Judeu;Auxis sp;8530
São Vicente;Deivika;8/23/2018;8/24/2018;8;24;2018;CPCI;CPCI;Noroeste;Rede de cerco;Tunídeos;Gaiado;Katsuwonus pelamis;3513
São Vicente;Cristalina A;8/23/2018;8/25/2018;8;25;2018;CPCI;CPCI;Santa Luzia;Rede de cerco;Tunídeos;Cachorrinha ou Judeu;Auxis sp;11134
São Vicente;Gamboa;8/24/2018;8/25/2018;8;25;2018;CPCI;CPCI;Baía das Gatas;Rede de cerco;Tunídeos;Cachorrinha ou Judeu;Auxis sp;6404
São Vicente;Luta de Pescadores;8/23/2018;8/25/2018;8;25;2018;CPCI;CPCI;Ponta preta;Rede de cerco;Tunídeos;Cachorrinha ou Judeu;Auxis sp;26790
São Vicente;Kelly;8/24/2018;8/25/2018;8;25;2018;CPCI;CPCI;João d'Évora;Rede de cerco;Tunídeos;Cachorrinha ou Judeu;Auxis sp;2715
São Vicente;Djeta;8/25/2018;8/26/2018;8;26;2018;CPCI;CPCI;Póss de pau;Rede de cerco;Tunídeos;Cachorrinha ou Judeu;Auxis sp;7060
São Vicente;São João Baptista;8/25/2018;8/26/2018;8;26;2018;CPCI;CPCI;Sonje (Porto Novo);Rede de cerco;Tunídeos;Cachorrinha ou Judeu;Auxis sp;7979
São Vicente;Barbara;8/25/2018;8/26/2018;8;26;2018;CPCI;CPCI;Póss de pau;Rede de cerco;Tunídeos;Cachorrinha ou Judeu;Auxis sp;11489
São Vicente;Baía Porto Novo;8/25/2018;8/26/2018;8;26;2018;CPCI;CPCI;Sul de São Pedro;Rede de cerco;Tunídeos;Cachorrinha ou Judeu;Auxis sp;18057
São Vicente;Djesone;8/25/2018;8/26/2018;8;26;2018;CPCI;CPCI;Baía do Porto Grande;Rede de cerco;Tunídeos;Cachorrinha ou Judeu;Auxis sp;5843
São Vicente;Ponta Peça;8/26/2018;8/27/2018;8;27;2018;CPCI;CPCI;Sul de São Pedro;Rede de cerco;Tunídeos;Cachorrinha ou Judeu;Auxis sp;23895
São Vicente;Atlantida II;8/26/2018;8/27/2018;8;27;2018;CPCI;CPCI;Ilheu branco;Rede de cerco;Tunídeos;Cachorrinha ou Judeu;Auxis sp;2425
São Vicente;Atlantida II;8/26/2018;8/27/2018;8;27;2018;CPCI;CPCI;Ilheu branco;Rede de cerco;Tunídeos;Gaiado;Katsuwonus pelamis;5000
São Vicente;São José;8/26/2018;8/27/2018;8;27;2018;CPCI;CPCI;Tarrafal de Monte Trigo;Rede de cerco;Tunídeos;Cachorrinha ou Judeu;Auxis sp;8719
São Vicente;Maranata;8/26/2018;8/27/2018;8;27;2018;CPCI;CPCI;Casco bedjo;Rede de cerco;Tunídeos;Cachorrinha ou Judeu;Auxis sp;8269
São Vicente;Sal Rei;8/26/2018;8/27/2018;8;27;2018;CPCI;CPCI;Tarrafal de Monte Trigo;Rede de cerco;Tunídeos;Cachorrinha ou Judeu;Auxis sp;7851
São Vicente;Cristalina A;8/27/2018;8/28/2018;8;28;2018;CPCI;CPCI;Póss de pau;Rede de cerco;Tunídeos;Cachorrinha ou Judeu;Auxis sp;13766
São Vicente;Gamboa;8/27/2018;8/28/2018;8;28;2018;CPCI;CPCI;Flamengo;Rede de cerco;Tunídeos;Cachorrinha ou Judeu;Auxis sp;3779
São Vicente;Laginha;8/27/2018;8/28/2018;8;28;2018;CPCI;CPCI;Calheta;Rede de cerco;Tunídeos;Cachorrinha ou Judeu;Auxis sp;2063
São Vicente;Kelly;8/27/2018;8/28/2018;8;28;2018;CPCI;CPCI;Praia Formosa;Rede de cerco;Tunídeos;Cachorrinha ou Judeu;Auxis sp;2935
São Vicente;Djeta;8/27/2018;8/28/2018;8;28;2018;CPCI;CPCI;Baía do Porto Grande;Rede de cerco;Tunídeos;Cachorrinha ou Judeu;Auxis sp;2757
São Vicente;Ponta Cacimba;8/27/2018;8/28/2018;8;28;2018;CPCI;CPCI;Sul de São Pedro;Rede de cerco;Tunídeos;Cachorrinha ou Judeu;Auxis sp;8556
São Vicente;São José;8/28/2018;8/29/2018;8;29;2018;CPCI;CPCI;Ponta de farol;Rede de cerco;Tunídeos;Cachorrinha ou Judeu;Auxis sp;2795
São Vicente;Baía Porto Novo;8/28/2018;8/29/2018;8;29;2018;CPCI;CPCI;Ilheu raso;Rede de cerco;Tunídeos;Cachorrinha ou Judeu;Auxis sp;6207
São Vicente;Barbara;8/28/2018;8/29/2018;8;29;2018;CPCI;CPCI;Baía do Porto Novo;Rede de cerco;Tunídeos;Cachorrinha ou Judeu;Auxis sp;6023
São Vicente;São João Baptista;8/28/2018;8/29/2018;8;29;2018;CPCI;CPCI;Póss de pau;Rede de cerco;Tunídeos;Cachorrinha ou Judeu;Auxis sp;11156
São Vicente;Ponta Leste;8/28/2018;8/29/2018;8;29;2018;CPCI;CPCI;Sul de São Nicolau;Rede de cerco;Tunídeos;Cachorrinha ou Judeu;Auxis sp;7557
São Vicente;Sal Rei;8/28/2018;8/29/2018;8;29;2018;CPCI;CPCI;Tarrafal de Monte Trigo;Rede de cerco;Tunídeos;Cachorrinha ou Judeu;Auxis sp;10262
São Vicente;Atlantida II;8/28/2018;8/29/2018;8;29;2018;CPCI;CPCI;Sul de São Pedro;Rede de cerco;Tunídeos;Cachorrinha ou Judeu;Auxis sp;6414
São Vicente;Gamboa;8/29/2018;8/30/2018;8;30;2018;CPCI;CPCI;Baía do Porto Grande;Rede de cerco;Tunídeos;Cachorrinha ou Judeu;Auxis sp;5669
São Vicente;Cristalina A;8/29/2018;8/30/2018;8;30;2018;CPCI;CPCI;Palha carga - Calheta;Rede de cerco;Tunídeos;Cachorrinha ou Judeu;Auxis sp;23407
São Vicente;Djesone;8/29/2018;8/30/2018;8;30;2018;Cais do Porto Novo;CPCI;Sonje (Porto Novo);Rede de cerco;Tunídeos;Cachorrinha ou Judeu;Auxis sp;4825
São Vicente;Ponta Peça;8/29/2018;8/30/2018;8;30;2018;CPCI;CPCI;Sul de São Pedro;Rede de cerco;Tunídeos;Cachorrinha ou Judeu;Auxis sp;7545
São Vicente;Ponta Peça;8/30/2018;8/31/2018;8;31;2018;CPCI;CPCI;Sul de São Pedro;Rede de cerco;Tunídeos;Cachorrinha ou Judeu;Auxis sp;14335
São Vicente;São José;8/30/2018;8/31/2018;8;31;2018;CPCI;CPCI;Praia Formosa;Rede de cerco;Tunídeos;Cachorrinha ou Judeu;Auxis sp;7626
São Vicente;Maranata;8/30/2018;8/31/2018;8;31;2018;CPCI;CPCI;Ilheu raso;Rede de cerco;Tunídeos;Cachorrinha ou Judeu;Auxis sp;11374
São Vicente;Barbara;8/30/2018;8/31/2018;8;31;2018;CPCI;CPCI;Farol de boi e Riberira torta;Rede de cerco;Tunídeos;Cachorrinha ou Judeu;Auxis sp;10254
São Vicente;Laginha;8/30/2018;8/31/2018;8;31;2018;CPCI;CPCI;Póss de pau;Rede de cerco;Tunídeos;Cachorrinha ou Judeu;Auxis sp;10105
Sal;Chefarote;5/6/2018;5/6/2018;5;6;2018;Palmeira;Palmeira;Madama;Rede de cerco;Tunídeos;Cachorrinha ou Judeu;Auxis sp;600
Sal;Mestre Pimentel;5/7/2018;5/8/2018;5;8;2018;Palmeira;Palmeira;Madama;Rede de cerco;Pequenos pelágicos;Chicharro;Selar crumenophthalmus;200
Sal;Mestre Pimentel;5/7/2018;5/8/2018;5;8;2018;Palmeira;Palmeira;Madama;Rede de cerco;Tunídeos;Cachorrinha ou Judeu;Auxis sp;650
Sal;Mestre Pimentel;5/10/2018;5/10/2018;5;10;2018;Palmeira;Palmeira;Madama;Rede de cerco;Tunídeos;Cachorrinha ou Judeu;Auxis sp;800
Sal;Luta de Pescadores;5/12/2018;5/15/2018;5;15;2018;Palmeira;Cais de pesca da Praia;Boa Vista;Rede de cerco;Pequenos pelágicos;Cavala branca;Decapterus punctatus;4000
Sal;Luta de Pescadores;5/12/2018;5/15/2018;5;15;2018;Palmeira;Cais de pesca da Praia;Boa Vista;Rede de cerco;Pequenos pelágicos;4 Rabos/ Róbejunça;Trachinotus goreensis;2000
Sal;Luta de Pescadores;5/12/2018;5/15/2018;5;15;2018;Palmeira;Cais de pesca da Praia;Boa Vista;Rede de cerco;Demersais;Esmoregal ou Serze;Seriola sp;230
Sal;Luta de Pescadores;5/12/2018;5/15/2018;5;15;2018;Palmeira;Cais de pesca da Praia;Boa Vista;Rede de cerco;Demersais;Fatcho de fundo;Mulloidichthys martinicus;150
Sal;Luta de Pescadores;5/16/2018;5/19/2018;5;19;2018;Cais de pesca da Praia;Cais de pesca da Praia;Boa Vista;Rede de cerco;Pequenos pelágicos;Cavala preta;Decapterus macarellus;4000
Sal;Luta de Pescadores;5/16/2018;5/19/2018;5;19;2018;Cais de pesca da Praia;Cais de pesca da Praia;Boa Vista;Rede de cerco;Tunídeos;Cachorrinha ou Judeu;Auxis sp;800
Sal;Chefarote;5/19/2018;5/19/2018;5;19;2018;Palmeira;Palmeira;Madama;Rede de cerco;Tunídeos;Cachorrinha ou Judeu;Auxis sp;1100
Sal;Mestre Pimentel;5/19/2018;5/19/2018;5;19;2018;Palmeira;Palmeira;Madama;Rede de cerco;Tunídeos;Cachorrinha ou Judeu;Auxis sp;400
Sal;Mestre Pimentel;5/19/2018;5/19/2018;5;19;2018;Palmeira;Palmeira;Madama;Rede de cerco;Pequenos pelágicos;Sicate/ Ponteiro/ Ferrão;Hemiramphus brasiliensis;150
Sal;Luta de Pescadores;5/22/2018;5/23/2018;5;23;2018;Palmeira;Cais de pesca da Praia;;Rede de cerco;Pequenos pelágicos;Cavala preta;Decapterus macarellus;16000
Sal;Luta de Pescadores;5/22/2018;5/23/2018;5;23;2018;Palmeira;Cais de pesca da Praia;;Rede de cerco;Tunídeos;Albacora;Thunnus albacares;1200
Sal;Chefarote;5/25/2018;5/25/2018;5;25;2018;Palmeira;Palmeira;Madama;Rede de cerco;Tunídeos;Cachorrinha ou Judeu;Auxis sp;450
Sal;Luta de Pescadores;5/25/2018;5/27/2018;5;27;2018;Cais de pesca da Praia;Cais de pesca da Praia;João Valente;Rede de cerco;Demersais;Fatcho de fundo;Mulloidichthys martinicus;6000
Sal;Luta de Pescadores;5/25/2018;5/27/2018;5;27;2018;Cais de pesca da Praia;Cais de pesca da Praia;João Valente;Rede de cerco;Demersais;Barbeiro;Acanthurus monroviae;300
Sal;Luta de Pescadores;5/25/2018;5/27/2018;5;27;2018;Cais de pesca da Praia;Cais de pesca da Praia;João Valente;Rede de cerco;Demersais;Esmoregal ou Serze;Seriola sp;400
Sal;Chefarote;6/6/2018;6/6/2018;6;6;2018;Palmeira;Palmeira;Madama;Rede de cerco;Tunídeos;Cachorrinha ou Judeu;Auxis sp;260
Sal;Bons Amigos;6/8/2018;6/8/2018;6;8;2018;Palmeira;Palmeira;Ilheu raso;Rede de cerco;Pequenos pelágicos;Pelombeta;Trachinotus ovatus;800
Sal;Mestre Pimentel;6/8/2018;6/8/2018;6;8;2018;Palmeira;Palmeira;Ilheu raso;Rede de cerco;Pequenos pelágicos;Sicate/ Ponteiro/ Ferrão;Hemiramphus brasiliensis;200
Sal;Mestre Pimentel;6/8/2018;6/8/2018;6;8;2018;Palmeira;Palmeira;Ilheu raso;Rede de cerco;Pequenos pelágicos;Pelombeta;Trachinotus ovatus;160
Sal;Mestre Pimentel;6/8/2018;6/8/2018;6;8;2018;Palmeira;Palmeira;Ilheu raso;Rede de cerco;Tunídeos;Cachorrinha ou Judeu;Auxis sp;130
Sal;Mestre Pimentel;6/8/2018;6/9/2018;6;9;2018;Palmeira;Palmeira;Madama;Rede de cerco;Pequenos pelágicos;Bonito;Caranx crysos;400
Sal;Mestre Pimentel;6/8/2018;6/9/2018;6;9;2018;Palmeira;Palmeira;Madama;Rede de cerco;Pequenos pelágicos;Chicharro;Selar crumenophthalmus;300
Sal;Mestre Pimentel;6/9/2018;6/10/2018;6;10;2018;Palmeira;Palmeira;Madama;Rede de cerco;Pequenos pelágicos;Bonito;Caranx crysos;600
Sal;Mestre Pimentel;6/9/2018;6/10/2018;6;10;2018;Palmeira;Palmeira;Madama;Rede de cerco;Pequenos pelágicos;Chicharro;Selar crumenophthalmus;300
Sal;Luta de Pescadores;6/14/2018;6/18/2018;6;18;2018;Palmeira;Palmeira;João Valente;Rede de cerco;Pequenos pelágicos;Cavala preta;Decapterus macarellus;800
Sal;Luta de Pescadores;6/14/2018;6/18/2018;6;18;2018;Palmeira;Palmeira;João Valente;Rede de cerco;Pequenos pelágicos;Bonito;Caranx crysos;700
Santiago;Luta de Pescadores;6/19/2018;6/22/2018;6;22;2018;Palmeira;Cais de pesca da Praia;Boa Vista;Rede de cerco;Demersais;Fatcho de fundo;Mulloidichthys martinicus;800
Santiago;Luta de Pescadores;6/23/2018;6/28/2018;6;28;2018;Cais de pesca da Praia;Cais de pesca da Praia;Boa Vista;Rede de cerco;Demersais;Barbeiro;Acanthurus monroviae;100
Sal;Luta de Pescadores;6/29/2018;7/2/2018;7;2;2018;Cais de pesca da Praia;Cais de pesca da Praia;João Valente;Rede de cerco;Pequenos pelágicos;Cavala preta;Decapterus macarellus;600
Sal;Luta de Pescadores;6/29/2018;7/2/2018;7;2;2018;Cais de pesca da Praia;Cais de pesca da Praia;João Valente;Rede de cerco;Demersais;Fatcho de fundo;Mulloidichthys martinicus;1200
Sal;Luta de Pescadores;6/29/2018;7/2/2018;7;2;2018;Cais de pesca da Praia;Cais de pesca da Praia;João Valente;Rede de cerco;Demersais;Barbeiro;Acanthurus monroviae;800
Sal;Luta de Pescadores;6/29/2018;7/2/2018;7;2;2018;Cais de pesca da Praia;Cais de pesca da Praia;João Valente;Rede de cerco;Tunídeos;Cachorrinha ou Judeu;Auxis sp;200
Sal;Luta de Pescadores;7/5/2018;7/8/2018;7;8;2018;Palmeira;CPCI;Santa Maria;Rede de cerco;Tunídeos;Cachorrinha ou Judeu;Auxis sp;24000
Sal;Luta de Pescadores;7/9/2018;7/11/2018;7;11;2018;CPCI;CPCI;Santo Antão;Rede de cerco;Tunídeos;Cachorrinha ou Judeu;Auxis sp;18000
Sal;Luta de Pescadores;7/12/2018;7/13/2018;7;13;2018;CPCI;CPCI;Santo Antão;Rede de cerco;Tunídeos;Cachorrinha ou Judeu;Auxis sp;2400
Sal;Luta de Pescadores;7/15/2018;7/16/2018;7;16;2018;CPCI;CPCI;Janela;Rede de cerco;Tunídeos;Cachorrinha ou Judeu;Auxis sp;22988
Sal;Chefarote;7/18/2018;7/18/2018;7;18;2018;Palmeira;Palmeira;Madama;Rede de cerco;Tunídeos;Cachorrinha ou Judeu;Auxis sp;400
Sal;Chefarote;7/20/2018;7/20/2018;7;20;2018;Palmeira;Palmeira;Ilheu raso;Rede de cerco;Pequenos pelágicos;Pelombeta;Trachinotus ovatus;300
Sal;Chefarote;7/20/2018;7/20/2018;7;20;2018;Palmeira;Palmeira;Ilheu raso;Rede de cerco;Pequenos pelágicos;Dobrada;Spicara melanurus;200
Sal;Luta de Pescadores;7/22/2018;7/23/2018;7;23;2018;CPCI;CPCI;Noroeste;Rede de cerco;Tunídeos;Gaiado;Katsuwonus pelamis;12900
Sal;Chefarote;7/26/2018;7/27/2018;7;27;2018;Palmeira;Palmeira;Madama;Rede de cerco;Pequenos pelágicos;Chicharro;Selar crumenophthalmus;1200
Sal;Mestre Pimentel;7/27/2018;7/27/2018;7;27;2018;Palmeira;Palmeira;Madama;Rede de cerco;Tunídeos;Cachorrinha ou Judeu;Auxis sp;1800
Santiago;Luta de Pescadores;10/8/2018;10/10/2018;10;10;2018;Cais de pesca da Praia;Cais de pesca da Praia;Boa Vista;Rede de cerco;Pequenos pelágicos;Pelombeta;Trachinotus ovatus;8000
Santiago;Luta de Pescadores;10/8/2018;10/10/2018;10;10;2018;Cais de pesca da Praia;Cais de pesca da Praia;Boa Vista;Rede de cerco;Demersais;Salmão;Elagatis bipinnulata;2500
Santiago;Luta de Pescadores;10/8/2018;10/10/2018;10;10;2018;Cais de pesca da Praia;Cais de pesca da Praia;Boa Vista;Rede de cerco;Pequenos pelágicos;Chicharro;Selar crumenophthalmus;400
Santiago;Luta de Pescadores;9/5/2018;9/7/2018;9;7;2018;Palmeira;Cais de pesca da Praia;;Rede de cerco;Tunídeos;Albacora;Thunnus albacares;3000
Santiago;Luta de Pescadores;9/5/2018;9/7/2018;9;7;2018;Palmeira;Cais de pesca da Praia;;Rede de cerco;Tunídeos;Cachorrinha ou Judeu;Auxis sp;5000
Santiago;Luta de Pescadores;9/5/2018;9/7/2018;9;7;2018;Palmeira;Cais de pesca da Praia;;Rede de cerco;Diversos;Cavala de fundo;;600
Santiago;Luta de Pescadores;9/5/2018;9/7/2018;9;7;2018;Palmeira;Cais de pesca da Praia;;Rede de cerco;Tunídeos;Gaiado;Katsuwonus pelamis;3000
Sal;Luta de Pescadores;8/23/2018;8/24/2018;8;24;2018;Palmeira;CPCI;Santa Maria;Rede de cerco;Tunídeos;Cachorrinha ou Judeu;Auxis sp;28000
Sal;Luta de Pescadores;8/6/2018;8/8/2018;8;8;2018;Palmeira;Cais de pesca da Praia;Santa Maria;Rede de cerco;Pequenos pelágicos;Chicharro;Selar crumenophthalmus;4000
Sal;Luta de Pescadores;8/6/2018;8/8/2018;8;8;2018;Palmeira;Cais de pesca da Praia;Santa Maria;Rede de cerco;Tunídeos;Merma/ Panguil/ Txafarote;Euthynnus alleteratus;5000
Sal;Luta de Pescadores;9/14/2018;9/18/2018;9;18;2018;Palmeira;Palmeira;Nova Holanda;Rede de cerco;Diversos;Peixe espada;;700
Sal;Luta de Pescadores;9/14/2018;9/18/2018;9;18;2018;Palmeira;Palmeira;Nova Holanda;Rede de cerco;Tunídeos;Albacora;Thunnus albacares;800
Sal;Luta de Pescadores;9/14/2018;9/18/2018;9;18;2018;Palmeira;Palmeira;Nova Holanda;Rede de cerco;Tunídeos;Cachorrinha ou Judeu;Auxis sp;700
Sal;Luta de Pescadores;9/14/2018;9/18/2018;9;18;2018;Palmeira;Palmeira;Nova Holanda;Rede de cerco;Tunídeos;Gaiado;Katsuwonus pelamis;300
Sal;Luta de Pescadores;9/14/2018;9/18/2018;9;18;2018;Palmeira;Palmeira;Nova Holanda;Rede de cerco;Demersais;Esmoregal ou Serze;Seriola sp;250
Sal;Luta de Pescadores;9/14/2018;9/18/2018;9;18;2018;Palmeira;Palmeira;Nova Holanda;Rede de cerco;Diversos;Diversos;;750
Sal;Luta de Pescadores;9/14/2018;9/18/2018;9;18;2018;Palmeira;Palmeira;Nova Holanda;Rede de cerco;Diversos;Cavala de fundo;;200
Sal;Chefarote;9/11/2018;9/12/2018;9;12;2018;Palmeira;Palmeira;Madama;Rede de cerco;Pequenos pelágicos;Chicharro;Selar crumenophthalmus;2000
Sal;Chefarote;9/14/2018;9/15/2018;9;15;2018;Palmeira;Palmeira;Santa Maria;Rede de cerco;Pequenos pelágicos;Chicharro;Selar crumenophthalmus;3600
Sal;Chefarote;9/20/2018;9/21/2018;9;21;2018;Palmeira;Palmeira;Madama;Rede de cerco;Pequenos pelágicos;Chicharro;Selar crumenophthalmus;4800
Sal;Chefarote;9/20/2018;9/21/2018;9;21;2018;Palmeira;Palmeira;Madama;Rede de cerco;Demersais;Bica;Lethrinus atlanticus;100
Sal;Chefarote;9/20/2018;9/21/2018;9;21;2018;Palmeira;Palmeira;Madama;Rede de cerco;Demersais;Papagaio;Parapristipoma humile;80
Sal;Chefarote;9/22/2018;9/23/2018;9;23;2018;Palmeira;Palmeira;Madama;Rede de cerco;Pequenos pelágicos;Chicharro;Selar crumenophthalmus;5100
Sal;Chefarote;9/22/2018;9/23/2018;9;23;2018;Palmeira;Palmeira;Madama;Rede de cerco;Demersais;Papagaio;Parapristipoma humile;70
Sal;Chefarote;9/26/2018;9/27/2018;9;27;2018;Palmeira;Palmeira;;Rede de cerco;Pequenos pelágicos;Chicharro;Selar crumenophthalmus;2700
Sal;Chefarote;9/26/2018;9/27/2018;9;27;2018;Palmeira;Palmeira;;Rede de cerco;Pequenos pelágicos;Arenque;Sardinella maderensis;280
Sal;Chefarote;10/3/2018;10/4/2018;10;4;2018;Pedra Lume;Palmeira;Pedra Lume;Rede de cerco;Pequenos pelágicos;Chicharro;Selar crumenophthalmus;2500
Sal;Chefarote;10/3/2018;10/4/2018;10;4;2018;Pedra Lume;Palmeira;Pedra Lume;Rede de cerco;Pequenos pelágicos;Arenque;Sardinella maderensis;300
Sal;Chefarote;10/3/2018;10/4/2018;10;4;2018;Pedra Lume;Palmeira;Pedra Lume;Rede de cerco;Pequenos pelágicos;Pelombeta;Trachinotus ovatus;1200
Sal;Chefarote;10/10/2018;10/10/2018;10;10;2018;Palmeira;Palmeira;Madama;Rede de cerco;Pequenos pelágicos;Arenque;Sardinella maderensis;200
Sal;Chefarote;10/10/2018;10/10/2018;10;10;2018;Palmeira;Palmeira;Madama;Rede de cerco;Pequenos pelágicos;Pelombeta;Trachinotus ovatus;130
Sal;Chefarote;10/13/2018;10/14/2018;10;14;2018;Palmeira;Palmeira;Madama;Rede de cerco;Pequenos pelágicos;Chicharro;Selar crumenophthalmus;800
Sal;Chefarote;10/16/2018;10/17/2018;10;17;2018;Palmeira;Palmeira;Santa Maria;Rede de cerco;Pequenos pelágicos;Chicharro;Selar crumenophthalmus;1200
Sal;Chefarote;10/16/2018;10/17/2018;10;17;2018;Palmeira;Palmeira;Santa Maria;Rede de cerco;Demersais;Esmoregal ou Serze;Seriola rivoliana;200
Sal;Chefarote;10/20/2018;10/21/2018;10;21;2018;Palmeira;Palmeira;Santa Maria;Rede de cerco;Pequenos pelágicos;Chicharro;Selar crumenophthalmus;2100
Sal;Chefarote;10/20/2018;10/21/2018;10;21;2018;Palmeira;Palmeira;Santa Maria;Rede de cerco;Pequenos pelágicos;Arenque;Sardinella maderensis;100
Sal;Chefarote;10/20/2018;10/21/2018;10;21;2018;Palmeira;Palmeira;Santa Maria;Rede de cerco;Pequenos pelágicos;Bonito;Caranx crysos;80
Sal;Chefarote;10/25/2018;10/26/2018;10;26;2018;Palmeira;Palmeira;Madama;Rede de cerco;Pequenos pelágicos;Chicharro;Selar crumenophthalmus;300
Sal;Chefarote;10/28/2018;10/29/2018;10;29;2018;Palmeira;Palmeira;Santa Maria;Rede de cerco;Pequenos pelágicos;Chicharro;Selar crumenophthalmus;950
Sal;Chefarote;10/28/2018;10/29/2018;10;29;2018;Palmeira;Palmeira;Santa Maria;Rede de cerco;Tunídeos;Cachorrinha ou Judeu;Auxis sp;200
Sal;Chefarote;11/11/2018;11/12/2018;11;12;2018;Palmeira;Palmeira;Santa Maria;Rede de cerco;Pequenos pelágicos;Chicharro;Selar crumenophthalmus;900
Sal;Chefarote;11/15/2018;11/16/2018;11;16;2018;Palmeira;Palmeira;Madama;Rede de cerco;Pequenos pelágicos;Chicharro;Selar crumenophthalmus;2600
Sal;Chefarote;11/24/2018;11/25/2018;11;25;2018;Palmeira;Palmeira;Madama;Rede de cerco;Pequenos pelágicos;Chicharro;Selar crumenophthalmus;440
Sal;Chefarote;11/24/2018;11/25/2018;11;25;2018;Palmeira;Palmeira;Madama;Rede de cerco;Demersais;Papagaio;Parapristipoma humile;30
Sal;Chefarote;11/24/2018;11/25/2018;11;25;2018;Palmeira;Palmeira;Madama;Rede de cerco;Pequenos pelágicos;Arenque;Sardinella maderensis;250
Sal;Chefarote;11/29/2018;11/30/2018;11;30;2018;Palmeira;Palmeira;Madama;Rede de cerco;Pequenos pelágicos;Chicharro;Selar crumenophthalmus;360
Sal;Chefarote;11/29/2018;11/30/2018;11;30;2018;Palmeira;Palmeira;Madama;Rede de cerco;Demersais;Bica;Lethrinus atlanticus;40
Sal;Chefarote;11/29/2018;11/30/2018;11;30;2018;Palmeira;Palmeira;Madama;Rede de cerco;Demersais;Papagaio;Parapristipoma humile;70
Santiago;Mayra;10/4/2018;10/7/2018;10;7;2018;Cais de pesca da Praia;Cais de pesca da Praia;Sal e Boa Vista;Rede de cerco;Demersais;Barbo;Galeoides decadactylus;3300
Santiago;Mayra;10/4/2018;10/7/2018;10;7;2018;Cais de pesca da Praia;Cais de pesca da Praia;Sal e Boa Vista;Rede de cerco;Pequenos pelágicos;Chicharro;Selar crumenophthalmus;1100
Santiago;Mayra;10/4/2018;10/7/2018;10;7;2018;Cais de pesca da Praia;Cais de pesca da Praia;Sal e Boa Vista;Rede de cerco;Pequenos pelágicos;Arenque;Sardinella maderensis;150
Santiago;Mayra;10/4/2018;10/7/2018;10;7;2018;Cais de pesca da Praia;Cais de pesca da Praia;Sal e Boa Vista;Rede de cerco;Demersais;Façola;Heteropriachanthus cruentatus;50
Santiago;Mayra;10/4/2018;10/7/2018;10;7;2018;Cais de pesca da Praia;Cais de pesca da Praia;Sal e Boa Vista;Rede de cerco;Pequenos pelágicos;Bonito;Caranx crysos;50
Santiago;Calhau;10/5/2018;10/7/2018;10;7;2018;Cais de pesca da Praia;Cais de pesca da Praia;Maio;Rede de cerco;Demersais;Salmão;Elagatis bipinnulata;1500
Santiago;Calhau;10/5/2018;10/7/2018;10;7;2018;Cais de pesca da Praia;Cais de pesca da Praia;Maio;Rede de cerco;Demersais;Enforcado ou Xereu;Caranx sp;1000
Santiago;Calhau;10/5/2018;10/7/2018;10;7;2018;Cais de pesca da Praia;Cais de pesca da Praia;Maio;Rede de cerco;Tunídeos;Serra ou Djeu;Acanthocybium solandri;500
Santiago;Calhau;10/5/2018;10/7/2018;10;7;2018;Cais de pesca da Praia;Cais de pesca da Praia;Maio;Rede de cerco;Pequenos pelágicos;Cavala preta;Decapterus macarellus;200
Santiago;Calhau;10/5/2018;10/7/2018;10;7;2018;Cais de pesca da Praia;Cais de pesca da Praia;Maio;Rede de cerco;Tunídeos;Cachorrinha ou Judeu;Auxis sp;200
Santiago;Calhau;10/5/2018;10/7/2018;10;7;2018;Cais de pesca da Praia;Cais de pesca da Praia;Maio;Rede de cerco;Pequenos pelágicos;Bonito;Caranx crysos;500
Santiago;Mimosa;10/2/2018;10/8/2018;10;8;2018;Cais de pesca da Praia;Cais de pesca da Praia;Boa Vista;Linha;Tunídeos;Albacora;Thunnus albacares;1842
Santiago;Judeia;10/6/2018;10/8/2018;10;8;2018;Cais de pesca da Praia;Cais de pesca da Praia;Maio e Boa Vista;Linha;Tunídeos;Albacora;Thunnus albacares;2200
Santiago;Deus me acompanha;10/3/2018;10/7/2018;10;7;2018;Cais de pesca da Praia;Cais de pesca da Praia;João Valente;Linha;Tunídeos;Albacora;Thunnus albacares;1150
Santiago;ML;10/6/2018;10/8/2018;10;8;2018;Cais de pesca da Praia;Cais de pesca da Praia;Maio;Rede de cerco;Pequenos pelágicos;Chicharro;Selar crumenophthalmus;4000
Santiago;ML;10/6/2018;10/8/2018;10;8;2018;Cais de pesca da Praia;Cais de pesca da Praia;Maio;Rede de cerco;Pequenos pelágicos;Bonito;Caranx crysos;3000
Santiago;ML;10/6/2018;10/8/2018;10;8;2018;Cais de pesca da Praia;Cais de pesca da Praia;Maio;Rede de cerco;Pequenos pelágicos;Pelombeta;Trachinotus ovatus;200
Santiago;ML;10/6/2018;10/8/2018;10;8;2018;Cais de pesca da Praia;Cais de pesca da Praia;Maio;Rede de cerco;Pequenos pelágicos;Cavala preta;Decapterus macarellus;50
Santiago;Marlinda;9/29/2018;10/8/2018;10;8;2018;Cais de pesca da Praia;Cais de pesca da Praia;Ilheu da Brava;Rede de cerco;Pequenos pelágicos;Chicharro;Selar crumenophthalmus;2200
Santiago;Marlinda;9/29/2018;10/8/2018;10;8;2018;Cais de pesca da Praia;Cais de pesca da Praia;Ilheu da Brava;Rede de cerco;Pequenos pelágicos;Cavala branca;Decapterus punctatus;200
Santiago;Marlinda;9/29/2018;10/8/2018;10;8;2018;Cais de pesca da Praia;Cais de pesca da Praia;Ilheu da Brava;Rede de cerco;Pequenos pelágicos;Bonito;Caranx crysos;50
Santiago;Luta de Pescadores;10/5/2018;10/7/2018;10;7;2018;Palmeira;Cais de pesca da Praia;Boa Vista Norte;Rede de cerco;Pequenos pelágicos;Pelombeta;Trachinotus ovatus;9000
Santiago;Luta de Pescadores;10/5/2018;10/7/2018;10;7;2018;Palmeira;Cais de pesca da Praia;Boa Vista Norte;Rede de cerco;Demersais;Dobradão;Apsilus fuscus;5000
Santiago;Luta de Pescadores;10/5/2018;10/7/2018;10;7;2018;Palmeira;Cais de pesca da Praia;Boa Vista Norte;Rede de cerco;Pequenos pelágicos;Bonito;Caranx crysos;500
Santiago;Luta de Pescadores;10/5/2018;10/7/2018;10;7;2018;Palmeira;Cais de pesca da Praia;Boa Vista Norte;Rede de cerco;Pequenos pelágicos;Chicharro;Selar crumenophthalmus;800
Santiago;Luta de Pescadores;10/5/2018;10/7/2018;10;7;2018;Palmeira;Cais de pesca da Praia;Boa Vista Norte;Rede de cerco;Pequenos pelágicos;Pampo ou Corcovado;Selene dorsalis;300
Santiago;Luta de Pescadores;10/5/2018;10/7/2018;10;7;2018;Palmeira;Cais de pesca da Praia;Boa Vista Norte;Rede de cerco;Pequenos pelágicos;Bicuda;Sphryraena guachancho;50
Santiago;Carlos Maria;10/5/2018;10/9/2018;10;9;2018;Cais de pesca da Praia;Cais de pesca da Praia;João Valente;Rede de cerco;Demersais;Salmão;Elagatis bipinnulata;2000
Santiago;Carlos Maria;10/5/2018;10/9/2018;10;9;2018;Cais de pesca da Praia;Cais de pesca da Praia;João Valente;Rede de cerco;Pequenos pelágicos;Chicharro;Selar crumenophthalmus;1000
Santiago;Carlos Maria;10/5/2018;10/9/2018;10;9;2018;Cais de pesca da Praia;Cais de pesca da Praia;João Valente;Rede de cerco;Pequenos pelágicos;Cavala preta;Decapterus punctatus;1000
Santiago;Carlos Maria;10/5/2018;10/9/2018;10;9;2018;Cais de pesca da Praia;Cais de pesca da Praia;João Valente;Rede de cerco;Pequenos pelágicos;Bicuda;Sphryraena guachancho;500
Santiago;Carlos Maria;10/5/2018;10/9/2018;10;9;2018;Cais de pesca da Praia;Cais de pesca da Praia;João Valente;Rede de cerco;Demersais;Esmoregal ou Serze;Seriola sp;200
Santiago;Carlos Maria;10/5/2018;10/9/2018;10;9;2018;Cais de pesca da Praia;Cais de pesca da Praia;João Valente;Rede de cerco;Tunídeos;Cachorrinha ou Judeu;Auxis sp;200
Santiago;Carlos Maria;10/5/2018;10/9/2018;10;9;2018;Cais de pesca da Praia;Cais de pesca da Praia;João Valente;Rede de cerco;Pequenos pelágicos;Bonito;Caranx crysos;200
Santiago;Carlos Maria;10/5/2018;10/9/2018;10;9;2018;Cais de pesca da Praia;Cais de pesca da Praia;João Valente;Rede de cerco;Demersais;Enforcado ou Xereu;Caranx sp;100
Santiago;Jerusalém;10/5/2018;10/10/2018;10;10;2018;Cais de pesca da Praia;Cais de pesca da Praia;João Valente;Linha;Tunídeos;Albacora;Thunnus albacares;1800
Santiago;Ponta Preta;10/8/2018;10/11/2018;10;11;2018;Cais de pesca da Praia;Cais de pesca da Praia;Brava;Rede de cerco;Pequenos pelágicos;Chicharro;Selar crumenophthalmus;3100
Santiago;Ponta Preta;10/8/2018;10/11/2018;10;11;2018;Cais de pesca da Praia;Cais de pesca da Praia;Brava;Rede de cerco;Pequenos pelágicos;Bonito;Caranx crysos;1300
Santiago;ML;10/9/2018;10/12/2018;10;12;2018;Cais de pesca da Praia;Cais de pesca da Praia;Maio Norte e Sul;Rede de cerco;Pequenos pelágicos;Chicharro;Selar crumenophthalmus;4000
Santiago;ML;10/9/2018;10/12/2018;10;12;2018;Cais de pesca da Praia;Cais de pesca da Praia;Maio Norte e Sul;Rede de cerco;Pequenos pelágicos;Bonito;Caranx crysos;3500
Santiago;ML;10/9/2018;10/12/2018;10;12;2018;Cais de pesca da Praia;Cais de pesca da Praia;Maio Norte e Sul;Rede de cerco;Demersais;Salmão;Elagatis bipinnulata;300
Santiago;ML;10/9/2018;10/12/2018;10;12;2018;Cais de pesca da Praia;Cais de pesca da Praia;Maio Norte e Sul;Rede de cerco;Pequenos pelágicos;Cavala preta;Decapterus macarellus;150
Santiago;ML;10/9/2018;10/12/2018;10;12;2018;Cais de pesca da Praia;Cais de pesca da Praia;Maio Norte e Sul;Rede de cerco;Demersais;Enforcado ou Xereu;caranx sp;20
Santiago;Calhau;10/8/2018;10/12/2018;10;12;2018;Cais de pesca da Praia;Cais de pesca da Praia;Praia Gonçal (Maio);Rede de cerco;Pequenos pelágicos;Chicharro;Selar crumenophthalmus;3000
Santiago;Calhau;10/8/2018;10/12/2018;10;12;2018;Cais de pesca da Praia;Cais de pesca da Praia;Praia Gonçal (Maio);Rede de cerco;Demersais;Barbeiro;Acanthurus monroviae;500
Santiago;Calhau;10/8/2018;10/12/2018;10;12;2018;Cais de pesca da Praia;Cais de pesca da Praia;Praia Gonçal (Maio);Rede de cerco;Demersais;Fatcho de fundo;Mulloidichthys martinicus;250
Santiago;Calhau;10/8/2018;10/12/2018;10;12;2018;Cais de pesca da Praia;Cais de pesca da Praia;Praia Gonçal (Maio);Rede de cerco;Pequenos pelágicos;Bonito;Caranx crysos;300
Santiago;Calhau;10/8/2018;10/12/2018;10;12;2018;Cais de pesca da Praia;Cais de pesca da Praia;Praia Gonçal (Maio);Rede de cerco;Tunídeos;Cachorrinha ou Judeu;Auxis sp;250
Santiago;Calhau;10/8/2018;10/12/2018;10;12;2018;Cais de pesca da Praia;Cais de pesca da Praia;Praia Gonçal (Maio);Rede de cerco;Pequenos pelágicos;Cavala branca;Decapterus punctatus;100
Santiago;Calhau;10/8/2018;10/12/2018;10;12;2018;Cais de pesca da Praia;Cais de pesca da Praia;Praia Gonçal (Maio);Rede de cerco;Demersais;Enforcado ou Xereu;Caranx sp;250
Santiago;Rincon;10/8/2018;10/15/2018;10;15;2018;Cais de pesca da Praia;Cais de pesca da Praia;Maio;Rede de cerco;Pequenos pelágicos;Bonito;Caranx crysos;2000
Santiago;Rincon;10/8/2018;10/15/2018;10;15;2018;Cais de pesca da Praia;Cais de pesca da Praia;Maio;Rede de cerco;Pequenos pelágicos;Chicharro;Selar crumenophthalmus;40
Santiago;Rincon;10/8/2018;10/15/2018;10;15;2018;Cais de pesca da Praia;Cais de pesca da Praia;Maio;Rede de cerco;Demersais;Enforcado ou Xereu;Caranx sp;70
Santiago;Rincon;10/8/2018;10/15/2018;10;15;2018;Cais de pesca da Praia;Cais de pesca da Praia;Maio;Rede de cerco;Demersais;Goraz;Lutjanus fulgens;200
Santiago;Rincon;10/8/2018;10/15/2018;10;15;2018;Cais de pesca da Praia;Cais de pesca da Praia;Maio;Rede de cerco;Pequenos pelágicos;Bicuda;Sphryraena guachancho;20
Santiago;Rincon;10/8/2018;10/15/2018;10;15;2018;Cais de pesca da Praia;Cais de pesca da Praia;Maio;Rede de cerco;Tunídeos;Merma/ Panguil/ Txafarote;Euthynnus alleteratus;50
Santiago;Furna;10/7/2018;10/13/2018;10;13;2018;Cais de pesca da Praia;Cais de pesca da Praia;Baixa Boa Vista;Linha;Tunídeos;Albacora;Thunnus albacares;800
Santiago;Fábio;10/8/2018;10/15/2018;10;15;2018;Cais de pesca da Praia;Cais de pesca da Praia;Baixa Boa Vista;Linha;Tunídeos;Albacora;Thunnus albacares;579
Santiago;JB;10/11/2018;10/14/2018;10;14;2018;Cais de pesca da Praia;Cais de pesca da Praia;João Valente;Linha;Tunídeos;Albacora;Thunnus albacares;887
Santiago;Vera;10/9/2018;10/13/2018;10;13;2018;Cais de pesca da Praia;Cais de pesca da Praia;Leste Boa Vista;Linha;Tunídeos;Albacora;Thunnus albacares;1507
Santiago;Paulo Nuno;10/11/2018;10/15/2018;10;15;2018;Cais de pesca da Praia;Cais de pesca da Praia;Boa Vista;Linha;Tunídeos;Albacora;Thunnus albacares;830
Santiago;Israel;10/10/2018;10/13/2018;10;13;2018;Cais de pesca da Praia;Cais de pesca da Praia;Baixa Boa Vista;Linha;Tunídeos;Albacora;Thunnus albacares;1331
Santiago;Vinte-7;10/4/2018;10/15/2018;10;15;2018;Cais de pesca da Praia;Cais de pesca da Praia;Sal e Boa Vista;Rede de cerco;Pequenos pelágicos;Chicharro;Selar crumenophthalmus;3200
Santiago;Vinte-7;10/4/2018;10/15/2018;10;15;2018;Cais de pesca da Praia;Cais de pesca da Praia;Sal e Boa Vista;Rede de cerco;Pequenos pelágicos;Cavala branca;Decapterus punctatus;8
Santiago;Vinte-7;10/4/2018;10/15/2018;10;15;2018;Cais de pesca da Praia;Cais de pesca da Praia;Sal e Boa Vista;Rede de cerco;Demersais;Enforcado ou Xereu;Caranx sp;4
Santiago;Claudia;10/10/2018;10/15/2018;10;15;2018;Cais de pesca da Praia;Cais de pesca da Praia;Boa Vista;Linha;Tunídeos;Albacora;Thunnus albacares;1140
Santiago;ML;10/13/2018;10/17/2018;10;17;2018;Cais de pesca da Praia;Cais de pesca da Praia;Maio;Rede de cerco;Pequenos pelágicos;Chicharro;Selar crumenophthalmus;2000
Santiago;ML;10/13/2018;10/17/2018;10;17;2018;Cais de pesca da Praia;Cais de pesca da Praia;Maio;Rede de cerco;Pequenos pelágicos;Bonito;Caranx crysos;1500
Santiago;Deus me acompanha;10/11/2018;10/16/2018;10;16;2018;Cais de pesca da Praia;Cais de pesca da Praia;Baixa;Linha;Tunídeos;Albacora;Thunnus albacares;1740
Santiago;Carlos Maria;10/16/2018;10/17/2018;10;17;2018;Cais de pesca da Praia;Cais de pesca da Praia;João Valente;Rede de cerco;Tunídeos;Cachorrinha ou Judeu;Auxis sp;5000
Santiago;Carlos Maria;10/16/2018;10/17/2018;10;17;2018;Cais de pesca da Praia;Cais de pesca da Praia;João Valente;Rede de cerco;Pequenos pelágicos;Cavala preta;Decapterus macarellus;4000
Santiago;Carlos Maria;10/16/2018;10/17/2018;10;17;2018;Cais de pesca da Praia;Cais de pesca da Praia;João Valente;Rede de cerco;Demersais;Salmão;Elagatis bipinnulata;500
Santiago;Carlos Maria;10/16/2018;10/17/2018;10;17;2018;Cais de pesca da Praia;Cais de pesca da Praia;João Valente;Rede de cerco;Demersais;Goraz;Lutjanus fulgens;200
Santiago;Carlos Maria;10/16/2018;10/17/2018;10;17;2018;Cais de pesca da Praia;Cais de pesca da Praia;João Valente;Rede de cerco;Demersais;Enforcado ou Xereu;Caranx sp;50
Santiago;Carlos Maria;10/16/2018;10/17/2018;10;17;2018;Cais de pesca da Praia;Cais de pesca da Praia;João Valente;Rede de cerco;Demersais;Façola;Heteropriachanthus cruentatus;50
Santiago;Marlinda;10/12/2018;10/17/2018;10;17;2018;Cais de pesca da Praia;Cais de pesca da Praia;Boa Vista;Rede de cerco;Pequenos pelágicos;Chicharro;Selar crumenophthalmus;10000
Santiago;Marlinda;10/12/2018;10/17/2018;10;17;2018;Cais de pesca da Praia;Cais de pesca da Praia;Boa Vista;Rede de cerco;Pequenos pelágicos;Chicharro;Selar crumenophthalmus;4400
Santiago;Cristalina A;10/15/2018;10/18/2018;10;18;2018;CPCI;Cais de pesca da Praia;Ilheu branco;Rede de cerco;Pequenos pelágicos;Chicharro;Selar crumenophthalmus;6000
Santiago;Cristalina A;10/15/2018;10/18/2018;10;18;2018;CPCI;Cais de pesca da Praia;Ilheu branco;Rede de cerco;Tunídeos;Cachorrinha ou Judeu;Auxis sp;1000
Santiago;Cristalina A;10/15/2018;10/18/2018;10;18;2018;CPCI;Cais de pesca da Praia;Ilheu branco;Rede de cerco;Pequenos pelágicos;Cavala preta;Decapterus macarellus;1000
Santiago;Judeia;10/13/2018;10/17/2018;10;17;2018;Cais de pesca da Praia;Cais de pesca da Praia;Maio e Boa Vista;Linha;Tunídeos;Albacora;Thunnus albacares;1788
Santiago;Zé Carlos;10/11/2018;10/18/2018;10;18;2018;Cais de pesca da Praia;Cais de pesca da Praia;João Valente;Linha;Tunídeos;Albacora;Thunnus albacares;330
Santiago;Zé Carlos;10/11/2018;10/18/2018;10;18;2018;Cais de pesca da Praia;Cais de pesca da Praia;João Valente;Linha;Tunídeos;Serra ou Djeu;Acanthocybium solandri;70
Santiago;Calhau;10/17/2018;10/19/2018;10;19;2018;Cais de pesca da Praia;Cais de pesca da Praia;Boa Vista;Rede de cerco;Pequenos pelágicos;Bonito;Caranx crysos;500
Santiago;Calhau;10/17/2018;10/19/2018;10;19;2018;Cais de pesca da Praia;Cais de pesca da Praia;Boa Vista;Rede de cerco;Pequenos pelágicos;Chicharro;Selar crumenophthalmus;500
Santiago;Vera;10/19/2018;10/21/2018;10;21;2018;Cais de pesca da Praia;Cais de pesca da Praia;Maio;Linha;Tunídeos;Albacora;Thunnus albacares;900
Santiago;Vera;10/19/2018;10/21/2018;10;21;2018;Cais de pesca da Praia;Cais de pesca da Praia;Maio;Linha;Tunídeos;Gaiado;Katsuwonus pelamis;1200
Santiago;Mauro;10/19/2018;10/21/2018;10;21;2018;Cais de pesca da Praia;Cais de pesca da Praia;Baixa Boa Vista;Linha;Tunídeos;Albacora;Thunnus albacares;1346
Santiago;Jerusalém;10/15/2018;10/19/2018;10;19;2018;Cais de pesca da Praia;Cais de pesca da Praia;Boa Vista;Linha;Tunídeos;Albacora;Thunnus albacares;1300
Santiago;Furna;10/19/2018;10/21/2018;10;21;2018;Cais de pesca da Praia;Cais de pesca da Praia;Boa Vista;Linha;Tunídeos;Albacora;Thunnus albacares;1750
Santiago;JB;10/17/2018;10/20/2018;10;20;2018;Cais de pesca da Praia;Cais de pesca da Praia;João Valente;Linha;Tunídeos;Albacora;Thunnus albacares;585
Santiago;Mestre Manuel;10/22/2018;10/22/2018;10;22;2018;Cais de pesca da Praia;Cais de pesca da Praia;Baía;Rede laço de guia;Tunídeos;Cachorrinha ou Judeu;Auxis sp;350
Santiago;Mayra;10/18/2018;10/20/2018;10;20;2018;Cais de pesca da Praia;Cais de pesca da Praia;Boa Vista;Rede de cerco;Pequenos pelágicos;Pelombeta;Trachinotus ovatus;5000
Santiago;Mayra;10/18/2018;10/20/2018;10;20;2018;Cais de pesca da Praia;Cais de pesca da Praia;Boa Vista;Rede de cerco;Pequenos pelágicos;Cavala preta;Decapterus macarellus;500
Santiago;Carlos Maria;10/18/2018;10/21/2018;10;21;2018;Cais de pesca da Praia;Cais de pesca da Praia;Boa Vista;Linha;Demersais;Goraz;Lutjanus fulgens;20
Santiago;Carlos Maria;10/18/2018;10/21/2018;10;21;2018;Cais de pesca da Praia;Cais de pesca da Praia;Boa Vista;Linha;Demersais;Abroto;Pomadasys rogeri;10
Santiago;Carlos Maria;10/18/2018;10/21/2018;10;21;2018;Cais de pesca da Praia;Cais de pesca da Praia;Boa Vista;Linha;Demersais;Papagaio;Parapristipoma humile;10
Santiago;Carlos Maria;10/18/2018;10/21/2018;10;21;2018;Cais de pesca da Praia;Cais de pesca da Praia;Boa Vista;Linha;Demersais;Bica;Lethrinus atlanticus;5
Santiago;Carlos Maria;10/18/2018;10/21/2018;10;21;2018;Cais de pesca da Praia;Cais de pesca da Praia;Boa Vista;Linha;Demersais;Bentelha;Viridentex acromegalus;5
Santiago;Carlos Maria;10/18/2018;10/21/2018;10;21;2018;Cais de pesca da Praia;Cais de pesca da Praia;Boa Vista;Linha;Demersais;Salmão;Elagatis bipinnulata;2
Santiago;Carlos Maria;10/18/2018;10/21/2018;10;21;2018;Cais de pesca da Praia;Cais de pesca da Praia;Boa Vista;Linha;Demersais;Garoupa;Cepahalopholis taeniops;2
Santiago;Carlos Maria;10/18/2018;10/21/2018;10;21;2018;Cais de pesca da Praia;Cais de pesca da Praia;Boa Vista;Linha;Demersais;Esmoregal ou Serze;Seriola sp;2
Santiago;Atlântida;10/18/2018;10/20/2018;10;20;2018;Cais de pesca da Praia;Cais de pesca da Praia;São Pedro (São Vicente);Rede de cerco;Pequenos pelágicos;Dobrada;Spicara melanurus;2000
Santiago;Atlântida;10/18/2018;10/20/2018;10;20;2018;Cais de pesca da Praia;Cais de pesca da Praia;São Pedro (São Vicente);Rede de cerco;Demersais;Fatcho de fundo;Mulloidichthys martinicus;1500
Santiago;Atlântida;10/18/2018;10/20/2018;10;20;2018;Cais de pesca da Praia;Cais de pesca da Praia;São Pedro (São Vicente);Rede de cerco;Demersais;Bidião;SCARIDAE;1000
Santiago;Atlântida;10/18/2018;10/20/2018;10;20;2018;Cais de pesca da Praia;Cais de pesca da Praia;São Pedro (São Vicente);Rede de cerco;Demersais;Sargo branco;Diplodus sargus lineatus;300
Santiago;Atlântida;10/18/2018;10/20/2018;10;20;2018;Cais de pesca da Praia;Cais de pesca da Praia;São Pedro (São Vicente);Rede de cerco;Demersais;Barbeiro;Acanthurus monroviae;300
Santiago;Atlântida;10/18/2018;10/20/2018;10;20;2018;Cais de pesca da Praia;Cais de pesca da Praia;São Pedro (São Vicente);Rede de cerco;Demersais;Sargo d'areia;Lithognathus mormyrus;300
Santiago;Atlântida;10/18/2018;10/20/2018;10;20;2018;Cais de pesca da Praia;Cais de pesca da Praia;São Pedro (São Vicente);Rede de cerco;Demersais;Sargo salema;Diplodus prayensis;50
Santiago;Atlântida;10/18/2018;10/20/2018;10;20;2018;Cais de pesca da Praia;Cais de pesca da Praia;São Pedro (São Vicente);Rede de cerco;Demersais;Bedja;Bodianus speciosus;50
Santiago;Atlântida;10/23/2018;10/24/2018;10;24;2018;Cais de pesca da Praia;Cais de pesca da Praia;Maio;Rede de cerco;Pequenos pelágicos;Pelombeta;Trachinotus ovatus;2000
Santiago;Santo António;10/16/2018;10/24/2018;10;24;2018;Cais de pesca da Praia;Cais de pesca da Praia;Baixa Boa Vista;Linha;Tunídeos;Serra ou Djeu;Acanthocybium solandri;55
Santiago;Santo António;10/16/2018;10/24/2018;10;24;2018;Cais de pesca da Praia;Cais de pesca da Praia;Baixa Boa Vista;Linha;Tunídeos;Albacora;Thunnus albacares;52
Santiago;Santo António;10/16/2018;10/24/2018;10;24;2018;Cais de pesca da Praia;Cais de pesca da Praia;Baixa Boa Vista;Linha;Demersais;Moreia preta;Gymnothorax vicinus;7
Santiago;Santo António;10/16/2018;10/24/2018;10;24;2018;Cais de pesca da Praia;Cais de pesca da Praia;Baixa Boa Vista;Linha;Demersais;Esmoregal ou Serze;Seriola sp;3
Santiago;Santo António;10/16/2018;10/24/2018;10;24;2018;Cais de pesca da Praia;Cais de pesca da Praia;Baixa Boa Vista;Linha;Pequenos pelágicos;Chicharro;Selar crumenophthalmus;6
Santiago;Israel;10/23/2018;10/24/2018;10;24;2018;Cais de pesca da Praia;Cais de pesca da Praia;N/ Maio;Linha;Tunídeos;Gaiado;Katsuwonus pelamis;1800
Santiago;Israel;10/23/2018;10/24/2018;10;24;2018;Cais de pesca da Praia;Cais de pesca da Praia;N/ Maio;Linha;Tunídeos;Albacora;Thunnus albacares;40
Santiago;Atlântida;10/24/2018;10/25/2018;10;25;2018;Cais de pesca da Praia;Cais de pesca da Praia;Maio;Rede de cerco;Pequenos pelágicos;Pelombeta;Trachinotus ovatus;3000
Santiago;Atlântida;10/24/2018;10/25/2018;10;25;2018;Cais de pesca da Praia;Cais de pesca da Praia;Maio;Rede de cerco;Pequenos pelágicos;Arenque;Sardinella maderensis;200
Santiago;Mayra;10/23/2018;10/27/2018;10;27;2018;Cais de pesca da Praia;Cais de pesca da Praia;Boa Vista;Rede de cerco;Demersais;Façola;Heteropriachanthus cruentatus;2000
Santiago;Mayra;10/23/2018;10/27/2018;10;27;2018;Cais de pesca da Praia;Cais de pesca da Praia;Boa Vista;Rede de cerco;Pequenos pelágicos;Pelombeta;Trachinotus ovatus;2000
Santiago;Mayra;10/23/2018;10/27/2018;10;27;2018;Cais de pesca da Praia;Cais de pesca da Praia;Boa Vista;Rede de cerco;Demersais;Barbeiro;Acanthurus monroviae;900
Santiago;Mayra;10/23/2018;10/27/2018;10;27;2018;Cais de pesca da Praia;Cais de pesca da Praia;Boa Vista;Rede de cerco;Demersais;Castanheta;Chromis lubbocki;100
Santiago;JB;10/25/2018;10/28/2018;10;28;2018;Cais de pesca da Praia;Cais de pesca da Praia;João Valente;Linha;Tunídeos;Albacora;Thunnus albacares;894
Santiago;Pedra Badejo;10/25/2018;10/26/2018;10;26;2018;Cais de pesca da Praia;Cais de pesca da Praia;Norte Maio;Linha;Tunídeos;Gaiado;Katsuwonus pelamis;1500
Santiago;Pedra Badejo;10/25/2018;10/26/2018;10;26;2018;Cais de pesca da Praia;Cais de pesca da Praia;Norte Maio;Linha;Tunídeos;Albacora;Thunnus albacares;300
Santiago;Praia Gonsal;10/21/2018;10/26/2018;10;26;2018;Cais de pesca da Praia;Cais de pesca da Praia;Fogo e Brava;Rede de cerco;Pequenos pelágicos;Dobrada;Spicara melanurus;1850
Santiago;Praia Gonsal;10/21/2018;10/26/2018;10;26;2018;Cais de pesca da Praia;Cais de pesca da Praia;Fogo e Brava;Rede de cerco;Demersais;Barbeiro;Acanthurus monroviae;1650
Santiago;Praia Gonsal;10/21/2018;10/26/2018;10;26;2018;Cais de pesca da Praia;Cais de pesca da Praia;Fogo e Brava;Rede de cerco;Demersais;Fatcho de fundo;Mulloidichthys martinicus;500
Santiago;Praia Gonsal;10/21/2018;10/26/2018;10;26;2018;Cais de pesca da Praia;Cais de pesca da Praia;Fogo e Brava;Rede de cerco;Demersais;Castanheta;Chromis lubbocki;50
Santiago;Jerusalém;10/21/2018;10/28/2018;10;28;2018;Cais de pesca da Praia;Cais de pesca da Praia;N/ Maio e Boa Vista;Linha;Tunídeos;Albacora;Thunnus albacares;900
Santiago;Jerusalém;10/21/2018;10/28/2018;10;28;2018;Cais de pesca da Praia;Cais de pesca da Praia;N/ Maio e Boa Vista;Linha;Tunídeos;Gaiado;Katsuwonus pelamis;1000
Santiago;Atlântida;10/26/2018;10/28/2018;10;28;2018;Cais de pesca da Praia;Cais de pesca da Praia;Boa Vista;Rede de cerco;Demersais;Barbeiro;Acanthurus monroviae;1000
Santiago;Atlântida;10/26/2018;10/28/2018;10;28;2018;Cais de pesca da Praia;Cais de pesca da Praia;Boa Vista;Rede de cerco;Pequenos pelágicos;Pelombeta;Trachinotus ovatus;1500
Santiago;Atlântida;10/26/2018;10/28/2018;10;28;2018;Cais de pesca da Praia;Cais de pesca da Praia;Boa Vista;Rede de cerco;Demersais;Façola;Heteropriachanthus cruentatus;300
Santiago;Atlântida;10/26/2018;10/28/2018;10;28;2018;Cais de pesca da Praia;Cais de pesca da Praia;Boa Vista;Rede de cerco;Demersais;Fatcho de fundo;Mulloidichthys martinicus;150
Santiago;Paulo Nuno;10/22/2018;10/27/2018;10;27;2018;Cais de pesca da Praia;Cais de pesca da Praia;Boa Vista;Linha;Tunídeos;Albacora;Thunnus albacares;582
Santiago;Mauro;10/26/2018;10/27/2018;10;27;2018;Cais de pesca da Praia;Cais de pesca da Praia;Sul do Maio;Linha;Tunídeos;Albacora;Thunnus albacares;8000
Santiago;Mauro;10/26/2018;10/27/2018;10;27;2018;Cais de pesca da Praia;Cais de pesca da Praia;Sul do Maio;Linha;Tunídeos;Gaiado;Katsuwonus pelamis;1008
Santiago;Noquinha;10/26/2018;10/27/2018;10;27;2018;Cais de pesca da Praia;Cais de pesca da Praia;N/ Maio;Linha;Tunídeos;Albacora;Thunnus albacares;180
Santiago;Noquinha;10/26/2018;10/27/2018;10;27;2018;Cais de pesca da Praia;Cais de pesca da Praia;N/ Maio;Linha;Tunídeos;Gaiado;Katsuwonus pelamis;180
Santiago;São Miguel;10/23/2018;10/27/2018;10;27;2018;Cais de pesca da Praia;Cais de pesca da Praia;Boa Vista;Rede de cerco;Demersais;Façola;Heteropriachanthus cruentatus;2000
Santiago;São Miguel;10/23/2018;10/27/2018;10;27;2018;Cais de pesca da Praia;Cais de pesca da Praia;Boa Vista;Rede de cerco;Demersais;Fatcho de fundo;Mulloidichthys martinicus;200
Santiago;São Miguel;10/23/2018;10/27/2018;10;27;2018;Cais de pesca da Praia;Cais de pesca da Praia;Boa Vista;Rede de cerco;Demersais;Sargo branco;Diplodus sargus lineatus;50
Santiago;São Miguel;10/23/2018;10/27/2018;10;27;2018;Cais de pesca da Praia;Cais de pesca da Praia;Boa Vista;Rede de cerco;Demersais;Sargo salema;Diplodus prayensis;50
Santiago;São Miguel;10/23/2018;10/27/2018;10;27;2018;Cais de pesca da Praia;Cais de pesca da Praia;Boa Vista;Rede de cerco;Demersais;Sargo preto;Diplodus fasciatus;20
Santiago;São Miguel;10/23/2018;10/27/2018;10;27;2018;Cais de pesca da Praia;Cais de pesca da Praia;Boa Vista;Rede de cerco;Pequenos pelágicos;Bonito;Caranx crysos;30
Santiago;São Miguel;10/23/2018;10/27/2018;10;27;2018;Cais de pesca da Praia;Cais de pesca da Praia;Boa Vista;Rede de cerco;Pequenos pelágicos;Dobrada;Spicara melanurus;150
Santiago;Zé Carlos;10/22/2018;10/29/2018;10;29;2018;Cais de pesca da Praia;Cais de pesca da Praia;Boa Vista;Linha;Tunídeos;Albacora;Thunnus albacares;213
Santiago;Zé Carlos;10/22/2018;10/29/2018;10;29;2018;Cais de pesca da Praia;Cais de pesca da Praia;Boa Vista;Linha;Demersais;Esmoregal ou Serze;Seriola sp;48
Santiago;Zé Carlos;10/22/2018;10/29/2018;10;29;2018;Cais de pesca da Praia;Cais de pesca da Praia;Boa Vista;Linha;Demersais;Oriana/ Pargo;Pagrus africanus;45
Santiago;Zé Carlos;10/22/2018;10/29/2018;10;29;2018;Cais de pesca da Praia;Cais de pesca da Praia;Boa Vista;Linha;Demersais;Bentelha;Viridentex acromegalus;6
Santiago;Deus me acompanha;10/23/2018;10/27/2018;10;27;2018;Cais de pesca da Praia;Cais de pesca da Praia;N/ Maio;Linha;Tunídeos;Gaiado;Katsuwonus pelamis;1700
Santiago;Jerusalém;10/21/2018;10/28/2018;10;28;2018;Cais de pesca da Praia;Cais de pesca da Praia;N/ Maio e Boa Vista;Linha;Tunídeos;Albacora;Thunnus albacares;900
Santiago;Jerusalém;10/21/2018;10/28/2018;10;28;2018;Cais de pesca da Praia;Cais de pesca da Praia;N/ Maio e Boa Vista;Linha;Tunídeos;Gaiado;Katsuwonus pelamis;1000
Santiago;Fábio;10/29/2018;10/30/2018;10;30;2018;Cais de pesca da Praia;Cais de pesca da Praia;Tchadona;Linha;Tunídeos;Albacora;Thunnus albacares;529
Santiago;Carlos Maria;10/28/2018;10/31/2018;10;31;2018;Cais de pesca da Praia;Cais de pesca da Praia;João Valente;Rede de cerco;Demersais;Dobradão;Apsilus fuscus;1000
Santiago;Carlos Maria;10/28/2018;10/31/2018;10;31;2018;Cais de pesca da Praia;Cais de pesca da Praia;João Valente;Rede de cerco;Demersais;Salmão;Elagatis bipinnulata;800
Santiago;Carlos Maria;10/28/2018;10/31/2018;10;31;2018;Cais de pesca da Praia;Cais de pesca da Praia;João Valente;Rede de cerco;Demersais;Esmoregal ou Serze;Seriola sp;500
Santiago;Carlos Maria;10/28/2018;10/31/2018;10;31;2018;Cais de pesca da Praia;Cais de pesca da Praia;João Valente;Rede de cerco;Pequenos pelágicos;Bonito;Caranx crysos;100
Santiago;Carlos Maria;10/28/2018;10/31/2018;10;31;2018;Cais de pesca da Praia;Cais de pesca da Praia;João Valente;Rede de cerco;Demersais;Goraz;Lutjanus fulgens;500
Santiago;Ponta Cacimba;10/30/2018;10/31/2018;10;31;2018;CPCI;Cais de pesca da Praia;Ilheu branco;Rede de cerco;Pequenos pelágicos;Cavala preta;Decapterus macarellus;8000
Santiago;Ponta Cacimba;10/30/2018;10/31/2018;10;31;2018;CPCI;Cais de pesca da Praia;Ilheu branco;Rede de cerco;Pequenos pelágicos;Chicharro;Selar crumenophthalmus;6000
Santiago;Ponta Cacimba;10/30/2018;10/31/2018;10;31;2018;CPCI;Cais de pesca da Praia;Ilheu branco;Rede de cerco;Pequenos pelágicos;Arenque;Sardinella maderensis;500
Santiago;Ponta Cacimba;10/30/2018;10/31/2018;10;31;2018;CPCI;Cais de pesca da Praia;Ilheu branco;Rede de cerco;Tunídeos;Cachorrinha ou Judeu;Auxis sp;200
Santiago;Ponta Cacimba;10/30/2018;10/31/2018;10;31;2018;CPCI;Cais de pesca da Praia;Ilheu branco;Rede de cerco;Pequenos pelágicos;Pelombeta;Trachinotus ovatus;80
Santiago;Ponta Cacimba;10/30/2018;10/31/2018;10;31;2018;CPCI;Cais de pesca da Praia;Ilheu branco;Rede de cerco;Pequenos pelágicos;Bonito;Caranx crysos;50
Santiago;Claudia;10/28/2018;11/1/2018;11;1;2018;Cais de pesca da Praia;Cais de pesca da Praia;Boa Vista;Linha;Tunídeos;Albacora;Thunnus albacares;960
Santiago;Claudia;10/28/2018;11/1/2018;11;1;2018;Cais de pesca da Praia;Cais de pesca da Praia;Boa Vista;Linha;Tunídeos;Lobo ou Dourado;Coryphaena hippurus;13
Santiago;Mimosa;10/28/2018;11/2/2018;11;2;2018;Cais de pesca da Praia;Cais de pesca da Praia;Boa Vista;Linha;Tunídeos;Albacora;Thunnus albacares;506
Santiago;Mimosa;10/28/2018;11/2/2018;11;2;2018;Cais de pesca da Praia;Cais de pesca da Praia;Boa Vista;Linha;Tunídeos;Gaiado;Katsuwonus pelamis;150
Santiago;Edylson Mateus;10/28/2018;11/4/2018;11;4;2018;Cais de pesca da Praia;Cais de pesca da Praia;Fogo;Rede de cerco;Pequenos pelágicos;Cavala preta;Decapterus macarellus;2000
Santiago;Carlos Maria;10/28/2018;11/5/2018;11;5;2018;Cais de pesca da Praia;Cais de pesca da Praia;João Valente;Rede de cerco;Demersais;Salmão;Elagatis bipinnulata;700
Santiago;Carlos Maria;10/28/2018;11/5/2018;11;5;2018;Cais de pesca da Praia;Cais de pesca da Praia;João Valente;Rede de cerco;Demersais;Dobradão;Apsilus fuscus;1500
Santiago;Carlos Maria;10/28/2018;11/5/2018;11;5;2018;Cais de pesca da Praia;Cais de pesca da Praia;João Valente;Rede de cerco;Demersais;Esmoregal ou Serze;Seriola sp;1500
Santiago;Carlos Maria;10/28/2018;11/5/2018;11;5;2018;Cais de pesca da Praia;Cais de pesca da Praia;João Valente;Rede de cerco;Demersais;Goraz;Lutjanus fulgens;800
Santiago;Carlos Maria;10/28/2018;11/5/2018;11;5;2018;Cais de pesca da Praia;Cais de pesca da Praia;João Valente;Rede de cerco;Demersais;Barbeiro;Acanthurus monroviae;100
Santiago;Carlos Maria;10/28/2018;11/5/2018;11;5;2018;Cais de pesca da Praia;Cais de pesca da Praia;João Valente;Rede de cerco;Pequenos pelágicos;Bicuda;Sphryraena guachancho;50
Santiago;Carlos Maria;10/28/2018;11/5/2018;11;5;2018;Cais de pesca da Praia;Cais de pesca da Praia;João Valente;Rede de cerco;Pequenos pelágicos;Cavala preta;Decapterus macarellus;500
Santiago;Carlos Maria;10/28/2018;11/5/2018;11;5;2018;Cais de pesca da Praia;Cais de pesca da Praia;João Valente;Rede de cerco;Demersais;Façola;Heteropriachanthus cruentatus;1500
Santiago;Calhau;10/28/2018;11/5/2018;11;5;2018;Cais de pesca da Praia;Cais de pesca da Praia;Falmengo (Maio);Rede de cerco;Pequenos pelágicos;Chicharro;Selar crumenophthalmus;500
Santiago;Vera;10/29/2018;11/1/2018;11;1;2018;Cais de pesca da Praia;Cais de pesca da Praia;Boa Vista;Linha;Tunídeos;Albacora;Thunnus albacares;1958
Santiago;Vera;10/29/2018;11/1/2018;11;1;2018;Cais de pesca da Praia;Cais de pesca da Praia;Boa Vista;Linha;Tunídeos;Gaiado;Katsuwonus pelamis;339
Santiago;Vera;10/29/2018;11/1/2018;11;1;2018;Cais de pesca da Praia;Cais de pesca da Praia;Boa Vista;Linha;Tunídeos;Merma/ Panguil/ Txafarote;Euthynnus alleteratus;163
Santiago;Furna;10/29/2018;11/2/2018;11;2;2018;Cais de pesca da Praia;Cais de pesca da Praia;Boa Vista;Linha;Tunídeos;Albacora;Thunnus albacares;2000
Santiago;Furna;10/29/2018;11/2/2018;11;2;2018;Cais de pesca da Praia;Cais de pesca da Praia;Boa Vista;Linha;Diversos;Agulhão;;30
Santiago;Judeia;10/30/2018;11/3/2018;11;3;2018;Cais de pesca da Praia;Cais de pesca da Praia;Boa Vista;Linha;Tunídeos;Albacora;Thunnus albacares;1453
Santiago;Vinte-7;10/31/2018;11/2/2018;11;2;2018;CPCI;Cais de pesca da Praia;São Nicolau;Rede de cerco;Pequenos pelágicos;Pelombeta;Trachinotus ovatus;1000
Santiago;Vinte-7;10/31/2018;11/2/2018;11;2;2018;CPCI;Cais de pesca da Praia;São Nicolau;Rede de cerco;Pequenos pelágicos;Chicharro;Selar crumenophthalmus;4000
Santiago;Vinte-7;10/31/2018;11/2/2018;11;2;2018;CPCI;Cais de pesca da Praia;São Nicolau;Rede de cerco;Tunídeos;Cachorrinha ou Judeu;Auxis sp;100
Santiago;Vinte-7;10/31/2018;11/2/2018;11;2;2018;CPCI;Cais de pesca da Praia;São Nicolau;Rede de cerco;Pequenos pelágicos;Cavala preta;Decapterus macarellus;500
Santiago;Vinte-7;10/31/2018;11/2/2018;11;2;2018;CPCI;Cais de pesca da Praia;São Nicolau;Rede de cerco;Pequenos pelágicos;Cavala branca;Decapterus punctatus;100
Santiago;Vinte-7;10/31/2018;11/2/2018;11;2;2018;CPCI;Cais de pesca da Praia;São Nicolau;Rede de cerco;Pequenos pelágicos;Bonito;Caranx crysos;200
Santiago;Vinte-7;10/31/2018;11/2/2018;11;2;2018;CPCI;Cais de pesca da Praia;São Nicolau;Rede de cerco;Diversos;Tchibilin;;300
Santiago;Deus me deu;10/31/2018;11/5/2018;11;5;2018;Cais de pesca da Praia;Cais de pesca da Praia;Baixa Boa Vista;Linha;Tunídeos;Albacora;Thunnus albacares;1207
Santiago;JB;11/1/2018;11/3/2018;11;3;2018;Cais de pesca da Praia;Cais de pesca da Praia;João Valente;Linha;Tunídeos;Albacora;Thunnus albacares;792
Santiago;Noquinha;11/2/2018;11/4/2018;11;4;2018;Cais de pesca da Praia;Cais de pesca da Praia;N/ Maio;Linha;Tunídeos;Albacora;Thunnus albacares;440
Santiago;Noquinha;11/2/2018;11/4/2018;11;4;2018;Cais de pesca da Praia;Cais de pesca da Praia;N/ Maio;Linha;Tunídeos;Gaiado;Katsuwonus pelamis;600
Santiago;Mayra;11/2/2018;11/5/2018;11;5;2018;Cais de pesca da Praia;Cais de pesca da Praia;Boa Vista;Rede de cerco;Pequenos pelágicos;Chicharro;Selar crumenophthalmus;2000
Santiago;Mayra;11/2/2018;11/5/2018;11;5;2018;Cais de pesca da Praia;Cais de pesca da Praia;Boa Vista;Rede de cerco;Pequenos pelágicos;Cavala preta;Decapterus macarellus;8000
Santiago;Pedra Badejo;11/2/2018;11/6/2018;11;6;2018;Cais de pesca da Praia;Cais de pesca da Praia;Galhão;Linha;Tunídeos;Albacora;Thunnus albacares;1876
Santiago;Israel;11/2/2018;11/6/2018;11;6;2018;Cais de pesca da Praia;Cais de pesca da Praia;Boa Vista;Linha;Tunídeos;Albacora;Thunnus albacares;915
Santiago;Fábio;11/2/2018;11/7/2018;11;7;2018;Cais de pesca da Praia;Cais de pesca da Praia;Baixa Boa Vista;Linha;Tunídeos;Albacora;Thunnus albacares;903
Santiago;Vinte-7;11/3/2018;11/5/2018;11;5;2018;Cais de pesca da Praia;Cais de pesca da Praia;Boa Vista;Rede de cerco;Pequenos pelágicos;Cavala preta;Decapterus macarellus;2800
Santiago;Vinte-7;11/3/2018;11/5/2018;11;5;2018;Cais de pesca da Praia;Cais de pesca da Praia;Boa Vista;Rede de cerco;Pequenos pelágicos;Chicharro;Selar crumenophthalmus;200
Santiago;Vinte-7;11/3/2018;11/5/2018;11;5;2018;Cais de pesca da Praia;Cais de pesca da Praia;Boa Vista;Rede de cerco;Pequenos pelágicos;Bonito;Caranx crysos;50
Santiago;Rincon;11/3/2018;11/6/2018;11;6;2018;Cais de pesca da Praia;Cais de pesca da Praia;Tarrafal de Santiago;Rede de cerco;Tunídeos;Gaiado;Katsuwonus pelamis;5000
Santiago;Cidadela;11/4/2018;11/5/2018;11;5;2018;Cais de pesca da Praia;Cais de pesca da Praia;Ilheu da Brava;Rede de cerco;Pequenos pelágicos;Cavala preta;Decapterus macarellus;4400
Santiago;Cidadela;11/4/2018;11/5/2018;11;5;2018;Cais de pesca da Praia;Cais de pesca da Praia;Ilheu da Brava;Rede de cerco;Tunídeos;Cachorrinha ou Judeu;Auxis sp;100
Santiago;Edylson Mateus;11/6/2018;11/7/2018;11;7;2018;Cais de pesca da Praia;Cais de pesca da Praia;Fogo;Rede de cerco;Pequenos pelágicos;Cavala preta;Decapterus macarellus;1000
Santiago;Edylson Mateus;11/6/2018;11/7/2018;11;7;2018;Cais de pesca da Praia;Cais de pesca da Praia;Fogo;Rede de cerco;Tunídeos;Cachorrinha ou Judeu;Auxis sp;500
Santiago;Edylson Mateus;11/6/2018;11/7/2018;11;7;2018;Cais de pesca da Praia;Cais de pesca da Praia;Fogo;Rede de cerco;Pequenos pelágicos;Chicharro;Selar crumenophthalmus;200
Santo Antão;Djesone;9/3/2018;9/4/2018;9;4;2018;Porto Novo;Porto Novo;Sonje (Porto Novo);Rede de cerco;Tunídeos;Cachorrinha ou Judeu;Auxis sp;550
Santo Antão;Barbara;10/19/2018;10/20/2018;10;20;2018;Porto Novo;Porto Novo;Póss de pau;Rede de cerco;Pequenos pelágicos;Chicharro;Selar crumenophthalmus;600
Santo Antão;Maranata;11/15/2018;11/16/2018;11;16;2018;;Porto Novo;Póss de pau;Rede de cerco;Pequenos pelágicos;Cavala preta;Decapterus macarellus;1500
Santo Antão;Barbara;11/27/2018;11/28/2018;11;28;2018;Porto Novo;Porto Novo;Póss de pau;Rede de cerco;Pequenos pelágicos;Chicharro;Selar crumenophthalmus;800
Santo Antão;São João Baptista;12/11/2018;12/12/2018;12;12;2018;Porto Novo;Porto Novo;Póss de pau;Rede de cerco;Pequenos pelágicos;Cavala preta;Decapterus macarellus;2000
Santo Antão;São João Baptista;12/27/2018;12/28/2018;12;28;2018;Porto Novo;Porto Novo;Póss de pau;Rede de cerco;Pequenos pelágicos;Cavala preta;Decapterus macarellus;500
São Vicente;Cristalina A;12/2/2018;12/3/2018;12;3;2018;CPCI;CPCI;Ribeirinha de São Pedro;Rede de cerco;Tunídeos;Cachorrinha ou Judeu;Auxis sp;7698
São Vicente;Ponta Cacimba;12/2/2018;12/3/2018;12;3;2018;CPCI;CPCI;Sul de São Pedro;Rede de cerco;Tunídeos;Cachorrinha ou Judeu;Auxis sp;6869
São Vicente;Baía Porto Novo;12/2/2018;12/3/2018;12;3;2018;CPCI;CPCI;Farol de boi;Rede de cerco;Tunídeos;Cachorrinha ou Judeu;Auxis sp;210
São Vicente;Djesone;12/5/2018;12/5/2018;12;5;2018;CPCI;CPCI;Baía do Porto Novo;Rede de cerco;Tunídeos;Cachorrinha ou Judeu;Auxis sp;3019
São Vicente;Baía Porto Novo;12/5/2018;12/6/2018;12;6;2018;CPCI;CPCI;Sul de São Pedro;Rede de cerco;Tunídeos;Cachorrinha ou Judeu;Auxis sp;21462
São Vicente;Cristalina A;12/7/2018;12/8/2018;12;8;2018;CPCI;CPCI;Calheta;Rede de cerco;Tunídeos;Cachorrinha ou Judeu;Auxis sp;6480
São Vicente;Maranata;12/6/2018;12/8/2018;12;8;2018;CPCI;CPCI;Tarrafal de Monte Trigo;Rede de cerco;Tunídeos;Cachorrinha ou Judeu;Auxis sp;369
São Vicente;Maranata;12/6/2018;12/8/2018;12;8;2018;CPCI;CPCI;Tarrafal de Monte Trigo;Rede de cerco;Tunídeos;Gaiado;Katsuwonus pelamis;478
São Vicente;São João Baptista;12/8/2018;12/9/2018;12;9;2018;CPCI;CPCI;Saragarça;Rede de cerco;Tunídeos;Cachorrinha ou Judeu;Auxis sp;1095
São Vicente;Ponta D´Tun;12/8/2018;12/9/2018;12;9;2018;CPCI;CPCI;Calhau;Rede de cerco;Tunídeos;Gaiado;Katsuwonus pelamis;705
São Vicente;Ponta Cacimba;12/8/2018;12/9/2018;12;9;2018;CPCI;CPCI;Póss de pau;Rede de cerco;Tunídeos;Cachorrinha ou Judeu;Auxis sp;3861
São Vicente;Baía Porto Novo;12/8/2018;12/9/2018;12;9;2018;CPCI;CPCI;Sul de São Pedro;Rede de cerco;Tunídeos;Cachorrinha ou Judeu;Auxis sp;2690
São Vicente;Ponta Cacimba;12/10/2018;12/12/2018;12;12;2018;CPCI;CPCI;Ilheu branco e raso;Rede de cerco;Tunídeos;Cachorrinha ou Judeu;Auxis sp;18264
São Vicente;São João Baptista;12/12/2018;12/13/2018;12;13;2018;CPCI;CPCI;Baía do Porto Novo;Rede de cerco;Tunídeos;Cachorrinha ou Judeu;Auxis sp;915
São Vicente;Ponta D´Tun;12/12/2018;12/13/2018;12;13;2018;CPCI;CPCI;Póss de pau;Rede de cerco;Tunídeos;Cachorrinha ou Judeu;Auxis sp;9391
São Vicente;Cristalina A;12/12/2018;12/13/2018;12;13;2018;CPCI;CPCI;Flamenguinho;Rede de cerco;Tunídeos;Cachorrinha ou Judeu;Auxis sp;9391
São Vicente;Noroeste;12/14/2018;12/18/2018;12;18;2018;Tarrafal de São Nicolau;CPCI;Ilheu raso;Covos;Crustáceos;Lagosta rosa;Palinurus charlestoni;330
São Vicente;Noroeste;12/14/2018;12/18/2018;12;18;2018;Tarrafal de São Nicolau;CPCI;Ilheu raso;Covos;Demersais;Moreia preta;Gymnothorax vicinus;100
São Vicente;Noroeste;12/14/2018;12/18/2018;12;18;2018;Tarrafal de São Nicolau;CPCI;Ilheu raso;Covos;Demersais;Safio;Paraconger notialis;150
São Vicente;Noroeste;12/14/2018;12/18/2018;12;18;2018;Tarrafal de São Nicolau;CPCI;Ilheu raso;Covos;Crustáceos;Carangueijo;;200
São Vicente;Noroeste;12/14/2018;12/18/2018;12;18;2018;Tarrafal de São Nicolau;CPCI;Ilheu raso;Covos;Crustáceos;Camarão;;25
São Vicente;Atlantida II;12/30/2018;12/31/2018;12;31;2018;CPCI;CPCI;Baía do Porto Grande;Rede de cerco;Tunídeos;Cachorrinha ou Judeu;Auxis sp;2077
São Vicente;Baía Porto Novo;12/30/2018;12/31/2018;12;31;2018;CPCI;CPCI;Sonje (Porto Novo);Rede de cerco;Tunídeos;Cachorrinha ou Judeu;Auxis sp;580
Sal;Mestre Pimentel;12/9/2018;12/10/2018;12;10;2018;Palmeira;Palmeira;Madama;Rede de cerco;Pequenos pelágicos;Chicharro;Selar crumenophthalmus;400
Sal;Mestre Pimentel;12/18/2018;12/18/2018;12;18;2018;Palmeira;Palmeira;Madama;Rede de cerco;Tunídeos;Cachorrinha ou Judeu;Auxis sp;400
Sal;Mestre Pimentel;12/20/2018;12/20/2018;12;20;2018;Palmeira;Palmeira;Madama;Rede de cerco;Tunídeos;Cachorrinha ou Judeu;Auxis sp;300
Sal;Chefarote;12/5/2018;12/6/2018;12;6;2018;Palmeira;Palmeira;Madama;Rede de cerco;Pequenos pelágicos;Chicharro;Selar crumenophthalmus;3000
Sal;Chefarote;12/9/2018;12/10/2018;12;10;2018;Palmeira;Palmeira;Madama;Rede de cerco;Pequenos pelágicos;Chicharro;Selar crumenophthalmus;4000
Sal;Chefarote;12/9/2018;12/10/2018;12;10;2018;Palmeira;Palmeira;Madama;Rede de cerco;Pequenos pelágicos;Cavala branca;Decapterus punctatus;250
Sal;Chefarote;12/17/2018;12/18/2018;12;18;2018;Palmeira;Palmeira;Madama;Rede de cerco;Pequenos pelágicos;Chicharro;Selar crumenophthalmus;500
Sal;Chefarote;12/17/2018;12/18/2018;12;18;2018;Palmeira;Palmeira;Madama;Rede de cerco;Pequenos pelágicos;Arenque;Sardinella maderensis;300
Sal;Chefarote;12/21/2018;12/21/2018;12;21;2018;Palmeira;Palmeira;Madama;Rede de cerco;Tunídeos;Cachorrinha ou Judeu;Auxis sp;550
Sal;Chefarote;12/22/2018;12/22/2018;12;22;2018;Palmeira;Palmeira;Madama;Rede de cerco;Pequenos pelágicos;Cavala branca;Decapterus punctatus;200
Sal;Chefarote;12/28/2018;12/28/2018;12;28;2018;Palmeira;Palmeira;Madama;Rede de cerco;Pequenos pelágicos;Arenque;Sardinella maderensis;200
Sal;Chefarote;12/28/2018;12/28/2018;12;28;2018;Palmeira;Palmeira;Madama;Rede de cerco;Pequenos pelágicos;Cavala branca;Decapterus punctatus;300
São Vicente;Belfish II;8/5/2018;8/6/2018;8;6;2018;CPCI;CPCI;Tarrafal de Monte Trigo;Rede de cerco;Tunídeos;Cachorrinha ou Judeu;Auxis sp;4000
São Vicente;Laginha;8/8/2018;8/9/2018;8;9;2018;CPCI;CPCI;Sul de São Pedro;Rede de cerco;Tunídeos;Cachorrinha ou Judeu;Auxis sp;5650
São Vicente;Gamboa;8/16/2018;8/17/2018;8;17;2018;CPCI;CPCI;Póss de pau;Rede de cerco;Tunídeos;Cachorrinha ou Judeu;Auxis sp;8648
São Vicente;Kelly;8/16/2018;8/17/2018;8;17;2018;CPCI;CPCI;Baía das Gatas;Rede de cerco;Tunídeos;Cachorrinha ou Judeu;Auxis sp;3000
São Vicente;Gamboa;8/22/2018;8/23/2018;8;23;2018;CPCI;CPCI;Póss de pau;Rede de cerco;Demersais;Abroto;Pomadasys rogeri;800
São Vicente;B/p art Principe de Gala;11/30/2018;12/1/2018;12;1;2018;CPCI;CPCI;;;Tunídeos;Albacora;Thunnus albacares;1104
São Vicente;Ponta Cacimba;12/2/2018;12/3/2018;12;3;2018;CPCI;CPCI;Sul de São Pedro;Rede de cerco;Pequenos pelágicos;Cavala preta;Decapterus macarellus;3505
São Vicente;Baía Porto Novo;12/2/2018;12/3/2018;12;3;2018;CPCI;CPCI;Sul de São Pedro;Rede de cerco;Pequenos pelágicos;Cavala preta;Decapterus macarellus;3938
São Vicente;Rita Maria;12/5/2018;12/6/2018;12;6;2018;CPCI;CPCI;Noroeste;Linha;Tunídeos;Albacora;Thunnus albacares;282
São Vicente;São José;12/5/2018;12/6/2018;12;6;2018;CPCI;CPCI;Tarrafal de Monte Trigo;Linha e vara;Tunídeos;Albacora;Thunnus albacares;1783
São Vicente;São José;12/5/2018;12/6/2018;12;6;2018;CPCI;CPCI;Tarrafal de Monte Trigo;Linha e vara;Tunídeos;Serra ou Djeu;Acanthocybium solandri;1358
São Vicente;Baía Porto Novo;12/9/2018;12/10/2018;12;10;2018;CPCI;CPCI;Sul de São Pedro;Rede de cerco;Pequenos pelágicos;Chicharro;Selar crumenophthalmus;2560
São Vicente;Baía Porto Novo;12/9/2018;12/10/2018;12;10;2018;CPCI;CPCI;Sul de São Pedro;Rede de cerco;Pequenos pelágicos;Bonito;Caranx crysos;401
São Vicente;Rita Maria;12/12/2018;12/13/2018;12;13;2018;CPCI;CPCI;Noroeste;Linha;Tunídeos;Albacora;Thunnus albacares;302
São Vicente;Rita Maria;12/12/2018;12/13/2018;12;13;2018;CPCI;CPCI;Noroeste;Linha;Tunídeos;Serra ou Djeu;Acanthocybium solandri;212
São Vicente;São José;12/12/2018;12/13/2018;12;13;2018;CPCI;CPCI;Tarrafal de Monte Trigo;Linha e vara;Tunídeos;Albacora;Thunnus albacares;817
São Vicente;São José;12/12/2018;12/13/2018;12;13;2018;CPCI;CPCI;Tarrafal de Monte Trigo;Linha e vara;Tunídeos;Serra ou Djeu;Acanthocybium solandri;1292
São Vicente;São José;12/12/2018;12/13/2018;12;13;2018;CPCI;CPCI;Tarrafal de Monte Trigo;Linha e vara;Demersais;Esmoregal ou Serze;Seriola sp;47
São Vicente;Atlantida II;12/17/2018;12/18/2018;12;18;2018;CPCI;CPCI;Baía do Porto Grande;Rede de cerco;Tunídeos;Serra ou Djeu;Acanthocybium solandri;2610
São Vicente;Atlantida II;12/17/2018;12/18/2018;12;18;2018;CPCI;CPCI;Baía do Porto Grande;Rede de cerco;Demersais;Esmoregal ou Serze;Seriola sp;30
São Vicente;Atlantida II;12/17/2018;12/18/2018;12;18;2018;CPCI;CPCI;Baía do Porto Grande;Rede de cerco;Tunídeos;Lobo ou Dourado;Coryphaena hippurus;195
São Vicente;Rita Maria;12/19/2018;12/20/2018;12;20;2018;CPCI;CPCI;Noroeste;Linha;Tunídeos;Serra ou Djeu;Acanthocybium solandri;316
São Vicente;Rita Maria;12/19/2018;12/20/2018;12;20;2018;CPCI;CPCI;Noroeste;Linha;Tunídeos;Albacora;Thunnus albacares;715
São Vicente;Maranata;12/19/2018;12/20/2018;12;20;2018;CPCI;CPCI;Tarrafal de Monte Trigo;Rede de cerco;Tunídeos;Albacora;Thunnus albacares;648
São Vicente;Maranata;12/19/2018;12/20/2018;12;20;2018;CPCI;CPCI;Tarrafal de Monte Trigo;Rede de cerco;Tunídeos;Serra ou Djeu;Acanthocybium solandri;322
São Vicente;Maranata;12/19/2018;12/20/2018;12;20;2018;CPCI;CPCI;Tarrafal de Monte Trigo;Rede de cerco;Demersais;Esmoregal ou Serze;Seriola sp;104
São Vicente;São José;12/19/2018;12/20/2018;12;20;2018;CPCI;CPCI;Tarrafal de Monte Trigo;Linha e vara;Tunídeos;Albacora;Thunnus albacares;425
São Vicente;São José;12/19/2018;12/20/2018;12;20;2018;CPCI;CPCI;Tarrafal de Monte Trigo;Linha e vara;Tunídeos;Serra ou Djeu;Acanthocybium solandri;873
São Vicente;São José;12/19/2018;12/20/2018;12;20;2018;CPCI;CPCI;Tarrafal de Monte Trigo;Linha e vara;Demersais;Salmão;Elagatis bipinnulata;35
São Vicente;Rita Maria;12/26/2018;12/27/2018;12;27;2018;CPCI;CPCI;Noroeste;Linha;Tunídeos;Albacora;Thunnus albacares;284
São Vicente;Rita Maria;12/26/2018;12/27/2018;12;27;2018;CPCI;CPCI;Noroeste;Linha;Tunídeos;Lobo ou Dourado;Coryphaena hippurus;70
São Vicente;Rita Maria;12/26/2018;12/27/2018;12;27;2018;CPCI;CPCI;Noroeste;Linha;Tunídeos;Serra ou Djeu;Acanthocybium solandri;491
São Vicente;Belfish II;12/28/2018;12/29/2018;12;29;2018;CPCI;CPCI;Tarrafal de Monte Trigo;Rede de cerco;Tunídeos;Albacora;Thunnus albacares;97
São Vicente;Belfish II;12/28/2018;12/29/2018;12;29;2018;CPCI;CPCI;Tarrafal de Monte Trigo;Rede de cerco;Tunídeos;Serra ou Djeu;Acanthocybium solandri;587
São Vicente;Barbara;11/6/2018;11/7/2018;11;7;2018;CPCI;CPCI;Sul de São Pedro;Rede de cerco;Pequenos pelágicos;arenque;Sardinella maderensis;904
São Vicente;Maranata;12/6/2018;12/8/2018;12;8;2018;CPCI;CPCI;Tarrafal de Monte Trigo;Rede de cerco;Pequenos pelágicos;Cavala Preta;Decapterus macarellus;593
Santiago;São Pedro;1/10/2018;1/15/2018;1;15;2018;Pedra Badejo;Cais de pesca da Praia;Tchadona;;Tunídeos;Albacora;Thunnus albacares;319
Santiago;São Pedro;1/10/2018;1/15/2018;1;15;2018;Pedra Badejo;Cais de pesca da Praia;Tchadona;;Diversos;Chicharrão;;450
Santiago;Porto cais;1/10/2018;1/15/2018;1;15;2018;Pedra Badejo;Cais de pesca da Praia;Tchadona;;Diversos;Choba;;396
Santiago;Santo António;1/16/2018;1/16/2018;1;16;2018;Pedra Badejo;Cais de pesca da Praia;Pedra Barbo;Rede de cerco;Pequenos pelágicos;Cavala preta;Decapterus macarellus;120
Santiago;Santo António;1/16/2018;1/16/2018;1;16;2018;Pedra Badejo;Cais de pesca da Praia;Pedra Barbo;Rede de cerco;Demersais;Barbeiro;Acanthurus monroviae;20
Santiago;Nho Santiago;1/11/2018;1/16/2018;1;16;2018;Pedra Badejo;Cais de pesca da Praia;Tchadona;;Tunídeos;Albacora;Thunnus albacares;320
Santiago;Vai com Deus;1/12/2018;1/16/2018;1;16;2018;Pedra Badejo;Cais de pesca da Praia;Tchadona;;Tunídeos;Albacora;Thunnus albacares;350
Santiago;Vai com Deus;1/12/2018;1/16/2018;1;16;2018;Pedra Badejo;Cais de pesca da Praia;Tchadona;;Demersais;Esmoregal ou Serze;Seriola sp;10
Santiago;Duda Marinho;1/22/2018;1/22/2018;1;22;2018;Pedra Badejo;Cais de pesca da Praia;Coroa;Rede de cerco;Tunídeos;Merma/ Panguil/ Txafarote;Euthynnus alleteratus;60
Santiago;Duda Marinho;1/22/2018;1/22/2018;1;22;2018;Pedra Badejo;Cais de pesca da Praia;Coroa;Rede de cerco;Pequenos pelágicos;Dobrada;Spicara melanurus;100
Santiago;Santo António;1/23/2018;1/23/2018;1;23;2018;Pedra Badejo;Cais de pesca da Praia;Achada Ponta;Rede de cerco;Pequenos pelágicos;Sicate/ Ponteiro/ Ferrão;Hemiramphus brasiliensis;800
Santiago;Peixe Rei;1/24/2018;1/26/2018;1;26;2018;Pedra Badejo;Cais de pesca da Praia;Tchadona;;Tunídeos;Albacora;Thunnus albacares;168
Santiago;Peixe Rei;1/24/2018;1/26/2018;1;26;2018;Pedra Badejo;Cais de pesca da Praia;Tchadona;;Diversos;Chicharrão;;360
Santiago;Porto cais;1/23/2018;1/27/2018;1;27;2018;Pedra Badejo;Cais de pesca da Praia;Tchadona;;Diversos;Chicharrão;;200
Santiago;Porto cais;1/23/2018;1/27/2018;1;27;2018;Pedra Badejo;Cais de pesca da Praia;Tchadona;;Demersais;Fanhama ;Helicolenus dactylopterus;100
Santiago;Porto cais;1/23/2018;1/27/2018;1;27;2018;Pedra Badejo;Cais de pesca da Praia;Tchadona;;Demersais;Moreia;MURAENIDAE;5
Santiago;Porto cais;1/23/2018;1/27/2018;1;27;2018;Pedra Badejo;Cais de pesca da Praia;Tchadona;;Diversos;Choba;;161
Santiago;Porto cais;1/23/2018;1/27/2018;1;27;2018;Pedra Badejo;Cais de pesca da Praia;Tchadona;;Demersais;Esmoregal ou Serze;Seriola sp;7
Santiago;Marina Duda;1/29/2018;1/29/2018;1;29;2018;Pedra Badejo;Cais de pesca da Praia;Achada Ponta;Rede de cerco;Tunídeos;Merma/ Panguil/ Txafarote;Euthynnus alleteratus;800
Santiago;Dona Iva;1/24/2018;1/28/2018;1;28;2018;Pedra Badejo;Cais de pesca da Praia;Tchadona;;Tunídeos;Albacora;Thunnus albacares;135
Santiago;Nho Santiago;1/24/2018;1/28/2018;1;28;2018;Pedra Badejo;Cais de pesca da Praia;Tchadona;;Tunídeos;Albacora;Thunnus albacares;380
Santiago;Praia Gonsal;2/3/2018;2/4/2018;2;4;2018;Pedra Badejo;Cais de pesca da Praia;Tchadona;Rede de cerco;Pequenos pelágicos;Cavala preta;Decapterus macarellus;1000
Santiago;Duda Marinho;2/5/2018;2/5/2018;2;5;2018;Pedra Badejo;Cais de pesca da Praia;Achada Ponta;Rede de cerco;Tunídeos;Merma/ Panguil/ Txafarote;Euthynnus alleteratus;300
Santiago;Santo António;2/5/2018;2/5/2018;2;5;2018;Pedra Badejo;Cais de pesca da Praia;Achada Ponta;Rede de cerco;Tunídeos;Merma/ Panguil/ Txafarote;Euthynnus alleteratus;1001
Santiago;Santo António;2/5/2018;2/5/2018;2;5;2018;Pedra Badejo;Cais de pesca da Praia;Achada Ponta;Rede de cerco;Pequenos pelágicos;Sicate/ Ponteiro/ Ferrão;Hemiramphus brasiliensis;150
Santiago;Duda Marinho;2/5/2018;2/6/2018;2;6;2018;Pedra Badejo;Cais de pesca da Praia;Biscainho;Rede de cerco;Tunídeos;Merma/ Panguil/ Txafarote;Euthynnus alleteratus;800
Santiago;Duda Marinho;2/5/2018;2/6/2018;2;6;2018;Pedra Badejo;Cais de pesca da Praia;Biscainho;Rede de cerco;Pequenos pelágicos;Sicate/ Ponteiro/ Ferrão;Hemiramphus brasiliensis;100
Santiago;Porto cais;2/6/2018;2/9/2018;2;9;2018;Pedra Badejo;Cais de pesca da Praia;Tchadona;;Tunídeos;Albacora;Thunnus albacares;60
Santiago;Porto cais;2/6/2018;2/9/2018;2;9;2018;Pedra Badejo;Cais de pesca da Praia;Tchadona;;Demersais;Bica;Lethrinus atlanticus;20
Santiago;Porto cais;2/6/2018;2/9/2018;2;9;2018;Pedra Badejo;Cais de pesca da Praia;Tchadona;;Diversos;Chicharrão;;50
Santiago;Porto cais;2/6/2018;2/9/2018;2;9;2018;Pedra Badejo;Cais de pesca da Praia;Tchadona;;Diversos;Maragal;;86
Santiago;Porto cais;2/6/2018;2/9/2018;2;9;2018;Pedra Badejo;Cais de pesca da Praia;Tchadona;;Demersais;Fambil;BALISTIDAE;10
Santiago;Mangrade;2/8/2018;2/9/2018;2;9;2018;Pedra Badejo;Cais de pesca da Praia;R. Grade;Rede de cerco;Pequenos pelágicos;Chicharro;Selar crumenophthalmus;800
Santiago;Santo António;2/7/2018;2/7/2018;2;7;2018;Pedra Badejo;Cais de pesca da Praia;Areia grande;Rede de cerco;Pequenos pelágicos;Dobrada;Spicara melanurus;150
Santiago;Santo António;2/7/2018;2/7/2018;2;7;2018;Pedra Badejo;Cais de pesca da Praia;Areia grande;Rede de cerco;Pequenos pelágicos;Chicharro;Selar crumenophthalmus;150
Santiago;Duda Marinho;2/7/2018;2/7/2018;2;7;2018;Pedra Badejo;Cais de pesca da Praia;Areia grande;Rede de cerco;Pequenos pelágicos;Chicharro;Selar crumenophthalmus;150
Santiago;Duda Marinho;2/7/2018;2/7/2018;2;7;2018;Pedra Badejo;Cais de pesca da Praia;Areia grande;Rede de cerco;Pequenos pelágicos;Dobrada;Spicara melanurus;200
Santiago;Santo António;2/8/2018;2/9/2018;2;9;2018;Pedra Badejo;Cais de pesca da Praia;Maio;Rede de cerco;Pequenos pelágicos;Arenque;Sardinella maderensis;3000
Santiago;Nossa Senhora da Luz;2/9/2018;2/10/2018;2;10;2018;Pedra Badejo;Cais de pesca da Praia;Maio;Rede de cerco;Pequenos pelágicos;Sicate/ Ponteiro/ Ferrão;Hemiramphus brasiliensis;2500
Santiago;Porto cais;2/10/2018;2/13/2018;2;13;2018;Pedra Badejo;Cais de pesca da Praia;Tchadona;;Tunídeos;Albacora;Thunnus albacares;265
Santiago;Porto cais;2/10/2018;2/13/2018;2;13;2018;Pedra Badejo;Cais de pesca da Praia;Tchadona;;Diversos;Maragal;;80
Santiago;Vai com Deus;2/10/2018;2/14/2018;2;14;2018;Pedra Badejo;Cais de pesca da Praia;Cabeça Maio, Tchadona;;Tunídeos;Albacora;Thunnus albacares;320
Santiago;Vai com Deus;2/10/2018;2/14/2018;2;14;2018;Pedra Badejo;Cais de pesca da Praia;Cabeça Maio, Tchadona;;Demersais;Goraz;Lutjanus fulgens;20
Santiago;Mama Bia;2/10/2018;2/14/2018;2;14;2018;Pedra Badejo;Cais de pesca da Praia;Tchadona;;Tunídeos;Albacora;Thunnus albacares;280
Santiago;Kutelinho;2/11/2018;2/15/2018;2;15;2018;Pedra Badejo;Cais de pesca da Praia;Tchadona, Cabeça Maio;;Tunídeos;Albacora;Thunnus albacares;375
Santiago;Kutelinho;2/11/2018;2/15/2018;2;15;2018;Pedra Badejo;Cais de pesca da Praia;Tchadona, Cabeça Maio;;Demersais;Esmoregal ou Serze;Seriola sp;15
Santiago;Amarante;2/11/2018;2/15/2018;2;15;2018;Pedra Badejo;Cais de pesca da Praia;Tchadona;;Tunídeos;Albacora;Thunnus albacares;180
Santiago;Amarante;2/11/2018;2/15/2018;2;15;2018;Pedra Badejo;Cais de pesca da Praia;Tchadona;;Demersais;Goraz;Lutjanus fulgens;60
Santiago;Amarante;2/11/2018;2/15/2018;2;15;2018;Pedra Badejo;Cais de pesca da Praia;Tchadona;;Demersais;Esmoregal ou Serze;Seriola sp;30
Santiago;Iva;2/13/2018;2/17/2018;2;17;2018;Pedra Badejo;Cais de pesca da Praia;Cabeça Maio;;Tunídeos;Albacora;Thunnus albacares;300
Santiago;Iva;2/13/2018;2/17/2018;2;17;2018;Pedra Badejo;Cais de pesca da Praia;Cabeça Maio;;Diversos;Maragal;;70
Santiago;Lidiana;2/13/2018;2/17/2018;2;17;2018;Pedra Badejo;Cais de pesca da Praia;Tchadona;;Tunídeos;Albacora;Thunnus albacares;220
Santiago;Nho Santiago;2/13/2018;2/17/2018;2;17;2018;Pedra Badejo;Cais de pesca da Praia;Cabeça Maio, Tchadona;;Tunídeos;Albacora;Thunnus albacares;235
Santiago;Nho Santiago;2/13/2018;2/17/2018;2;17;2018;Pedra Badejo;Cais de pesca da Praia;Cabeça Maio, Tchadona;;Demersais;Fatcho de fundo;Mulloidichthys martinicus;10
Santiago;Nho Santiago;2/13/2018;2/17/2018;2;17;2018;Pedra Badejo;Cais de pesca da Praia;Cabeça Maio, Tchadona;;Demersais;Esmoregal ou Serze;Seriola sp;25
Santiago;Leida;2/19/2018;2/23/2018;2;23;2018;Pedra Badejo;Cais de pesca da Praia;Tchadona;;Tunídeos;Albacora;Thunnus albacares;370
Santiago;Leida;2/19/2018;2/23/2018;2;23;2018;Pedra Badejo;Cais de pesca da Praia;Tchadona;;Diversos;Maragal;;130
Santiago;Duda Marinho;3/4/2018;3/4/2018;3;4;2018;Pedra Badejo;Cais de pesca da Praia;Achada Ponta;Rede de cerco;Tunídeos;Merma/ Panguil/ Txafarote;Euthynnus alleteratus;800
Santiago;Santo António;3/4/2018;3/4/2018;3;4;2018;Pedra Badejo;Cais de pesca da Praia;Areia grande;Rede de cerco;Pequenos pelágicos;Chicharro;Selar crumenophthalmus;800
Santiago;Nossa Senhora da Luz;3/5/2018;3/5/2018;3;5;2018;Pedra Badejo;Cais de pesca da Praia;Areia grande;Rede de cerco;Pequenos pelágicos;Chicharro;Selar crumenophthalmus;500
Santiago;Mangrade;3/9/2018;3/9/2018;3;9;2018;Pedra Badejo;Cais de pesca da Praia;Areia grande;Rede de cerco;Pequenos pelágicos;Chicharro;Selar crumenophthalmus;1600
Santiago;Santo António;3/9/2018;3/9/2018;3;9;2018;Pedra Badejo;Cais de pesca da Praia;P. Barbo;Rede de cerco;Pequenos pelágicos;Dobrada;Spicara melanurus;1000
Santiago;Duda Marinho;3/10/2018;3/10/2018;3;10;2018;Pedra Badejo;Cais de pesca da Praia;P. Barbo;Rede de cerco;Tunídeos;Merma/ Panguil/ Txafarote;Euthynnus alleteratus;600
Santiago;Nos ku nos;3/10/2018;3/10/2018;3;10;2018;Pedra Badejo;Cais de pesca da Praia;Areia grande;Rede de cerco;Pequenos pelágicos;Dobrada;Spicara melanurus;60
Santiago;Alcatraz;3/10/2018;3/10/2018;3;10;2018;Pedra Badejo;Cais de pesca da Praia;P. Coroa;Rede de cerco;Tunídeos;Merma/ Panguil/ Txafarote;Euthynnus alleteratus;800
Santiago;Nossa Senhora da Luz;3/11/2018;3/11/2018;3;11;2018;Pedra Badejo;Cais de pesca da Praia;Achada Ponta;Rede de cerco;Tunídeos;Merma/ Panguil/ Txafarote;Euthynnus alleteratus;600
Santiago;P. Cais;3/5/2018;3/9/2018;3;9;2018;Pedra Badejo;Cais de pesca da Praia;Cabeça Maio, Tchadona;;Tunídeos;Albacora;Thunnus albacares;380
Santiago;P. Cais;3/5/2018;3/9/2018;3;9;2018;Pedra Badejo;Cais de pesca da Praia;Cabeça Maio, Tchadona;;Diversos;Maragal;;180
Santiago;Mete Boca;3/3/2018;3/7/2018;3;7;2018;Pedra Badejo;Cais de pesca da Praia;Tchadona;;Tunídeos;Albacora;Thunnus albacares;280
Santiago;Mete Boca;3/3/2018;3/7/2018;3;7;2018;Pedra Badejo;Cais de pesca da Praia;Tchadona;;Demersais;Esmoregal ou Serze;Seriola sp;20
Santiago;Mete Boca;3/3/2018;3/7/2018;3;7;2018;Pedra Badejo;Cais de pesca da Praia;Tchadona;;Demersais;Fatcho de fundo;Mulloidichthys martinicus;10
Santiago;São Pedro;3/3/2018;3/7/2018;3;7;2018;Pedra Badejo;Cais de pesca da Praia;Tchadona;;Tunídeos;Albacora;Thunnus albacares;320
Santiago;Nos ku nos;3/14/2018;3/14/2018;3;14;2018;Pedra Badejo;Cais de pesca da Praia;Areia grande;Rede de cerco;Tunídeos;Merma/ Panguil/ Txafarote;Euthynnus alleteratus;100
Santiago;Nossa Senhora da Luz;3/14/2018;3/14/2018;3;14;2018;Pedra Badejo;Cais de pesca da Praia;Areia grande;Rede de cerco;Tunídeos;Merma/ Panguil/ Txafarote;Euthynnus alleteratus;2000
Santiago;Duda Marinho;3/15/2018;3/15/2018;3;15;2018;Pedra Badejo;Cais de pesca da Praia;P. Coroa;Rede de cerco;Pequenos pelágicos;Sicate/ Ponteiro/ Ferrão;Hemiramphus brasiliensis;1000
Santiago;Santo António;3/17/2018;3/17/2018;3;17;2018;Pedra Badejo;Cais de pesca da Praia;P. Coroa;Rede de cerco;Tunídeos;Merma/ Panguil/ Txafarote;Euthynnus alleteratus;1500
Santiago;Denilsan;3/7/2018;3/11/2018;3;11;2018;Pedra Badejo;Cais de pesca da Praia;Tchadona;;Tunídeos;Albacora;Thunnus albacares;380
Santiago;Denilsan;3/7/2018;3/11/2018;3;11;2018;Pedra Badejo;Cais de pesca da Praia;Tchadona;;Demersais;Garoupa;Cepahalopholis taeniops;30
Santiago;Denilsan;3/7/2018;3/11/2018;3;11;2018;Pedra Badejo;Cais de pesca da Praia;Tchadona;;Demersais;Fatcho de fundo;Mulloidichthys martinicus;5
Santiago;Mama Bia;3/7/2018;3/12/2018;3;12;2018;Pedra Badejo;Cais de pesca da Praia;Tchadona;;Tunídeos;Albacora;Thunnus albacares;300
Santiago;Mama Bia;3/7/2018;3/12/2018;3;12;2018;Pedra Badejo;Cais de pesca da Praia;Tchadona;;Demersais;Salmão;Elagatis bipinnulata;4
Santiago;Mama Bia;3/7/2018;3/12/2018;3;12;2018;Pedra Badejo;Cais de pesca da Praia;Tchadona;;Demersais;Goraz;Lutjanus fulgens;20
Santiago;Mama Bia;3/7/2018;3/12/2018;3;12;2018;Pedra Badejo;Cais de pesca da Praia;Tchadona;;Pequenos pelágicos;Bonito;Caranx crysos;6
Santiago;Nho Santiago;3/9/2018;3/14/2018;3;14;2018;Pedra Badejo;Cais de pesca da Praia;Cabeça Maio;;Tunídeos;Albacora;Thunnus albacares;380
Santiago;Nho Santiago;3/9/2018;3/14/2018;3;14;2018;Pedra Badejo;Cais de pesca da Praia;Cabeça Maio;;Demersais;Fatcho de fundo;Mulloidichthys martinicus;40
Santiago;Vai com Deus;3/9/2018;3/14/2018;3;14;2018;Pedra Badejo;Cais de pesca da Praia;Cabeça Maio;;Tunídeos;Albacora;Thunnus albacares;390
Santiago;Vai com Deus;3/9/2018;3/14/2018;3;14;2018;Pedra Badejo;Cais de pesca da Praia;Cabeça Maio;;Diversos;Maragal;;120
Santiago;Vai com Deus;3/9/2018;3/14/2018;3;14;2018;Pedra Badejo;Cais de pesca da Praia;Cabeça Maio;;Demersais;Fatcho de fundo;Mulloidichthys martinicus;20
Santiago;Vai com Deus;3/9/2018;3/14/2018;3;14;2018;Pedra Badejo;Cais de pesca da Praia;Cabeça Maio;;Demersais;Garoupa;Cepahalopholis taeniops;10
Santiago;Kutelinho;3/11/2018;3/16/2018;3;16;2018;Pedra Badejo;Cais de pesca da Praia;Tchadona;;Tunídeos;Albacora;Thunnus albacares;270
Santiago;Kutelinho;3/11/2018;3/16/2018;3;16;2018;Pedra Badejo;Cais de pesca da Praia;Tchadona;;Diversos;Maragal;;60
Santiago;Iva;3/11/2018;3/16/2018;3;16;2018;Pedra Badejo;Cais de pesca da Praia;Tchadona;;Tunídeos;Albacora;Thunnus albacares;400
Santiago;Todos os santos;3/18/2018;3/23/2018;3;23;2018;Pedra Badejo;Cais de pesca da Praia;Cabeça Maio, Tchadona;;Tunídeos;Albacora;Thunnus albacares;360
Santiago;Todos os santos;3/18/2018;3/23/2018;3;23;2018;Pedra Badejo;Cais de pesca da Praia;Cabeça Maio, Tchadona;;Demersais;Papagaio;Parapristipoma humile;15
Santiago;Todos os santos;3/18/2018;3/23/2018;3;23;2018;Pedra Badejo;Cais de pesca da Praia;Cabeça Maio, Tchadona;;Demersais;Garoupa;Cepahalopholis taeniops;5
Santiago;Asfa;3/18/2018;3/23/2018;3;23;2018;Pedra Badejo;Cais de pesca da Praia;Tchadona;;Tunídeos;Albacora;Thunnus albacares;365
Santiago;Santo Amaro;3/20/2018;3/24/2018;3;24;2018;Pedra Badejo;Cais de pesca da Praia;Tchadona;;Tunídeos;Albacora;Thunnus albacares;400
Santiago;Santo Amaro;3/20/2018;3/24/2018;3;24;2018;Pedra Badejo;Cais de pesca da Praia;Tchadona;;Demersais;Goraz;Lutjanus fulgens;50
Santiago;Santo Amaro;3/20/2018;3/24/2018;3;24;2018;Pedra Badejo;Cais de pesca da Praia;Tchadona;;Demersais;Fambil;BALISTIDAE;20
Santiago;Santo António;4/3/2018;4/4/2018;4;4;2018;Pedra Badejo;Cais de pesca da Praia;Angra;Rede de cerco;Pequenos pelágicos;Cavala preta;Decapterus macarellus;3000
Santiago;Duda Marinho;4/8/2018;4/8/2018;4;8;2018;Cais de pesca;Pedra Badejo;Achada Ponta;Rede de cerco;Tunídeos;Merma/ Panguil/ Txafarote;Euthynnus alleteratus;700
Santiago;Santo António;4/14/2018;4/14/2018;4;14;2018;Pedra Badejo;Cais de pesca da Praia;P. Coroa;Rede de cerco;Tunídeos;Merma/ Panguil/ Txafarote;Euthynnus alleteratus;800
Santiago;Duda Marinho;4/14/2018;4/14/2018;4;14;2018;Pedra Badejo;Cais de pesca da Praia;P. Coroa;Rede de cerco;Tunídeos;Merma/ Panguil/ Txafarote;Euthynnus alleteratus;800
Santiago;Alcatraz;4/14/2018;4/14/2018;4;14;2018;Pedra Badejo;Cais de pesca da Praia;P. Coroa;Rede de cerco;Tunídeos;Merma/ Panguil/ Txafarote;Euthynnus alleteratus;600
Santiago;Duda Marinho;4/18/2018;4/18/2018;4;18;2018;Pedra Badejo;Cais de pesca da Praia;Coroa;Rede de cerco;Tunídeos;Merma/ Panguil/ Txafarote;Euthynnus alleteratus;1200
Santiago;Santo António;4/18/2018;4/18/2018;4;18;2018;Pedra Badejo;Cais de pesca da Praia;Coroa;Rede de cerco;Tunídeos;Merma/ Panguil/ Txafarote;Euthynnus alleteratus;300
Santiago;Vuluntario;4/18/2018;4/18/2018;4;18;2018;Pedra Badejo;Cais de pesca da Praia;Areia grande;Rede de cerco;Tunídeos;Merma/ Panguil/ Txafarote;Euthynnus alleteratus;100
Santiago;Santo António;4/19/2018;4/19/2018;4;19;2018;Pedra Badejo;Cais de pesca da Praia;P. Barbo;Rede de cerco;Tunídeos;Merma/ Panguil/ Txafarote;Euthynnus alleteratus;100
Santiago;Jacira noca;4/13/2018;4/17/2018;4;17;2018;Pedra Badejo;Cais de pesca da Praia;Cabeça Maio, Tchadona;;Tunídeos;Albacora;Thunnus albacares;390
Santiago;Jacira noca;4/13/2018;4/17/2018;4;17;2018;Pedra Badejo;Cais de pesca da Praia;Cabeça Maio, Tchadona;;Demersais;Esmoregal ou Serze;Seriola sp;50
Santiago;Cutelinho;4/13/2018;4/17/2018;4;17;2018;Pedra Badejo;Cais de pesca da Praia;Tchadona;;Tunídeos;Albacora;Thunnus albacares;185
Santiago;Cutelinho;4/13/2018;4/17/2018;4;17;2018;Pedra Badejo;Cais de pesca da Praia;Tchadona;;Demersais;Fatcho de fundo;Mulloidichthys martinicus;80
Santiago;Cutelinho;4/13/2018;4/17/2018;4;17;2018;Pedra Badejo;Cais de pesca da Praia;Tchadona;;Demersais;Papagaio;Parapristipoma humile;10
Santiago;Mete Boca;4/18/2018;4/22/2018;4;22;2018;Pedra Badejo;Cais de pesca da Praia;Cabeça Maio, Tchadona;;Tunídeos;Albacora;Thunnus albacares;265
Santiago;Leida;4/18/2018;4/21/2018;4;21;2018;Pedra Badejo;Cais de pesca da Praia;Tchadona;;Tunídeos;Albacora;Thunnus albacares;300
Santiago;Leida;4/18/2018;4/21/2018;4;21;2018;Pedra Badejo;Cais de pesca da Praia;Tchadona;;Demersais;Esmoregal ou Serze;Seriola sp;70
Santiago;Bela;4/18/2018;4/21/2018;4;21;2018;Pedra Badejo;Cais de pesca da Praia;Galhão, Tchadona;;Tunídeos;Albacora;Thunnus albacares;165
Santiago;Nossa Senhora de Fatima;4/22/2018;4/26/2018;4;26;2018;Pedra Badejo;Cais de pesca da Praia;Tchadona;;Tunídeos;Albacora;Thunnus albacares;95
Santiago;Nossa Senhora de Fatima;4/22/2018;4/26/2018;4;26;2018;Pedra Badejo;Cais de pesca da Praia;Tchadona;;Demersais;Goraz;Lutjanus fulgens;80
Santiago;Asfa;4/22/2018;4/26/2018;4;26;2018;Pedra Badejo;Cais de pesca da Praia;Boa Vista;;Tunídeos;Albacora;Thunnus albacares;292
Santiago;Asfa;4/22/2018;4/26/2018;4;26;2018;Pedra Badejo;Cais de pesca da Praia;Boa Vista;;Demersais;Salmão;Elagatis bipinnulata;6
Santiago;Asfa;4/22/2018;4/26/2018;4;26;2018;Pedra Badejo;Cais de pesca da Praia;Boa Vista;;Demersais;Esmoregal ou Serze;Seriola sp;10
Santiago;Asfa;4/22/2018;4/26/2018;4;26;2018;Pedra Badejo;Cais de pesca da Praia;Boa Vista;;Demersais;Goraz;Lutjanus fulgens;2
Santiago;Todos os santos;4/22/2018;4/26/2018;4;26;2018;Pedra Badejo;Cais de pesca da Praia;Cabeça Maio;;Tunídeos;Albacora;Thunnus albacares;328
Santiago;P. Cais;5/3/2018;5/7/2018;5;7;2018;Pedra Badejo;Cais de pesca da Praia;Cabeça Maio;;Tunídeos;Albacora;Thunnus albacares;249
Santiago;P. Cais;5/3/2018;5/7/2018;5;7;2018;Pedra Badejo;Cais de pesca da Praia;Cabeça Maio;;Diversos;Maragal;;36
Santiago;Santo António;5/3/2018;5/3/2018;5;3;2018;Pedra Badejo;Cais de pesca da Praia;Achada Ponta;Rede de cerco;Tunídeos;Merma/ Panguil/ Txafarote;Euthynnus alleteratus;500
Santiago;Duda Marinho;5/3/2018;5/3/2018;5;3;2018;Pedra Badejo;Cais de pesca da Praia;P. Coroa;Rede de cerco;Tunídeos;Merma/ Panguil/ Txafarote;Euthynnus alleteratus;1500
Santiago;Vuluntario;5/3/2018;5/3/2018;5;3;2018;Pedra Badejo;Cais de pesca da Praia;P. Coroa;Rede de cerco;Tunídeos;Merma/ Panguil/ Txafarote;Euthynnus alleteratus;300
Santiago;Santo António;5/4/2018;5/4/2018;5;4;2018;Pedra Badejo;Cais de pesca da Praia;P. Coroa;Rede de cerco;Tunídeos;Merma/ Panguil/ Txafarote;Euthynnus alleteratus;800
Santiago;Alcatraz;5/6/2018;5/6/2018;5;6;2018;Pedra Badejo;Cais de pesca da Praia;P. Coroa;Rede de cerco;Tunídeos;Merma/ Panguil/ Txafarote;Euthynnus alleteratus;600
Santiago;P. Cais;5/9/2018;5/13/2018;5;13;2018;Pedra Badejo;Cais de pesca da Praia;Cabeça Maio, Tchadona;;Tunídeos;Albacora;Thunnus albacares;380
Santiago;P. Cais;5/9/2018;5/13/2018;5;13;2018;Pedra Badejo;Cais de pesca da Praia;Cabeça Maio, Tchadona;;Diversos;Maragal;;60
Santiago;P. Cais;5/9/2018;5/13/2018;5;13;2018;Pedra Badejo;Cais de pesca da Praia;Cabeça Maio, Tchadona;;Demersais;Esmoregal ou Serze;Seriola sp;40
Santiago;P. Cais;5/9/2018;5/13/2018;5;13;2018;Pedra Badejo;Cais de pesca da Praia;Cabeça Maio, Tchadona;;Demersais;Garoupa;Cepahalopholis taeniops;15
Santiago;Amarante;5/10/2018;5/14/2018;5;14;2018;Pedra Badejo;Cais de pesca da Praia;Tchadona;;Tunídeos;Albacora;Thunnus albacares;320
Santiago;Duda Marinho;5/6/2018;5/6/2018;5;6;2018;Pedra Badejo;Cais de pesca da Praia;Achada Ponta;Rede de cerco;Tunídeos;Merma/ Panguil/ Txafarote;Euthynnus alleteratus;800
Santiago;Nos ku nos;5/6/2018;5/6/2018;5;6;2018;Pedra Badejo;Cais de pesca da Praia;Coroa;Rede de cerco;Tunídeos;Merma/ Panguil/ Txafarote;Euthynnus alleteratus;200
Santiago;Nho Santiago;5/12/2018;5/17/2018;5;17;2018;Pedra Badejo;Cais de pesca da Praia;Tchadona;linha;Tunídeos;Albacora;Thunnus albacares;420
Santiago;Cutelinho;5/12/2018;5/17/2018;5;17;2018;Pedra Badejo;Cais de pesca da Praia;Tchadona;linha;Tunídeos;Albacora;Thunnus albacares;270
Santiago;Nossa Senhora de Fatima;5/14/2018;5/19/2018;5;19;2018;Pedra Badejo;Cais de pesca da Praia;Tchadona;;Tunídeos;Albacora;Thunnus albacares;350
Santiago;Nova esperança;5/14/2018;5/19/2018;5;19;2018;Pedra Badejo;Cais de pesca da Praia;Cabeça Maio;;Tunídeos;Albacora;Thunnus albacares;285
Santiago;Santo António;5/19/2018;5/19/2018;5;19;2018;Pedra Badejo;Cais de pesca da Praia;P. Coroa;Rede de cerco;Tunídeos;Merma/ Panguil/ Txafarote;Euthynnus alleteratus;900
Santiago;Duda Marinho;5/19/2018;5/19/2018;5;19;2018;Pedra Badejo;Cais de pesca da Praia;Coroa;Rede de cerco;Tunídeos;Merma/ Panguil/ Txafarote;Euthynnus alleteratus;1200
Santiago;Amarante;5/20/2018;5/24/2018;5;24;2018;Pedra Badejo;Cais de pesca da Praia;Cabeça Maio, Tchadona;;Tunídeos;Albacora;Thunnus albacares;360
Santiago;Amarante;5/20/2018;5/24/2018;5;24;2018;Pedra Badejo;Cais de pesca da Praia;Cabeça Maio, Tchadona;;Demersais;Esmoregal ou Serze;Seriola sp;60
Santiago;Santo António;1/8/2018;1/15/2018;1;15;2018;Cais de pesca da Praia;Cais de pesca da Praia;Julinho Bode;Linha;Demersais;Diversos;;20
Santiago;Mayra;1/13/2018;1/15/2018;1;15;2018;Cais de pesca da Praia;Cais de pesca da Praia;Boa Vista;Rede de cerco;Pequenos pelágicos;Arenque;Sardinella maderensis;800
Santiago;Cidadela;3/6/2018;3/7/2018;3;7;2018;Cais de pesca da Praia;Cais de pesca da Praia;Tarrafal de Santiago;Rede de cerco;Tunídeos;Cachorrinha ou Judeu;Auxis sp;200
Santiago;Praia Gonsal;3/22/2018;3/23/2018;3;23;2018;Cais de pesca da Praia;Cais de pesca da Praia;Gouveia;Rede de cerco;Tunídeos;Cachorrinha ou Judeu;Auxis sp;41
Santiago;Marlinda;6/12/2018;6/17/2018;6;17;2018;Cais de pesca da Praia;Cais de pesca da Praia;Boa Vista;Rede de cerco;Pequenos pelágicos;Cavala preta;Decapterus macarellus;2500
Santiago;Asfa;6/4/2018;6/7/2018;6;7;2018;Pedra Badejo;Cais de pesca da Praia;Boa Vista;;Tunídeos;Albacora;Thunnus albacares;320
Santiago;Vuluntario;6/4/2018;6/4/2018;6;4;2018;Pedra Badejo;Cais de pesca da Praia;Coroa;Rede de cerco;Tunídeos;Merma/ Panguil/ Txafarote;Euthynnus alleteratus;600
Santiago;Duda Marinho;6/4/2018;6/4/2018;6;4;2018;Pedra Badejo;Cais de pesca da Praia;Achada Ponta;Rede de cerco;Pequenos pelágicos;Chicharro;Selar crumenophthalmus;400
Santiago;Duda Marinho;6/4/2018;6/4/2018;6;4;2018;Pedra Badejo;Cais de pesca da Praia;Achada Ponta;Rede de cerco;Pequenos pelágicos;Arenque;Sardinella maderensis;600
Santiago;Nossa Senhora da Luz;6/4/2018;6/4/2018;6;4;2018;Pedra Badejo;Cais de pesca da Praia;Areia grande;Rede de cerco;Tunídeos;Merma/ Panguil/ Txafarote;Euthynnus alleteratus;300
Santiago;P. Cais;6/7/2018;6/11/2018;6;11;2018;Pedra Badejo;Cais de pesca da Praia;Tchadona;;Tunídeos;Albacora;Thunnus albacares;360
Santiago;P. Cais;6/7/2018;6/11/2018;6;11;2018;Pedra Badejo;Cais de pesca da Praia;Tchadona;;Diversos;Maragal;;80
Santiago;P. Cais;6/7/2018;6/11/2018;6;11;2018;Pedra Badejo;Cais de pesca da Praia;Tchadona;;Demersais;Fatcho de fundo;Mulloidichthys martinicus;15
Santiago;P. Cais;6/7/2018;6/11/2018;6;11;2018;Pedra Badejo;Cais de pesca da Praia;Tchadona;;Demersais;Garoupa;Cepahalopholis taeniops;3
Santiago;Leida 1º;6/7/2018;6/11/2018;6;11;2018;Pedra Badejo;Cais de pesca da Praia;Tchadona;;Tunídeos;Albacora;Thunnus albacares;280
Santiago;Leida 1º;6/7/2018;6/11/2018;6;11;2018;Pedra Badejo;Cais de pesca da Praia;Tchadona;;Diversos;Agulhão;;26
Santiago;Duda Marinho;6/7/2018;6/7/2018;6;7;2018;Pedra Badejo;Cais de pesca da Praia;Coroa;Rede de cerco;Tunídeos;Merma/ Panguil/ Txafarote;Euthynnus alleteratus;600
Santiago;Mama Bia;6/8/2018;6/12/2018;6;12;2018;Pedra Badejo;Cais de pesca da Praia;Tchadona;;Tunídeos;Albacora;Thunnus albacares;194
Santiago;Mama Bia;6/8/2018;6/12/2018;6;12;2018;Pedra Badejo;Cais de pesca da Praia;Tchadona;;Demersais;Salmão;Elagatis bipinnulata;60
Santiago;Mama Bia;6/8/2018;6/12/2018;6;12;2018;Pedra Badejo;Cais de pesca da Praia;Tchadona;;Demersais;Fatcho de fundo;Mulloidichthys martinicus;20
Santiago;Mama Bia;6/8/2018;6/12/2018;6;12;2018;Pedra Badejo;Cais de pesca da Praia;Tchadona;;Demersais;Esmoregal ou Serze;Seriola sp;7
Santiago;Vai com Deus;6/8/2018;6/12/2018;6;12;2018;Pedra Badejo;Cais de pesca da Praia;Boa Vista;;Tunídeos;Albacora;Thunnus albacares;295
Santiago;Vai com Deus;6/8/2018;6/12/2018;6;12;2018;Pedra Badejo;Cais de pesca da Praia;Boa Vista;linha;Tunídeos;Serra ou Djeu;Acanthocybium solandri;26
Santiago;Vai com Deus;6/8/2018;6/12/2018;6;12;2018;Pedra Badejo;Cais de pesca da Praia;Boa Vista;;Demersais;Fatcho de fundo;Mulloidichthys martinicus;10
Santiago;Nossa Senhora de Fatima;6/14/2018;6/15/2018;6;15;2018;Pedra Badejo;Cais de pesca da Praia;Tchadona;;Tunídeos;Albacora;Thunnus albacares;200
Santiago;Nos ku nos;6/9/2018;6/9/2018;6;9;2018;Pedra Badejo;Cais de pesca da Praia;P. Coroa;Rede de cerco;Tunídeos;Merma/ Panguil/ Txafarote;Euthynnus alleteratus;60
Santiago;Santo António;6/9/2018;6/9/2018;6;9;2018;Pedra Badejo;Cais de pesca da Praia;Coroa;Rede de cerco;Tunídeos;Merma/ Panguil/ Txafarote;Euthynnus alleteratus;2000
Santiago;Duda Marinho;6/10/2018;6/10/2018;6;10;2018;Pedra Badejo;Cais de pesca da Praia;Achada Ponta;Rede de cerco;Tunídeos;Merma/ Panguil/ Txafarote;Euthynnus alleteratus;1500
Santiago;Todos os santos;6/23/2018;6/26/2018;6;26;2018;Pedra Badejo;Cais de pesca da Praia;Tchadona;;Tunídeos;Albacora;Thunnus albacares;320
Santiago;Todos os santos;6/23/2018;6/26/2018;6;26;2018;Pedra Badejo;Cais de pesca da Praia;Tchadona;;Diversos;Maragal;;60
Santiago;M. Boca;6/22/2018;6/26/2018;6;26;2018;Pedra Badejo;Cais de pesca da Praia;Tchadona;;Tunídeos;Albacora;Thunnus albacares;80
Santiago;Iva;6/22/2018;6/27/2018;6;27;2018;Pedra Badejo;Cais de pesca da Praia;Boa Vista;;Tunídeos;Albacora;Thunnus albacares;360
Santiago;Iva;6/22/2018;6/27/2018;6;27;2018;Pedra Badejo;Cais de pesca da Praia;Boa Vista;;Demersais;Fatcho de fundo;Mulloidichthys martinicus;120
Santiago;Iva;6/22/2018;6/27/2018;6;27;2018;Pedra Badejo;Cais de pesca da Praia;Boa Vista;;Demersais;Esmoregal ou Serze;Seriola sp;80
Santiago;Iva;6/22/2018;6/27/2018;6;27;2018;Pedra Badejo;Cais de pesca da Praia;Boa Vista;;Demersais;Papagaio;Parapristipoma humile;15
Santiago;Misericordioso;6/26/2018;6/30/2018;6;30;2018;Pedra Badejo;Cais de pesca da Praia;Tchadona;;Tunídeos;Albacora;Thunnus albacares;218
Santiago;Alcatraz;6/14/2018;6/14/2018;6;14;2018;Pedra Badejo;Cais de pesca da Praia;P. Barbo;Rede de cerco;Tunídeos;Merma/ Panguil/ Txafarote;Euthynnus alleteratus;400
Santiago;Vuluntario;6/14/2018;6/14/2018;6;14;2018;Pedra Badejo;Cais de pesca da Praia;Coroa;Rede de cerco;Tunídeos;Albacora;Thunnus albacares;500
Santiago;Judeia;11/21/2018;12/2/2018;12;2;2018;Cais de pesca da Praia;Cais de pesca da Praia;Baixa, Ponta Sol, Boa Vista;Linha;Tunídeos;Albacora;Thunnus albacares;1154
Santiago;Deus me acompanha;11/27/2018;12/2/2018;12;2;2018;Cais de pesca da Praia;Cais de pesca da Praia;Baixa;Linha;Tunídeos;Albacora;Thunnus albacares;1211
Santiago;Deus me acompanha;11/27/2018;12/2/2018;12;2;2018;Cais de pesca da Praia;Cais de pesca da Praia;Baixa;Linha;Pequenos pelágicos;Chicharro;Selar crumenophthalmus;230
Santiago;Jerusalém;11/26/2018;12/2/2018;12;2;2018;Cais de pesca da Praia;Cais de pesca da Praia;Baixa;Linha;Tunídeos;Albacora;Thunnus albacares;1655
Santiago;Jerusalém;11/26/2018;12/2/2018;12;2;2018;Cais de pesca da Praia;Cais de pesca da Praia;Baixa;Linha;Pequenos pelágicos;Chicharro;Selar crumenophthalmus;250
Santiago;Pedra Badejo;11/27/2018;12/1/2018;12;1;2018;Cais de pesca da Praia;Cais de pesca da Praia;Baixa, João Valente;Linha;Tunídeos;Albacora;Thunnus albacares;1025
Santiago;Pedra Badejo;11/27/2018;12/1/2018;12;1;2018;Cais de pesca da Praia;Cais de pesca da Praia;Baixa, João Valente;Linha;Pequenos pelágicos;Chicharro;Selar crumenophthalmus;200
Santiago;Marlinda;11/27/2018;11/30/2018;11;30;2018;Cais de pesca da Praia;Cais de pesca da Praia;Fogo, Ilheu Brava;Rede de cerco;Pequenos pelágicos;Cavala preta;Decapterus macarellus;5500
Santiago;Marlinda;11/27/2018;11/30/2018;11;30;2018;Cais de pesca da Praia;Cais de pesca da Praia;Fogo, Ilheu Brava;Rede de cerco;Tunídeos;Cachorrinha ou Judeu;Auxis sp;500
Santiago;Marlinda;11/27/2018;11/30/2018;11;30;2018;Cais de pesca da Praia;Cais de pesca da Praia;Fogo, Ilheu Brava;Rede de cerco;Pequenos pelágicos;Bonito;Caranx crysos;100
Santiago;Paulo Nuno;11/30/2018;12/1/2018;12;1;2018;Cais de pesca da Praia;Cais de pesca da Praia;Sul do Maio;Linha;Tunídeos;Gaiado;Katsuwonus pelamis;300
Santiago;Paulo Nuno;11/30/2018;12/1/2018;12;1;2018;Cais de pesca da Praia;Cais de pesca da Praia;Sul do Maio;Linha;Tunídeos;Merma/ Panguil/ Txafarote;Euthynnus alleteratus;450
Santiago;Vinte-7;12/1/2018;12/3/2018;12;3;2018;Cais de pesca da Praia;Cais de pesca da Praia;27(maio);Rede de cerco;Tunídeos;Cachorrinha ou Judeu;Auxis sp;4000
Santiago;Vinte-7;12/1/2018;12/3/2018;12;3;2018;Cais de pesca da Praia;Cais de pesca da Praia;27(maio);Rede de cerco;Demersais;Dobradão;Apsilus fuscus;500
Santiago;Vinte-7;12/1/2018;12/3/2018;12;3;2018;Cais de pesca da Praia;Cais de pesca da Praia;27(maio);Rede de cerco;Pequenos pelágicos;Bonito;Caranx crysos;500
Santiago;Vinte-7;12/1/2018;12/3/2018;12;3;2018;Cais de pesca da Praia;Cais de pesca da Praia;27(maio);Rede de cerco;Pequenos pelágicos;Cavala preta;Decapterus macarellus;600
Santiago;Vinte-7;12/1/2018;12/3/2018;12;3;2018;Cais de pesca da Praia;Cais de pesca da Praia;27(maio);Rede de cerco;Demersais;Enforcado ou Xereu;Caranx sp;100
Santiago;Mestre Manuel;12/3/2018;12/3/2018;12;3;2018;Cais de pesca da Praia;Cais de pesca da Praia;Tras de cais;Rede de cerco;Pequenos pelágicos;Chicharro;Selar crumenophthalmus;1000
Santiago;Mestre Manuel;12/3/2018;12/3/2018;12;3;2018;Cais de pesca da Praia;Cais de pesca da Praia;Tras de cais;Rede de cerco;Pequenos pelágicos;Arenque;Sardinella maderensis;100
Santiago;Mestre Manuel;12/3/2018;12/3/2018;12;3;2018;Cais de pesca da Praia;Cais de pesca da Praia;Tras de cais;Rede de cerco;Pequenos pelágicos;Pelombeta;Trachinotus ovatus;50
Santiago;Edylson Mateus;11/27/2018;12/3/2018;12;3;2018;Cais de pesca da Praia;Cais de pesca da Praia;Ilheu Brava;Rede de cerco;Pequenos pelágicos;Cavala preta;Decapterus macarellus;800
Santiago;Edylson Mateus;11/27/2018;12/3/2018;12;3;2018;Cais de pesca da Praia;Cais de pesca da Praia;Ilheu Brava;Rede de cerco;Tunídeos;Cachorrinha ou Judeu;Auxis sp;1200
Santiago;Claudia;11/27/2018;12/3/2018;12;3;2018;Cais de pesca da Praia;Cais de pesca da Praia;Baixa;Linha;Pequenos pelágicos;Chicharro;Selar crumenophthalmus;160
Santiago;Deus me deu;11/27/2018;12/4/2018;12;4;2018;Cais de pesca da Praia;Cais de pesca da Praia;;Linha;Tunídeos;Albacora;Thunnus albacares;1423
Santiago;Deus me deu;11/27/2018;12/4/2018;12;4;2018;Cais de pesca da Praia;Cais de pesca da Praia;;Linha;Pequenos pelágicos;Chicharro;Selar crumenophthalmus;170
Santiago;Furna;11/29/2018;12/4/2018;12;4;2018;Cais de pesca da Praia;Cais de pesca da Praia;Baixa;Linha;Tunídeos;Albacora;Thunnus albacares;1600
Santiago;Furna;11/29/2018;12/4/2018;12;4;2018;Cais de pesca da Praia;Cais de pesca da Praia;Baixa;Linha;Pequenos pelágicos;Chicharro;Selar crumenophthalmus;150
Santiago;Mauro;12/1/2018;12/3/2018;12;3;2018;Cais de pesca da Praia;Cais de pesca da Praia;Sul do Maio;Linha;Tunídeos;Albacora;Thunnus albacares;200
Santiago;Mauro;12/1/2018;12/3/2018;12;3;2018;Cais de pesca da Praia;Cais de pesca da Praia;Sul do Maio;Linha;Tunídeos;Gaiado;Katsuwonus pelamis;600
Santiago;Mauro;12/1/2018;12/3/2018;12;3;2018;Cais de pesca da Praia;Cais de pesca da Praia;Sul do Maio;Linha;Tunídeos;Merma/ Panguil/ Txafarote;Euthynnus alleteratus;50
Santiago;Ponta Preta;12/4/2018;12/4/2018;12;4;2018;Cais de pesca da Praia;Cais de pesca da Praia;Sul do Maio;Linha e vara;Tunídeos;Merma/ Panguil/ Txafarote;Euthynnus alleteratus;800
Santiago;Ponta Preta;12/4/2018;12/4/2018;12;4;2018;Cais de pesca da Praia;Cais de pesca da Praia;Sul do Maio;Linha e vara;Tunídeos;Gaiado;Katsuwonus pelamis;500
Santiago;Ponta Preta;12/4/2018;12/4/2018;12;4;2018;Cais de pesca da Praia;Cais de pesca da Praia;Sul do Maio;Linha e vara;Pequenos pelágicos;Chicharro;Selar crumenophthalmus;270
Santiago;Mayra;12/4/2018;12/5/2018;12;5;2018;Cais de pesca da Praia;Cais de pesca da Praia;Boa Vista;Rede de cerco;Pequenos pelágicos;Cavala preta;Decapterus macarellus;15000
Santiago;Mayra;12/4/2018;12/5/2018;12;5;2018;Cais de pesca da Praia;Cais de pesca da Praia;Boa Vista;Rede de cerco;Tunídeos;Cachorrinha ou Judeu;Auxis sp;100
Santiago;Calhau;12/1/2018;12/5/2018;12;5;2018;Cais de pesca da Praia;Cais de pesca da Praia;Sul do Maio;Rede de cerco;Tunídeos;Merma/ Panguil/ Txafarote;Euthynnus alleteratus;167
Santiago;Calhau;12/1/2018;12/5/2018;12;5;2018;Cais de pesca da Praia;Cais de pesca da Praia;Sul do Maio;Rede de cerco;Tunídeos;Gaiado;Katsuwonus pelamis;600
Santiago;Calhau;12/1/2018;12/5/2018;12;5;2018;Cais de pesca da Praia;Cais de pesca da Praia;Sul do Maio;Rede de cerco;Tunídeos;Albacora;Thunnus albacares;168
Santiago;Vera;11/30/2018;12/6/2018;12;6;2018;Cais de pesca da Praia;Cais de pesca da Praia;Cabeça Maio;Linha;Tunídeos;Lobo ou Dourado;Coryphaena hippurus;140
Santiago;Vera;11/30/2018;12/6/2018;12;6;2018;Cais de pesca da Praia;Cais de pesca da Praia;Cabeça Maio;Linha;Tunídeos;Albacora;Thunnus albacares;1050
Santiago;Vera;11/30/2018;12/6/2018;12;6;2018;Cais de pesca da Praia;Cais de pesca da Praia;Cabeça Maio;Linha;Tunídeos;Cachorrinha ou Judeu;Auxis sp;200
Santiago;Vera;11/30/2018;12/6/2018;12;6;2018;Cais de pesca da Praia;Cais de pesca da Praia;Cabeça Maio;Linha;Pequenos pelágicos;Chicharro;Selar crumenophthalmus;220
Santiago;Cidadela;12/2/2018;12/6/2018;12;6;2018;Cais de pesca da Praia;Cais de pesca da Praia;Ilheu Brava;Rede de cerco;Pequenos pelágicos;Cavala preta;Decapterus macarellus;4000
Santiago;Cidadela;12/2/2018;12/6/2018;12;6;2018;Cais de pesca da Praia;Cais de pesca da Praia;Ilheu Brava;Rede de cerco;Tunídeos;Cachorrinha ou Judeu;Auxis sp;400
Santiago;Cidadela;12/2/2018;12/6/2018;12;6;2018;Cais de pesca da Praia;Cais de pesca da Praia;Ilheu Brava;Rede de cerco;Pequenos pelágicos;Bonito;Caranx crysos;400
Santiago;Israel;12/3/2018;12/5/2018;12;5;2018;Cais de pesca da Praia;Cais de pesca da Praia;Maio;Linha;Demersais;Esmoregal ou Serze;Seriola sp;160
Santiago;Israel;12/3/2018;12/5/2018;12;5;2018;Cais de pesca da Praia;Cais de pesca da Praia;Maio;Linha;Tunídeos;Albacora;Thunnus albacares;650
Santiago;ML;12/4/2018;12/7/2018;12;7;2018;Cais de pesca da Praia;Cais de pesca da Praia;Maio;Rede de cerco;Pequenos pelágicos;Bonito;Caranx crysos;500
Santiago;ML;12/4/2018;12/7/2018;12;7;2018;Cais de pesca da Praia;Cais de pesca da Praia;Maio;Rede de cerco;Pequenos pelágicos;Chicharro;Selar crumenophthalmus;300
Santiago;ML;12/4/2018;12/7/2018;12;7;2018;Cais de pesca da Praia;Cais de pesca da Praia;Maio;Rede de cerco;Demersais;Salmão;Elagatis bipinnulata;500
Santiago;ML;12/4/2018;12/7/2018;12;7;2018;Cais de pesca da Praia;Cais de pesca da Praia;Maio;Rede de cerco;Demersais;Goraz;Lutjanus fulgens;30
Santiago;ML;12/4/2018;12/7/2018;12;7;2018;Cais de pesca da Praia;Cais de pesca da Praia;Maio;Rede de cerco;Pequenos pelágicos;Cavala preta;Decapterus macarellus;1500
Santiago;Ponta Preta;12/6/2018;12/6/2018;12;6;2018;Cais de pesca da Praia;Cais de pesca da Praia;Sul do Maio;Linha e vara;Tunídeos;Lobo ou Dourado;Coryphaena hippurus;7
Santiago;Ponta Preta;12/6/2018;12/6/2018;12;6;2018;Cais de pesca da Praia;Cais de pesca da Praia;Sul do Maio;Linha e vara;Tunídeos;Albacora;Thunnus albacares;109
Santiago;Ponta Preta;12/6/2018;12/6/2018;12;6;2018;Cais de pesca da Praia;Cais de pesca da Praia;Sul do Maio;Linha e vara;Tunídeos;Merma/ Panguil/ Txafarote;Euthynnus alleteratus;300
Santiago;Ponta Preta;12/6/2018;12/6/2018;12;6;2018;Cais de pesca da Praia;Cais de pesca da Praia;Sul do Maio;Linha e vara;Tunídeos;Gaiado;Katsuwonus pelamis;300
Santiago;Ponta Preta;12/6/2018;12/6/2018;12;6;2018;Cais de pesca da Praia;Cais de pesca da Praia;Sul do Maio;Linha e vara;Pequenos pelágicos;Chicharro;Selar crumenophthalmus;250
Santiago;Mimosa;12/2/2018;12/6/2018;12;6;2018;Cais de pesca da Praia;Cais de pesca da Praia;Sul do Maio;Rede de cerco;Tunídeos;Gaiado;Katsuwonus pelamis;400
Santiago;Mimosa;12/2/2018;12/6/2018;12;6;2018;Cais de pesca da Praia;Cais de pesca da Praia;Sul do Maio;Rede de cerco;Tunídeos;Albacora;Thunnus albacares;650
Santiago;Mimosa;12/2/2018;12/6/2018;12;6;2018;Cais de pesca da Praia;Cais de pesca da Praia;Sul do Maio;Rede de cerco;Tunídeos;Merma/ Panguil/ Txafarote;Euthynnus alleteratus;500
Santiago;Fábio;12/1/2018;12/6/2018;12;6;2018;Cais de pesca da Praia;Cais de pesca da Praia;Tchadona;Linha;Tunídeos;Albacora;Thunnus albacares;420
Santiago;Fábio;12/1/2018;12/6/2018;12;6;2018;Cais de pesca da Praia;Cais de pesca da Praia;Tchadona;Linha;Pequenos pelágicos;Chicharro;Selar crumenophthalmus;120
Santiago;Marlinda;12/5/2018;12/10/2018;12;10;2018;Cais de pesca da Praia;Cais de pesca da Praia;Boa Vista;Rede de cerco;Demersais;Façola;Heteropriachanthus cruentatus;1500
Santiago;Marlinda;12/5/2018;12/10/2018;12;10;2018;Cais de pesca da Praia;Cais de pesca da Praia;Boa Vista;Rede de cerco;Pequenos pelágicos;Chicharro;Selar crumenophthalmus;3000
Santiago;Marlinda;12/5/2018;12/10/2018;12;10;2018;Cais de pesca da Praia;Cais de pesca da Praia;Boa Vista;Rede de cerco;Pequenos pelágicos;Pampo ou Corcovado;Selene dorsalis;200
Santiago;Marlinda;12/5/2018;12/10/2018;12;10;2018;Cais de pesca da Praia;Cais de pesca da Praia;Boa Vista;Rede de cerco;Pequenos pelágicos;Cavala branca;Decapterus punctatus;30
Santiago;Mauro;12/7/2018;12/9/2018;12;9;2018;Cais de pesca da Praia;Cais de pesca da Praia;Sul do Maio;Linha;Tunídeos;Albacora;Thunnus albacares;289
Santiago;Mauro;12/7/2018;12/9/2018;12;9;2018;Cais de pesca da Praia;Cais de pesca da Praia;Sul do Maio;Linha;Tunídeos;Gaiado;Katsuwonus pelamis;350
Santiago;Mauro;12/7/2018;12/9/2018;12;9;2018;Cais de pesca da Praia;Cais de pesca da Praia;Sul do Maio;Linha;Pequenos pelágicos;Chicharro;Selar crumenophthalmus;180
Santiago;JB;12/5/2018;12/10/2018;12;10;2018;Cais de pesca da Praia;Cais de pesca da Praia;João Valente;Linha;Tunídeos;Albacora;Thunnus albacares;803
Santiago;JB;12/5/2018;12/10/2018;12;10;2018;Cais de pesca da Praia;Cais de pesca da Praia;João Valente;Linha;Pequenos pelágicos;Chicharro;Selar crumenophthalmus;120
Santiago;Edylson Mateus;12/5/2018;12/10/2018;12;10;2018;Cais de pesca da Praia;Cais de pesca da Praia;Ilheu Brava;Rede de cerco;Tunídeos;Cachorrinha ou Judeu;Auxis sp;3000
Santiago;Edylson Mateus;12/5/2018;12/10/2018;12;10;2018;Cais de pesca da Praia;Cais de pesca da Praia;Ilheu Brava;Rede de cerco;Pequenos pelágicos;Bonito;Caranx crysos;100
Santiago;Edylson Mateus;12/5/2018;12/10/2018;12;10;2018;Cais de pesca da Praia;Cais de pesca da Praia;Ilheu Brava;Rede de cerco;Pequenos pelágicos;Cavala branca;Decapterus punctatus;1000
Santiago;Deus me acompanha;12/5/2018;12/10/2018;12;10;2018;Cais de pesca da Praia;Cais de pesca da Praia;João Valente;;Tunídeos;Albacora;Thunnus albacares;1727
Santiago;Deus me acompanha;12/5/2018;12/10/2018;12;10;2018;Cais de pesca da Praia;Cais de pesca da Praia;João Valente;;Pequenos pelágicos;Chicharro;Selar crumenophthalmus;180
Santiago;Calhau;12/9/2018;12/11/2018;12;11;2018;Cais de pesca da Praia;Cais de pesca da Praia;Calheta Maio;Rede de cerco;Pequenos pelágicos;Chicharro;Selar crumenophthalmus;5000
Santiago;Calhau;12/9/2018;12/11/2018;12;11;2018;Cais de pesca da Praia;Cais de pesca da Praia;Calheta Maio;Rede de cerco;Pequenos pelágicos;Bonito;Caranx crysos;500
Santiago;Cidadela;12/8/2018;12/10/2018;12;10;2018;Cais de pesca da Praia;Cais de pesca da Praia;Ilheu Brava;Rede de cerco;Pequenos pelágicos;Dobrada;Spicara melanurus;600
Santiago;Cidadela;12/8/2018;12/10/2018;12;10;2018;Cais de pesca da Praia;Cais de pesca da Praia;Ilheu Brava;Rede de cerco;Tunídeos;Cachorrinha ou Judeu;Auxis sp;7500
Santiago;Cidadela;12/8/2018;12/10/2018;12;10;2018;Cais de pesca da Praia;Cais de pesca da Praia;Ilheu Brava;Rede de cerco;Pequenos pelágicos;Cavala preta;Decapterus macarellus;1000
Santiago;Vinte-7;12/10/2018;12/11/2018;12;11;2018;Cais de pesca da Praia;Cais de pesca da Praia;Maio;Rede de cerco;Pequenos pelágicos;Cavala preta;Decapterus macarellus;500
Santiago;Carlos Maria;11/22/2018;12/11/2018;12;11;2018;Cais de pesca da Praia;Cais de pesca da Praia;João Valente;Rede de cerco;Pequenos pelágicos;Bonito;Caranx crysos;2000
Santiago;Carlos Maria;11/22/2018;12/11/2018;12;11;2018;Cais de pesca da Praia;Cais de pesca da Praia;João Valente;Rede de cerco;Pequenos pelágicos;Bicuda;Sphryraena guachancho;20
Santiago;Carlos Maria;11/22/2018;12/11/2018;12;11;2018;Cais de pesca da Praia;Cais de pesca da Praia;João Valente;Rede de cerco;Pequenos pelágicos;Chicharro;Selar crumenophthalmus;100
Santiago;Carlos Maria;11/22/2018;12/11/2018;12;11;2018;Cais de pesca da Praia;Cais de pesca da Praia;João Valente;Rede de cerco;Tunídeos;Cachorrinha ou Judeu;Auxis sp;200
Santiago;Carlos Maria;11/22/2018;12/11/2018;12;11;2018;Cais de pesca da Praia;Cais de pesca da Praia;João Valente;Rede de cerco;Demersais;Barbeiro;Acanthurus monroviae;80
Santiago;Carlos Maria;11/22/2018;12/11/2018;12;11;2018;Cais de pesca da Praia;Cais de pesca da Praia;João Valente;Rede de cerco;Pequenos pelágicos;Cavala preta;Decapterus macarellus;3000
Santiago;Vera;12/9/2018;12/11/2018;12;11;2018;Cais de pesca da Praia;Cais de pesca da Praia;Cabeça Maio;Linha;Tunídeos;Albacora;Thunnus albacares;735
Santiago;Vera;12/9/2018;12/11/2018;12;11;2018;Cais de pesca da Praia;Cais de pesca da Praia;Cabeça Maio;Linha;Tunídeos;Merma/ Panguil/ Txafarote;Euthynnus alleteratus;2500
Santiago;Vera;12/9/2018;12/11/2018;12;11;2018;Cais de pesca da Praia;Cais de pesca da Praia;Cabeça Maio;Linha;Tunídeos;Lobo ou Dourado;Coryphaena hippurus;83
Santiago;Vera;12/9/2018;12/11/2018;12;11;2018;Cais de pesca da Praia;Cais de pesca da Praia;Cabeça Maio;Linha;Pequenos pelágicos;Chicharro;Selar crumenophthalmus;180
Santiago;Furna;12/8/2018;12/12/2018;12;12;2018;Cais de pesca da Praia;Cais de pesca da Praia;Baixa;Linha;Tunídeos;Albacora;Thunnus albacares;1177
Santiago;Furna;12/8/2018;12/12/2018;12;12;2018;Cais de pesca da Praia;Cais de pesca da Praia;Baixa;Linha;Pequenos pelágicos;Chicharro;Selar crumenophthalmus;130
Santiago;Carlos Maria;6/30/2018;7/2/2018;7;2;2018;Cais de pesca da Praia;Cais de pesca da Praia;João Valente;Rede de cerco;Pequenos pelágicos;Bonito;Caranx crysos;1700
Santiago;Paulo Nuno;6/25/2018;7/3/2018;7;3;2018;Cais de pesca da Praia;Cais de pesca da Praia;Boa Vista;cerco;Pequenos pelágicos;Chicharro;Selar crumenophthalmus;5000
Santiago;Calhau;7/10/2018;7/12/2018;7;12;2018;Cais de pesca da Praia;Cais de pesca da Praia;Maio;Rede de cerco;Pequenos pelágicos;Cavala preta;Decapterus macarellus;10000
Santiago;Mimosa;12/7/2018;12/11/2018;12;11;2018;Cais de pesca da Praia;Cais de pesca da Praia;Boa Vista;Linha;Tunídeos;Merma/ Panguil/ Txafarote;Euthynnus alleteratus;600
Santiago;Mimosa;12/7/2018;12/11/2018;12;11;2018;Cais de pesca da Praia;Cais de pesca da Praia;Boa Vista;Linha;Diversos;Agulhão;;50
Santiago;Mimosa;12/7/2018;12/11/2018;12;11;2018;Cais de pesca da Praia;Cais de pesca da Praia;Boa Vista;Linha;Tunídeos;Gaiado;Katsuwonus pelamis;8
Santiago;Mimosa;12/7/2018;12/11/2018;12;11;2018;Cais de pesca da Praia;Cais de pesca da Praia;Boa Vista;Linha;Pequenos pelágicos;Chicharro;Selar crumenophthalmus;250
Santiago;ML;12/9/2018;12/12/2018;12;12;2018;Cais de pesca da Praia;Cais de pesca da Praia;Maio;Rede de cerco;Pequenos pelágicos;Bonito;Caranx crysos;1500
Santiago;ML;12/9/2018;12/12/2018;12;12;2018;Cais de pesca da Praia;Cais de pesca da Praia;Maio;Rede de cerco;Demersais;Barbeiro;Acanthurus monroviae;50
Santiago;ML;12/9/2018;12/12/2018;12;12;2018;Cais de pesca da Praia;Cais de pesca da Praia;Maio;Rede de cerco;Pequenos pelágicos;Cavala preta;Decapterus macarellus;200
Santiago;ML;12/9/2018;12/12/2018;12;12;2018;Cais de pesca da Praia;Cais de pesca da Praia;Maio;Rede de cerco;Demersais;Dobradão;Apsilus fuscus;300
Santiago;ML;12/9/2018;12/12/2018;12;12;2018;Cais de pesca da Praia;Cais de pesca da Praia;Maio;Rede de cerco;Demersais;Salmão;Elagatis bipinnulata;400
Santiago;Jerusalém;12/8/2018;12/12/2018;12;12;2018;Cais de pesca da Praia;Cais de pesca da Praia;João Valente;Linha;Tunídeos;Albacora;Thunnus albacares;1228
Santiago;Judeia;12/7/2018;12/13/2018;12;13;2018;Cais de pesca da Praia;Cais de pesca da Praia;Boa Vista, Maio e Santiago;Linha;Tunídeos;Albacora;Thunnus albacares;1163
Santiago;Israel;12/10/2018;12/12/2018;12;12;2018;Cais de pesca da Praia;Cais de pesca da Praia;Boa Vista;Linha;Tunídeos;Albacora;Thunnus albacares;395
Santiago;Israel;12/10/2018;12/12/2018;12;12;2018;Cais de pesca da Praia;Cais de pesca da Praia;Boa Vista;Linha;Demersais;Esmoregal ou Serze;Seriola sp;181
Santiago;Vinte-7;12/11/2018;12/12/2018;12;12;2018;Cais de pesca da Praia;Cais de pesca da Praia;Maio;Rede de cerco;Pequenos pelágicos;Cavala preta;Decapterus macarellus;500
Santiago;Vinte-7;12/11/2018;12/12/2018;12;12;2018;Cais de pesca da Praia;Cais de pesca da Praia;Maio;Rede de cerco;Pequenos pelágicos;Chicharro;Selar crumenophthalmus;2000
Santiago;Mayra;12/7/2018;12/12/2018;12;12;2018;Cais de pesca da Praia;Cais de pesca da Praia;Come sabi;Rede de cerco;Tunídeos;Cachorrinha ou Judeu;Auxis sp;3000
Santiago;Mayra;12/7/2018;12/12/2018;12;12;2018;Cais de pesca da Praia;Cais de pesca da Praia;Come sabi;Rede de cerco;Pequenos pelágicos;Cavala preta;Decapterus macarellus;5500
Santiago;Mestre Manuel;12/13/2018;12/13/2018;12;13;2018;Cais de pesca da Praia;Cais de pesca da Praia;Cabeça Cais;Rede de cerco;Pequenos pelágicos;Chicharro;Selar crumenophthalmus;500
Santiago;Dona Santana;12/8/2018;12/13/2018;12;13;2018;Cais de pesca da Praia;Cais de pesca da Praia;Maio;Linha;Tunídeos;Albacora;Thunnus albacares;95
Santiago;Dona Santana;12/8/2018;12/13/2018;12;13;2018;Cais de pesca da Praia;Cais de pesca da Praia;Maio;Linha;Demersais;Moreia;MURAENIDAE;25
Santiago;Dona Santana;12/8/2018;12/13/2018;12;13;2018;Cais de pesca da Praia;Cais de pesca da Praia;Maio;Linha;Tunídeos;Lobo ou Dourado;Coryphaena hippurus;42
Santiago;Dona Santana;12/8/2018;12/13/2018;12;13;2018;Cais de pesca da Praia;Cais de pesca da Praia;Maio;Linha;Demersais;Garoupa;Cepahalopholis taeniops;60
Santiago;Dona Santana;12/8/2018;12/13/2018;12;13;2018;Cais de pesca da Praia;Cais de pesca da Praia;Maio;Linha;Demersais;Esmoregal ou Serze;Seriola sp;13
Santiago;Dona Santana;12/8/2018;12/13/2018;12;13;2018;Cais de pesca da Praia;Cais de pesca da Praia;Maio;Linha;Demersais;Bica;Lethrinus atlanticus;10
Santiago;Noquinha;12/10/2018;12/13/2018;12;13;2018;Cais de pesca da Praia;Cais de pesca da Praia;Cabeça Maio;;Tunídeos;Albacora;Thunnus albacares;493
Santiago;Praia Gonsal;12/11/2018;12/13/2018;12;13;2018;Cais de pesca da Praia;Cais de pesca da Praia;Sul do Maio;Linha e vara;Tunídeos;Gaiado;Katsuwonus pelamis;345
Santiago;Praia Gonsal;12/11/2018;12/13/2018;12;13;2018;Cais de pesca da Praia;Cais de pesca da Praia;Sul do Maio;Linha e vara;Tunídeos;Albacora;Thunnus albacares;343
Santiago;Praia Gonsal;12/11/2018;12/13/2018;12;13;2018;Cais de pesca da Praia;Cais de pesca da Praia;Sul do Maio;Linha e vara;Tunídeos;Merma/ Panguil/ Txafarote;Euthynnus alleteratus;663
Santiago;Praia Gonsal;12/11/2018;12/13/2018;12;13;2018;Cais de pesca da Praia;Cais de pesca da Praia;Sul do Maio;Linha e vara;Pequenos pelágicos;Chicharro;Selar crumenophthalmus;300
Santiago;Luta de Pescadores;12/8/2018;12/13/2018;12;13;2018;Cais de pesca da Praia;Cais de pesca da Praia;Maio;Covos;Crustáceos;Lagosta rosa;Palinurus charlestoni;201
Santiago;Luta de Pescadores;12/8/2018;12/13/2018;12;13;2018;Cais de pesca da Praia;Cais de pesca da Praia;Maio;Covos;Demersais;Esmoregal ou Serze;Seriola sp;300
Santiago;Luta de Pescadores;12/8/2018;12/13/2018;12;13;2018;Cais de pesca da Praia;Cais de pesca da Praia;Maio;Covos;Demersais;Fanhama ;Helicolenus dactylopterus;400
Santiago;Deus me deu;12/9/2018;12/14/2018;12;14;2018;Cais de pesca da Praia;Cais de pesca da Praia;Boa Vista;Linha;Tunídeos;Albacora;Thunnus albacares;1375
Santiago;Deus me deu;12/9/2018;12/14/2018;12;14;2018;Cais de pesca da Praia;Cais de pesca da Praia;Boa Vista;Linha;Pequenos pelágicos;Chicharro;Selar crumenophthalmus;130
Santiago;Marlinda;12/13/2018;12/15/2018;12;15;2018;Cais de pesca da Praia;Cais de pesca da Praia;Boa Vista;Rede de cerco;Pequenos pelágicos;Chicharro;Selar crumenophthalmus;2000
Santiago;Marlinda;12/13/2018;12/15/2018;12;15;2018;Cais de pesca da Praia;Cais de pesca da Praia;Boa Vista;Rede de cerco;Demersais;Façola;Heteropriachanthus cruentatus;2000
Santiago;Marlinda;12/13/2018;12/15/2018;12;15;2018;Cais de pesca da Praia;Cais de pesca da Praia;Boa Vista;Rede de cerco;Demersais;Sargo d'areia;Lithognathus mormyrus;500
Santiago;Marlinda;12/13/2018;12/15/2018;12;15;2018;Cais de pesca da Praia;Cais de pesca da Praia;Boa Vista;Rede de cerco;Demersais;Sargo preto;Diplodus fasciatus;500
Santiago;Pedra Badejo;12/12/2018;12/17/2018;12;17;2018;Cais de pesca da Praia;Cais de pesca da Praia;Baixa, Boa Vista;Linha;Tunídeos;Albacora;Thunnus albacares;1307
Santiago;Pedra Badejo;12/12/2018;12/17/2018;12;17;2018;Cais de pesca da Praia;Cais de pesca da Praia;Baixa, Boa Vista;Linha;Pequenos pelágicos;Chicharro;Selar crumenophthalmus;130
Santiago;Vinte-7;12/14/2018;12/17/2018;12;17;2018;Cais de pesca da Praia;Cais de pesca da Praia;Maio;Rede de cerco;Pequenos pelágicos;Chicharro;Selar crumenophthalmus;3000
Santiago;Vinte-7;12/14/2018;12/17/2018;12;17;2018;Cais de pesca da Praia;Cais de pesca da Praia;Maio;Rede de cerco;Tunídeos;Cachorrinha ou Judeu;Auxis sp;100
Santiago;Mauro;12/18/2018;12/18/2018;12;18;2018;Cais de pesca da Praia;Cais de pesca da Praia;Sul do Maio;Linha;Tunídeos;Albacora;Thunnus albacares;1000
Santiago;Mauro;12/18/2018;12/18/2018;12;18;2018;Cais de pesca da Praia;Cais de pesca da Praia;Sul do Maio;Linha;Tunídeos;Lobo ou Dourado;Coryphaena hippurus;600
Santiago;Mauro;12/18/2018;12/18/2018;12;18;2018;Cais de pesca da Praia;Cais de pesca da Praia;Sul do Maio;Linha;Tunídeos;Gaiado;Katsuwonus pelamis;120
Santiago;Mauro;12/18/2018;12/18/2018;12;18;2018;Cais de pesca da Praia;Cais de pesca da Praia;Sul do Maio;Linha;Pequenos pelágicos;Chicharro;Selar crumenophthalmus;200
Santiago;Noquinha;12/14/2018;12/18/2018;12;18;2018;Cais de pesca da Praia;Cais de pesca da Praia;Baixa;Linha;Tunídeos;Albacora;Thunnus albacares;332
Santiago;Noquinha;12/14/2018;12/18/2018;12;18;2018;Cais de pesca da Praia;Cais de pesca da Praia;Baixa;Linha;Pequenos pelágicos;Chicharro;Selar crumenophthalmus;80
Santiago;Cidadela;12/15/2018;12/18/2018;12;18;2018;Cais de pesca da Praia;Cais de pesca da Praia;Brava;Rede de cerco;Tunídeos;Cachorrinha ou Judeu;Auxis sp;6600
Santiago;Calhau;12/15/2018;12/18/2018;12;18;2018;Cais de pesca da Praia;Cais de pesca da Praia;Tchadona;Rede de cerco;Pequenos pelágicos;Chicharro;Selar crumenophthalmus;500
Santiago;Calhau;12/15/2018;12/18/2018;12;18;2018;Cais de pesca da Praia;Cais de pesca da Praia;Tchadona;Rede de cerco;Tunídeos;Cachorrinha ou Judeu;Auxis sp;1500
Santiago;Ponta Preta;12/18/2018;12/18/2018;12;18;2018;Cais de pesca da Praia;Cais de pesca da Praia;Sul do Maio;Linha e vara;Tunídeos;Lobo ou Dourado;Coryphaena hippurus;100
Santiago;Ponta Preta;12/18/2018;12/18/2018;12;18;2018;Cais de pesca da Praia;Cais de pesca da Praia;Sul do Maio;Linha e vara;Tunídeos;Albacora;Thunnus albacares;350
Santiago;Ponta Preta;12/18/2018;12/18/2018;12;18;2018;Cais de pesca da Praia;Cais de pesca da Praia;Sul do Maio;Linha e vara;Tunídeos;Gaiado;Katsuwonus pelamis;500
Santiago;Ponta Preta;12/18/2018;12/18/2018;12;18;2018;Cais de pesca da Praia;Cais de pesca da Praia;Sul do Maio;Linha e vara;Tunídeos;Merma/ Panguil/ Txafarote;Euthynnus alleteratus;1500
Santiago;Ponta Preta;12/18/2018;12/18/2018;12;18;2018;Cais de pesca da Praia;Cais de pesca da Praia;Sul do Maio;Linha e vara;Pequenos pelágicos;Chicharro;Selar crumenophthalmus;120
Santiago;Mayra;12/16/2018;12/20/2018;12;20;2018;Cais de pesca da Praia;Cais de pesca da Praia;Boa Vista;Rede de cerco;Pequenos pelágicos;Chicharro;Selar crumenophthalmus;2500
Santiago;Mayra;12/16/2018;12/20/2018;12;20;2018;Cais de pesca da Praia;Cais de pesca da Praia;Boa Vista;Rede de cerco;Demersais;Sargo d'areia;Lithognathus mormyrus;2500
Santiago;Mayra;12/16/2018;12/20/2018;12;20;2018;Cais de pesca da Praia;Cais de pesca da Praia;Boa Vista;Rede de cerco;Demersais;Façola;Heteropriachanthus cruentatus;6000
Santiago;Jerusalém;12/17/2018;12/19/2018;12;19;2018;Cais de pesca da Praia;Cais de pesca da Praia;Sul do Maio;Linha;Tunídeos;Albacora;Thunnus albacares;350
Santiago;Jerusalém;12/17/2018;12/19/2018;12;19;2018;Cais de pesca da Praia;Cais de pesca da Praia;Sul do Maio;Linha;Tunídeos;Lobo ou Dourado;Coryphaena hippurus;450
Santiago;Jerusalém;12/17/2018;12/19/2018;12;19;2018;Cais de pesca da Praia;Cais de pesca da Praia;Sul do Maio;Linha;Tunídeos;Gaiado;Katsuwonus pelamis;1500
Santiago;Jerusalém;12/17/2018;12/19/2018;12;19;2018;Cais de pesca da Praia;Cais de pesca da Praia;Sul do Maio;Linha;Tunídeos;Merma/ Panguil/ Txafarote;Euthynnus alleteratus;500
Santiago;Jerusalém;12/17/2018;12/19/2018;12;19;2018;Cais de pesca da Praia;Cais de pesca da Praia;Sul do Maio;Linha;Pequenos pelágicos;Chicharro;Selar crumenophthalmus;160
Santiago;Paulo Nuno;12/15/2018;12/20/2018;12;20;2018;Cais de pesca da Praia;Cais de pesca da Praia;Boa Vista;Linha;Tunídeos;Albacora;Thunnus albacares;337
Santiago;Paulo Nuno;12/15/2018;12/20/2018;12;20;2018;Cais de pesca da Praia;Cais de pesca da Praia;Boa Vista;Linha;Pequenos pelágicos;Chicharro;Selar crumenophthalmus;100
Santiago;Mauro;12/20/2018;12/20/2018;12;20;2018;Cais de pesca da Praia;Cais de pesca da Praia;Sul do Maio;Linha;Tunídeos;Gaiado;Katsuwonus pelamis;350
Santiago;Mauro;12/20/2018;12/20/2018;12;20;2018;Cais de pesca da Praia;Cais de pesca da Praia;Sul do Maio;Linha;Tunídeos;Merma/ Panguil/ Txafarote;Euthynnus alleteratus;750
Santiago;Furna;12/20/2018;12/20/2018;12;20;2018;Cais de pesca da Praia;Cais de pesca da Praia;Sul do Maio;Linha;Tunídeos;Albacora;Thunnus albacares;475
Santiago;Furna;12/20/2018;12/20/2018;12;20;2018;Cais de pesca da Praia;Cais de pesca da Praia;Sul do Maio;Linha;Tunídeos;Gaiado;Katsuwonus pelamis;40
Santiago;Vera;12/18/2018;12/21/2018;12;21;2018;Cais de pesca da Praia;Cais de pesca da Praia;Cabeça Maio;Linha;Tunídeos;Albacora;Thunnus albacares;1520
Santiago;Vera;12/18/2018;12/21/2018;12;21;2018;Cais de pesca da Praia;Cais de pesca da Praia;Cabeça Maio;Linha;Pequenos pelágicos;Chicharro;Selar crumenophthalmus;160
Santiago;Praia Gonsal;12/20/2018;12/20/2018;12;20;2018;Cais de pesca da Praia;Cais de pesca da Praia;Sul do Maio;Linha e vara;Tunídeos;Gaiado;Katsuwonus pelamis;60
Santiago;Praia Gonsal;12/20/2018;12/20/2018;12;20;2018;Cais de pesca da Praia;Cais de pesca da Praia;Sul do Maio;Linha e vara;Tunídeos;Albacora;Thunnus albacares;460
Santiago;Praia Gonsal;12/20/2018;12/20/2018;12;20;2018;Cais de pesca da Praia;Cais de pesca da Praia;Sul do Maio;Linha e vara;Tunídeos;Lobo ou Dourado;Coryphaena hippurus;292
Santiago;Jerusalém;12/20/2018;12/20/2018;12;20;2018;Cais de pesca da Praia;Cais de pesca da Praia;Sul do Maio;Linha;Tunídeos;Gaiado;Katsuwonus pelamis;1500
Santiago;Jerusalém;12/20/2018;12/20/2018;12;20;2018;Cais de pesca da Praia;Cais de pesca da Praia;Sul do Maio;Linha;Tunídeos;Merma/ Panguil/ Txafarote;Euthynnus alleteratus;1200
Santiago;Jerusalém;12/20/2018;12/20/2018;12;20;2018;Cais de pesca da Praia;Cais de pesca da Praia;Sul do Maio;Linha;Tunídeos;Albacora;Thunnus albacares;270
Santiago;Jerusalém;12/20/2018;12/20/2018;12;20;2018;Cais de pesca da Praia;Cais de pesca da Praia;Sul do Maio;Linha;Pequenos pelágicos;Chicharro;Selar crumenophthalmus;280
Santiago;Mauro;12/20/2018;12/20/2018;12;20;2018;Cais de pesca da Praia;Cais de pesca da Praia;Sul do Maio;Linha;Tunídeos;Albacora;Thunnus albacares;1100
Santiago;Mauro;12/20/2018;12/20/2018;12;20;2018;Cais de pesca da Praia;Cais de pesca da Praia;Sul do Maio;Linha;Tunídeos;Gaiado;Katsuwonus pelamis;140
Santiago;Mestre Manuel;12/21/2018;12/21/2018;12;21;2018;Cais de pesca da Praia;Cais de pesca da Praia;Cabeça cais;Rede de cerco;Tunídeos;Cachorrinha ou Judeu;Auxis sp;300
Santiago;Israel;12/23/2018;12/26/2018;12;26;2018;Cais de pesca da Praia;Cais de pesca da Praia;Boa Vista;Linha;Tunídeos;Albacora;Thunnus albacares;998
Santiago;Israel;12/23/2018;12/26/2018;12;26;2018;Cais de pesca da Praia;Cais de pesca da Praia;Boa Vista;Linha;Demersais;Esmoregal ou Serze;Seriola sp;20
Santiago;Mestre Manuel;12/26/2018;12/26/2018;12;26;2018;Cais de pesca da Praia;Cais de pesca da Praia;Kebra Canela;Rede de cerco;Pequenos pelágicos;Cavala preta;Decapterus macarellus;300
Santiago;Mestre Manuel;12/26/2018;12/26/2018;12;26;2018;Cais de pesca da Praia;Cais de pesca da Praia;Kebra Canela;Rede de cerco;Tunídeos;Cachorrinha ou Judeu;Auxis sp;500
Santiago;Deus me deu;12/19/2018;12/22/2018;12;22;2018;Cais de pesca da Praia;Cais de pesca da Praia;Boa Vista;Linha;Tunídeos;Albacora;Thunnus albacares;933
Santiago;Deus me deu;12/19/2018;12/22/2018;12;22;2018;Cais de pesca da Praia;Cais de pesca da Praia;Boa Vista;Linha;Tunídeos;Lobo ou Dourado;Coryphaena hippurus;363
Santiago;Deus me deu;12/19/2018;12/22/2018;12;22;2018;Cais de pesca da Praia;Cais de pesca da Praia;Boa Vista;Linha;Pequenos pelágicos;Chicharro;Selar crumenophthalmus;170
Santiago;Mauro;12/24/2018;12/24/2018;12;24;2018;Cais de pesca da Praia;Cais de pesca da Praia;Sul do Maio;Linha;Tunídeos;Albacora;Thunnus albacares;263
Santiago;Mauro;12/24/2018;12/24/2018;12;24;2018;Cais de pesca da Praia;Cais de pesca da Praia;Sul do Maio;Linha;Tunídeos;Gaiado;Katsuwonus pelamis;2000
Santiago;Lú di Balanta;12/19/2018;12/26/2018;12;26;2018;Cais de pesca da Praia;Cais de pesca da Praia;Boa Vista;Rede de cerco;Demersais;Salmonete;Pseudupeneus prayensis;250
Santiago;Lú di Balanta;12/19/2018;12/26/2018;12;26;2018;Cais de pesca da Praia;Cais de pesca da Praia;Boa Vista;Rede de cerco;Demersais;Bidião;SCARIDAE;300
Santiago;Lú di Balanta;12/19/2018;12/26/2018;12;26;2018;Cais de pesca da Praia;Cais de pesca da Praia;Boa Vista;Rede de cerco;Pequenos pelágicos;Dobrada;Spicara melanurus;500
Santiago;Lú di Balanta;12/19/2018;12/26/2018;12;26;2018;Cais de pesca da Praia;Cais de pesca da Praia;Boa Vista;Rede de cerco;Demersais;Façola;Heteropriachanthus cruentatus;300
Santiago;Lú di Balanta;12/19/2018;12/26/2018;12;26;2018;Cais de pesca da Praia;Cais de pesca da Praia;Boa Vista;Rede de cerco;Demersais;Papagaio;Parapristipoma humile;300
Santiago;Lú di Balanta;12/19/2018;12/26/2018;12;26;2018;Cais de pesca da Praia;Cais de pesca da Praia;Boa Vista;Rede de cerco;Demersais;Sargo;SPARIDAE;400
Santiago;Mauro;12/26/2018;12/27/2018;12;27;2018;Cais de pesca da Praia;Cais de pesca da Praia;Sul do Maio;Linha;Tunídeos;Gaiado;Katsuwonus pelamis;150
Santiago;Mauro;12/26/2018;12/27/2018;12;27;2018;Cais de pesca da Praia;Cais de pesca da Praia;Sul do Maio;Linha;Tunídeos;Albacora;Thunnus albacares;1050
Santiago;Mauro;12/26/2018;12/27/2018;12;27;2018;Cais de pesca da Praia;Cais de pesca da Praia;Sul do Maio;Linha;Pequenos pelágicos;Chicharro;Selar crumenophthalmus;110
Santiago;Mestre Manuel;12/28/2018;12/28/2018;12;28;2018;Cais de pesca da Praia;Cais de pesca da Praia;Tras de cais;Rede de cerco;Pequenos pelágicos;Chicharro;Selar crumenophthalmus;50
Santiago;Mestre Manuel;12/28/2018;12/28/2018;12;28;2018;Cais de pesca da Praia;Cais de pesca da Praia;Tras de cais;Rede de cerco;Tunídeos;Cachorrinha ou Judeu;Auxis sp;150
Santiago;Jerusalém;12/30/2018;12/30/2018;12;30;2018;Cais de pesca da Praia;Cais de pesca da Praia;Sul do Maio;Linha;Tunídeos;Albacora;Thunnus albacares;350
Santiago;Jerusalém;12/30/2018;12/30/2018;12;30;2018;Cais de pesca da Praia;Cais de pesca da Praia;Sul do Maio;Linha;Tunídeos;Gaiado;Katsuwonus pelamis;800
Santiago;Jerusalém;12/30/2018;12/30/2018;12;30;2018;Cais de pesca da Praia;Cais de pesca da Praia;Sul do Maio;Linha;Tunídeos;Merma/ Panguil/ Txafarote;Euthynnus alleteratus;600
Santiago;Jerusalém;12/30/2018;12/30/2018;12;30;2018;Cais de pesca da Praia;Cais de pesca da Praia;Sul do Maio;Linha;Pequenos pelágicos;Chicharro;Selar crumenophthalmus;270
Santiago;Furna;12/27/2018;12/30/2018;12;30;2018;Cais de pesca da Praia;Cais de pesca da Praia;Baixa;Linha;Tunídeos;Albacora;Thunnus albacares;500
Santiago;Furna;12/27/2018;12/30/2018;12;30;2018;Cais de pesca da Praia;Cais de pesca da Praia;Baixa;Linha;Tunídeos;Lobo ou Dourado;Coryphaena hippurus;500
Santiago;Furna;12/27/2018;12/30/2018;12;30;2018;Cais de pesca da Praia;Cais de pesca da Praia;Baixa;Linha;Pequenos pelágicos;Chicharro;Selar crumenophthalmus;150
Santiago;Pedra Badejo;12/26/2018;12/31/2018;12;31;2018;Cais de pesca da Praia;Cais de pesca da Praia;Boa Vista;Linha;Tunídeos;Albacora;Thunnus albacares;1183
Santiago;Israel;12/28/2018;12/30/2018;12;30;2018;Cais de pesca da Praia;Cais de pesca da Praia;Boa Vista;Linha;Tunídeos;Gaiado;Katsuwonus pelamis;700
Santiago;Israel;12/28/2018;12/30/2018;12;30;2018;Cais de pesca da Praia;Cais de pesca da Praia;Boa Vista;Linha;Tunídeos;Merma/ Panguil/ Txafarote;Euthynnus alleteratus;400
Santiago;Mauro;12/29/2018;12/30/2018;12;30;2018;Cais de pesca da Praia;Cais de pesca da Praia;Sul do Maio;Linha;Tunídeos;Albacora;Thunnus albacares;739
Santiago;Mauro;12/29/2018;12/30/2018;12;30;2018;Cais de pesca da Praia;Cais de pesca da Praia;Sul do Maio;Linha;Tunídeos;Gaiado;Katsuwonus pelamis;800
Santiago;Mauro;12/29/2018;12/30/2018;12;30;2018;Cais de pesca da Praia;Cais de pesca da Praia;Sul do Maio;Linha;Pequenos pelágicos;Chicharro;Selar crumenophthalmus;150
Santiago;Zé Carlos;12/26/2018;12/31/2018;12;31;2018;Cais de pesca da Praia;Cais de pesca da Praia;Boa Vista;Linha;Demersais;Salmão;Elagatis bipinnulata;30
Santiago;Zé Carlos;12/26/2018;12/31/2018;12;31;2018;Cais de pesca da Praia;Cais de pesca da Praia;Boa Vista;Linha;Demersais;Esmoregal ou Serze;Seriola sp;30
Santiago;Zé Carlos;12/26/2018;12/31/2018;12;31;2018;Cais de pesca da Praia;Cais de pesca da Praia;Boa Vista;Linha;Demersais;Abroto;Pomadasys rogeri;4
Santiago;Zé Carlos;12/26/2018;12/31/2018;12;31;2018;Cais de pesca da Praia;Cais de pesca da Praia;Boa Vista;Linha;Demersais;Garoupa;Cepahalopholis taeniops;7
Santiago;Zé Carlos;12/26/2018;12/31/2018;12;31;2018;Cais de pesca da Praia;Cais de pesca da Praia;Boa Vista;Linha;Demersais;Enforcado ou Xereu;Caranx sp;3
Santiago;Zé Carlos;12/26/2018;12/31/2018;12;31;2018;Cais de pesca da Praia;Cais de pesca da Praia;Boa Vista;Linha;Demersais;Badejo;Mycteroperca sp;2
Santiago;Edylson Mateus;12/26/2018;12/29/2018;12;29;2018;Cais de pesca da Praia;Cais de pesca da Praia;São Nicolau;Rede de cerco;Pequenos pelágicos;Dobrada;Spicara melanurus;6000
Santiago;Edylson Mateus;12/26/2018;12/29/2018;12;29;2018;Cais de pesca da Praia;Cais de pesca da Praia;São Nicolau;Rede de cerco;Demersais;Sargo;SPARIDAE;400
Santiago;Edylson Mateus;12/26/2018;12/29/2018;12;29;2018;Cais de pesca da Praia;Cais de pesca da Praia;São Nicolau;Rede de cerco;Demersais;Fatcho de fundo;Mulloidichthys martinicus;350
Santiago;Noquinha;12/26/2018;12/29/2018;12;29;2018;Cais de pesca da Praia;Cais de pesca da Praia;Baixa;Linha;Tunídeos;Albacora;Thunnus albacares;439
Santiago;Deus me deu;12/27/2018;12/31/2018;12;31;2018;Cais de pesca da Praia;Cais de pesca da Praia;Sul do Maio, Boa Vista;Linha;Tunídeos;Albacora;Thunnus albacares;720
Santiago;Deus me deu;12/27/2018;12/31/2018;12;31;2018;Cais de pesca da Praia;Cais de pesca da Praia;Sul do Maio, Boa Vista;Linha;Tunídeos;Gaiado;Katsuwonus pelamis;320
Santiago;Deus me deu;12/27/2018;12/31/2018;12;31;2018;Cais de pesca da Praia;Cais de pesca da Praia;Sul do Maio, Boa Vista;Linha;Tunídeos;Merma/ Panguil/ Txafarote;Euthynnus alleteratus;400
Santiago;Deus me deu;12/27/2018;12/31/2018;12;31;2018;Cais de pesca da Praia;Cais de pesca da Praia;Sul do Maio, Boa Vista;Linha;Pequenos pelágicos;Chicharro;Selar crumenophthalmus;200
Santiago;Deus me acompanha;12/27/2018;12/31/2018;12;31;2018;Cais de pesca da Praia;Cais de pesca da Praia;Boa Vista, João Valente, Sul do Maio;Linha;Tunídeos;Albacora;Thunnus albacares;1317
Santiago;Deus me acompanha;12/27/2018;12/31/2018;12;31;2018;Cais de pesca da Praia;Cais de pesca da Praia;Boa Vista, João Valente, Sul do Maio;Linha;Tunídeos;Gaiado;Katsuwonus pelamis;400
Santiago;Deus me acompanha;12/27/2018;12/31/2018;12;31;2018;Cais de pesca da Praia;Cais de pesca da Praia;Boa Vista, João Valente, Sul do Maio;Linha;Tunídeos;Merma/ Panguil/ Txafarote;Euthynnus alleteratus;509
Santiago;Deus me acompanha;12/27/2018;12/31/2018;12;31;2018;Cais de pesca da Praia;Cais de pesca da Praia;Boa Vista, João Valente, Sul do Maio;Linha;Pequenos pelágicos;Chicharro;Selar crumenophthalmus;150
Santiago;Vera;12/29/2018;12/31/2018;12;31;2018;Cais de pesca da Praia;Cais de pesca da Praia;Sul do Maio;Linha;Tunídeos;Albacora;Thunnus albacares;800
Santiago;Vera;12/29/2018;12/31/2018;12;31;2018;Cais de pesca da Praia;Cais de pesca da Praia;Sul do Maio;Linha;Tunídeos;Gaiado;Katsuwonus pelamis;1000
Santiago;Vera;12/29/2018;12/31/2018;12;31;2018;Cais de pesca da Praia;Cais de pesca da Praia;Sul do Maio;Linha;Tunídeos;Merma/ Panguil/ Txafarote;Euthynnus alleteratus;500
Santiago;Vera;12/29/2018;12/31/2018;12;31;2018;Cais de pesca da Praia;Cais de pesca da Praia;Sul do Maio;Linha;Pequenos pelágicos;Chicharro;Selar crumenophthalmus;220
Santiago;Jerusalém;12/31/2018;12/31/2018;12;31;2018;Cais de pesca da Praia;Cais de pesca da Praia;Sul do Maio;Linha;Tunídeos;Albacora;Thunnus albacares;200
Santiago;Jerusalém;12/31/2018;12/31/2018;12;31;2018;Cais de pesca da Praia;Cais de pesca da Praia;Sul do Maio;Linha;Tunídeos;Gaiado;Katsuwonus pelamis;2000
Santiago;Jerusalém;12/31/2018;12/31/2018;12;31;2018;Cais de pesca da Praia;Cais de pesca da Praia;Sul do Maio;Linha;Tunídeos;Merma/ Panguil/ Txafarote;Euthynnus alleteratus;600
Santiago;Jerusalém;12/31/2018;12/31/2018;12;31;2018;Cais de pesca da Praia;Cais de pesca da Praia;Sul do Maio;Linha;Pequenos pelágicos;Chicharro;Selar crumenophthalmus;180
Santiago;Mestre Manuel;10/22/2018;10/22/2018;10;22;2018;Cais de pesca da Praia;Cais de pesca da Praia;Baía;Rede laço de guia;Demersais;Esmoregal ou Serze;Seriola sp;65
Santiago;Ponta Preta;10/8/2018;10/11/2018;10;11;2018;Cais de pesca da Praia;Cais de pesca da Praia;Brava;Rede de cerco;Tunídeos;Gaiado;Katsuwonus pelamis;250
Santiago;Vera;10/9/2018;10/13/2018;10;13;2018;Cais de pesca da Praia;Cais de pesca da Praia;Leste Boa Vista;Linha;Demersais;Esmoregal ou Serze;Seriola sp;172
Santiago;Oceano Atlântico;1/4/2018;1/4/2018;1;4;2018;Ribeira da Barca;Ribeira da Barca;Charco 4112;Rede de cerco;Pequenos pelágicos;Chicharro;Selar crumenophthalmus;850
Santiago;Novo rumo;1/8/2018;1/8/2018;1;8;2018;Ribeira da Barca;Ribeira da Barca;Anjra;Rede de cerco;Tunídeos;Merma/ Panguil/ Txafarote;Euthynnus alleteratus;700
Santiago;Picaxú;1/8/2018;1/8/2018;1;8;2018;Ribeira da Barca;Ribeira da Barca;Ribeira da Barca;Rede de cerco;Tunídeos;Merma/ Panguil/ Txafarote;Euthynnus alleteratus;800
Santiago;Picaxú;1/12/2018;1/12/2018;1;12;2018;Ribeira da Barca;Ribeira da Barca;Charco 4112;Rede de cerco;Tunídeos;Merma/ Panguil/ Txafarote;Euthynnus alleteratus;400
Santiago;Novo rumo;1/12/2018;1/12/2018;1;12;2018;Ribeira da Barca;Ribeira da Barca;Anjra;Rede de cerco;Tunídeos;Merma/ Panguil/ Txafarote;Euthynnus alleteratus;850
Santiago;Picaxú;2/12/2018;2/12/2018;2;12;2018;Ribeira da Barca;Ribeira da Barca;Charco 4112;Rede de cerco;Pequenos pelágicos;Cavala branca;Decapterus punctatus;500
Santiago;Picaxú;2/16/2018;2/16/2018;2;16;2018;Ribeira da Barca;Ribeira da Barca;Charco 4112;Rede de cerco;Tunídeos;Merma/ Panguil/ Txafarote;Euthynnus alleteratus;400
Santiago;Picaxú;2/20/2018;2/20/2018;2;20;2018;Ribeira da Barca;Ribeira da Barca;Anjra;Rede de cerco;Tunídeos;Merma/ Panguil/ Txafarote;Euthynnus alleteratus;700
Santiago;Novo rumo;3/5/2018;3/5/2018;3;5;2018;Ribeira da Barca;Ribeira da Barca;Charco 4112;Rede de cerco;Tunídeos;Merma/ Panguil/ Txafarote;Euthynnus alleteratus;750
Santiago;Picaxú;3/5/2018;3/5/2018;3;5;2018;Ribeira da Barca;Ribeira da Barca;Charco 4112;Rede de cerco;Pequenos pelágicos;Cavala branca;Decapterus punctatus;200
Santiago;Picaxú;3/8/2018;3/8/2018;3;8;2018;Ribeira da Barca;Ribeira da Barca;Charco 4112;Rede de cerco;Tunídeos;Merma/ Panguil/ Txafarote;Euthynnus alleteratus;600
Santiago;Novo rumo;3/12/2018;3/12/2018;3;12;2018;Ribeira da Barca;Ribeira da Barca;Charco 4112;Rede de cerco;Tunídeos;Merma/ Panguil/ Txafarote;Euthynnus alleteratus;300
Santiago;Picaxú;3/12/2018;3/12/2018;3;12;2018;Ribeira da Barca;Ribeira da Barca;Anjra;Rede de cerco;Tunídeos;Merma/ Panguil/ Txafarote;Euthynnus alleteratus;750
Santiago;Picaxú;3/16/2018;3/16/2018;3;16;2018;Ribeira da Barca;Ribeira da Barca;Charco 4112;Rede de cerco;Tunídeos;Merma/ Panguil/ Txafarote;Euthynnus alleteratus;150
Santiago;Picaxú;3/20/2018;3/20/2018;3;20;2018;Ribeira da Barca;Ribeira da Barca;Charco 4112;Rede de cerco;Tunídeos;Merma/ Panguil/ Txafarote;Euthynnus alleteratus;430
Santiago;Novo rumo;4/9/2018;4/9/2018;4;9;2018;Ribeira da Barca;Ribeira da Barca;Charco 4112;Rede de cerco;Pequenos pelágicos;Cavala branca;Decapterus punctatus;150
Santiago;Novo rumo;4/24/2018;4/24/2018;4;24;2018;Ribeira da Barca;Ribeira da Barca;Charco 4112;Rede de cerco;Tunídeos;Merma/ Panguil/ Txafarote;Euthynnus alleteratus;500
Santiago;Picaxú;6/8/2018;6/8/2018;6;8;2018;Ribeira da Barca;Ribeira da Barca;Charco 4112;Rede de cerco;Tunídeos;Merma/ Panguil/ Txafarote;Euthynnus alleteratus;300
Santiago;Picaxú;6/12/2018;6/12/2018;6;12;2018;Ribeira da Barca;Ribeira da Barca;Charco 4112;Rede de cerco;Tunídeos;Merma/ Panguil/ Txafarote;Euthynnus alleteratus;350
Santiago;Picaxú;6/18/2018;6/18/2018;6;18;2018;Ribeira da Barca;Ribeira da Barca;Anjra;Rede de cerco;Tunídeos;Merma/ Panguil/ Txafarote;Euthynnus alleteratus;300
Santiago;Picaxú;6/20/2018;6/20/2018;6;20;2018;Ribeira da Barca;Ribeira da Barca;Charco 4112;Rede de cerco;Tunídeos;Merma/ Panguil/ Txafarote;Euthynnus alleteratus;80
Santiago;Picaxú;6/25/2018;6/25/2018;6;25;2018;Ribeira da Barca;Ribeira da Barca;Charco 4112;Rede de cerco;Tunídeos;Merma/ Panguil/ Txafarote;Euthynnus alleteratus;350
Santiago;Picaxú;6/25/2018;6/25/2018;6;25;2018;Ribeira da Barca;Ribeira da Barca;Charco 4112;Rede de cerco;Pequenos pelágicos;Chicharro;Selar crumenophthalmus;200
São Vicente;Ponta Cacimba;7/17/2018;7/18/2018;6;25;2018;CPCI;CPCI;Sinagoga;Rede de cerco;Tunídeos;Cachorrinha ou Judeu;Auxis sp;11000
Santiago;Claudia;11/27/2018;12/3/2018;12;3;2018;Cais de pesca da Praia;Cais de pesca da Praia;Baixa;Linha;Tunídeos;Merma/ Panguil/ Txafarote;Euthynnus alleteratus;500
Santiago;Claudia;11/27/2018;12/3/2018;12;3;2018;Cais de pesca da Praia;Cais de pesca da Praia;Baixa;Linha;Tunídeos;Albacora;Thunnus albacares;279
Santiago;Claudia;11/27/2018;12/3/2018;12;3;2018;Cais de pesca da Praia;Cais de pesca da Praia;Baixa;;Pequenos pelágicos;Chicharro;Selar crumenophthalmus;160
Santiago;Jerusalém;12/8/2018;12/12/2018;12;12;2018;Cais de pesca da Praia;Cais de pesca da Praia;João Valente;Linha;Pequenos pelágicos;Chicharro;Selar crumenophthalmus;300
Santiago;Mimosa;12/7/2018;12/11/2018;12;11;2018;Cais de pesca da Praia;Cais de pesca da Praia;Boa Vista;Linha;Tunídeos;Albacora;Thunnus albacares;280
Santiago;Mimosa;12/7/2018;12/11/2018;12;11;2018;Cais de pesca da Praia;Cais de pesca da Praia;Boa Vista;Linha;Diversos;Agulhão;diversos;50
Santiago;Mauro;12/7/2018;12/9/2018;12;9;2018;Cais de pesca da Praia;Cais de pesca da Praia;Sul do Maio;Linha;Tunídeos;Merma/ Panguil/ Txafarote;Euthynnus alleteratus;9
Santiago;Vinte-7;12/14/2018;12/17/2018;12;17;2018;Cais de pesca da Praia;Cais de pesca da Praia;Maio;Rede de cerco;Demersais;Esmoregal ou Serze;Seriola sp;1000
Santiago;ML;1/10/2018;1/13/2018;1;13;2018;Cais de pesca da Praia ;Cais de pesca da Praia ;Maio;rede de cerco;Tunídeos;Cachorrinha ou Judeu;Auxis sp;100
Santiago;Calhau;1/12/2018;1/13/2018;1;13;2018;Cais de pesca da Praia ;Cais de pesca da Praia ;Ponta de Areia;rede de cerco;Pequenos pelágicos;Chicharro;Selar crumenophthalmus;7500
Santiago;ML;1/10/2018;1/13/2018;1;13;2018;Cais de pesca da Praia ;Cais de pesca da Praia ;Maio;rede de cerco;Pequenos pelágicos;Chicharro;Selar crumenophthalmus;2600
Santiago;Calhau;1/12/2018;1/13/2018;1;13;2018;Cais de pesca da Praia ;Cais de pesca da Praia ;Ponta de Areia;rede de cerco;Demersais;goraz;Lutjanus fulgens;100
Santiago;Mauro;1/10/2018;1/15/2018;1;15;2018;Cais de pesca da Praia ;Cais de pesca da Praia ;J/valente;linha;Tunídeos;albacora;Thunnus albacares;1918
Santiago;Jerusalém;1/10/2018;1/15/2018;1;15;2018;Cais de pesca da Praia ;Cais de pesca da Praia ;J/valente;linha;Tunídeos;albacora;Thunnus albacares;882
Santiago;calhau;1/17/2018;1/18/2018;1;18;2018;Cais de pesca da Praia ;Cais de pesca da Praia ;Calheta/maio;rede de cerco;Pequenos pelágicos;Chicharro;Selar crumenophthalmus;2700
Santiago;Praia Gonsal;1/21/2018;1/23/2018;1;23;2018;Cais de pesca da Praia ;Cais de pesca da Praia ;Boa vista;rede de cerco;Tunídeos;Cachorrinha ou Judeu;Auxis sp;1500
Santiago;Praia Gonsal;1/21/2018;1/23/2018;1;23;2018;Cais de pesca da Praia ;Cais de pesca da Praia ;Boa vista;rede de cerco;Pequenos pelágicos;Cavala Preta;Decapterus macarellus;9000
Santiago;Ponta Preta;1/23/2018;1/23/2018;1;23;2018;Cais de pesca da Praia ;Cais de pesca da Praia ;Agua doce;rede de cerco;Pequenos pelágicos;bonito;Caranx crysos;600
Santiago;Praia Gonsal;1/23/2018;1/23/2018;1;23;2018;Cais de pesca da Praia ;Cais de pesca da Praia ;Boa vista;rede de cerco;Demersais;goraz;Lutjanus fulgens;200
Santiago;ML;1/24/2018;1/26/2018;1;26;2018;Cais de pesca da Praia ;Cais de pesca da Praia ;maio;rede de cerco;Tunídeos;Cachorrinha ou Judeu;Auxis sp;600
Santiago;Cidadela;1/25/2018;1/26/2018;1;26;2018;Cais de pesca da Praia ;Cais de pesca da Praia ;fogo;rede de cerco;Pequenos pelágicos;Cavala Preta;Decapterus macarellus;2400
Santiago;ML;1/24/2018;1/26/2018;1;26;2018;Cais de pesca da Praia ;Cais de pesca da Praia ;maio;rede de cerco;Pequenos pelágicos;Cavala Preta;Decapterus macarellus;1700
Santiago;Praia Gonsal;1/26/2018;1/27/2018;1;27;2018;Cais de pesca da Praia ;Cais de pesca da Praia ;Boa vista;rede de cerco;Pequenos pelágicos;Cavala legítima;Scomber japonicus;3000
Santiago;Rincon;1/27/2018;1/27/2018;1;27;2018;Cais de pesca da Praia ;Cais de pesca da Praia ;Boa vista;rede de cerco;Pequenos pelágicos;Cavala Preta;Decapterus macarellus;8500
Santiago;Luta de Pescadores;2/1/2018;2/3/2018;2;3;2018;Cais de pesca da Praia ;Cais de pesca da Praia ;Boa Vista;rede de cerco;Pequenos pelágicos;Chicharro;Selar crumenophthalmus;8000
Santiago;Mayra;2/9/2018;2/9/2018;2;9;2018;Cais de pesca da Praia ;Cais de pesca da Praia ;Goveia;rede de cerco;Tunídeos;Cachorrinha ou Judeu;Auxis sp;200
Santiago;Cidadela;2/10/2018;2/10/2018;2;10;2018;Cais de pesca da Praia ;Cais de pesca da Praia ;Fogo;rede de cerco;Tunídeos;Cachorrinha ou Judeu;Auxis sp;500
Santiago;Cidadela;2/10/2018;2/10/2018;2;10;2018;Cais de pesca da Praia ;Cais de pesca da Praia ;Fogo;rede de cerco;Pequenos pelágicos;Chicharro;Selar crumenophthalmus;4000
Santiago;judeia;2/7/2018;2/11/2018;2;11;2018;Cais de pesca da Praia ;Cais de pesca da Praia ;Baixa;linha;Tunídeos;albacora;Thunnus albacares;645
Santiago;Vinte-7;2/10/2018;2/11/2018;2;11;2018;Cais de pesca da Praia ;Cais de pesca da Praia ;Maio;rede de cerco;Pequenos pelágicos;Cavala Preta;Decapterus macarellus;6000
Santiago;calhau;2/12/2018;2/13/2018;2;13;2018;Cais de pesca da Praia ;Cais de pesca da Praia ;maio;rede de cerco;Pequenos pelágicos;Chicharro;Selar crumenophthalmus;5000
Santiago;ML;2/12/2018;2/14/2018;2;14;2018;Cais de pesca da Praia ;Cais de pesca da Praia ;Tchadona;rede de cerco;Pequenos pelágicos;Chicharro;Selar crumenophthalmus;2000
Santiago;ML;2/12/2018;2/14/2018;2;14;2018;Cais de pesca da Praia ;Cais de pesca da Praia ;Tchadona;rede de cerco;Pequenos pelágicos;Cavala Preta;Decapterus macarellus;4000
Santiago;ML;2/12/2018;2/14/2018;2;14;2018;Cais de pesca da Praia ;Cais de pesca da Praia ;Tchadona;rede de cerco;Demersais;diversos;;350
Santiago;Vinte-7;2/15/2018;2/16/2018;2;16;2018;Cais de pesca da Praia ;Cais de pesca da Praia ;tchadona;rede de cerco;Pequenos pelágicos;Cavala Preta;Decapterus macarellus;6000
Santiago;calhau;2/15/2018;2/16/2018;2;16;2018;Cais de pesca da Praia ;Cais de pesca da Praia ;maio;rede de cerco;Pequenos pelágicos;Cavala Preta;Decapterus macarellus;3000
Santiago;calhau;2/15/2018;2/16/2018;2;16;2018;Cais de pesca da Praia ;Cais de pesca da Praia ;maio;rede de cerco;Demersais;Esmoregal ou Serze;Seriola sp;300
Santiago;Mayra;2/16/2018;2/17/2018;2;17;2018;Cais de pesca da Praia ;Cais de pesca da Praia ;Tchadona;rede de cerco;Tunídeos;Cachorrinha ou Judeu;Auxis sp;4000
Santiago;ML;2/15/2018;2/17/2018;2;17;2018;Cais de pesca da Praia ;Cais de pesca da Praia ;Tchadona;rede de cerco;Tunídeos;Cachorrinha ou Judeu;Auxis sp;1000
Santiago;Rincon;2/16/2018;2/17/2018;2;17;2018;Cais de pesca da Praia ;Cais de pesca da Praia ;Papaia;rede de cerco;Tunídeos;Cachorrinha ou Judeu;Auxis sp;3000
Santiago;Mayra;2/16/2018;2/17/2018;2;17;2018;Cais de pesca da Praia ;Cais de pesca da Praia ;Tchadona;rede de cerco;Pequenos pelágicos;Cavala Preta;Decapterus macarellus;1000
Santiago;ML;2/15/2018;2/17/2018;2;17;2018;Cais de pesca da Praia ;Cais de pesca da Praia ;Tchadona;rede de cerco;Pequenos pelágicos;Cavala Preta;Decapterus macarellus;5000
Santiago;Rincon;2/19/2018;2/19/2018;2;19;2018;Cais de pesca da Praia ;Cais de pesca da Praia ;C/Velha;rede de cerco;Tunídeos;Cachorrinha ou Judeu;Auxis sp;1200
Santiago;Vinte-7;2/18/2018;2/19/2018;2;19;2018;Cais de pesca da Praia ;Cais de pesca da Praia ;Maio;rede de cerco;Pequenos pelágicos;Cavala Preta;Decapterus macarellus;5000
Santiago;Vinte-7;2/18/2018;2/19/2018;2;19;2018;Cais de pesca da Praia ;Cais de pesca da Praia ;Maio;rede de cerco;Demersais;Esmoregal ou Serze;Seriola sp;300
Santiago;Vinte-7;2/21/2018;2/21/2018;2;21;2018;Cais de pesca da Praia ;Cais de pesca da Praia ;Maio;rede de cerco;Tunídeos;Cachorrinha ou Judeu;Auxis sp;300
Santiago;Marlinda;2/21/2018;2/21/2018;2;21;2018;Cais de pesca da Praia ;Cais de pesca da Praia ;boa vista;rede de cerco;Tunídeos;Cachorrinha ou Judeu;Auxis sp;1000
Santiago;Mimosa;2/17/2018;2/21/2018;2;21;2018;Cais de pesca da Praia ;Cais de pesca da Praia ;Boa Vista;linha;Tunídeos;albacora;Thunnus albacares;444
Santiago;Vinte-7;2/21/2018;2/21/2018;2;21;2018;Cais de pesca da Praia ;Cais de pesca da Praia ;Maio;rede de cerco;Pequenos pelágicos;Cavala Preta;Decapterus macarellus;8000
Santiago;Marlinda;2/21/2018;2/21/2018;2;21;2018;Cais de pesca da Praia ;Cais de pesca da Praia ;boa vista;rede de cerco;Pequenos pelágicos;Cavala Preta;Decapterus macarellus;7000
Santiago;Mauro;2/20/2018;2/24/2018;2;24;2018;Cais de pesca da Praia ;Cais de pesca da Praia ;Baixa;linha;Tunídeos;albacora;Thunnus albacares;1052
Santiago;Judeia;2/20/2018;2/24/2018;2;24;2018;Cais de pesca da Praia ;Cais de pesca da Praia ;Baixa;linha;Tunídeos;Serra ou Djeu;;88
Santiago;Praia Gonsal;2/22/2018;2/24/2018;2;24;2018;Cais de pesca da Praia ;Cais de pesca da Praia ;Boa Vista;rede de cerco;Pequenos pelágicos;Cavala Preta;Decapterus macarellus;7000
Santiago;Mayra;2/20/2018;2/24/2018;2;24;2018;Cais de pesca da Praia ;Cais de pesca da Praia ;Sal;rede de cerco;Pequenos pelágicos;Cavala Preta;Decapterus macarellus;20000
Santiago;Vinte-7;2/24/2018;2/24/2018;2;24;2018;Cais de pesca da Praia ;Cais de pesca da Praia ;Maio;rede de cerco;Pequenos pelágicos;Cavala Preta;Decapterus macarellus;2000
Santiago;Vinte-7;2/24/2018;2/24/2018;2;24;2018;Cais de pesca da Praia ;Cais de pesca da Praia ;Maio;rede de cerco;Demersais;Esmoregal ou Serze;Seriola sp;300
Santiago;Rincon;3/9/2018;3/9/2018;3;9;2018;Cais de pesca da Praia ;Cais de pesca da Praia ;Tarrafal;rede de cerco;Tunídeos;Cachorrinha ou Judeu;Auxis sp;2000
Santiago;Calhau;3/9/2018;3/9/2018;3;9;2018;Cais de pesca da Praia ;Cais de pesca da Praia ;Tchadona;rede de cerco;Tunídeos;Cachorrinha ou Judeu;Auxis sp;100
Santiago;Rincon;3/9/2018;3/9/2018;3;9;2018;Cais de pesca da Praia ;Cais de pesca da Praia ;Tarrafal;rede de cerco;Pequenos pelágicos;Cavala Preta;Decapterus macarellus;4500
Santiago;Calhau;3/9/2018;3/9/2018;3;9;2018;Cais de pesca da Praia ;Cais de pesca da Praia ;Tchadona;rede de cerco;Pequenos pelágicos;Cavala Preta;Decapterus macarellus;6000
Santiago;Rincon;3/9/2018;3/9/2018;3;9;2018;Cais de pesca da Praia ;Cais de pesca da Praia ;Tarrafal;rede de cerco;Demersais;Salmão;Elagatis bipinnulata;2000
Santiago;Calhau;3/10/2018;3/10/2018;3;10;2018;Cais de pesca da Praia ;Cais de pesca da Praia ;Tchadona;rede de cerco;Pequenos pelágicos;Cavala Preta;Decapterus macarellus;8000
Santiago;Calheta;3/11/2018;3/12/2018;3;12;2018;Cais de pesca da Praia ;Cais de pesca da Praia ;b/v;Linha;Tunídeos;albacora;Thunnus albacares;209
Santiago;mauro;3/10/2018;3/13/2018;3;13;2018;Cais de pesca da Praia ;Cais de pesca da Praia ;baixa;linha;Tunídeos;albacora;Thunnus albacares;362
Santiago;calhau;3/16/2018;3/17/2018;3;17;2018;Cais de pesca da Praia ;Cais de pesca da Praia ;Maio;rede de cerco;Pequenos pelágicos;bonito;Caranx crysos;300
Santiago;Di Joana;3/15/2018;3/18/2018;3;18;2018;Cais de pesca da Praia ;Cais de pesca da Praia ;Baixa;linha;Tunídeos;albacora;Thunnus albacares;220
Santiago;Di Joana;3/15/2018;3/18/2018;3;18;2018;Cais de pesca da Praia ;Cais de pesca da Praia ;Baixa;linha;Tunídeos;Serra ou Djeu;;65
Santiago;Claudia;3/21/2018;3/26/2018;3;26;2018;Cais de pesca da Praia ;Cais de pesca da Praia ;j Valente;linha;Tunídeos;albacora;Thunnus albacares;550
Santiago;Vinte-7;3/23/2018;3/27/2018;3;27;2018;Cais de pesca da Praia ;Cais de pesca da Praia ;Junho;rede de cerco;Pequenos pelágicos;Chicharro;Selar crumenophthalmus;800
Santiago;Carlos Maria;3/26/2018;3/29/2018;3;29;2018;Cais de pesca da Praia ;Cais de pesca da Praia ;sal;rede de cerco;Pequenos pelágicos;Cavala Preta;Decapterus macarellus;13000
Santiago;Di Joana;3/26/2018;3/30/2018;3;30;2018;Cais de pesca da Praia ;Cais de pesca da Praia ;Bv;linha;Tunídeos;albacora;Thunnus albacares;342
Santiago;Deus me Acompanha;3/27/2018;3/30/2018;3;30;2018;Cais de pesca da Praia ;Cais de pesca da Praia ;Baixa/Jv;linha;Tunídeos;albacora;Thunnus albacares;600
Santiago;JB;3/25/2018;3/30/2018;3;30;2018;Cais de pesca da Praia ;Cais de pesca da Praia ;Jv;linha;Tunídeos;albacora;Thunnus albacares;289
Santiago;Mayra;3/28/2018;3/30/2018;3;30;2018;Cais de pesca da Praia ;Cais de pesca da Praia ;Sal Bv;rede de cerco;Pequenos pelágicos;Cavala Preta;Decapterus macarellus;2700
Santiago;Jerusalém;3/28/2018;4/1/2018;4;1;2018;Cais de pesca da Praia ;Cais de pesca da Praia ;Boa Vista;linha;Tunídeos;albacora;Thunnus albacares;586
Santiago;Mestre Manuel;4/3/2018;4/3/2018;4;3;2018;Cais de pesca da Praia ;Cais de pesca da Praia ;Baia;rede de cerco;Pequenos pelágicos;Cavala Preta;Decapterus macarellus;300
Santiago;ML;4/6/2018;4/7/2018;4;7;2018;Cais de pesca da Praia ;Cais de pesca da Praia ;Maio;rede de cerco;Tunídeos;Cachorrinha ou Judeu;Auxis sp;200
Santiago;Vinte-7;4/7/2018;4/7/2018;4;7;2018;Cais de pesca da Praia ;Cais de pesca da Praia ;Tchadona;rede de cerco;Tunídeos;Cachorrinha ou Judeu;Auxis sp;500
Santiago;ML;4/6/2018;4/7/2018;4;7;2018;Cais de pesca da Praia ;Cais de pesca da Praia ;Maio;rede de cerco;Pequenos pelágicos;Cavala Preta;Decapterus macarellus;6800
Santiago;Carlos Maria;4/7/2018;4/7/2018;4;7;2018;Cais de pesca da Praia ;Cais de pesca da Praia ;Sal;rede de cerco;Pequenos pelágicos;Cavala Preta;Decapterus macarellus;700
Santiago;ML;4/6/2018;4/7/2018;4;7;2018;Cais de pesca da Praia ;Cais de pesca da Praia ;Maio;rede de cerco;Demersais;salmão;Elagatis bipinnulata;100
Santiago;ML;4/4/2018;4/8/2018;4;8;2018;Cais de pesca da Praia ;Cais de pesca da Praia ;Maio;rede de cerco;Tunídeos;Cachorrinha ou Judeu;Auxis sp;200
Santiago;ML;4/4/2018;4/8/2018;4;8;2018;Cais de pesca da Praia ;Cais de pesca da Praia ;Maio;rede de cerco;Pequenos pelágicos;Cavala Preta;Decapterus macarellus;6800
Santiago;ML;4/4/2018;4/8/2018;4;8;2018;Cais de pesca da Praia ;Cais de pesca da Praia ;Maio;rede de cerco;Demersais;salmão;Elagatis bipinnulata;150
Santiago;Mayra;4/7/2018;4/9/2018;4;9;2018;Cais de pesca da Praia ;Cais de pesca da Praia ;Sal;rede de cerco;Pequenos pelágicos;Cavala Preta;Decapterus macarellus;700
Santiago;Flávia;4/7/2018;4/11/2018;4;11;2018;Cais de pesca da Praia ;Cais de pesca da Praia ;S/ maio;linha;Tunídeos;albacora;Thunnus albacares;89
Santiago;Deus me Deu;4/7/2018;4/11/2018;4;11;2018;Cais de pesca da Praia ;Cais de pesca da Praia ;Bv;linha;Tunídeos;albacora;Thunnus albacares;228
Santiago;Vinte-7;4/10/2018;4/11/2018;4;11;2018;Cais de pesca da Praia ;Cais de pesca da Praia ;Maio;rede de cerco;Pequenos pelágicos;Chicharro;Selar crumenophthalmus;3000
Santiago;Flávia;4/7/2018;4/11/2018;4;11;2018;Cais de pesca da Praia ;Cais de pesca da Praia ;S/ maio;linha;Demersais;barbeiro;Acanthurus monroviae;97
Santiago;Deus me Deu;4/7/2018;4/11/2018;4;11;2018;Cais de pesca da Praia ;Cais de pesca da Praia ;Bv;linha;Demersais;Esmoregal ou Serze;Seriola sp;48
Santiago;Mestre Manuel;4/9/2018;4/12/2018;4;12;2018;Cais de pesca da Praia ;Cais de pesca da Praia ;Baia;rede de cerco;Pequenos pelágicos;Cavala Preta;Decapterus macarellus;300
Santiago;Carlos Maria;4/11/2018;4/12/2018;4;12;2018;Cais de pesca da Praia ;Cais de pesca da Praia ;Maio;rede de cerco;Pequenos pelágicos;Cavala Preta;Decapterus macarellus;500
Santiago;Judeia;4/8/2018;4/13/2018;4;13;2018;Cais de pesca da Praia ;Cais de pesca da Praia ;bv;linha;Tunídeos;albacora;Thunnus albacares;553
Santiago;Calhau;4/12/2018;4/13/2018;4;13;2018;Cais de pesca da Praia ;Cais de pesca da Praia ;Maio;rede de cerco;Pequenos pelágicos;Cavala Preta;Decapterus macarellus;1500
Santiago;Vinte-7;4/13/2018;4/14/2018;4;14;2018;Cais de pesca da Praia ;Cais de pesca da Praia ;Maio;rede de cerco;Pequenos pelágicos;Cavala Preta;Decapterus macarellus;500
Santiago;Cidadela;4/16/2018;4/16/2018;4;16;2018;Cais de pesca da Praia ;Cais de pesca da Praia ;Tarrafal;rede de cerco;Tunídeos;Cachorrinha ou Judeu;Auxis sp;2500
Santiago;Mauro;4/15/2018;4/20/2018;4;20;2018;Cais de pesca da Praia ;Cais de pesca da Praia ;S/Maio;linha;Tunídeos;albacora;Thunnus albacares;964
Santiago;Marlinda;4/15/2018;4/20/2018;4;20;2018;Cais de pesca da Praia ;Cais de pesca da Praia ;Angra(Tarrafal);rede de cerco;Tunídeos;Cachorrinha ou Judeu;Auxis sp;5000
Santiago;Judeia;4/16/2018;4/20/2018;4;20;2018;Cais de pesca da Praia ;Cais de pesca da Praia ;S/Maio;linha;Tunídeos;albacora;Thunnus albacares;251
Santiago;Jerusalém;4/16/2018;4/20/2018;4;20;2018;Cais de pesca da Praia ;Cais de pesca da Praia ;S/Maio;linha;Tunídeos;albacora;Thunnus albacares;934
Santiago;Vinte-7;4/19/2018;4/20/2018;4;20;2018;Cais de pesca da Praia ;Cais de pesca da Praia ;Maio;rede de cerco;Pequenos pelágicos;Chicharro;Selar crumenophthalmus;2000
Santiago;ML;4/20/2018;4/20/2018;4;20;2018;Cais de pesca da Praia ;Cais de pesca da Praia ;Maio;rede de cerco;Pequenos pelágicos;Cavala Preta;Decapterus macarellus;7000
Santiago;Marlinda;4/20/2018;4/20/2018;4;20;2018;Cais de pesca da Praia ;Cais de pesca da Praia ;Angra(Tarrafal);rede de cerco;Pequenos pelágicos;Cavala Preta;Decapterus macarellus;300
Santiago;Vinte-7;4/19/2018;4/20/2018;4;20;2018;Cais de pesca da Praia ;Cais de pesca da Praia ;Tchadona;rede de cerco;Pequenos pelágicos;Cavala Preta;Decapterus macarellus;4000
Santiago;Vinte-7;4/19/2018;4/20/2018;4;20;2018;Cais de pesca da Praia ;Cais de pesca da Praia ;Tchadona;rede de cerco;Demersais;Salmão;Elagatis bipinnulata;400
Santiago;Carlos Maria;4/21/2018;4/22/2018;4;22;2018;Cais de pesca da Praia ;Cais de pesca da Praia ;Tchadona;rede de cerco;Pequenos pelágicos;Cavala Preta;Decapterus macarellus;12000
Santiago;Mayra;4/25/2018;4/27/2018;4;27;2018;Cais de pesca da Praia ;Cais de pesca da Praia ;Bv;rede de cerco;Tunídeos;Cachorrinha ou Judeu;Auxis sp;500
Santiago;mauro;4/27/2018;4/27/2018;4;27;2018;Cais de pesca da Praia ;Cais de pesca da Praia ;B.V;linha;Tunídeos;albacora;Thunnus albacares;414
Santiago;Mayra;4/25/2018;4/27/2018;4;27;2018;Cais de pesca da Praia ;Cais de pesca da Praia ;Bv;rede de cerco;Pequenos pelágicos;Cavala Preta;Decapterus macarellus;12000
Santiago;Mayra;4/25/2018;4/27/2018;4;27;2018;Cais de pesca da Praia ;Cais de pesca da Praia ;Bv;rede de cerco;Pequenos pelágicos;bonito;Caranx crysos;106
Santiago;São Miguel;4/24/2018;4/28/2018;4;28;2018;Cais de pesca da Praia ;Cais de pesca da Praia ;b/v;Linha;Tunídeos;albacora;Thunnus albacares;852
Santiago;Carlos Maria;4/26/2018;4/28/2018;4;28;2018;Cais de pesca da Praia ;Cais de pesca da Praia ;B/v;rede de cerco;Pequenos pelágicos;Cavala Preta;Decapterus macarellus;2500
Santiago;Carlos Maria;4/28/2018;4/30/2018;4;30;2018;Cais de pesca da Praia ;Cais de pesca da Praia ;B/v;rede de cerco;Pequenos pelágicos;Cavala Preta;Decapterus macarellus;2500
Santiago;Luta de Pescadores;5/1/2018;5/1/2018;5;1;2018;Cais de pesca da Praia ;Cais de pesca da Praia ;Boa Vista;rede de cerco;Tunídeos;Cachorrinha ou Judeu;Auxis sp;200
Santiago;Luta de Pescadores;5/1/2018;5/1/2018;5;1;2018;Cais de pesca da Praia ;Cais de pesca da Praia ;Boa Vista;rede de cerco;Pequenos pelágicos;Cavala Preta;Decapterus macarellus;16800
Santiago;Luta de Pescadores;5/1/2018;5/1/2018;5;1;2018;Cais de pesca da Praia ;Cais de pesca da Praia ;Boa Vista;rede de cerco;Pequenos pelágicos;Bicuda;Sphryraena guachancho;900
Santiago;Carlos Maria;5/5/2018;5/5/2018;5;5;2018;Cais de pesca da Praia ;Cais de pesca da Praia ;Boa Vista,J.Valente;rede de cerco;Pequenos pelágicos;Cavala Preta;Decapterus macarellus;7500
Santiago;Mayra;5/6/2018;5/7/2018;5;7;2018;Cais de pesca da Praia ;Cais de pesca da Praia ;Tchadona;rede de cerco;Tunídeos;Cachorrinha ou Judeu;Auxis sp;6000
Santiago;Mayra;5/8/2018;5/10/2018;5;10;2018;Cais de pesca da Praia ;Cais de pesca da Praia ;tchadona;rede de cerco;Pequenos pelágicos;cavala branca;Decapterus punctatus;8500
Santiago;Cristalina A;5/8/2018;5/10/2018;5;10;2018;Cais de pesca da Praia ;Cais de pesca da Praia ;sal;rede de cerco;Pequenos pelágicos;cavala branca;Decapterus punctatus;9000
Santiago;ML;5/10/2018;5/12/2018;5;12;2018;Cais de pesca da Praia ;Cais de pesca da Praia ;MAIO;rede de cerco;Tunídeos;Cachorrinha ou Judeu;Auxis sp;2500
Santiago;Claudia;5/8/2018;5/12/2018;5;12;2018;Cais de pesca da Praia ;Cais de pesca da Praia ;B/V;cerco;Tunídeos;Cachorrinha ou Judeu;Auxis sp;150
Santiago;ML;5/10/2018;5/12/2018;5;12;2018;Cais de pesca da Praia ;Cais de pesca da Praia ;MAIO;rede de cerco;Pequenos pelágicos;Cavala Preta;Decapterus macarellus;800
Santiago;Mayra;5/13/2018;5/14/2018;5;14;2018;Cais de pesca da Praia ;Cais de pesca da Praia ;Tchadona;rede de cerco;Pequenos pelágicos;Cavala Preta;Decapterus macarellus;9000
Santiago;Praia Gonsal;5/16/2018;5/15/2018;5;15;2018;Cais de pesca da Praia ;Cais de pesca da Praia ;Tchadona;rede de cerco;Pequenos pelágicos;Cavala Preta;Decapterus macarellus;1000
Santiago;Mimosa;5/10/2018;5/16/2018;5;16;2018;Cais de pesca da Praia ;Cais de pesca da Praia ;Boa Vista;linha;Tunídeos;albacora;Thunnus albacares;1225
Santiago;ML;5/16/2018;5/16/2018;5;16;2018;Cais de pesca da Praia ;Cais de pesca da Praia ;Tchadona;rede de cerco;Pequenos pelágicos;Cavala Preta;Decapterus macarellus;1000
Santiago;Mauro;5/12/2018;5/17/2018;5;17;2018;Cais de pesca da Praia ;Cais de pesca da Praia ;Ponta do sol;linha;Tunídeos;albacora;Thunnus albacares;1417
Santiago;Vinte-7;5/15/2018;5/18/2018;5;18;2018;Cais de pesca da Praia ;Cais de pesca da Praia ;Maio;rede de cerco;Tunídeos;Cachorrinha ou Judeu;Auxis sp;750
Santiago;Vinte-7;5/15/2018;5/18/2018;5;18;2018;Cais de pesca da Praia ;Cais de pesca da Praia ;Maio;rede de cerco;Pequenos pelágicos;Cavala Preta;Decapterus macarellus;1050
Santiago;Luta de Pescadores;5/19/2018;5/19/2018;5;19;2018;Cais de pesca da Praia ;Cais de pesca da Praia ;Boa vista;rede de cerco;Tunídeos;Cachorrinha ou Judeu;Auxis sp;1000
Santiago;Luta de Pescadores;5/19/2018;5/19/2018;5;19;2018;Cais de pesca da Praia ;Cais de pesca da Praia ;Boa vista;rede de cerco;Pequenos pelágicos;cavala branca;Decapterus punctatus;3500
Santiago;Marlinda;5/16/2018;5/19/2018;5;19;2018;Cais de pesca da Praia ;Cais de pesca da Praia ;Junho;rede de cerco;Demersais;salmonete;Pseudupeneus prayensis;2000
Santiago;Luta de Pescadores;5/22/2018;5/23/2018;5;23;2018;Cais de pesca da Praia ;Cais de pesca da Praia ;Boa Vista;rede de cerco;Tunídeos;albacora;Thunnus albacares;1200
Santiago;Luta de Pescadores;5/22/2018;5/23/2018;5;23;2018;Cais de pesca da Praia ;Cais de pesca da Praia ;Boa Vista;rede de cerco;Pequenos pelágicos;Cavala Preta;Decapterus macarellus;1700
Santiago;Judeia;5/22/2018;5/26/2018;5;26;2018;Cais de pesca da Praia ;Cais de pesca da Praia ;ponta do sol;linha;Tunídeos;albacora;Thunnus albacares;718
Santiago;Vinte-7;5/21/2018;5/26/2018;5;26;2018;Cais de pesca da Praia ;Cais de pesca da Praia ;Maio;rede de cerco;Tunídeos;Cachorrinha ou Judeu;Auxis sp;1500
Santiago;Vinte-7;5/21/2018;5/26/2018;5;26;2018;Cais de pesca da Praia ;Cais de pesca da Praia ;Maio;rede de cerco;Pequenos pelágicos;Cavala Preta;Decapterus macarellus;200
Santiago;Mauro;5/23/2018;5/27/2018;5;27;2018;Cais de pesca da Praia ;Cais de pesca da Praia ;Baixa J.Valente;linha;Tunídeos;albacora;Thunnus albacares;204
Santiago;Paulo Nuno;5/22/2018;5/28/2018;5;28;2018;Cais de pesca da Praia ;Cais de pesca da Praia ;Boa Vista;linha;Tunídeos;albacora;Thunnus albacares;184
Santiago;Deus me Deu;5/26/2018;6/1/2018;6;1;2018;Cais de pesca da Praia ;Cais de pesca da Praia ;Boa Vista;linha;Tunídeos;albacora;Thunnus albacares;681
Santiago;São Miguel;5/28/2018;6/1/2018;6;1;2018;Cais de pesca da Praia ;Cais de pesca da Praia ;S.Niculau;rede de cerco;Pequenos pelágicos;Cavala Preta;Decapterus macarellus;2000
Santiago;São Miguel;5/28/2018;6/1/2018;6;1;2018;Cais de pesca da Praia ;Cais de pesca da Praia ;S.Niculau;rede de cerco;Demersais;salmão;Elagatis bipinnulata;153
Santiago;calhau ;6/4/2018;6/5/2018;6;5;2018;Cais de pesca da Praia ;Cais de pesca da Praia ;Tchdona;rede de cerco;Pequenos pelágicos;bonito;Caranx crysos;500
Santiago;São Miguel;6/4/2018;6/9/2018;6;9;2018;Cais de pesca da Praia ;Cais de pesca da Praia ;Brava;rede de cerco;Pequenos pelágicos;Chicharro;Selar crumenophthalmus;2450
Santiago;Judeia;6/4/2018;6/9/2018;6;9;2018;Cais de pesca da Praia ;Cais de pesca da Praia ;boa Vista;linha;Tunídeos;albacora;Thunnus albacares;379
Santiago;Israel;6/4/2018;6/9/2018;6;9;2018;Cais de pesca da Praia ;Cais de pesca da Praia ;boa Vista;linha;Tunídeos;albacora;Thunnus albacares;602
Santiago;mauro;6/5/2018;6/9/2018;6;9;2018;Cais de pesca da Praia ;Cais de pesca da Praia ;Baixa;linha;Tunídeos;albacora;Thunnus albacares;1798
Santiago;Praia Gonsal;6/4/2018;6/9/2018;6;9;2018;Cais de pesca da Praia ;Cais de pesca da Praia ;Tchadona;rede de cerco;Pequenos pelágicos;Cavala Preta;Decapterus macarellus;1500
Santiago;Praia Gonsal;6/4/2018;6/9/2018;6;9;2018;Cais de pesca da Praia ;Cais de pesca da Praia ;Tchadona;rede de cerco;Demersais;salmão;Elagatis bipinnulata;20
Santiago;Mauro;6/9/2018;6/10/2018;6;10;2018;Cais de pesca da Praia ;Cais de pesca da Praia ;Baixa;linha;Tunídeos;albacora;Thunnus albacares;1798
Santiago;Regresso;6/13/2018;6/16/2018;6;16;2018;Cais de pesca da Praia ;Cais de pesca da Praia ;S/Varandinha;linha;Tunídeos;albacora;Thunnus albacares;480
Santiago;Cristalina A;6/14/2018;6/16/2018;6;16;2018;Cais de pesca da Praia ;Cais de pesca da Praia ;S.Niculau;rede de cerco;Pequenos pelágicos;Cavala Preta;Decapterus macarellus;14000
Santiago;Marlinda;6/22/2018;6/23/2018;6;23;2018;Cais de pesca da Praia ;Cais de pesca da Praia ;fogo;rede de cerco;Tunídeos;Cachorrinha ou Judeu;Auxis sp;200
Santiago;Marlinda;6/22/2018;6/23/2018;6;23;2018;Cais de pesca da Praia ;Cais de pesca da Praia ;fogo;rede de cerco;Pequenos pelágicos;Cavala Preta;Decapterus macarellus;2200
Santiago;Mauro;6/20/2018;6/24/2018;6;24;2018;Cais de pesca da Praia ;Cais de pesca da Praia ;Baixa;linha;Tunídeos;albacora;Thunnus albacares;1060
Santiago;Vinte-7;6/24/2018;6/24/2018;6;24;2018;Cais de pesca da Praia ;Cais de pesca da Praia ;Maio;rede de cerco;Pequenos pelágicos;cavala branca;Decapterus punctatus;1600
Santiago;Fábio;7/2/2018;7/5/2018;7;5;2018;Cais de pesca da Praia ;Cais de pesca da Praia ;baixa;linha;Tunídeos;albacora;Thunnus albacares;378
Santiago;Carlos Maria;7/2/2018;7/6/2018;7;6;2018;Cais de pesca da Praia ;Cais de pesca da Praia ;João Valente;rede de cerco;Pequenos pelágicos;Chicharro;Selar crumenophthalmus;200
Santiago;Carlos Maria;7/2/2018;7/6/2018;7;6;2018;Cais de pesca da Praia ;Cais de pesca da Praia ;João Valente;rede de cerco;Pequenos pelágicos;bonito;Caranx crysos;2100
Santiago;Israel;7/4/2018;7/7/2018;7;7;2018;Cais de pesca da Praia ;Cais de pesca da Praia ;baixa;linha;Tunídeos;albacora;Thunnus albacares;1230
Santiago;Calhau;7/5/2018;7/7/2018;7;7;2018;Cais de pesca da Praia ;Cais de pesca da Praia ;Tchadona;rede de cerco;Pequenos pelágicos;Chicharro;Selar crumenophthalmus;1100
Santiago;Ponta preta;7/5/2018;7/7/2018;7;7;2018;Cais de pesca da Praia ;Cais de pesca da Praia ;Brava;rede de cerco;Pequenos pelágicos;Chicharro;Selar crumenophthalmus;10000
Santiago;Rincon;7/6/2018;7/7/2018;7;7;2018;Cais de pesca da Praia ;Cais de pesca da Praia ;Maio;rede de cerco;Pequenos pelágicos;dobrada;Spicara melanurus;2000
Santiago;Calhau;7/5/2018;7/7/2018;7;7;2018;Cais de pesca da Praia ;Cais de pesca da Praia ;Tchadona;rede de cerco;Pequenos pelágicos;bonito;Caranx crysos;4900
Santiago;Mimosa;7/4/2018;7/9/2018;7;9;2018;Cais de pesca da Praia ;Cais de pesca da Praia ;Boa Vista;linha;Tunídeos;albacora;Thunnus albacares;845
Santiago;Mimosa;7/4/2018;7/9/2018;7;9;2018;Cais de pesca da Praia ;Cais de pesca da Praia ;Boa Vista;linha;Demersais;Esmoregal ou Serze;Seriola sp;368
Santiago;Carlos Maria;7/10/2018;7/14/2018;7;14;2018;Cais de pesca da Praia ;Cais de pesca da Praia ;Ilha do sal;rede de cerco;Tunídeos;Merma/ Panguil/ Txafarote;Euthynnus alleteratus;11500
Santiago;Carlos Maria;7/10/2018;7/14/2018;7;14;2018;Cais de pesca da Praia ;Cais de pesca da Praia ;Ilha do sal;rede de cerco;Pequenos pelágicos;Cavala Preta;Decapterus macarellus;1000
Santiago;Carlos Maria;7/10/2018;7/14/2018;7;14;2018;Cais de pesca da Praia ;Cais de pesca da Praia ;Ilha do sal;rede de cerco;Demersais;salmão;Elagatis bipinnulata;600
Santiago;Rincon;7/14/2018;7/15/2018;7;15;2018;Cais de pesca da Praia ;Cais de pesca da Praia ;Maio;rede de cerco;Tunídeos;Cachorrinha ou Judeu;Auxis sp;10000
Santiago;Mauro;7/14/2018;7/15/2018;7;15;2018;Cais de pesca da Praia ;Cais de pesca da Praia ;Baixa;linha;Tunídeos;albacora;Thunnus albacares;1736
Santiago;Paulo jorge;7/11/2018;7/16/2018;7;16;2018;Cais de pesca da Praia ;Cais de pesca da Praia ;Bv/julinho bode;linha;Tunídeos;albacora;Thunnus albacares;125
Santiago;Ponta preta;7/18/2018;7/19/2018;7;19;2018;Cais de pesca da Praia ;Cais de pesca da Praia ;brava;rede de cerco;Tunídeos;Cachorrinha ou Judeu;Auxis sp;300
Santiago;Judeia;7/17/2018;7/21/2018;7;21;2018;Cais de pesca da Praia ;Cais de pesca da Praia ;Ponta do sol;linha;Tunídeos;albacora;Thunnus albacares;1213
Santiago;Di Joana;7/20/2018;7/22/2018;7;22;2018;Cais de pesca da Praia ;Cais de pesca da Praia ;J.Valente;linha;Tunídeos;albacora;Thunnus albacares;214
Santiago;ML;7/25/2018;7/25/2018;7;25;2018;Cais de pesca da Praia ;Cais de pesca da Praia ;Maio;rede de cerco;Demersais;Salmão;Elagatis bipinnulata;400
Santiago;Paulo Nuno;7/25/2018;7/27/2018;7;27;2018;Cais de pesca da Praia ;Cais de pesca da Praia ;Baixa;linha;Tunídeos;albacora;Thunnus albacares;1287
Santiago;Cidadela;7/27/2018;7/27/2018;7;27;2018;Cais de pesca da Praia ;Cais de pesca da Praia ;Maio;rede de cerco;Pequenos pelágicos;Chicharro;Selar crumenophthalmus;3000
Santiago;Cidadela;7/27/2018;7/27/2018;7;27;2018;Cais de pesca da Praia ;Cais de pesca da Praia ;Maio;rede de cerco;Pequenos pelágicos;bonito;Caranx crysos;3600
Santiago;Claudia;7/22/2018;7/28/2018;7;28;2018;Cais de pesca da Praia ;Cais de pesca da Praia ;Baixa;linha;Tunídeos;albacora;Thunnus albacares;1309
Santiago;Praia Gonsal;7/29/2018;7/29/2018;7;29;2018;Cais de pesca da Praia ;Cais de pesca da Praia ;cidade velha;rede de cerco;Tunídeos;Merma/ Panguil/ Txafarote;Euthynnus alleteratus;2000
Santiago;Praia Gonsal;7/29/2018;7/29/2018;7;29;2018;Cais de pesca da Praia ;Cais de pesca da Praia ;cidade velha;rede de cerco;Demersais;diversos;;400
Santiago;Cidadela;7/30/2018;7/30/2018;7;30;2018;Cais de pesca da Praia ;Cais de pesca da Praia ;Maio;rede de cerco;Tunídeos;Cachorrinha ou Judeu;Auxis sp;5000
Santiago;Pedra Badejo;7/29/2018;8/1/2018;8;1;2018;Cais de pesca da Praia ;Cais de pesca da Praia ;J.valente;linha;Tunídeos;albacora;Thunnus albacares;926
Santiago;Mayra;7/31/2018;8/2/2018;8;2;2018;Cais de pesca da Praia ;Cais de pesca da Praia ;Maio/Boa vista;rede de cerco;Pequenos pelágicos;Chicharro;Selar crumenophthalmus;3000
Santiago;cidadela;8/1/2018;8/3/2018;8;3;2018;Cais de pesca da Praia ;Cais de pesca da Praia ;maio;rede de cerco;Tunídeos;Cachorrinha ou Judeu;Auxis sp;200
Santiago;Herculano;7/31/2018;8/3/2018;8;3;2018;Cais de pesca da Praia ;Cais de pesca da Praia ;B/v;linha;Tunídeos;albacora;Thunnus albacares;180
Santiago;cidadela;8/1/2018;8/3/2018;8;3;2018;Cais de pesca da Praia ;Cais de pesca da Praia ;maio;rede de cerco;Pequenos pelágicos;Chicharro;Selar crumenophthalmus;5500
Santiago;Herculano;7/31/2018;8/3/2018;8;3;2018;Cais de pesca da Praia ;Cais de pesca da Praia ;B/v;linha;Tunídeos;albacora;Thunnus albacares;243
Santiago;Rincon;8/2/2018;8/4/2018;8;4;2018;Cais de pesca da Praia ;Cais de pesca da Praia ;Maio;rede de cerco;Pequenos pelágicos;Chicharro;Selar crumenophthalmus;2100
Santiago;Praia Gonsal;8/1/2018;8/4/2018;8;4;2018;Cais de pesca da Praia ;Cais de pesca da Praia ;Boa bista;rede de cerco;Pequenos pelágicos;Chicharro;Selar crumenophthalmus;2200
Santiago;Rincon;8/2/2018;8/4/2018;8;4;2018;Cais de pesca da Praia ;Cais de pesca da Praia ;Maio;rede de cerco;Pequenos pelágicos;bonito;Caranx crysos;1380
Santiago;Israel;8/1/2018;8/5/2018;8;5;2018;Cais de pesca da Praia ;Cais de pesca da Praia ;Boa bista;linha;Tunídeos;albacora;Thunnus albacares;663
Santiago;Claudia;8/4/2018;8/7/2018;8;7;2018;Cais de pesca da Praia ;Cais de pesca da Praia ;Baixa;linha;Tunídeos;albacora;Thunnus albacares;1288
Santiago;Pedra Badejo;8/4/2018;8/8/2018;8;8;2018;Cais de pesca da Praia ;Cais de pesca da Praia ;J.Valente;linha;Tunídeos;albacora;Thunnus albacares;1300
Santiago;Paulo Nuno;8/5/2018;8/10/2018;8;10;2018;Cais de pesca da Praia ;Cais de pesca da Praia ;Boa Vista;linha;Tunídeos;albacora;Thunnus albacares;819
Santiago;Cabral;8/9/2018;8/11/2018;8;11;2018;Cais de pesca da Praia ;Cais de pesca da Praia ;Baixa J.Valente;linha;Tunídeos;albacora;Thunnus albacares;137
Santiago;Calhau;8/10/2018;8/11/2018;8;11;2018;Cais de pesca da Praia ;Cais de pesca da Praia ;Tchadona;rede de cerco;Tunídeos;Merma/ Panguil/ Txafarote;Euthynnus alleteratus;1000
Santiago;ML;8/11/2018;8/11/2018;8;11;2018;Cais de pesca da Praia ;Cais de pesca da Praia ;Maio;rede de cerco;Pequenos pelágicos;Chicharro;Selar crumenophthalmus;500
Santiago;ML;8/11/2018;8/11/2018;8;11;2018;Cais de pesca da Praia ;Cais de pesca da Praia ;Maio;rede de cerco;Pequenos pelágicos;bonito;Caranx crysos;3000
Santiago;Calhau;8/10/2018;8/11/2018;8;11;2018;Cais de pesca da Praia ;Cais de pesca da Praia ;Tchadona;rede de cerco;Demersais;dobradão;Apsilus fuscus;2000
Santiago;Paulo Nuno;8/17/2018;8/19/2018;8;19;2018;Cais de pesca da Praia ;Cais de pesca da Praia ;Boa vista;linha;Tunídeos;albacora;Thunnus albacares;499
Santiago;ML;8/21/2018;8/21/2018;8;21;2018;Cais de pesca da Praia ;Cais de pesca da Praia ;Junho;rede de cerco;Pequenos pelágicos;Chicharro;Selar crumenophthalmus;800
Santiago;ML;8/21/2018;8/21/2018;8;21;2018;Cais de pesca da Praia ;Cais de pesca da Praia ;Junho;rede de cerco;Pequenos pelágicos;bonito;Caranx crysos;300
Santiago;Jerusalém;8/22/2018;8/25/2018;8;25;2018;Cais de pesca da Praia ;Cais de pesca da Praia ;J.Valente;linha;Tunídeos;albacora;Thunnus albacares;1010
Santiago;Israel;8/23/2018;8/25/2018;8;25;2018;Cais de pesca da Praia ;Cais de pesca da Praia ;Boa vista;linha;Tunídeos;albacora;Thunnus albacares;380
Santiago;Pedra Badejo;8/23/2018;8/27/2018;8;27;2018;Cais de pesca da Praia ;Cais de pesca da Praia ;João Valente;linha;Tunídeos;albacora;Thunnus albacares;596
Santiago;Mimosa;9/15/2018;9/19/2018;9;19;2018;Cais de pesca da Praia ;Cais de pesca da Praia ;Boa Vista;linha;Tunídeos;albacora;Thunnus albacares;1040
Santiago;vera;9/1/2018;9/4/2018;9;4;2018;Cais de pesca da Praia ;Cais de pesca da Praia ;Maio;linha;Demersais;Esmoregal ou Serze;Seriola sp;321
Santiago;Rincon;9/4/2018;9/5/2018;9;5;2018;Cais de pesca da Praia ;Cais de pesca da Praia ;Maio;rede de cerco;Demersais;salmão;Elagatis bipinnulata;2012
Santiago;Rincon;9/4/2018;9/5/2018;9;5;2018;Cais de pesca da Praia ;Cais de pesca da Praia ;Maio;rede de cerco;Pequenos pelágicos;Chicharro;Selar crumenophthalmus;2700
Santiago;Vera;9/7/2018;9/9/2018;9;9;2018;Cais de pesca da Praia ;Cais de pesca da Praia ;sul/Maio;linha;Tunídeos;albacora;Thunnus albacares;380
Santiago;judeia;9/6/2018;9/10/2018;9;10;2018;Cais de pesca da Praia ;Cais de pesca da Praia ;boa Vista;linha;Tunídeos;albacora;Thunnus albacares;1115
Santiago;Israel;9/9/2018;9/12/2018;9;12;2018;Cais de pesca da Praia ;Cais de pesca da Praia ;Boa Vista;linha;Tunídeos;albacora;Thunnus albacares;1290
Santiago;Mauro;9/15/2018;9/17/2018;9;17;2018;Cais de pesca da Praia ;Cais de pesca da Praia ;baixa;linha;Tunídeos;albacora;Thunnus albacares;1100
Santiago;Carlos Maria;9/16/2018;9/17/2018;9;17;2018;Cais de pesca da Praia ;Cais de pesca da Praia ;ilheu/Branco;rede de cerco;Tunídeos;Cachorrinha ou Judeu;Auxis sp;1000
Santiago;Carlos Maria;9/16/2018;9/17/2018;9;17;2018;Cais de pesca da Praia ;Cais de pesca da Praia ;ilheu/Branco;rede de cerco;Demersais;diversos;;300
Santiago;Carlos Maria;9/16/2018;9/17/2018;9;17;2018;Cais de pesca da Praia ;Cais de pesca da Praia ;ilheu/Branco;rede de cerco;Pequenos pelágicos;Chicharro;Selar crumenophthalmus;6000
Santiago;furna;9/20/2018;9/22/2018;9;22;2018;Cais de pesca da Praia ;Cais de pesca da Praia ;Boa Vista;linha;Tunídeos;albacora;Thunnus albacares;200
Santiago;Calhau;9/22/2018;9/23/2018;9;23;2018;Cais de pesca da Praia ;Cais de pesca da Praia ;Tchadona;rede de cerco;Tunídeos;Cachorrinha ou Judeu;Auxis sp;3000
Santiago;Calhau;9/22/2018;9/23/2018;9;23;2018;Cais de pesca da Praia ;Cais de pesca da Praia ;Tchadona;rede de cerco;Pequenos pelágicos;Chicharro;Selar crumenophthalmus;500
Santiago;Vera;9/21/2018;9/24/2018;9;24;2018;Cais de pesca da Praia ;Cais de pesca da Praia ;boa vista;linha;Demersais;Esmoregal ou Serze;Seriola sp;117,5
Santiago;Jerusalém;9/22/2018;9/26/2018;9;26;2018;Cais de pesca da Praia ;Cais de pesca da Praia ;Baixa;linha;Tunídeos;albacora;Thunnus albacares;1050
Santiago;Furna;9/25/2018;9/29/2018;9;29;2018;Cais de pesca da Praia ;Cais de pesca da Praia ;Varrandinha;linha;Tunídeos;albacora;Thunnus albacares;420
Santiago;Mayra;9/20/2018;10/1/2018;10;1;2018;Cais de pesca da Praia ;Cais de pesca da Praia ;Brava;rede de cerco;Pequenos pelágicos;Chicharro;Selar crumenophthalmus;15000
Santiago;israel;10/1/2018;10/3/2018;10;3;2018;Cais de pesca da Praia ;Cais de pesca da Praia ;Boa Vista;linha;Tunídeos;albacora;Thunnus albacares;1300
Santiago;Fábio;10/3/2018;10/6/2018;10;6;2018;Cais de pesca da Praia ;Cais de pesca da Praia ;Bancona;linha;Tunídeos;albacora;Thunnus albacares;520
Santiago;Vera;10/5/2018;10/6/2018;10;6;2018;Cais de pesca da Praia ;Cais de pesca da Praia ;Tchadona/Bv;linha;Tunídeos;albacora;Thunnus albacares;829
Santiago;Judeia;10/7/2018;10/8/2018;10;8;2018;Cais de pesca da Praia ;Cais de pesca da Praia ;Maio,J.Valente;linha;Tunídeos;albacora;Thunnus albacares;2200
Santiago;Jerusalém;10/6/2018;10/10/2018;10;10;2018;Cais de pesca da Praia ;Cais de pesca da Praia ;J.Valente;linha;Tunídeos;albacora;Thunnus albacares;1800
Santiago;Mauro;10/10/2018;10/13/2018;10;13;2018;Cais de pesca da Praia ;Cais de pesca da Praia ;Baixa;linha;Tunídeos;albacora;Thunnus albacares;2039
Santiago;Luta de Pescadores;10/13/2018;10/13/2018;10;13;2018;Cais de pesca da Praia ;Cais de pesca da Praia ;Boa Vista;rede de cerco;Pequenos pelágicos;pelombeta;Trachinotus ovatus;800
Santiago;Luta de Pescadores;10/13/2018;10/13/2018;10;13;2018;Cais de pesca da Praia ;Cais de pesca da Praia ;Boa Vista;rede de cerco;Pequenos pelágicos;Chicharro;Selar crumenophthalmus;400
Santiago;Israel;10/10/2018;10/14/2018;10;14;2018;Cais de pesca da Praia ;Cais de pesca da Praia ;Baixa;linha;Tunídeos;albacora;Thunnus albacares;1331
Santiago;Mayra;10/13/2018;10/15/2018;10;15;2018;Cais de pesca da Praia ;Cais de pesca da Praia ;Boa Vista;rede de cerco;Demersais;barbo;Galeoides decadactylus;1030
Santiago;Mayra;10/13/2018;10/15/2018;10;15;2018;Cais de pesca da Praia ;Cais de pesca da Praia ;Boa Vista;rede de cerco;Pequenos pelágicos;Chicharro;Selar crumenophthalmus;2500
Santiago;Praia Gonsal;10/21/2018;10/20/2018;10;20;2018;Cais de pesca da Praia ;Cais de pesca da Praia ;Boa Vista;rede de cerco;Tunídeos;gaiado;Katsuwonus pelamis;5
Santiago;Praia Gonsal;10/21/2018;10/20/2018;10;20;2018;Cais de pesca da Praia ;Cais de pesca da Praia ;Boa Vista;rede de cerco;Pequenos pelágicos;Chicharro;Selar crumenophthalmus;1500
Santiago;Atlântida;10/18/2018;10/21/2018;10;21;2018;Cais de pesca da Praia ;Cais de pesca da Praia ;S.V,S.Niculau;rede de cerco;Demersais;Fatcho de fundo;Mulloidichthys martinicus;2300
Santiago;Ponta Cacimba;10/31/2018;11/1/2018;11;1;2018;Cais de pesca da Praia ;Cais de pesca da Praia ;Ilheu Branco;rede de cerco;Tunídeos;Cachorrinha ou Judeu;Auxis sp;200
Santiago;Ponta Cacimba;10/31/2018;11/1/2018;11;1;2018;Cais de pesca da Praia ;Cais de pesca da Praia ;Ilheu Branco;rede de cerco;Pequenos pelágicos;Chicharro;Selar crumenophthalmus;14000
Santiago;Ponta Cacimba;10/31/2018;11/1/2018;11;1;2018;Cais de pesca da Praia ;Cais de pesca da Praia ;Ilheu Branco;rede de cerco;Pequenos pelágicos;bonito;Caranx crysos;330
Santiago;Mauro;11/1/2018;11/3/2018;11;3;2018;Cais de pesca da Praia ;Cais de pesca da Praia ;Baixa;linha;Tunídeos;albacora;Thunnus albacares;840
Santiago;ML;11/2/2018;11/3/2018;11;3;2018;Cais de pesca da Praia ;Cais de pesca da Praia ;Maio;rede de cerco;Pequenos pelágicos;Cavala Preta;Decapterus macarellus;4000
Santiago;Calhau;11/2/2018;11/3/2018;11;3;2018;Cais de pesca da Praia ;Cais de pesca da Praia ;Maio;rede de cerco;Pequenos pelágicos;Chicharro;Selar crumenophthalmus;500
Santiago;ML;11/2/2018;11/3/2018;11;3;2018;Cais de pesca da Praia ;Cais de pesca da Praia ;Maio;rede de cerco;Demersais;goraz;Lutjanus fulgens;200
Santiago;Calhau;11/2/2018;11/3/2018;11;3;2018;Cais de pesca da Praia ;Cais de pesca da Praia ;Maio;rede de cerco;Demersais;dobradão;Apsilus fuscus;2100
Santiago;Ponta Preta;11/4/2018;11/4/2018;11;4;2018;Cais de pesca da Praia ;Cais de pesca da Praia ;S/maio;rede de cerco;Tunídeos;gaiado;Katsuwonus pelamis;800
Santiago;Jerusalém;11/5/2018;11/9/2018;11;9;2018;Cais de pesca da Praia ;Cais de pesca da Praia ;Boa vista;linha;Tunídeos;albacora;Thunnus albacares;5319
Santiago;Marlinda;11/6/2018;11/9/2018;11;9;2018;Cais de pesca da Praia ;Cais de pesca da Praia ;Boa vista;rede de cerco;Tunídeos;Cachorrinha ou Judeu;Auxis sp;7000
Santiago;Judeia;11/14/2018;11/15/2018;11;15;2018;Cais de pesca da Praia ;Cais de pesca da Praia ;;linha;Tunídeos;albacora;Thunnus albacares;1463
Santiago;Deus me Deu;11/10/2018;11/15/2018;11;15;2018;Cais de pesca da Praia ;Cais de pesca da Praia ;Baixa;linha;Tunídeos;albacora;Thunnus albacares;1436
Santiago;Furna;11/10/2018;11/16/2018;11;16;2018;Cais de pesca da Praia ;Cais de pesca da Praia ;Baixa;linha;Tunídeos;albacora;Thunnus albacares;324
Santiago;mauro;11/16/2018;11/17/2018;11;17;2018;Cais de pesca da Praia ;Cais de pesca da Praia ;S/maio;linha;Tunídeos;gaiado;Katsuwonus pelamis;2280
Santiago;Mayra;11/16/2018;11/17/2018;11;17;2018;Cais de pesca da Praia ;Cais de pesca da Praia ;Boa vista;rede de cerco;Pequenos pelágicos;Chicharro;Selar crumenophthalmus;10000
Santiago;Marlinda;11/15/2018;11/18/2018;11;18;2018;Cais de pesca da Praia ;Cais de pesca da Praia ;Boa vista;rede de cerco;Tunídeos;Cachorrinha ou Judeu;Auxis sp;2500
Santiago;Mauro;11/20/2018;11/21/2018;11;21;2018;Cais de pesca da Praia ;Cais de pesca da Praia ;S/maio;linha;Tunídeos;gaiado;Katsuwonus pelamis;3165
Santiago;ML;11/21/2018;11/21/2018;11;21;2018;Cais de pesca da Praia ;Cais de pesca da Praia ;Sul/maio;rede de cerco;Tunídeos;gaiado;Katsuwonus pelamis;1500
Santiago;Calhau;11/21/2018;11/21/2018;11;21;2018;Cais de pesca da Praia ;Cais de pesca da Praia ;S/Maio;rede de cerco;Tunídeos;gaiado;Katsuwonus pelamis;6000
Santiago;Mauro;11/23/2018;11/23/2018;11;23;2018;Cais de pesca da Praia ;Cais de pesca da Praia ;S/Maio;linha;Tunídeos;gaiado;Katsuwonus pelamis;3075
Santiago;Vera;11/20/2018;11/24/2018;11;24;2018;Cais de pesca da Praia ;Cais de pesca da Praia ;Baixa;linha;Tunídeos;albacora;Thunnus albacares;640
Santiago;Israel;11/22/2018;11/24/2018;11;24;2018;Cais de pesca da Praia ;Cais de pesca da Praia ;B/v;linha;Tunídeos;albacora;Thunnus albacares;800
Santiago;Furna;11/21/2018;11/24/2018;11;24;2018;Cais de pesca da Praia ;Cais de pesca da Praia ;Baixa;linha;Tunídeos;albacora;Thunnus albacares;500
Santiago;Praia Gonsal;11/28/2018;11/28/2018;11;28;2018;Cais de pesca da Praia ;Cais de pesca da Praia ;s/Maio;rede de cerco;Tunídeos;gaiado;Katsuwonus pelamis;2000
Santiago;Vinte-7;11/30/2018;12/1/2018;12;1;2018;Cais de pesca da Praia ;Cais de pesca da Praia ;Maio ;rede de cerco;Tunídeos;Cachorrinha ou Judeu;Auxis sp;400
Santiago;Vinte-7;11/30/2018;12/1/2018;12;1;2018;Cais de pesca da Praia ;Cais de pesca da Praia ;Maio ;rede de cerco;Pequenos pelágicos;Chicharro;Selar crumenophthalmus;2000
Santiago;Mayra;11/30/2018;12/1/2018;12;1;2018;Cais de pesca da Praia ;Cais de pesca da Praia ;Boa Vista;rede de cerco;Pequenos pelágicos;Cavala Preta;Decapterus macarellus;5000
Santiago;Vinte-7;11/30/2018;12/1/2018;12;1;2018;Cais de pesca da Praia ;Cais de pesca da Praia ;Maio ;rede de cerco;Pequenos pelágicos;bonito;Caranx crysos;3000
Santiago;Mayra;11/30/2018;12/1/2018;12;1;2018;Cais de pesca da Praia ;Cais de pesca da Praia ;Boa Vista;rede de cerco;Pequenos pelágicos;bonito;Caranx crysos;1000
Santiago;Mauro;12/2/2018;12/2/2018;12;2;2018;Cais de pesca da Praia ;Cais de pesca da Praia ;s/maio;linha;Tunídeos;gaiado;Katsuwonus pelamis;2000
Santiago;Marlinda;12/1/2018;12/2/2018;12;2;2018;Cais de pesca da Praia ;Cais de pesca da Praia ;Djeu de Barva;rede de cerco;Tunídeos;Cachorrinha ou Judeu;Auxis sp;500
Santiago;Marlinda;12/1/2018;12/2/2018;12;2;2018;Cais de pesca da Praia ;Cais de pesca da Praia ;Djeu de Barva;rede de cerco;Pequenos pelágicos;Chicharro;Selar crumenophthalmus;5500
Santiago;calhau;12/4/2018;12/5/2018;12;5;2018;Cais de pesca da Praia ;Cais de pesca da Praia ;S/Maio;rede de cerco;Tunídeos;gaiado;Katsuwonus pelamis;935
Santiago;Mauro;12/4/2018;12/5/2018;12;5;2018;Cais de pesca da Praia ;Cais de pesca da Praia ;"""";linha;Tunídeos;albacora;Thunnus albacares;413
Santiago;calhau;12/7/2018;12/8/2018;12;8;2018;Cais de pesca da Praia ;Cais de pesca da Praia ;boa vista;rede de cerco;Pequenos pelágicos;Chicharro;Selar crumenophthalmus;5000
Santiago;Vinte-7;12/7/2018;12/8/2018;12;8;2018;Cais de pesca da Praia ;Cais de pesca da Praia ;tchadona;rede de cerco;Pequenos pelágicos;Chicharro;Selar crumenophthalmus;6000
Santiago;calhau;12/7/2018;12/8/2018;12;8;2018;Cais de pesca da Praia ;Cais de pesca da Praia ;boa vista;rede de cerco;Demersais;dobradão;Apsilus fuscus;3100
Santiago;Vinte-7;12/7/2018;12/8/2018;12;8;2018;Cais de pesca da Praia ;Cais de pesca da Praia ;tchadona;rede de cerco;Pequenos pelágicos;bonito;Caranx crysos;4500
Santiago;Ponta Preta;12/10/2018;12/11/2018;12;11;2018;Cais de pesca da Praia ;Cais de pesca da Praia ;S/Maio;linha;Tunídeos;albacora;Thunnus albacares;120
Santiago;Vinte-7;12/12/2018;12/13/2018;12;13;2018;Cais de pesca da Praia ;Cais de pesca da Praia ;Maio ;rede de cerco;Pequenos pelágicos;Cavala Preta;Decapterus macarellus;2500
Santiago;Noquinha;12/13/2018;12/14/2018;12;14;2018;Cais de pesca da Praia ;Cais de pesca da Praia ;C/maio;linha;Tunídeos;albacora;Thunnus albacares;493
Santiago;Mauro;12/14/2018;12/15/2018;12;15;2018;Cais de pesca da Praia ;Cais de pesca da Praia ;C/Maio;linha;Tunídeos;albacora;Thunnus albacares;1030
Santiago;Marlinda;12/16/2018;12/17/2018;12;17;2018;Cais de pesca da Praia ;Cais de pesca da Praia ;Boa Vista;rede de cerco;Pequenos pelágicos;Chicharro;Selar crumenophthalmus;3000
Santiago;Marlinda;12/16/2018;12/17/2018;12;17;2018;Cais de pesca da Praia ;Cais de pesca da Praia ;Boa Vista;rede de cerco;Demersais;façola;Heteropriachanthus cruentatus;1500
Santiago;Praia Gonsal;12/17/2018;12/18/2018;12;18;2018;Cais de pesca da Praia ;Cais de pesca da Praia ;S. Francisco;rede de cerco;Pequenos pelágicos;Chicharro;Selar crumenophthalmus;400
Santiago;Ponta Preta;12/18/2018;12/19/2018;12;19;2018;Cais de pesca da Praia ;Cais de pesca da Praia ;s/maio;linha;Tunídeos;Merma/ Panguil/ Txafarote;Euthynnus alleteratus;1500
Santiago;Deus me Acompanha;12/17/2018;12/19/2018;12;19;2018;Cais de pesca da Praia ;Cais de pesca da Praia ;Baixa joão/Valente;linha;Tunídeos;albacora;Thunnus albacares;1957
Santiago;Noquinha;12/16/2018;12/19/2018;12;19;2018;Cais de pesca da Praia ;Cais de pesca da Praia ;Baixa;linha;Tunídeos;albacora;Thunnus albacares;493
Santiago;Israel;12/21/2018;12/20/2018;12;20;2018;Cais de pesca da Praia ;Cais de pesca da Praia ;boa Vista;linha;Tunídeos;albacora;Thunnus albacares;1466
Santiago;Fábio;12/20/2018;12/21/2018;12;21;2018;Cais de pesca da Praia ;Cais de pesca da Praia ;Tchadona;linha;Tunídeos;albacora;Thunnus albacares;345
Santiago;Furna;12/20/2018;12/21/2018;12;21;2018;Cais de pesca da Praia ;Cais de pesca da Praia ;Sul de Maio;linha;Tunídeos;albacora;Thunnus albacares;1000
Santiago;mauro;12/21/2018;12/22/2018;12;22;2018;Cais de pesca da Praia ;Cais de pesca da Praia ;S/maio;linha;Tunídeos;albacora;Thunnus albacares;1300
Santiago;Claudia;12/20/2018;12/22/2018;12;22;2018;Cais de pesca da Praia ;Cais de pesca da Praia ;Baixa;linha;Tunídeos;albacora;Thunnus albacares;376
Santiago;Edylson Mateus;12/21/2018;12/22/2018;12;22;2018;Cais de pesca da Praia ;Cais de pesca da Praia ;boa vista;rede de cerco;Pequenos pelágicos;Cavala Preta;Decapterus macarellus;3000
Santiago;vera;12/23/2018;12/24/2018;12;24;2018;Cais de pesca da Praia ;Cais de pesca da Praia ;S/maio;linha;Tunídeos;gaiado;Katsuwonus pelamis;2311
Santiago;Mauro;12/25/2018;12/26/2018;12;26;2018;Cais de pesca da Praia ;Cais de pesca da Praia ;S/Maio;linha;Tunídeos;gaiado;Katsuwonus pelamis;2263
Santiago;Mauro;12/25/2018;12/29/2018;12;29;2018;Cais de pesca da Praia ;Cais de pesca da Praia ;s/maio;linha;Tunídeos;albacora;Thunnus albacares;921
Santiago;JB;12/26/2018;12/29/2018;12;29;2018;Cais de pesca da Praia ;Cais de pesca da Praia ;joão Valente;linha;Tunídeos;albacora;Thunnus albacares;958
Santiago;calhau;12/28/2018;12/29/2018;12;29;2018;Cais de pesca da Praia ;Cais de pesca da Praia ;Maio ;rede de cerco;Tunídeos;gaiado;Katsuwonus pelamis;350
Santiago;calhau;12/28/2018;12/29/2018;12;29;2018;Cais de pesca da Praia ;Cais de pesca da Praia ;Maio ;rede de cerco;Pequenos pelágicos;Chicharro;Selar crumenophthalmus;2000
Santiago;Carlos maria;12/28/2018;12/30/2018;12;30;2018;Cais de pesca da Praia ;Cais de pesca da Praia ;Ilheu branco;rede de cerco;Pequenos pelágicos;Cavala Preta;Decapterus macarellus;4300
Santiago;Mauro;12/30/2018;12/31/2018;12;31;2018;Cais de pesca da Praia ;Cais de pesca da Praia ;S/maio;linha;Tunídeos;albacora;Thunnus albacares;739
Santiago;Mauro;12/30/2018;12/31/2018;12;31;2018;Cais de pesca da Praia ;Cais de pesca da Praia ;S/maio;linha;Demersais;Esmoregal ou Serze;Seriola sp;16
Santiago;ML;12/21/2018;7/25/2018;7;25;2018;Cais de pesca da Praia ;Cais de pesca da Praia ;Maio;rede de cerco;Pequenos pelágicos;Bonito;Caranx crysos;800
Santiago;ML;12/17/2018;7/25/2018;7;25;2018;Cais de pesca da Praia ;Cais de pesca da Praia ;Maio;rede de cerco;Demersais;Dobradão;Apsilus fuscus;5000
Santiago;Calhau;12/17/2018;8/11/2018;8;11;2018;Cais de pesca da Praia ;Cais de pesca da Praia ;Tchadona;rede de cerco;Demersais;Esmoregal ou Serze;Seriola sp;400
Santiago;ML;12/19/2018;8/11/2018;8;11;2018;Cais de pesca da Praia ;Cais de pesca da Praia ;Maio;rede de cerco;Demersais;Enforcado ou Xereu;Caranx sp;400
Santiago;ML;12/19/2018;8/11/2018;8;11;2018;Cais de pesca da Praia ;Cais de pesca da Praia ;Maio;rede de cerco;Demersais;salmão;Elagatis bipinnulata;1000
Santiago;Atlântida;10/18/2018;10/21/2018;10;21;2018;Cais de pesca da Praia ;Cais de pesca da Praia ;S.V,S.Niculau;rede de cerco;Demersais;Bidião;SCARIDAE;1000
Santiago;Atlântida;10/18/2018;10/21/2018;10;21;2018;Cais de pesca da Praia ;Cais de pesca da Praia ;S.V,S.Niculau;rede de cerco;Demersais;Sargo branco;Diplodus sargus lineatus;500
Santiago;Atlântida;10/18/2018;10/21/2018;10;21;2018;Cais de pesca da Praia ;Cais de pesca da Praia ;S.V,S.Niculau;rede de cerco;Demersais;Barbeiro;Acanthurus monroviae;500
Santiago;Atlântida;10/18/2018;10/21/2018;10;21;2018;Cais de pesca da Praia ;Cais de pesca da Praia ;S.V,S.Niculau;rede de cerco;Demersais;Sargo d'areia;Lithognathus mormyrus;500
Santiago;Atlântida;10/18/2018;10/21/2018;10;21;2018;Cais de pesca da Praia ;Cais de pesca da Praia ;S.V,S.Niculau;rede de cerco;Demersais;Sargo salema;Diplodus prayensis;100
Santiago;Atlântida;10/18/2018;10/21/2018;10;21;2018;Cais de pesca da Praia ;Cais de pesca da Praia ;S.V,S.Niculau;rede de cerco;Demersais;Bedja;Bodianus speciosus;100
Santiago;Luta de Pescadores;10/13/2018;10/13/2018;10;13;2018;Cais de pesca da Praia ;Cais de pesca da Praia ;Boa Vista;rede de cerco;Demersais;Salmão;Elagatis bipinnulata;2500
Santiago;Furna;12/20/2018;12/21/2018;12;21;2018;Cais de pesca da Praia ;Cais de pesca da Praia ;Sul de Maio;linha;Tunídeos;Lobo ou Dourado;Coryphaena hippurus;1000
Santiago;Marlinda;12/16/2018;12/17/2018;12;17;2018;Cais de pesca da Praia ;Cais de pesca da Praia ;Boa Vista;rede de cerco;Demersais;sargo d'areia;Lithognathus mormyrus;500
Santiago;Marlinda;12/16/2018;12/17/2018;12;17;2018;Cais de pesca da Praia ;Cais de pesca da Praia ;Boa Vista;rede de cerco;Demersais;sargo preto;Diplodus fasciatus;500
Santiago;Ponta Preta;12/18/2018;12/19/2018;12;19;2018;Cais de pesca da Praia ;Cais de pesca da Praia ;s/maio;linha;Tunídeos;albacora;Thunnus albacares;300
Santiago;Ponta Preta;12/18/2018;12/19/2018;12;19;2018;Cais de pesca da Praia ;Cais de pesca da Praia ;s/maio;linha;Tunídeos;gaiado;Katsuwonus pelamis;300
São Nicolau;PONTA LESTE;2/13/2018;2/15/2018;2;15;2018;;Tarrafal SN;;;Tunídeos;Cachorrinha ou Judeu;Auxis sp;8311
São Nicolau;Aliança;2/13/2018;2/15/2018;2;15;2018;;Tarrafal SN;;;Tunídeos;Cachorrinha ou Judeu;Auxis sp;5325
São Nicolau;PAI ETERNO;2/13/2018;2/15/2018;2;15;2018;;Tarrafal SN;;;Tunídeos;Cachorrinha ou Judeu;Auxis sp;1804
São Nicolau;PONTA LESTE;2/14/2018;2/16/2018;2;16;2018;;Tarrafal SN;;;Tunídeos;Cachorrinha ou Judeu;Auxis sp;972
São Nicolau;PONTA LESTE;2/14/2018;2/16/2018;2;16;2018;;Tarrafal SN;;;Pequenos pelágicos;Cavala preta;Decapterus macarellus;7327
São Nicolau;PAI ETERNO;2/14/2018;2/16/2018;2;16;2018;;Tarrafal SN;;;Pequenos pelágicos;Cavala preta;Decapterus macarellus;2866
São Nicolau;PAI ETERNO;2/14/2018;2/16/2018;2;16;2018;;Tarrafal SN;;;Tunídeos;Cachorrinha ou Judeu;Auxis sp;2806
São Nicolau;PONTA LESTE;2/15/2018;2/17/2018;2;17;2018;;Tarrafal SN;;;Tunídeos;Cachorrinha ou Judeu;Auxis sp;8964
São Nicolau;PONTA LESTE;2/15/2018;2/17/2018;2;17;2018;;Tarrafal SN;;;Pequenos pelágicos;Cavala preta;Decapterus macarellus;2748
São Nicolau;PAI ETERNO;2/15/2018;2/17/2018;2;17;2018;;Tarrafal SN;;;Pequenos pelágicos;Cavala preta;Decapterus macarellus;2675
São Nicolau;PONTA LESTE;2/19/2018;2/21/2018;2;21;2018;;Tarrafal SN;;;Tunídeos;Cachorrinha ou Judeu;Auxis sp;14395
São Nicolau;Aliança;2/20/2018;2/22/2018;2;22;2018;;Tarrafal SN;;;Tunídeos;Cachorrinha ou Judeu;Auxis sp;3394
São Nicolau;PONTA LESTE;2/20/2018;2/22/2018;2;22;2018;;Tarrafal SN;;;Tunídeos;Cachorrinha ou Judeu;Auxis sp;256
São Nicolau;PAI ETERNO;2/20/2018;2/22/2018;2;22;2018;;Tarrafal SN;;;Tunídeos;Cachorrinha ou Judeu;Auxis sp;717
São Nicolau;PONTA LESTE;2/21/2018;2/23/2018;2;23;2018;;Tarrafal SN;;;Tunídeos;Cachorrinha ou Judeu;Auxis sp;3779
São Nicolau;Aliança;2/21/2018;2/23/2018;2;23;2018;;Tarrafal SN;;;Tunídeos;Cachorrinha ou Judeu;Auxis sp;1758
São Nicolau;PONTA LESTE;2/21/2018;2/23/2018;2;23;2018;;Tarrafal SN;;;Tunídeos;Cachorrinha ou Judeu;Auxis sp;1043
São Nicolau;PONTA LESTE;3/5/2018;3/7/2018;3;7;2018;;Tarrafal SN;;;Tunídeos;Cachorrinha ou Judeu;Auxis sp;13710
São Nicolau;Aliança;3/6/2018;3/8/2018;3;8;2018;;Tarrafal SN;;;Tunídeos;Cachorrinha ou Judeu;Auxis sp;9607
São Nicolau;PONTA LESTE;3/6/2018;3/8/2018;3;8;2018;;Tarrafal SN;;;Tunídeos;Cachorrinha ou Judeu;Auxis sp;15025
São Nicolau;Aliança;3/6/2018;3/8/2018;3;8;2018;;Tarrafal SN;;;Tunídeos;Cachorrinha ou Judeu;Auxis sp;13451
São Nicolau;PONTA LESTE;3/10/2018;3/12/2018;3;12;2018;;Tarrafal SN;;;Tunídeos;Cachorrinha ou Judeu;Auxis sp;3734
São Nicolau;Vinte-7;3/10/2018;3/12/2018;3;12;2018;;Tarrafal SN;;;Tunídeos;Cachorrinha ou Judeu;Auxis sp;10605
São Nicolau;PONTA LESTE;3/11/2018;3/13/2018;3;13;2018;;Tarrafal SN;;;Tunídeos;Cachorrinha ou Judeu;Auxis sp;1971
São Nicolau;CARLOS MARIA;3/11/2018;3/13/2018;3;13;2018;;Tarrafal SN;;;Tunídeos;Cachorrinha ou Judeu;Auxis sp;6552
São Nicolau;PAI ETERNO;3/19/2018;3/21/2018;3;21;2018;;Tarrafal SN;;;Tunídeos;Gaiado;Katsuwonus pelamis;5464
São Nicolau;PAI ETERNO;3/21/2018;3/23/2018;3;23;2018;;Tarrafal SN;;;Tunídeos;Gaiado;Katsuwonus pelamis;1718
São Nicolau;PAI ETERNO;3/22/2018;3/24/2018;3;24;2018;;Tarrafal SN;;;Tunídeos;Gaiado;Katsuwonus pelamis;5051
São Nicolau;PONTA LESTE;3/22/2018;3/24/2018;3;24;2018;;Tarrafal SN;;;Tunídeos;Gaiado;Katsuwonus pelamis;3371
São Nicolau;PONTA LESTE;3/24/2018;3/26/2018;3;26;2018;;Tarrafal SN;;;Tunídeos;Gaiado;Katsuwonus pelamis;1157
São Nicolau;Aliança;3/27/2018;3/29/2018;3;29;2018;;Tarrafal SN;;;Tunídeos;Gaiado;Katsuwonus pelamis;747
São Nicolau;PONTA LESTE;3/31/2018;4/2/2018;4;2;2018;;Tarrafal SN;;;Tunídeos;Gaiado;Katsuwonus pelamis;1274
São Nicolau;PONTA LESTE;4/3/2018;4/5/2018;4;5;2018;;Tarrafal SN;;;Tunídeos;Gaiado;Katsuwonus pelamis;1943
São Nicolau;PAI ETERNO;4/3/2018;4/5/2018;4;5;2018;;Tarrafal SN;;;Tunídeos;Gaiado;Katsuwonus pelamis;3026
São Nicolau;Aliança;4/3/2018;4/5/2018;4;5;2018;;Tarrafal SN;;;Tunídeos;Gaiado;Katsuwonus pelamis;10784
São Nicolau;PONTA LESTE;4/4/2018;4/6/2018;4;6;2018;;Tarrafal SN;;;Tunídeos;Gaiado;Katsuwonus pelamis;9644
São Nicolau;Baía Porto Novo;4/4/2018;4/6/2018;4;6;2018;;Tarrafal SN;;;Tunídeos;Cachorrinha ou Judeu;Auxis sp;3572
São Nicolau;PONTA PEÇA;4/7/2018;4/9/2018;4;9;2018;;Tarrafal SN;;;Tunídeos;Gaiado;Katsuwonus pelamis;2704
São Nicolau;PONTA PEÇA;4/9/2018;4/11/2018;4;11;2018;;Tarrafal SN;;;Tunídeos;Gaiado;Katsuwonus pelamis;10822
São Nicolau;PONTA PEÇA;4/14/2018;4/16/2018;4;16;2018;;Tarrafal SN;;;Tunídeos;Gaiado;Katsuwonus pelamis;10882
São Nicolau;PONTA PEÇA;4/14/2018;4/16/2018;4;16;2018;;Tarrafal SN;;;Tunídeos;Cachorrinha ou Judeu;Auxis sp;7292
São Nicolau;PONTA LESTE;4/14/2018;4/16/2018;4;16;2018;;Tarrafal SN;;;Tunídeos;Gaiado;Katsuwonus pelamis;3333
São Nicolau;PAI ETERNO;4/15/2018;4/17/2018;4;17;2018;;Tarrafal SN;;;Tunídeos;Gaiado;Katsuwonus pelamis;5287
São Nicolau;PONTA LESTE;4/15/2018;4/17/2018;4;17;2018;;Tarrafal SN;;;Tunídeos;Gaiado;Katsuwonus pelamis;15411
São Nicolau;Baía Porto Novo;4/17/2018;4/19/2018;4;19;2018;;Tarrafal SN;;;Tunídeos;Gaiado;Katsuwonus pelamis;9481
São Nicolau;SAL REI;4/17/2018;4/19/2018;4;19;2018;;Tarrafal SN;;;Tunídeos;Gaiado;Katsuwonus pelamis;703
São Nicolau;Cristalina A;4/17/2018;4/19/2018;4;19;2018;;Tarrafal SN;;;Tunídeos;Cachorrinha ou Judeu;Auxis sp;9893
São Nicolau;PONTA PEÇA;4/18/2018;4/20/2018;4;20;2018;;Tarrafal SN;;;Tunídeos;Gaiado;Katsuwonus pelamis;2280
São Nicolau;PONTA PEÇA;4/18/2018;4/20/2018;4;20;2018;;Tarrafal SN;;;Tunídeos;Cachorrinha ou Judeu;Auxis sp;1482
São Nicolau;PONTA LESTE;4/18/2018;4/20/2018;4;20;2018;;Tarrafal SN;;;Tunídeos;Cachorrinha ou Judeu;Auxis sp;4100
São Nicolau;SAL REI;4/19/2018;4/21/2018;4;21;2018;;Tarrafal SN;;;Tunídeos;Gaiado;Katsuwonus pelamis;691
São Nicolau;PONTA LESTE;5/9/2018;5/11/2018;5;11;2018;;Tarrafal SN;;;Tunídeos;Gaiado;Katsuwonus pelamis;4174
São Nicolau;Baía Porto Novo;5/10/2018;5/12/2018;5;12;2018;;Tarrafal SN;;;Tunídeos;Cachorrinha ou Judeu;Auxis sp;2366
São Nicolau;Baía Porto Novo;5/11/2018;5/13/2018;5;13;2018;;Tarrafal SN;;;Tunídeos;Gaiado;Katsuwonus pelamis;10274
São Nicolau;Baía Porto Novo;5/11/2018;5/13/2018;5;13;2018;;Tarrafal SN;;;Tunídeos;Cachorrinha ou Judeu;Auxis sp;377
São Nicolau;PONTA LESTE;5/12/2018;5/14/2018;5;14;2018;;Tarrafal SN;;;Tunídeos;Gaiado;Katsuwonus pelamis;1060
São Nicolau;PAI ETERNO;5/12/2018;5/14/2018;5;14;2018;;Tarrafal SN;;;Tunídeos;Gaiado;Katsuwonus pelamis;1609
São Nicolau;PONTA PEÇA;5/13/2018;5/15/2018;5;15;2018;;Tarrafal SN;;;Tunídeos;Cachorrinha ou Judeu;Auxis sp;2434
São Nicolau;PONTA PEÇA;5/13/2018;5/15/2018;5;15;2018;;Tarrafal SN;;;Tunídeos;Gaiado;Katsuwonus pelamis;2286
São Nicolau;PONTA LESTE;5/14/2018;5/16/2018;5;16;2018;;Tarrafal SN;;;Tunídeos;Cachorrinha ou Judeu;Auxis sp;4309
São Nicolau;PONTA LESTE;5/15/2018;5/17/2018;5;17;2018;;Tarrafal SN;;;Tunídeos;Cachorrinha ou Judeu;Auxis sp;6791
São Nicolau;PAI ETERNO;5/21/2018;5/23/2018;5;23;2018;;Tarrafal SN;;;Tunídeos;Cachorrinha ou Judeu;Auxis sp;3137
São Nicolau;PONTA LESTE;5/22/2018;5/24/2018;5;24;2018;;Tarrafal SN;;;Tunídeos;Gaiado;Katsuwonus pelamis;17409
São Nicolau;PAI ETERNO;5/22/2018;5/24/2018;5;24;2018;;Tarrafal SN;;;Tunídeos;Gaiado;Katsuwonus pelamis;4559
São Nicolau;PONTA LESTE;5/23/2018;5/25/2018;5;25;2018;;Tarrafal SN;;;Tunídeos;Gaiado;Katsuwonus pelamis;1279
São Nicolau;Curralinho;5/26/2018;5/28/2018;5;28;2018;;Tarrafal SN;;;Tunídeos;Cachorrinha ou Judeu;Auxis sp;9858
São Nicolau;PONTA LESTE;5/31/2018;6/2/2018;6;2;2018;;Tarrafal SN;;;Tunídeos;Gaiado;Katsuwonus pelamis;1830
São Nicolau;PONTA LESTE;6/2/2018;6/4/2018;6;4;2018;;Tarrafal SN;;;Tunídeos;Gaiado;Katsuwonus pelamis;2941
São Nicolau;PONTA LESTE;6/2/2018;6/4/2018;6;4;2018;;Tarrafal SN;;;Tunídeos;Cachorrinha ou Judeu;Auxis sp;1437
São Nicolau;PONTA CACIMBA;6/5/2018;6/7/2018;6;7;2018;;Tarrafal SN;;;Tunídeos;Cachorrinha ou Judeu;Auxis sp;7747
São Nicolau;Curralinho;6/5/2018;6/7/2018;6;7;2018;;Tarrafal SN;;;Tunídeos;Cachorrinha ou Judeu;Auxis sp;8458
São Nicolau;PAI ETERNO;6/5/2018;6/7/2018;6;7;2018;;Tarrafal SN;;;Tunídeos;Gaiado;Katsuwonus pelamis;345
São Nicolau;PONTA CACIMBA;6/6/2018;6/8/2018;6;8;2018;;Tarrafal SN;;;Tunídeos;Gaiado;Katsuwonus pelamis;3069
São Nicolau;PONTA CACIMBA;6/6/2018;6/8/2018;6;8;2018;;Tarrafal SN;;;Tunídeos;Cachorrinha ou Judeu;Auxis sp;651
São Nicolau;PONTA  LESTE;6/7/2018;6/9/2018;6;9;2018;;Tarrafal SN;;;Tunídeos;Cachorrinha ou Judeu;Auxis sp;4323
São Nicolau;Curralinho;6/7/2018;6/9/2018;6;9;2018;;Tarrafal SN;;;Tunídeos;Cachorrinha ou Judeu;Auxis sp;10567
São Nicolau;Curralinho;6/9/2018;6/11/2018;6;11;2018;;Tarrafal SN;;;Tunídeos;Cachorrinha ou Judeu;Auxis sp;8709
São Nicolau;Aliança;6/9/2018;6/11/2018;6;11;2018;;Tarrafal SN;;;Tunídeos;Cachorrinha ou Judeu;Auxis sp;554
São Nicolau;PONTA LESTE;6/10/2018;6/12/2018;6;12;2018;;Tarrafal SN;;;Tunídeos;Cachorrinha ou Judeu;Auxis sp;3968
São Nicolau;PONTA LESTE;6/10/2018;6/12/2018;6;12;2018;;Tarrafal SN;;;Tunídeos;Cachorrinha ou Judeu;Auxis sp;2222
São Nicolau;Baía Porto Novo;6/11/2018;6/13/2018;6;13;2018;;Tarrafal SN;;;Tunídeos;Cachorrinha ou Judeu;Auxis sp;4523
São Nicolau;Aliança;6/12/2018;6/14/2018;6;14;2018;;Tarrafal SN;;;Tunídeos;Cachorrinha ou Judeu;Auxis sp;1796
São Nicolau;Cristalina A;6/12/2018;6/14/2018;6;14;2018;;Tarrafal SN;;;Tunídeos;Cachorrinha ou Judeu;Auxis sp;1775
São Nicolau;PONTA CACIMBA;6/14/2018;6/16/2018;6;16;2018;;Tarrafal SN;;;Pequenos pelágicos;Cavala preta;Decapterus macarellus;10021
São Nicolau;Aliança;6/14/2018;6/16/2018;6;16;2018;;Tarrafal SN;;;Tunídeos;Cachorrinha ou Judeu;Auxis sp;2801
São Nicolau;VIVIANE;6/14/2018;6/16/2018;6;16;2018;;Tarrafal SN;;;Tunídeos;Albacora;Thunnus albacares;240
São Nicolau;VIVIANE;6/14/2018;6/16/2018;6;16;2018;;Tarrafal SN;;;Tunídeos;Gaiado;Katsuwonus pelamis;990
São Nicolau;PAI ETERNO;6/14/2018;6/16/2018;6;16;2018;;Tarrafal SN;;;Tunídeos;Cachorrinha ou Judeu;Auxis sp;4381
São Nicolau;Curralinho;6/16/2018;6/18/2018;6;18;2018;;Tarrafal SN;;;Tunídeos;Cachorrinha ou Judeu;Auxis sp;4338
São Nicolau;PONTA LESTE;6/16/2018;6/18/2018;6;18;2018;;Tarrafal SN;;;Tunídeos;Cachorrinha ou Judeu;Auxis sp;7874
São Nicolau;VIVIANE;6/16/2018;6/18/2018;6;18;2018;;Tarrafal SN;;;Tunídeos;Albacora;Thunnus albacares;83
São Nicolau;VIVIANE;6/16/2018;6/18/2018;6;18;2018;;Tarrafal SN;;;Tunídeos;Gaiado;Katsuwonus pelamis;450
São Nicolau;Cristalina A;6/16/2018;6/18/2018;6;18;2018;;Tarrafal SN;;;Tunídeos;Gaiado;Katsuwonus pelamis;3630
São Nicolau;PONTA LESTE;6/17/2018;6/19/2018;6;19;2018;;Tarrafal SN;;;Tunídeos;Cachorrinha ou Judeu;Auxis sp;2099
São Nicolau;Aliança;6/17/2018;6/19/2018;6;19;2018;;Tarrafal SN;;;Tunídeos;Cachorrinha ou Judeu;Auxis sp;3860
São Nicolau;Aliança;6/17/2018;6/19/2018;6;19;2018;;Tarrafal SN;;;Tunídeos;Gaiado;Katsuwonus pelamis;80
São Nicolau;Aliança;6/17/2018;6/19/2018;6;19;2018;;Tarrafal SN;;;Tunídeos;Albacora;Thunnus albacares;47
São Nicolau;PAI ETERNO;6/17/2018;6/19/2018;6;19;2018;;Tarrafal SN;;;Tunídeos;Cachorrinha ou Judeu;Auxis sp;244
São Nicolau;PAI ETERNO;6/17/2018;6/19/2018;6;19;2018;;Tarrafal SN;;;Tunídeos;Gaiado;Katsuwonus pelamis;360
São Nicolau;PONTA LESTE;6/20/2018;6/22/2018;6;22;2018;;Tarrafal SN;;;Pequenos pelágicos;Cavala preta;Decapterus macarellus;683
São Nicolau;Aliança;6/20/2018;6/22/2018;6;22;2018;;Tarrafal SN;;;Tunídeos;Cachorrinha ou Judeu;Auxis sp;4964
São Nicolau;PAI ETERNO;6/20/2018;6/22/2018;6;22;2018;;Tarrafal SN;;;Tunídeos;Gaiado;Katsuwonus pelamis;300
São Nicolau;Aliança;6/23/2018;6/25/2018;6;25;2018;;Tarrafal SN;;;Tunídeos;Cachorrinha ou Judeu;Auxis sp;3646
São Nicolau;VIVIANE;6/23/2018;6/25/2018;6;25;2018;;Tarrafal SN;;;Tunídeos;Albacora;Thunnus albacares;90
São Nicolau;VIVIANE;6/23/2018;6/25/2018;6;25;2018;;Tarrafal SN;;;Tunídeos;Gaiado;Katsuwonus pelamis;211
São Nicolau;VIVIANE;6/30/2018;7/2/2018;7;2;2018;;Tarrafal SN;;;Tunídeos;Albacora;Thunnus albacares;430
São Nicolau;PONTA LESTE;7/1/2018;7/3/2018;7;3;2018;;Tarrafal SN;;;Tunídeos;Cachorrinha ou Judeu;Auxis sp;1800
São Nicolau;VIVIANE;7/1/2018;7/3/2018;7;3;2018;;Tarrafal SN;;;Tunídeos;Albacora;Thunnus albacares;322
São Nicolau;VIVIANE;7/1/2018;7/3/2018;7;3;2018;;Tarrafal SN;;;Tunídeos;Gaiado;Katsuwonus pelamis;150
São Nicolau;Aliança;7/7/2018;7/9/2018;7;9;2018;;Tarrafal SN;;;Tunídeos;Cachorrinha ou Judeu;Auxis sp;7174
São Nicolau;Aliança;7/9/2018;7/11/2018;7;11;2018;;Tarrafal SN;;;Tunídeos;Cachorrinha ou Judeu;Auxis sp;1097
São Nicolau;Aliança;7/9/2018;7/11/2018;7;11;2018;;Tarrafal SN;;;Tunídeos;Cachorrinha ou Judeu;Auxis sp;12053
São Nicolau;PAI ETERNO;7/9/2018;7/11/2018;7;11;2018;;Tarrafal SN;;;Tunídeos;Cachorrinha ou Judeu;Auxis sp;2505
São Nicolau;PAI ETERNO;7/10/2018;7/12/2018;7;12;2018;;Tarrafal SN;;;Tunídeos;Cachorrinha ou Judeu;Auxis sp;6044
São Nicolau;PAI ETERNO;7/11/2018;7/13/2018;7;13;2018;;Tarrafal SN;;;Tunídeos;Cachorrinha ou Judeu;Auxis sp;1449
São Nicolau;Aliança;7/11/2018;7/13/2018;7;13;2018;;Tarrafal SN;;;Tunídeos;Cachorrinha ou Judeu;Auxis sp;5055
São Nicolau;PAI ETERNO;7/14/2018;7/16/2018;7;16;2018;;Tarrafal SN;;;Tunídeos;Cachorrinha ou Judeu;Auxis sp;4430
São Nicolau;Aliança;7/14/2018;7/16/2018;7;16;2018;;Tarrafal SN;;;Tunídeos;Cachorrinha ou Judeu;Auxis sp;13320
São Nicolau;PAI ETERNO;7/15/2018;7/17/2018;7;17;2018;;Tarrafal SN;;;Tunídeos;Cachorrinha ou Judeu;Auxis sp;6210
São Nicolau;Aliança;7/16/2018;7/18/2018;7;18;2018;;Tarrafal SN;;;Tunídeos;Cachorrinha ou Judeu;Auxis sp;10800
São Nicolau;PAI ETERNO;7/16/2018;7/18/2018;7;18;2018;;Tarrafal SN;;;Tunídeos;Cachorrinha ou Judeu;Auxis sp;4400
São Nicolau;Aliança;7/17/2018;7/19/2018;7;19;2018;;Tarrafal SN;;;Tunídeos;Cachorrinha ou Judeu;Auxis sp;1575
São Nicolau;Aliança;7/18/2018;7/20/2018;7;20;2018;;Tarrafal SN;;;Tunídeos;Cachorrinha ou Judeu;Auxis sp;13683
São Nicolau;PONTA LESTE;7/18/2018;7/20/2018;7;20;2018;;Tarrafal SN;;;Tunídeos;Cachorrinha ou Judeu;Auxis sp;14614
São Nicolau;PONTA LESTE;7/19/2018;7/21/2018;7;21;2018;;Tarrafal SN;;;Tunídeos;Cachorrinha ou Judeu;Auxis sp;5055
São Nicolau;PONTA PEÇA;7/19/2018;7/21/2018;7;21;2018;;Tarrafal SN;;;Tunídeos;Gaiado;Katsuwonus pelamis;15305
São Nicolau;Curralinho;7/21/2018;7/23/2018;7;23;2018;;Tarrafal SN;;;Tunídeos;Gaiado;Katsuwonus pelamis;4989
São Nicolau;Curralinho;7/21/2018;7/23/2018;7;23;2018;;Tarrafal SN;;;Tunídeos;Cachorrinha ou Judeu;Auxis sp;7596
São Nicolau;Cristalina A;7/22/2018;7/24/2018;7;24;2018;;Tarrafal SN;;;Tunídeos;Gaiado;Katsuwonus pelamis;8835
São Nicolau;Curralinho;7/22/2018;7/24/2018;7;24;2018;;Tarrafal SN;;;Tunídeos;Cachorrinha ou Judeu;Auxis sp;7967
São Nicolau;Baía Porto Novo;7/23/2018;7/25/2018;7;25;2018;;Tarrafal SN;;;Tunídeos;Gaiado;Katsuwonus pelamis;12777
São Nicolau;VIVIANE;7/23/2018;7/25/2018;7;25;2018;;Tarrafal SN;;;Tunídeos;Gaiado;Katsuwonus pelamis;60
São Nicolau;VIVIANE;7/23/2018;7/25/2018;7;25;2018;;Tarrafal SN;;;Tunídeos;Albacora;Thunnus albacares;316
São Nicolau;Baía Porto Novo;7/24/2018;7/26/2018;7;26;2018;;Tarrafal SN;;;Tunídeos;Gaiado;Katsuwonus pelamis;11246
São Nicolau;VIVIANE;7/24/2018;7/26/2018;7;26;2018;;Tarrafal SN;;;Tunídeos;Albacora;Thunnus albacares;400
São Nicolau;VIVIANE;7/28/2018;7/30/2018;7;30;2018;;Tarrafal SN;;;Tunídeos;Albacora;Thunnus albacares;1109
São Nicolau;Cristalina A;8/1/2018;8/3/2018;8;3;2018;;Tarrafal SN;;;Tunídeos;Gaiado;Katsuwonus pelamis;4439
São Nicolau;Curralinho;8/1/2018;8/3/2018;8;3;2018;;Tarrafal SN;;;Tunídeos;Gaiado;Katsuwonus pelamis;6104
São Nicolau;VIVIANE;8/1/2018;8/3/2018;8;3;2018;;Tarrafal SN;;;Tunídeos;Albacora;Thunnus albacares;480
São Nicolau;Cristalina A;8/4/2018;8/6/2018;8;6;2018;;Tarrafal SN;;;Tunídeos;Gaiado;Katsuwonus pelamis;10452
São Nicolau;Aliança;8/5/2018;8/7/2018;8;7;2018;;Tarrafal SN;;;Tunídeos;Cachorrinha ou Judeu;Auxis sp;8600
São Nicolau;PONTA LESTE;8/5/2018;8/7/2018;8;7;2018;;Tarrafal SN;;;Tunídeos;Cachorrinha ou Judeu;Auxis sp;1892
São Nicolau;PAI ETERNO;8/5/2018;8/7/2018;8;7;2018;;Tarrafal SN;;;Tunídeos;Cachorrinha ou Judeu;Auxis sp;1605
São Nicolau;PONTA LESTE;8/6/2018;8/8/2018;8;8;2018;;Tarrafal SN;;;Tunídeos;Cachorrinha ou Judeu;Auxis sp;12409
São Nicolau;VIVIANE;8/6/2018;8/8/2018;8;8;2018;;Tarrafal SN;;;Tunídeos;Albacora;Thunnus albacares;277
São Nicolau;Aliança;8/6/2018;8/8/2018;8;8;2018;;Tarrafal SN;;;Tunídeos;Cachorrinha ou Judeu;Auxis sp;13533
São Nicolau;Curralinho;8/18/2018;8/20/2018;8;20;2018;;Tarrafal SN;;;Tunídeos;Cachorrinha ou Judeu;Auxis sp;9618
São Nicolau;PAI ETERNO;8/21/2018;8/23/2018;8;23;2018;;Tarrafal SN;;;Tunídeos;Cachorrinha ou Judeu;Auxis sp;1092
São Nicolau;Curralinho;8/21/2018;8/23/2018;8;23;2018;;Tarrafal SN;;;Tunídeos;Cachorrinha ou Judeu;Auxis sp;10172
São Nicolau;PONTA LESTE;8/25/2018;8/27/2018;8;27;2018;;Tarrafal SN;;;Tunídeos;Cachorrinha ou Judeu;Auxis sp;11032
São Nicolau;Curralinho;8/26/2018;8/28/2018;8;28;2018;;Tarrafal SN;;;Tunídeos;Gaiado;Katsuwonus pelamis;4230
São Nicolau;Aliança;8/29/2018;8/31/2018;8;31;2018;;Tarrafal SN;;;Tunídeos;Cachorrinha ou Judeu;Auxis sp;3776
São Nicolau;PONTA LESTE;9/12/2018;9/14/2018;9;14;2018;;Tarrafal SN;;;Tunídeos;Gaiado;Katsuwonus pelamis;2477
São Nicolau;PONTA LESTE;9/15/2018;9/17/2018;9;17;2018;;Tarrafal SN;;;Tunídeos;Gaiado;Katsuwonus pelamis;3739
São Nicolau;Cristalina A;9/16/2018;9/18/2018;9;18;2018;;Tarrafal SN;;;Tunídeos;Gaiado;Katsuwonus pelamis;17720
São Nicolau;VIVIANE;9/16/2018;9/18/2018;9;18;2018;;Tarrafal SN;;;Tunídeos;Gaiado;Katsuwonus pelamis;511
São Nicolau;PONTA LESTE;9/16/2018;9/18/2018;9;18;2018;;Tarrafal SN;;;Tunídeos;Gaiado;Katsuwonus pelamis;2806
São Nicolau;Aliança;9/17/2018;9/19/2018;9;19;2018;;Tarrafal SN;;;Tunídeos;Gaiado;Katsuwonus pelamis;1137
São Nicolau;VIVIANE;9/17/2018;9/19/2018;9;19;2018;;Tarrafal SN;;;Tunídeos;Gaiado;Katsuwonus pelamis;271
São Nicolau;PONTA LESTE;9/17/2018;9/19/2018;9;19;2018;;Tarrafal SN;;;Tunídeos;Gaiado;Katsuwonus pelamis;2077
São Nicolau;PAI ETERNO;9/17/2018;9/19/2018;9;19;2018;;Tarrafal SN;;;Tunídeos;Gaiado;Katsuwonus pelamis;1026
São Nicolau;Vinte-7;9/18/2018;9/20/2018;9;20;2018;;Tarrafal SN;;;Tunídeos;Gaiado;Katsuwonus pelamis;4772
São Nicolau;Aliança;9/18/2018;9/20/2018;9;20;2018;;Tarrafal SN;;;Tunídeos;Gaiado;Katsuwonus pelamis;1278
São Nicolau;PONTA LESTE;9/18/2018;9/20/2018;9;20;2018;;Tarrafal SN;;;Tunídeos;Gaiado;Katsuwonus pelamis;751
São Nicolau;PAI ETERNO;9/18/2018;9/20/2018;9;20;2018;;Tarrafal SN;;;Tunídeos;Gaiado;Katsuwonus pelamis;1144
São Nicolau;Aliança;9/19/2018;9/21/2018;9;21;2018;;Tarrafal SN;;;Tunídeos;Gaiado;Katsuwonus pelamis;3290
São Nicolau;PONTA LESTE;9/19/2018;9/21/2018;9;21;2018;;Tarrafal SN;;;Tunídeos;Gaiado;Katsuwonus pelamis;2742
São Nicolau;VIVIANE;9/19/2018;9/21/2018;9;21;2018;;Tarrafal SN;;;Tunídeos;Gaiado;Katsuwonus pelamis;110
São Nicolau;Aliança;9/22/2018;9/24/2018;9;24;2018;;Tarrafal SN;;;Tunídeos;Gaiado;Katsuwonus pelamis;784
São Nicolau;PAI ETERNO;9/22/2018;9/24/2018;9;24;2018;;Tarrafal SN;;;Tunídeos;Gaiado;Katsuwonus pelamis;531
São Nicolau;PAI ETERNO;9/23/2018;9/25/2018;9;25;2018;;Tarrafal SN;;;Tunídeos;Gaiado;Katsuwonus pelamis;1952
São Nicolau;PONTA CACIMBA;9/23/2018;9/25/2018;9;25;2018;;Tarrafal SN;;;Tunídeos;Gaiado;Katsuwonus pelamis;4170
São Nicolau;PAI ETERNO;9/24/2018;9/26/2018;9;26;2018;;Tarrafal SN;;;Tunídeos;Gaiado;Katsuwonus pelamis;2852
São Nicolau;Vinte-7;9/25/2018;9/27/2018;9;27;2018;;Tarrafal SN;;;Tunídeos;Gaiado;Katsuwonus pelamis;12577
São Nicolau;PAI ETERNO;9/25/2018;9/27/2018;9;27;2018;;Tarrafal SN;;;Tunídeos;Gaiado;Katsuwonus pelamis;6180
São Nicolau;Aliança;9/25/2018;9/27/2018;9;27;2018;;Tarrafal SN;;;Tunídeos;Gaiado;Katsuwonus pelamis;1294
São Nicolau;PONTA LESTE;9/25/2018;9/27/2018;9;27;2018;;Tarrafal SN;;;Tunídeos;Gaiado;Katsuwonus pelamis;1826
São Nicolau;PAI ETERNO;9/25/2018;9/27/2018;9;27;2018;;Tarrafal SN;;;Tunídeos;Gaiado;Katsuwonus pelamis;2122
São Nicolau;PAI ETERNO;9/29/2018;10/1/2018;10;1;2018;;Tarrafal SN;;;Tunídeos;Gaiado;Katsuwonus pelamis;3472
São Nicolau;VIVIANE;9/29/2018;10/1/2018;10;1;2018;;Tarrafal SN;;;Tunídeos;Gaiado;Katsuwonus pelamis;400
São Nicolau;PAI ETERNO;9/29/2018;10/1/2018;10;1;2018;;Tarrafal SN;;;Tunídeos;Gaiado;Katsuwonus pelamis;997
São Nicolau;PONTA  LESTE;9/29/2018;10/1/2018;10;1;2018;;Tarrafal SN;;;Tunídeos;Gaiado;Katsuwonus pelamis;2478
São Nicolau;PONTA LESTE;9/30/2018;10/2/2018;10;2;2018;;Tarrafal SN;;;Tunídeos;Gaiado;Katsuwonus pelamis;1979
São Nicolau;Aliança;9/30/2018;10/2/2018;10;2;2018;;Tarrafal SN;;;Tunídeos;Gaiado;Katsuwonus pelamis;837
São Nicolau;Aliança;10/1/2018;10/3/2018;10;3;2018;;Tarrafal SN;;;Tunídeos;Gaiado;Katsuwonus pelamis;1887
São Nicolau;PONTA LESTE;10/1/2018;10/3/2018;10;3;2018;;Tarrafal SN;;;Tunídeos;Gaiado;Katsuwonus pelamis;2143
São Nicolau;PAI ETERNO;10/2/2018;10/4/2018;10;4;2018;;Tarrafal SN;;;Tunídeos;Gaiado;Katsuwonus pelamis;4693
São Nicolau;PONTA LESTE;10/2/2018;10/4/2018;10;4;2018;;Tarrafal SN;;;Tunídeos;Gaiado;Katsuwonus pelamis;8075
São Nicolau;Aliança;10/2/2018;10/4/2018;10;4;2018;;Tarrafal SN;;;Tunídeos;Gaiado;Katsuwonus pelamis;9124
São Nicolau;PONTA LESTE;10/4/2018;10/6/2018;10;6;2018;;Tarrafal SN;;;Tunídeos;Gaiado;Katsuwonus pelamis;9173
São Nicolau;Vinte-7;10/6/2018;10/8/2018;10;8;2018;;Tarrafal SN;;;Tunídeos;Gaiado;Katsuwonus pelamis;4603
São Nicolau;Aliança;10/6/2018;10/8/2018;10;8;2018;;Tarrafal SN;;;Tunídeos;Gaiado;Katsuwonus pelamis;795
São Nicolau;PAI ETERNO;10/6/2018;10/8/2018;10;8;2018;;Tarrafal SN;;;Tunídeos;Gaiado;Katsuwonus pelamis;2060
São Nicolau;PONTA LESTE;10/7/2018;10/9/2018;10;9;2018;;Tarrafal SN;;;Tunídeos;Gaiado;Katsuwonus pelamis;1180
São Nicolau;Aliança;10/7/2018;10/9/2018;10;9;2018;;Tarrafal SN;;;Tunídeos;Gaiado;Katsuwonus pelamis;2020
São Nicolau;VIVIANE;10/7/2018;10/9/2018;10;9;2018;;Tarrafal SN;;;Tunídeos;Gaiado;Katsuwonus pelamis;317
São Nicolau;PONTA LESTE;10/9/2018;10/11/2018;10;11;2018;;Tarrafal SN;;;Tunídeos;Gaiado;Katsuwonus pelamis;1763
São Nicolau;PONTA LESTE;10/10/2018;10/12/2018;10;12;2018;;Tarrafal SN;;;Tunídeos;Gaiado;Katsuwonus pelamis;606
São Nicolau;Aliança;10/10/2018;10/12/2018;10;12;2018;;Tarrafal SN;;;Tunídeos;Gaiado;Katsuwonus pelamis;2277
São Nicolau;PAI ETERNO;10/10/2018;10/12/2018;10;12;2018;;Tarrafal SN;;;Tunídeos;Gaiado;Katsuwonus pelamis;2308
São Nicolau;Aliança;10/13/2018;10/15/2018;10;15;2018;;Tarrafal SN;;;Tunídeos;Gaiado;Katsuwonus pelamis;2386
São Nicolau;Aliança;10/14/2018;10/16/2018;10;16;2018;;Tarrafal SN;;;Tunídeos;Gaiado;Katsuwonus pelamis;4671
