"stock_id","stock_base","category","region","source","name","type_data","scenario","r_method","bk_method","yr","nyr","start.yr","int.yr","end.yr","ucl.B.Bmsy","lcl.B.Bmsy","B.Bmsy","ucl.F.Fmsy","lcl.F.Fmsy","F.Fmsy"
"Decapterus macarellus_NN_CMSY_Euler-lotka methods","Decapterus macarellus","Decapterus macarellus","Cabo Verde","IMar - coleção de dados","Cavala","observado","NN_CMSY_Euler-lotka methods","Euler-lotka methods","NN_CMSY",1989,35,1989,2018,2023,1.50768904860097,1.15400548440481,1.3226071186347,0.868747109516685,0.417927649669222,0.604566418653071
"Decapterus macarellus_NN_CMSY_Euler-lotka methods","Decapterus macarellus","Decapterus macarellus","Cabo Verde","IMar - coleção de dados","Cavala","observado","NN_CMSY_Euler-lotka methods","Euler-lotka methods","NN_CMSY",1990,35,1989,2018,2023,1.57211924987458,1.12613901865244,1.3317603316249,0.840890522675688,0.388263728036401,0.575619356919617
"Decapterus macarellus_NN_CMSY_Euler-lotka methods","Decapterus macarellus","Decapterus macarellus","Cabo Verde","IMar - coleção de dados","Cavala","observado","NN_CMSY_Euler-lotka methods","Euler-lotka methods","NN_CMSY",1991,35,1989,2018,2023,1.61994988953948,1.11018071232719,1.34341030376431,0.914825879588259,0.414771846624256,0.62527163395911
"Decapterus macarellus_NN_CMSY_Euler-lotka methods","Decapterus macarellus","Decapterus macarellus","Cabo Verde","IMar - coleção de dados","Cavala","observado","NN_CMSY_Euler-lotka methods","Euler-lotka methods","NN_CMSY",1992,35,1989,2018,2023,1.64555332272148,1.09423440678383,1.34293145531949,1.05627720919254,0.470028648867786,0.709143359888403
"Decapterus macarellus_NN_CMSY_Euler-lotka methods","Decapterus macarellus","Decapterus macarellus","Cabo Verde","IMar - coleção de dados","Cavala","observado","NN_CMSY_Euler-lotka methods","Euler-lotka methods","NN_CMSY",1993,35,1989,2018,2023,1.63319521205655,1.05999411783435,1.32835138374953,1.10467522960111,0.48877937939297,0.745736712920757
"Decapterus macarellus_NN_CMSY_Euler-lotka methods","Decapterus macarellus","Decapterus macarellus","Cabo Verde","IMar - coleção de dados","Cavala","observado","NN_CMSY_Euler-lotka methods","Euler-lotka methods","NN_CMSY",1994,35,1989,2018,2023,1.62938073734156,1.03731014037936,1.30876570886469,1.12918616730639,0.495871783188639,0.758232681983838
"Decapterus macarellus_NN_CMSY_Euler-lotka methods","Decapterus macarellus","Decapterus macarellus","Cabo Verde","IMar - coleção de dados","Cavala","observado","NN_CMSY_Euler-lotka methods","Euler-lotka methods","NN_CMSY",1995,35,1989,2018,2023,1.61278887807866,1.01595267534559,1.28972954556728,1.1888142740051,0.530558534360799,0.810270615801338
"Decapterus macarellus_NN_CMSY_Euler-lotka methods","Decapterus macarellus","Decapterus macarellus","Cabo Verde","IMar - coleção de dados","Cavala","observado","NN_CMSY_Euler-lotka methods","Euler-lotka methods","NN_CMSY",1996,35,1989,2018,2023,1.59670775608031,0.994390990432788,1.26522380406031,1.41810851658736,0.628535660464878,0.958216619641837
"Decapterus macarellus_NN_CMSY_Euler-lotka methods","Decapterus macarellus","Decapterus macarellus","Cabo Verde","IMar - coleção de dados","Cavala","observado","NN_CMSY_Euler-lotka methods","Euler-lotka methods","NN_CMSY",1997,35,1989,2018,2023,1.56184597767412,0.953085842683989,1.22240302011409,1.7596418802353,0.795110373417286,1.19688249705148
"Decapterus macarellus_NN_CMSY_Euler-lotka methods","Decapterus macarellus","Decapterus macarellus","Cabo Verde","IMar - coleção de dados","Cavala","observado","NN_CMSY_Euler-lotka methods","Euler-lotka methods","NN_CMSY",1998,35,1989,2018,2023,1.48148897518231,0.893512813960155,1.14891046690699,1.98859445760577,0.895354308251599,1.36276285280778
"Decapterus macarellus_NN_CMSY_Euler-lotka methods","Decapterus macarellus","Decapterus macarellus","Cabo Verde","IMar - coleção de dados","Cavala","observado","NN_CMSY_Euler-lotka methods","Euler-lotka methods","NN_CMSY",1999,35,1989,2018,2023,1.38062652092996,0.820677741952771,1.06737506970834,1.94572315038044,0.878839917666386,1.34940026258003
"Decapterus macarellus_NN_CMSY_Euler-lotka methods","Decapterus macarellus","Decapterus macarellus","Cabo Verde","IMar - coleção de dados","Cavala","observado","NN_CMSY_Euler-lotka methods","Euler-lotka methods","NN_CMSY",2000,35,1989,2018,2023,1.31373503883981,0.770564102618206,1.00226203872431,1.73326435118336,0.762522221768808,1.18425826006355
"Decapterus macarellus_NN_CMSY_Euler-lotka methods","Decapterus macarellus","Decapterus macarellus","Cabo Verde","IMar - coleção de dados","Cavala","observado","NN_CMSY_Euler-lotka methods","Euler-lotka methods","NN_CMSY",2001,35,1989,2018,2023,1.29005605338849,0.743064890939655,0.97167742836512,1.59225501689918,0.706217041367328,1.09208506680624
"Decapterus macarellus_NN_CMSY_Euler-lotka methods","Decapterus macarellus","Decapterus macarellus","Cabo Verde","IMar - coleção de dados","Cavala","observado","NN_CMSY_Euler-lotka methods","Euler-lotka methods","NN_CMSY",2002,35,1989,2018,2023,1.26369497140728,0.734076215535653,0.954997499153628,1.67032384700374,0.732050837603453,1.13243652440461
"Decapterus macarellus_NN_CMSY_Euler-lotka methods","Decapterus macarellus","Decapterus macarellus","Cabo Verde","IMar - coleção de dados","Cavala","observado","NN_CMSY_Euler-lotka methods","Euler-lotka methods","NN_CMSY",2003,35,1989,2018,2023,1.22764930648276,0.721413521506952,0.934200112623392,1.69951114255014,0.769725340163344,1.17563888303312
"Decapterus macarellus_NN_CMSY_Euler-lotka methods","Decapterus macarellus","Decapterus macarellus","Cabo Verde","IMar - coleção de dados","Cavala","observado","NN_CMSY_Euler-lotka methods","Euler-lotka methods","NN_CMSY",2004,35,1989,2018,2023,1.19036016902638,0.704121405328856,0.912798305617386,1.80673544201524,0.821876248376154,1.24190651434942
"Decapterus macarellus_NN_CMSY_Euler-lotka methods","Decapterus macarellus","Decapterus macarellus","Cabo Verde","IMar - coleção de dados","Cavala","observado","NN_CMSY_Euler-lotka methods","Euler-lotka methods","NN_CMSY",2005,35,1989,2018,2023,1.15334873474732,0.687341483482535,0.888226034305351,2.064492926032,0.954510264126949,1.4310952584961
"Decapterus macarellus_NN_CMSY_Euler-lotka methods","Decapterus macarellus","Decapterus macarellus","Cabo Verde","IMar - coleção de dados","Cavala","observado","NN_CMSY_Euler-lotka methods","Euler-lotka methods","NN_CMSY",2006,35,1989,2018,2023,1.0926777814738,0.656002612865751,0.846078143076576,2.40861556170417,1.14417574827837,1.68825319381175
"Decapterus macarellus_NN_CMSY_Euler-lotka methods","Decapterus macarellus","Decapterus macarellus","Cabo Verde","IMar - coleção de dados","Cavala","observado","NN_CMSY_Euler-lotka methods","Euler-lotka methods","NN_CMSY",2007,35,1989,2018,2023,0.998818749588084,0.613217111586108,0.781124553766044,2.65372862591202,1.28680535499117,1.87585477583201
"Decapterus macarellus_NN_CMSY_Euler-lotka methods","Decapterus macarellus","Decapterus macarellus","Cabo Verde","IMar - coleção de dados","Cavala","observado","NN_CMSY_Euler-lotka methods","Euler-lotka methods","NN_CMSY",2008,35,1989,2018,2023,0.904757137500786,0.564366897309054,0.710643538010456,2.64211523140343,1.30783411295783,1.86823875768933
"Decapterus macarellus_NN_CMSY_Euler-lotka methods","Decapterus macarellus","Decapterus macarellus","Cabo Verde","IMar - coleção de dados","Cavala","observado","NN_CMSY_Euler-lotka methods","Euler-lotka methods","NN_CMSY",2009,35,1989,2018,2023,0.829333614216895,0.51898747012886,0.654252650552559,2.51737825871563,1.27103409081271,1.79447856291959
"Decapterus macarellus_NN_CMSY_Euler-lotka methods","Decapterus macarellus","Decapterus macarellus","Cabo Verde","IMar - coleção de dados","Cavala","observado","NN_CMSY_Euler-lotka methods","Euler-lotka methods","NN_CMSY",2010,35,1989,2018,2023,0.769618407981981,0.490645971066256,0.611917698837187,2.58332257461895,1.32640784684313,1.86188460675873
"Decapterus macarellus_NN_CMSY_Euler-lotka methods","Decapterus macarellus","Decapterus macarellus","Cabo Verde","IMar - coleção de dados","Cavala","observado","NN_CMSY_Euler-lotka methods","Euler-lotka methods","NN_CMSY",2011,35,1989,2018,2023,0.70910552175351,0.464302629992034,0.573356086705228,3.02955004165011,1.55899925710671,2.17321044762343
"Decapterus macarellus_NN_CMSY_Euler-lotka methods","Decapterus macarellus","Decapterus macarellus","Cabo Verde","IMar - coleção de dados","Cavala","observado","NN_CMSY_Euler-lotka methods","Euler-lotka methods","NN_CMSY",2012,35,1989,2018,2023,0.628425857410483,0.422653366145017,0.516108191109553,3.65175981863349,1.87474935151808,2.57481823505927
"Decapterus macarellus_NN_CMSY_Euler-lotka methods","Decapterus macarellus","Decapterus macarellus","Cabo Verde","IMar - coleção de dados","Cavala","observado","NN_CMSY_Euler-lotka methods","Euler-lotka methods","NN_CMSY",2013,35,1989,2018,2023,0.537661235803225,0.365292358906936,0.445338258059108,4.22652206216697,2.04863424385762,2.9001477536961
"Decapterus macarellus_NN_CMSY_Euler-lotka methods","Decapterus macarellus","Decapterus macarellus","Cabo Verde","IMar - coleção de dados","Cavala","observado","NN_CMSY_Euler-lotka methods","Euler-lotka methods","NN_CMSY",2014,35,1989,2018,2023,0.455348125867392,0.306630934171343,0.37753278146702,4.47656076039594,1.96529692970725,2.94698755059455
"Decapterus macarellus_NN_CMSY_Euler-lotka methods","Decapterus macarellus","Decapterus macarellus","Cabo Verde","IMar - coleção de dados","Cavala","observado","NN_CMSY_Euler-lotka methods","Euler-lotka methods","NN_CMSY",2015,35,1989,2018,2023,0.411283137120745,0.260573130478992,0.328727235397064,4.15227405832593,1.58596515889771,2.53870161527139
"Decapterus macarellus_NN_CMSY_Euler-lotka methods","Decapterus macarellus","Decapterus macarellus","Cabo Verde","IMar - coleção de dados","Cavala","observado","NN_CMSY_Euler-lotka methods","Euler-lotka methods","NN_CMSY",2016,35,1989,2018,2023,0.392957009580348,0.233682741826316,0.303918208160876,3.87532565239409,1.28887904642192,2.20585732557341
"Decapterus macarellus_NN_CMSY_Euler-lotka methods","Decapterus macarellus","Decapterus macarellus","Cabo Verde","IMar - coleção de dados","Cavala","observado","NN_CMSY_Euler-lotka methods","Euler-lotka methods","NN_CMSY",2017,35,1989,2018,2023,0.387171637286284,0.21366547462756,0.290899643551809,4.20569169714835,1.17888660057741,2.17234230879452
"Decapterus macarellus_NN_CMSY_Euler-lotka methods","Decapterus macarellus","Decapterus macarellus","Cabo Verde","IMar - coleção de dados","Cavala","observado","NN_CMSY_Euler-lotka methods","Euler-lotka methods","NN_CMSY",2018,35,1989,2018,2023,0.386191382209343,0.193050746462026,0.279731812679426,5.06076280743879,1.17824168795896,2.30882266172746
"Decapterus macarellus_NN_CMSY_Euler-lotka methods","Decapterus macarellus","Decapterus macarellus","Cabo Verde","IMar - coleção de dados","Cavala","observado","NN_CMSY_Euler-lotka methods","Euler-lotka methods","NN_CMSY",2019,35,1989,2018,2023,0.387778852818775,0.166515201568711,0.266465139849869,6.14618846106269,1.07489778762673,2.3547539777521
"Decapterus macarellus_NN_CMSY_Euler-lotka methods","Decapterus macarellus","Decapterus macarellus","Cabo Verde","IMar - coleção de dados","Cavala","observado","NN_CMSY_Euler-lotka methods","Euler-lotka methods","NN_CMSY",2020,35,1989,2018,2023,0.39523481096967,0.13915119084117,0.254273997472349,6.62701718508415,0.777918719033468,1.95905786125331
"Decapterus macarellus_NN_CMSY_Euler-lotka methods","Decapterus macarellus","Decapterus macarellus","Cabo Verde","IMar - coleção de dados","Cavala","observado","NN_CMSY_Euler-lotka methods","Euler-lotka methods","NN_CMSY",2021,35,1989,2018,2023,0.417081899958538,0.119118371649729,0.249896317437029,5.93651446961462,0.443404912383653,1.29018245419118
"Decapterus macarellus_NN_CMSY_Euler-lotka methods","Decapterus macarellus","Decapterus macarellus","Cabo Verde","IMar - coleção de dados","Cavala","observado","NN_CMSY_Euler-lotka methods","Euler-lotka methods","NN_CMSY",2022,35,1989,2018,2023,0.455373309320857,0.104718181274146,0.255161799734085,5.70809242011087,0.283030662601704,0.949445121348013
"Decapterus macarellus_NN_CMSY_Euler-lotka methods","Decapterus macarellus","Decapterus macarellus","Cabo Verde","IMar - coleção de dados","Cavala","observado","NN_CMSY_Euler-lotka methods","Euler-lotka methods","NN_CMSY",2023,35,1989,2018,2023,0.510033357813152,0.0947793454811712,0.266303951561274,6.9257625572011,0.232219070818904,0.867080838310828
"Decapterus macarellus_NN_CMSY_lower resilience","Decapterus macarellus","Decapterus macarellus","Cabo Verde","IMar - coleção de dados","Cavala","observado","NN_CMSY_lower resilience","lower resilience","NN_CMSY",1989,35,1989,2018,2023,1.49141593172125,1.10417807867148,1.28711651769625,1.02249405045439,0.372124410744942,0.625901665616005
"Decapterus macarellus_NN_CMSY_lower resilience","Decapterus macarellus","Decapterus macarellus","Cabo Verde","IMar - coleção de dados","Cavala","observado","NN_CMSY_lower resilience","lower resilience","NN_CMSY",1990,35,1989,2018,2023,1.54226002714578,1.00961818695241,1.24999349522157,1.03795925038755,0.360629768067576,0.621091266198419
"Decapterus macarellus_NN_CMSY_lower resilience","Decapterus macarellus","Decapterus macarellus","Cabo Verde","IMar - coleção de dados","Cavala","observado","NN_CMSY_lower resilience","lower resilience","NN_CMSY",1991,35,1989,2018,2023,1.58720082396001,0.939598371095949,1.21474910701633,1.17101136281693,0.404926571755895,0.699542168989665
"Decapterus macarellus_NN_CMSY_lower resilience","Decapterus macarellus","Decapterus macarellus","Cabo Verde","IMar - coleção de dados","Cavala","observado","NN_CMSY_lower resilience","lower resilience","NN_CMSY",1992,35,1989,2018,2023,1.57239886207534,0.872729412508517,1.17751647347698,1.39224785921602,0.455158580992082,0.818829202231611
"Decapterus macarellus_NN_CMSY_lower resilience","Decapterus macarellus","Decapterus macarellus","Cabo Verde","IMar - coleção de dados","Cavala","observado","NN_CMSY_lower resilience","lower resilience","NN_CMSY",1993,35,1989,2018,2023,1.56701990834963,0.818552208423224,1.14195342746222,1.50080468293292,0.484151153938544,0.881535761236937
"Decapterus macarellus_NN_CMSY_lower resilience","Decapterus macarellus","Decapterus macarellus","Cabo Verde","IMar - coleção de dados","Cavala","observado","NN_CMSY_lower resilience","lower resilience","NN_CMSY",1994,35,1989,2018,2023,1.54284859433942,0.772784701086048,1.09552784250049,1.56482524667305,0.510484678667329,0.922833193954147
"Decapterus macarellus_NN_CMSY_lower resilience","Decapterus macarellus","Decapterus macarellus","Cabo Verde","IMar - coleção de dados","Cavala","observado","NN_CMSY_lower resilience","lower resilience","NN_CMSY",1995,35,1989,2018,2023,1.50537911667831,0.737285165583794,1.06241539425205,1.68647288669079,0.542876834970066,1.00220685922729
"Decapterus macarellus_NN_CMSY_lower resilience","Decapterus macarellus","Decapterus macarellus","Cabo Verde","IMar - coleção de dados","Cavala","observado","NN_CMSY_lower resilience","lower resilience","NN_CMSY",1996,35,1989,2018,2023,1.48474803921882,0.696752730210582,1.02511349604348,2.0558261053363,0.638543940534035,1.20619622875523
"Decapterus macarellus_NN_CMSY_lower resilience","Decapterus macarellus","Decapterus macarellus","Cabo Verde","IMar - coleção de dados","Cavala","observado","NN_CMSY_lower resilience","lower resilience","NN_CMSY",1997,35,1989,2018,2023,1.42888964064256,0.65592803859773,0.984687859893269,2.62518484939344,0.805117071851459,1.53126345965007
"Decapterus macarellus_NN_CMSY_lower resilience","Decapterus macarellus","Decapterus macarellus","Cabo Verde","IMar - coleção de dados","Cavala","observado","NN_CMSY_lower resilience","lower resilience","NN_CMSY",1998,35,1989,2018,2023,1.39059828756601,0.615710601524845,0.934793806271325,2.95635963342047,0.90041451566357,1.72361093467211
"Decapterus macarellus_NN_CMSY_lower resilience","Decapterus macarellus","Decapterus macarellus","Cabo Verde","IMar - coleção de dados","Cavala","observado","NN_CMSY_lower resilience","lower resilience","NN_CMSY",1999,35,1989,2018,2023,1.32022714960809,0.569537153822126,0.883368023586478,2.88333715092473,0.855097531344256,1.65298429082155
"Decapterus macarellus_NN_CMSY_lower resilience","Decapterus macarellus","Decapterus macarellus","Cabo Verde","IMar - coleção de dados","Cavala","observado","NN_CMSY_lower resilience","lower resilience","NN_CMSY",2000,35,1989,2018,2023,1.26839328654508,0.539264835772731,0.839642201317188,2.52571755129227,0.75884591785229,1.4437853930182
"Decapterus macarellus_NN_CMSY_lower resilience","Decapterus macarellus","Decapterus macarellus","Cabo Verde","IMar - coleção de dados","Cavala","observado","NN_CMSY_lower resilience","lower resilience","NN_CMSY",2001,35,1989,2018,2023,1.22477248515966,0.521166048298517,0.803670857862046,2.38092656575518,0.696509154365053,1.3533832177893
"Decapterus macarellus_NN_CMSY_lower resilience","Decapterus macarellus","Decapterus macarellus","Cabo Verde","IMar - coleção de dados","Cavala","observado","NN_CMSY_lower resilience","lower resilience","NN_CMSY",2002,35,1989,2018,2023,1.16877432998537,0.498678054942804,0.770478782434421,2.47344444027033,0.737255778053025,1.42998426689831
"Decapterus macarellus_NN_CMSY_lower resilience","Decapterus macarellus","Decapterus macarellus","Cabo Verde","IMar - coleção de dados","Cavala","observado","NN_CMSY_lower resilience","lower resilience","NN_CMSY",2003,35,1989,2018,2023,1.1249102284417,0.480434454339865,0.739946023675958,2.60352566099802,0.785015119094837,1.51496236346299
"Decapterus macarellus_NN_CMSY_lower resilience","Decapterus macarellus","Decapterus macarellus","Cabo Verde","IMar - coleção de dados","Cavala","observado","NN_CMSY_lower resilience","lower resilience","NN_CMSY",2004,35,1989,2018,2023,1.08075500735431,0.46733552391959,0.708695985557005,2.86726167353901,0.834755372286441,1.6294513405917
"Decapterus macarellus_NN_CMSY_lower resilience","Decapterus macarellus","Decapterus macarellus","Cabo Verde","IMar - coleção de dados","Cavala","observado","NN_CMSY_lower resilience","lower resilience","NN_CMSY",2005,35,1989,2018,2023,1.02463429961526,0.453940658096889,0.679928049786507,3.34238851941485,0.994394296452902,1.9148514499459
"Decapterus macarellus_NN_CMSY_lower resilience","Decapterus macarellus","Decapterus macarellus","Cabo Verde","IMar - coleção de dados","Cavala","observado","NN_CMSY_lower resilience","lower resilience","NN_CMSY",2006,35,1989,2018,2023,0.984891750199778,0.434092600645644,0.643230126394751,4.00512648290676,1.19574168801036,2.25865601993041
"Decapterus macarellus_NN_CMSY_lower resilience","Decapterus macarellus","Decapterus macarellus","Cabo Verde","IMar - coleção de dados","Cavala","observado","NN_CMSY_lower resilience","lower resilience","NN_CMSY",2007,35,1989,2018,2023,0.930193417106675,0.410189013291159,0.604749034308756,4.48859030950653,1.28362057556366,2.47970210260582
"Decapterus macarellus_NN_CMSY_lower resilience","Decapterus macarellus","Decapterus macarellus","Cabo Verde","IMar - coleção de dados","Cavala","observado","NN_CMSY_lower resilience","lower resilience","NN_CMSY",2008,35,1989,2018,2023,0.874862603390231,0.385080617601937,0.565162159343285,4.61273010001263,1.25023594281788,2.44045510993078
"Decapterus macarellus_NN_CMSY_lower resilience","Decapterus macarellus","Decapterus macarellus","Cabo Verde","IMar - coleção de dados","Cavala","observado","NN_CMSY_lower resilience","lower resilience","NN_CMSY",2009,35,1989,2018,2023,0.831232298461768,0.357644264894732,0.532826730007715,4.57053097112742,1.14105601780232,2.32466990770451
"Decapterus macarellus_NN_CMSY_lower resilience","Decapterus macarellus","Decapterus macarellus","Cabo Verde","IMar - coleção de dados","Cavala","observado","NN_CMSY_lower resilience","lower resilience","NN_CMSY",2010,35,1989,2018,2023,0.798981923101117,0.334856439063578,0.502776867562525,5.22658869461012,1.18016638483786,2.4213855554139
"Decapterus macarellus_NN_CMSY_lower resilience","Decapterus macarellus","Decapterus macarellus","Cabo Verde","IMar - coleção de dados","Cavala","observado","NN_CMSY_lower resilience","lower resilience","NN_CMSY",2011,35,1989,2018,2023,0.771118178402969,0.311133667711295,0.476731113140858,6.36865725949118,1.2927909829536,2.89076736996974
"Decapterus macarellus_NN_CMSY_lower resilience","Decapterus macarellus","Decapterus macarellus","Cabo Verde","IMar - coleção de dados","Cavala","observado","NN_CMSY_lower resilience","lower resilience","NN_CMSY",2012,35,1989,2018,2023,0.729672386277936,0.284729833075821,0.443736340613128,7.89829595455588,1.46894468256781,3.40153014760467
"Decapterus macarellus_NN_CMSY_lower resilience","Decapterus macarellus","Decapterus macarellus","Cabo Verde","IMar - coleção de dados","Cavala","observado","NN_CMSY_lower resilience","lower resilience","NN_CMSY",2013,35,1989,2018,2023,0.683434181472931,0.259999680857246,0.409765082959241,8.43427863231406,1.39118266805907,3.48133876524517
"Decapterus macarellus_NN_CMSY_lower resilience","Decapterus macarellus","Decapterus macarellus","Cabo Verde","IMar - coleção de dados","Cavala","observado","NN_CMSY_lower resilience","lower resilience","NN_CMSY",2014,35,1989,2018,2023,0.645280302991534,0.233973114521271,0.381718691447726,7.93941113816041,1.0773748552924,2.94744243609067
"Decapterus macarellus_NN_CMSY_lower resilience","Decapterus macarellus","Decapterus macarellus","Cabo Verde","IMar - coleção de dados","Cavala","observado","NN_CMSY_lower resilience","lower resilience","NN_CMSY",2015,35,1989,2018,2023,0.617131619445332,0.215429609126545,0.359826595449491,6.44863417441406,0.740924112224766,2.16908608720088
"Decapterus macarellus_NN_CMSY_lower resilience","Decapterus macarellus","Decapterus macarellus","Cabo Verde","IMar - coleção de dados","Cavala","observado","NN_CMSY_lower resilience","lower resilience","NN_CMSY",2016,35,1989,2018,2023,0.595349566888527,0.204202070961359,0.348865363138852,5.24442280109,0.577349874625459,1.7220849345173
"Decapterus macarellus_NN_CMSY_lower resilience","Decapterus macarellus","Decapterus macarellus","Cabo Verde","IMar - coleção de dados","Cavala","observado","NN_CMSY_lower resilience","lower resilience","NN_CMSY",2017,35,1989,2018,2023,0.574564245535536,0.196575482361132,0.34234332004537,5.07643816248433,0.543263901281088,1.6015412020527
"Decapterus macarellus_NN_CMSY_lower resilience","Decapterus macarellus","Decapterus macarellus","Cabo Verde","IMar - coleção de dados","Cavala","observado","NN_CMSY_lower resilience","lower resilience","NN_CMSY",2018,35,1989,2018,2023,0.566181769092854,0.190406349016352,0.337367600481123,5.35116972200278,0.556583011421581,1.60092328589557
"Decapterus macarellus_NN_CMSY_lower resilience","Decapterus macarellus","Decapterus macarellus","Cabo Verde","IMar - coleção de dados","Cavala","observado","NN_CMSY_lower resilience","lower resilience","NN_CMSY",2019,35,1989,2018,2023,0.574771038956825,0.179172096665041,0.331791507161695,5.49597513992361,0.498104127669905,1.53727563118449
"Decapterus macarellus_NN_CMSY_lower resilience","Decapterus macarellus","Decapterus macarellus","Cabo Verde","IMar - coleção de dados","Cavala","observado","NN_CMSY_lower resilience","lower resilience","NN_CMSY",2020,35,1989,2018,2023,0.573192259933146,0.17034022003127,0.327507440950762,4.66740725328907,0.379527441160787,1.19657075626859
"Decapterus macarellus_NN_CMSY_lower resilience","Decapterus macarellus","Decapterus macarellus","Cabo Verde","IMar - coleção de dados","Cavala","observado","NN_CMSY_lower resilience","lower resilience","NN_CMSY",2021,35,1989,2018,2023,0.580946143663671,0.163881027872249,0.326447815071387,3.2401440676765,0.235898963050974,0.765952943121423
"Decapterus macarellus_NN_CMSY_lower resilience","Decapterus macarellus","Decapterus macarellus","Cabo Verde","IMar - coleção de dados","Cavala","observado","NN_CMSY_lower resilience","lower resilience","NN_CMSY",2022,35,1989,2018,2023,0.590019511648359,0.160819073143298,0.328260417914612,2.60917220470896,0.17682655736339,0.58365269470203
"Decapterus macarellus_NN_CMSY_lower resilience","Decapterus macarellus","Decapterus macarellus","Cabo Verde","IMar - coleção de dados","Cavala","observado","NN_CMSY_lower resilience","lower resilience","NN_CMSY",2023,35,1989,2018,2023,0.598710573416781,0.158136752392942,0.33042124783202,2.70839138039627,0.177153623547161,0.568003103942048
"Decapterus macarellus_NN_CMSY_Higher resilience","Decapterus macarellus","Decapterus macarellus","Cabo Verde","IMar - coleção de dados","Cavala","observado","NN_CMSY_Higher resilience","Higher resilience","NN_CMSY",1989,35,1989,2018,2023,1.49441896394574,1.16043625668715,1.32443001453306,0.767507495083012,0.38300054503843,0.541268474505705
"Decapterus macarellus_NN_CMSY_Higher resilience","Decapterus macarellus","Decapterus macarellus","Cabo Verde","IMar - coleção de dados","Cavala","observado","NN_CMSY_Higher resilience","Higher resilience","NN_CMSY",1990,35,1989,2018,2023,1.59589622973563,1.15503636013432,1.36223099706169,0.725368037150149,0.350688642823508,0.504280525144047
"Decapterus macarellus_NN_CMSY_Higher resilience","Decapterus macarellus","Decapterus macarellus","Cabo Verde","IMar - coleção de dados","Cavala","observado","NN_CMSY_Higher resilience","Higher resilience","NN_CMSY",1991,35,1989,2018,2023,1.66027372327749,1.16718148235683,1.40591429954318,0.77436747487389,0.368655449734423,0.532738628037372
"Decapterus macarellus_NN_CMSY_Higher resilience","Decapterus macarellus","Decapterus macarellus","Cabo Verde","IMar - coleção de dados","Cavala","observado","NN_CMSY_Higher resilience","Higher resilience","NN_CMSY",1992,35,1989,2018,2023,1.69765456694866,1.17244146762566,1.42273508479209,0.869418427003168,0.41025393014788,0.602184005180118
"Decapterus macarellus_NN_CMSY_Higher resilience","Decapterus macarellus","Decapterus macarellus","Cabo Verde","IMar - coleção de dados","Cavala","observado","NN_CMSY_Higher resilience","Higher resilience","NN_CMSY",1993,35,1989,2018,2023,1.69170139135274,1.15450475224634,1.40883160377104,0.915872612794444,0.434146200637649,0.627493788289312
"Decapterus macarellus_NN_CMSY_Higher resilience","Decapterus macarellus","Decapterus macarellus","Cabo Verde","IMar - coleção de dados","Cavala","observado","NN_CMSY_Higher resilience","Higher resilience","NN_CMSY",1994,35,1989,2018,2023,1.68311136718143,1.13590621447238,1.39405726920273,0.930978901983151,0.435812833286341,0.638481492751717
"Decapterus macarellus_NN_CMSY_Higher resilience","Decapterus macarellus","Decapterus macarellus","Cabo Verde","IMar - coleção de dados","Cavala","observado","NN_CMSY_Higher resilience","Higher resilience","NN_CMSY",1995,35,1989,2018,2023,1.67991001463193,1.12551092517508,1.38183130008931,0.966713143434058,0.458519412862232,0.679505993563067
"Decapterus macarellus_NN_CMSY_Higher resilience","Decapterus macarellus","Decapterus macarellus","Cabo Verde","IMar - coleção de dados","Cavala","observado","NN_CMSY_Higher resilience","Higher resilience","NN_CMSY",1996,35,1989,2018,2023,1.66139334713278,1.1056205075892,1.35910802775003,1.15573126600327,0.550317530203637,0.798003526499434
"Decapterus macarellus_NN_CMSY_Higher resilience","Decapterus macarellus","Decapterus macarellus","Cabo Verde","IMar - coleção de dados","Cavala","observado","NN_CMSY_Higher resilience","Higher resilience","NN_CMSY",1997,35,1989,2018,2023,1.59997225771148,1.0582080252453,1.30520023443302,1.42076392741575,0.678084045769055,1.00597194290691
"Decapterus macarellus_NN_CMSY_Higher resilience","Decapterus macarellus","Decapterus macarellus","Cabo Verde","IMar - coleção de dados","Cavala","observado","NN_CMSY_Higher resilience","Higher resilience","NN_CMSY",1998,35,1989,2018,2023,1.50278240723376,0.969978163547231,1.20421736728522,1.62404547920819,0.794216543793578,1.16634454819597
"Decapterus macarellus_NN_CMSY_Higher resilience","Decapterus macarellus","Decapterus macarellus","Cabo Verde","IMar - coleção de dados","Cavala","observado","NN_CMSY_Higher resilience","Higher resilience","NN_CMSY",1999,35,1989,2018,2023,1.39252540694213,0.86044076799925,1.09445570863757,1.64765196421037,0.795747315248513,1.17403108141445
"Decapterus macarellus_NN_CMSY_Higher resilience","Decapterus macarellus","Decapterus macarellus","Cabo Verde","IMar - coleção de dados","Cavala","observado","NN_CMSY_Higher resilience","Higher resilience","NN_CMSY",2000,35,1989,2018,2023,1.32773917644738,0.785066766453272,1.01783389581488,1.48876160659605,0.694169286986732,1.04839416848485
"Decapterus macarellus_NN_CMSY_Higher resilience","Decapterus macarellus","Decapterus macarellus","Cabo Verde","IMar - coleção de dados","Cavala","observado","NN_CMSY_Higher resilience","Higher resilience","NN_CMSY",2001,35,1989,2018,2023,1.30470706250991,0.764154351229086,0.998278496083203,1.36956357583021,0.635181514112638,0.957510342277047
"Decapterus macarellus_NN_CMSY_Higher resilience","Decapterus macarellus","Decapterus macarellus","Cabo Verde","IMar - coleção de dados","Cavala","observado","NN_CMSY_Higher resilience","Higher resilience","NN_CMSY",2002,35,1989,2018,2023,1.31436841943066,0.768575233716692,1.00124163702407,1.39005996048349,0.642595738944514,0.968153033492183
"Decapterus macarellus_NN_CMSY_Higher resilience","Decapterus macarellus","Decapterus macarellus","Cabo Verde","IMar - coleção de dados","Cavala","observado","NN_CMSY_Higher resilience","Higher resilience","NN_CMSY",2003,35,1989,2018,2023,1.31650504320033,0.762327280456686,1.00088905632096,1.41134116107263,0.659952722265751,0.985332282559056
"Decapterus macarellus_NN_CMSY_Higher resilience","Decapterus macarellus","Decapterus macarellus","Cabo Verde","IMar - coleção de dados","Cavala","observado","NN_CMSY_Higher resilience","Higher resilience","NN_CMSY",2004,35,1989,2018,2023,1.30360147657846,0.764089688157098,0.997090670881589,1.4428353790509,0.682709942416291,1.02390433530132
"Decapterus macarellus_NN_CMSY_Higher resilience","Decapterus macarellus","Decapterus macarellus","Cabo Verde","IMar - coleção de dados","Cavala","observado","NN_CMSY_Higher resilience","Higher resilience","NN_CMSY",2005,35,1989,2018,2023,1.26972152791655,0.763697369391704,0.9841358663158,1.6034985332728,0.789978947870131,1.16278367650883
"Decapterus macarellus_NN_CMSY_Higher resilience","Decapterus macarellus","Decapterus macarellus","Cabo Verde","IMar - coleção de dados","Cavala","observado","NN_CMSY_Higher resilience","Higher resilience","NN_CMSY",2006,35,1989,2018,2023,1.2054225053196,0.731079934134464,0.942355776597251,1.8797702690109,0.963200443980147,1.36904479334573
"Decapterus macarellus_NN_CMSY_Higher resilience","Decapterus macarellus","Decapterus macarellus","Cabo Verde","IMar - coleção de dados","Cavala","observado","NN_CMSY_Higher resilience","Higher resilience","NN_CMSY",2007,35,1989,2018,2023,1.10057224014006,0.672881591590342,0.863156684262785,2.03258860932212,1.09115067849723,1.52972527375535
"Decapterus macarellus_NN_CMSY_Higher resilience","Decapterus macarellus","Decapterus macarellus","Cabo Verde","IMar - coleção de dados","Cavala","observado","NN_CMSY_Higher resilience","Higher resilience","NN_CMSY",2008,35,1989,2018,2023,0.990622951377011,0.61302604495726,0.777916230134105,2.08676967089664,1.13019854344836,1.55842429399871
"Decapterus macarellus_NN_CMSY_Higher resilience","Decapterus macarellus","Decapterus macarellus","Cabo Verde","IMar - coleção de dados","Cavala","observado","NN_CMSY_Higher resilience","Higher resilience","NN_CMSY",2009,35,1989,2018,2023,0.901814622056966,0.566567076661356,0.709383403030475,1.96465674615414,1.07511103747825,1.48238206152937
"Decapterus macarellus_NN_CMSY_Higher resilience","Decapterus macarellus","Decapterus macarellus","Cabo Verde","IMar - coleção de dados","Cavala","observado","NN_CMSY_Higher resilience","Higher resilience","NN_CMSY",2010,35,1989,2018,2023,0.846579640009118,0.539531105255784,0.669043247546676,2.03393652836831,1.1198148256171,1.53376025827469
"Decapterus macarellus_NN_CMSY_Higher resilience","Decapterus macarellus","Decapterus macarellus","Cabo Verde","IMar - coleção de dados","Cavala","observado","NN_CMSY_Higher resilience","Higher resilience","NN_CMSY",2011,35,1989,2018,2023,0.789719608550786,0.517964348199602,0.62995951056564,2.29096120438525,1.31875162660531,1.76579255781682
"Decapterus macarellus_NN_CMSY_Higher resilience","Decapterus macarellus","Decapterus macarellus","Cabo Verde","IMar - coleção de dados","Cavala","observado","NN_CMSY_Higher resilience","Higher resilience","NN_CMSY",2012,35,1989,2018,2023,0.697572515008536,0.476089693221704,0.565114908670944,2.61123694162643,1.59520510172529,2.06628923164809
"Decapterus macarellus_NN_CMSY_Higher resilience","Decapterus macarellus","Decapterus macarellus","Cabo Verde","IMar - coleção de dados","Cavala","observado","NN_CMSY_Higher resilience","Higher resilience","NN_CMSY",2013,35,1989,2018,2023,0.572612075401265,0.410045793636171,0.478716376375677,2.91439330265769,1.80527327460587,2.28514117202481
"Decapterus macarellus_NN_CMSY_Higher resilience","Decapterus macarellus","Decapterus macarellus","Cabo Verde","IMar - coleção de dados","Cavala","observado","NN_CMSY_Higher resilience","Higher resilience","NN_CMSY",2014,35,1989,2018,2023,0.459457514780064,0.338382524959449,0.396145785727357,3.11499406050868,1.85121983050183,2.41122145196137
"Decapterus macarellus_NN_CMSY_Higher resilience","Decapterus macarellus","Decapterus macarellus","Cabo Verde","IMar - coleção de dados","Cavala","observado","NN_CMSY_Higher resilience","Higher resilience","NN_CMSY",2015,35,1989,2018,2023,0.388850227789548,0.285767931437847,0.334041229353739,2.96515652617012,1.64056896568807,2.2312095173099
"Decapterus macarellus_NN_CMSY_Higher resilience","Decapterus macarellus","Decapterus macarellus","Cabo Verde","IMar - coleção de dados","Cavala","observado","NN_CMSY_Higher resilience","Higher resilience","NN_CMSY",2016,35,1989,2018,2023,0.357543615636984,0.256279829118299,0.302619293764945,2.81609569734214,1.41041225111524,2.00212478316855
"Decapterus macarellus_NN_CMSY_Higher resilience","Decapterus macarellus","Decapterus macarellus","Cabo Verde","IMar - coleção de dados","Cavala","observado","NN_CMSY_Higher resilience","Higher resilience","NN_CMSY",2017,35,1989,2018,2023,0.347972787871182,0.237238458269478,0.287920251498294,2.92811643647341,1.36365937937179,1.99462774161804
"Decapterus macarellus_NN_CMSY_Higher resilience","Decapterus macarellus","Decapterus macarellus","Cabo Verde","IMar - coleção de dados","Cavala","observado","NN_CMSY_Higher resilience","Higher resilience","NN_CMSY",2018,35,1989,2018,2023,0.343691780016651,0.219821442550256,0.275821823372432,3.3874347523009,1.35838328181343,2.16250096301114
"Decapterus macarellus_NN_CMSY_Higher resilience","Decapterus macarellus","Decapterus macarellus","Cabo Verde","IMar - coleção de dados","Cavala","observado","NN_CMSY_Higher resilience","Higher resilience","NN_CMSY",2019,35,1989,2018,2023,0.341078528619603,0.19233564465689,0.257691312037808,4.14030536260283,1.27123774160914,2.29157540784599
"Decapterus macarellus_NN_CMSY_Higher resilience","Decapterus macarellus","Decapterus macarellus","Cabo Verde","IMar - coleção de dados","Cavala","observado","NN_CMSY_Higher resilience","Higher resilience","NN_CMSY",2020,35,1989,2018,2023,0.347005220682257,0.157954091677689,0.239408471963146,4.55914503865632,0.932994934704475,1.98465317013447
"Decapterus macarellus_NN_CMSY_Higher resilience","Decapterus macarellus","Decapterus macarellus","Cabo Verde","IMar - coleção de dados","Cavala","observado","NN_CMSY_Higher resilience","Higher resilience","NN_CMSY",2021,35,1989,2018,2023,0.372455804624401,0.129468638068111,0.232181693660793,4.27577329315938,0.504670783190982,1.34105995259454
"Decapterus macarellus_NN_CMSY_Higher resilience","Decapterus macarellus","Decapterus macarellus","Cabo Verde","IMar - coleção de dados","Cavala","observado","NN_CMSY_Higher resilience","Higher resilience","NN_CMSY",2022,35,1989,2018,2023,0.427249668553889,0.111413178803138,0.242278012312163,4.37099747010741,0.289547079474486,0.952666600630723
"Decapterus macarellus_NN_CMSY_Higher resilience","Decapterus macarellus","Decapterus macarellus","Cabo Verde","IMar - coleção de dados","Cavala","observado","NN_CMSY_Higher resilience","Higher resilience","NN_CMSY",2023,35,1989,2018,2023,0.530239775506988,0.0961545891083516,0.263298039493454,6.04484321552371,0.198594637078198,0.809412226015187
"Decapterus macarellus_NN_CMSY_Non-informative_r","Decapterus macarellus","Decapterus macarellus","Cabo Verde","IMar - coleção de dados","Cavala","observado","NN_CMSY_Non-informative_r","Non-informative_r","NN_CMSY",1989,35,1989,2018,2023,1.49493514173627,1.1200438984264,1.30467679287561,1.02353108009412,0.424885696087837,0.665926074398727
"Decapterus macarellus_NN_CMSY_Non-informative_r","Decapterus macarellus","Decapterus macarellus","Cabo Verde","IMar - coleção de dados","Cavala","observado","NN_CMSY_Non-informative_r","Non-informative_r","NN_CMSY",1990,35,1989,2018,2023,1.54903901006428,1.06321727892939,1.29102673788233,0.986282791840093,0.404927827545019,0.64379545279051
"Decapterus macarellus_NN_CMSY_Non-informative_r","Decapterus macarellus","Decapterus macarellus","Cabo Verde","IMar - coleção de dados","Cavala","observado","NN_CMSY_Non-informative_r","Non-informative_r","NN_CMSY",1991,35,1989,2018,2023,1.58904699205942,1.02491522313791,1.27992085145737,1.09462799518263,0.439211752836769,0.705782169124702
"Decapterus macarellus_NN_CMSY_Non-informative_r","Decapterus macarellus","Decapterus macarellus","Cabo Verde","IMar - coleção de dados","Cavala","observado","NN_CMSY_Non-informative_r","Non-informative_r","NN_CMSY",1992,35,1989,2018,2023,1.60140086014434,0.977402133304567,1.26626386342368,1.26868389224243,0.504772865507869,0.82013019001457
"Decapterus macarellus_NN_CMSY_Non-informative_r","Decapterus macarellus","Decapterus macarellus","Cabo Verde","IMar - coleção de dados","Cavala","observado","NN_CMSY_Non-informative_r","Non-informative_r","NN_CMSY",1993,35,1989,2018,2023,1.59571427652153,0.932650782999421,1.24195959287335,1.36039482306302,0.535890907155015,0.866004241045351
"Decapterus macarellus_NN_CMSY_Non-informative_r","Decapterus macarellus","Decapterus macarellus","Cabo Verde","IMar - coleção de dados","Cavala","observado","NN_CMSY_Non-informative_r","Non-informative_r","NN_CMSY",1994,35,1989,2018,2023,1.57940349393103,0.894042129669479,1.2165206057308,1.42902815869391,0.552045033076741,0.895412580055762
"Decapterus macarellus_NN_CMSY_Non-informative_r","Decapterus macarellus","Decapterus macarellus","Cabo Verde","IMar - coleção de dados","Cavala","observado","NN_CMSY_Non-informative_r","Non-informative_r","NN_CMSY",1995,35,1989,2018,2023,1.56121691428562,0.856383300154306,1.18564170663923,1.52612536873283,0.587486947931933,0.959216936743121
"Decapterus macarellus_NN_CMSY_Non-informative_r","Decapterus macarellus","Decapterus macarellus","Cabo Verde","IMar - coleção de dados","Cavala","observado","NN_CMSY_Non-informative_r","Non-informative_r","NN_CMSY",1996,35,1989,2018,2023,1.54626129934294,0.836076672893278,1.15343767292035,1.79681700449701,0.683766550447077,1.15181706640618
"Decapterus macarellus_NN_CMSY_Non-informative_r","Decapterus macarellus","Decapterus macarellus","Cabo Verde","IMar - coleção de dados","Cavala","observado","NN_CMSY_Non-informative_r","Non-informative_r","NN_CMSY",1997,35,1989,2018,2023,1.50625724538865,0.792649473379962,1.10710337143425,2.27634622338633,0.863949322025423,1.44385841315485
"Decapterus macarellus_NN_CMSY_Non-informative_r","Decapterus macarellus","Decapterus macarellus","Cabo Verde","IMar - coleção de dados","Cavala","observado","NN_CMSY_Non-informative_r","Non-informative_r","NN_CMSY",1998,35,1989,2018,2023,1.44717239717659,0.744979779232919,1.04855147586311,2.56402270889275,0.979797908109936,1.62830407005947
"Decapterus macarellus_NN_CMSY_Non-informative_r","Decapterus macarellus","Decapterus macarellus","Cabo Verde","IMar - coleção de dados","Cavala","observado","NN_CMSY_Non-informative_r","Non-informative_r","NN_CMSY",1999,35,1989,2018,2023,1.38519581617028,0.696259677961804,0.982080922957488,2.47467354296961,0.951703756791143,1.58536023792307
"Decapterus macarellus_NN_CMSY_Non-informative_r","Decapterus macarellus","Decapterus macarellus","Cabo Verde","IMar - coleção de dados","Cavala","observado","NN_CMSY_Non-informative_r","Non-informative_r","NN_CMSY",2000,35,1989,2018,2023,1.31406994212987,0.655786269913028,0.930404744072586,2.15881147103092,0.813881318802579,1.39064832056502
"Decapterus macarellus_NN_CMSY_Non-informative_r","Decapterus macarellus","Decapterus macarellus","Cabo Verde","IMar - coleção de dados","Cavala","observado","NN_CMSY_Non-informative_r","Non-informative_r","NN_CMSY",2001,35,1989,2018,2023,1.25518376323844,0.632455767079378,0.894135378945253,2.03923236304286,0.769479420707136,1.28322609765856
"Decapterus macarellus_NN_CMSY_Non-informative_r","Decapterus macarellus","Decapterus macarellus","Cabo Verde","IMar - coleção de dados","Cavala","observado","NN_CMSY_Non-informative_r","Non-informative_r","NN_CMSY",2002,35,1989,2018,2023,1.21907785020978,0.622590178742152,0.870528397963558,2.10756848008684,0.806638554075652,1.350596222971
"Decapterus macarellus_NN_CMSY_Non-informative_r","Decapterus macarellus","Decapterus macarellus","Cabo Verde","IMar - coleção de dados","Cavala","observado","NN_CMSY_Non-informative_r","Non-informative_r","NN_CMSY",2003,35,1989,2018,2023,1.17920317692952,0.602089791621465,0.843262379166444,2.19981600679657,0.862881646646954,1.41651239985837
"Decapterus macarellus_NN_CMSY_Non-informative_r","Decapterus macarellus","Decapterus macarellus","Cabo Verde","IMar - coleção de dados","Cavala","observado","NN_CMSY_Non-informative_r","Non-informative_r","NN_CMSY",2004,35,1989,2018,2023,1.13216970886275,0.583352034353269,0.814309737658364,2.33062055916714,0.911925376456427,1.51000717425928
"Decapterus macarellus_NN_CMSY_Non-informative_r","Decapterus macarellus","Decapterus macarellus","Cabo Verde","IMar - coleção de dados","Cavala","observado","NN_CMSY_Non-informative_r","Non-informative_r","NN_CMSY",2005,35,1989,2018,2023,1.08703707542572,0.563210193721745,0.78599942618645,2.68967752538486,1.07080699355522,1.7511274611337
"Decapterus macarellus_NN_CMSY_Non-informative_r","Decapterus macarellus","Decapterus macarellus","Cabo Verde","IMar - coleção de dados","Cavala","observado","NN_CMSY_Non-informative_r","Non-informative_r","NN_CMSY",2006,35,1989,2018,2023,1.02384075734394,0.541547871609199,0.744984872579656,3.17871034190563,1.2926768129557,2.08196439278919
"Decapterus macarellus_NN_CMSY_Non-informative_r","Decapterus macarellus","Decapterus macarellus","Cabo Verde","IMar - coleção de dados","Cavala","observado","NN_CMSY_Non-informative_r","Non-informative_r","NN_CMSY",2007,35,1989,2018,2023,0.949385523588115,0.508635820452204,0.692893664297623,3.48815593546648,1.44790950255668,2.29983454315872
"Decapterus macarellus_NN_CMSY_Non-informative_r","Decapterus macarellus","Decapterus macarellus","Cabo Verde","IMar - coleção de dados","Cavala","observado","NN_CMSY_Non-informative_r","Non-informative_r","NN_CMSY",2008,35,1989,2018,2023,0.864448748342563,0.471001356439372,0.639651209850298,3.45587800725573,1.41845749803475,2.25355242092281
"Decapterus macarellus_NN_CMSY_Non-informative_r","Decapterus macarellus","Decapterus macarellus","Cabo Verde","IMar - coleção de dados","Cavala","observado","NN_CMSY_Non-informative_r","Non-informative_r","NN_CMSY",2009,35,1989,2018,2023,0.799303691511868,0.444025987316725,0.59286976726691,3.34432635792961,1.35535450498767,2.15487417053889
"Decapterus macarellus_NN_CMSY_Non-informative_r","Decapterus macarellus","Decapterus macarellus","Cabo Verde","IMar - coleção de dados","Cavala","observado","NN_CMSY_Non-informative_r","Non-informative_r","NN_CMSY",2010,35,1989,2018,2023,0.737408512910221,0.419920293449674,0.555440409267231,3.54921435000637,1.42962124012135,2.26048103313794
"Decapterus macarellus_NN_CMSY_Non-informative_r","Decapterus macarellus","Decapterus macarellus","Cabo Verde","IMar - coleção de dados","Cavala","observado","NN_CMSY_Non-informative_r","Non-informative_r","NN_CMSY",2011,35,1989,2018,2023,0.684140840638111,0.394185438837015,0.517992094450277,4.37632713403364,1.68341074695803,2.65636767834006
"Decapterus macarellus_NN_CMSY_Non-informative_r","Decapterus macarellus","Decapterus macarellus","Cabo Verde","IMar - coleção de dados","Cavala","observado","NN_CMSY_Non-informative_r","Non-informative_r","NN_CMSY",2012,35,1989,2018,2023,0.62652146278633,0.359594984064958,0.474479023234319,5.42161268390078,1.91234588469009,3.17354930397271
"Decapterus macarellus_NN_CMSY_Non-informative_r","Decapterus macarellus","Decapterus macarellus","Cabo Verde","IMar - coleção de dados","Cavala","observado","NN_CMSY_Non-informative_r","Non-informative_r","NN_CMSY",2013,35,1989,2018,2023,0.568311025599994,0.316229280487218,0.42175681709164,6.2767646822903,1.96530976417141,3.51004155445627
"Decapterus macarellus_NN_CMSY_Non-informative_r","Decapterus macarellus","Decapterus macarellus","Cabo Verde","IMar - coleção de dados","Cavala","observado","NN_CMSY_Non-informative_r","Non-informative_r","NN_CMSY",2014,35,1989,2018,2023,0.517967937716185,0.274870597628679,0.371660404589197,6.19488916124222,1.65078568448243,3.29087192163549
"Decapterus macarellus_NN_CMSY_Non-informative_r","Decapterus macarellus","Decapterus macarellus","Cabo Verde","IMar - coleção de dados","Cavala","observado","NN_CMSY_Non-informative_r","Non-informative_r","NN_CMSY",2015,35,1989,2018,2023,0.487347476224768,0.241304532157741,0.337726402137694,5.42049240425446,1.20459957111309,2.62465956164721
"Decapterus macarellus_NN_CMSY_Non-informative_r","Decapterus macarellus","Decapterus macarellus","Cabo Verde","IMar - coleção de dados","Cavala","observado","NN_CMSY_Non-informative_r","Non-informative_r","NN_CMSY",2016,35,1989,2018,2023,0.474304342839623,0.219719262519382,0.320934463562232,4.92834563959279,0.913141022007149,2.155358665168
"Decapterus macarellus_NN_CMSY_Non-informative_r","Decapterus macarellus","Decapterus macarellus","Cabo Verde","IMar - coleção de dados","Cavala","observado","NN_CMSY_Non-informative_r","Non-informative_r","NN_CMSY",2017,35,1989,2018,2023,0.466294098289214,0.202372668580222,0.312579269683406,5.29703118321951,0.873069034049434,2.04722825722471
"Decapterus macarellus_NN_CMSY_Non-informative_r","Decapterus macarellus","Decapterus macarellus","Cabo Verde","IMar - coleção de dados","Cavala","observado","NN_CMSY_Non-informative_r","Non-informative_r","NN_CMSY",2018,35,1989,2018,2023,0.458895899462869,0.186556153916901,0.306257160279411,6.06672524578313,0.850663142870716,2.09369481727436
"Decapterus macarellus_NN_CMSY_Non-informative_r","Decapterus macarellus","Decapterus macarellus","Cabo Verde","IMar - coleção de dados","Cavala","observado","NN_CMSY_Non-informative_r","Non-informative_r","NN_CMSY",2019,35,1989,2018,2023,0.464219800528084,0.166616210958003,0.29875315631086,7.01907096305146,0.786116487051617,2.05149377706516
"Decapterus macarellus_NN_CMSY_Non-informative_r","Decapterus macarellus","Decapterus macarellus","Cabo Verde","IMar - coleção de dados","Cavala","observado","NN_CMSY_Non-informative_r","Non-informative_r","NN_CMSY",2020,35,1989,2018,2023,0.471742635743726,0.146637958963457,0.291941143987669,6.86778881893361,0.564055756551063,1.59709127869725
"Decapterus macarellus_NN_CMSY_Non-informative_r","Decapterus macarellus","Decapterus macarellus","Cabo Verde","IMar - coleção de dados","Cavala","observado","NN_CMSY_Non-informative_r","Non-informative_r","NN_CMSY",2021,35,1989,2018,2023,0.483175342621149,0.131277561480218,0.290436824887929,5.29427430873013,0.340157427826665,1.02521322218124
"Decapterus macarellus_NN_CMSY_Non-informative_r","Decapterus macarellus","Decapterus macarellus","Cabo Verde","IMar - coleção de dados","Cavala","observado","NN_CMSY_Non-informative_r","Non-informative_r","NN_CMSY",2022,35,1989,2018,2023,0.50787680160579,0.121717444349323,0.296386367380273,4.67682613475409,0.244732167351725,0.757968799283426
"Decapterus macarellus_NN_CMSY_Non-informative_r","Decapterus macarellus","Decapterus macarellus","Cabo Verde","IMar - coleção de dados","Cavala","observado","NN_CMSY_Non-informative_r","Non-informative_r","NN_CMSY",2023,35,1989,2018,2023,0.541492631640999,0.117012073620757,0.304408155614677,4.97637633462253,0.224069910364207,0.722072275311281
"Decapterus macarellus_zBRT_Euler-lotka methods","Decapterus macarellus","Decapterus macarellus","Cabo Verde","IMar - coleção de dados","Cavala","observado","zBRT_Euler-lotka methods","Euler-lotka methods","zBRT",1989,35,1989,2018,2023,1.49922151331629,1.15138737608877,1.32523368297889,0.859164776092303,0.420518897254372,0.607650782707824
"Decapterus macarellus_zBRT_Euler-lotka methods","Decapterus macarellus","Decapterus macarellus","Cabo Verde","IMar - coleção de dados","Cavala","observado","zBRT_Euler-lotka methods","Euler-lotka methods","zBRT",1990,35,1989,2018,2023,1.5710696148268,1.11866219111396,1.33238659623619,0.83959767073479,0.389983141411665,0.57773334959423
"Decapterus macarellus_zBRT_Euler-lotka methods","Decapterus macarellus","Decapterus macarellus","Cabo Verde","IMar - coleção de dados","Cavala","observado","zBRT_Euler-lotka methods","Euler-lotka methods","zBRT",1991,35,1989,2018,2023,1.61838297322589,1.09294663269832,1.34002757693502,0.926117900822066,0.419524551056685,0.625779387502238
"Decapterus macarellus_zBRT_Euler-lotka methods","Decapterus macarellus","Decapterus macarellus","Cabo Verde","IMar - coleção de dados","Cavala","observado","zBRT_Euler-lotka methods","Euler-lotka methods","zBRT",1992,35,1989,2018,2023,1.64714809787944,1.08034638752901,1.34086779698328,1.05290614343226,0.468724900118681,0.706768128243182
"Decapterus macarellus_zBRT_Euler-lotka methods","Decapterus macarellus","Decapterus macarellus","Cabo Verde","IMar - coleção de dados","Cavala","observado","zBRT_Euler-lotka methods","Euler-lotka methods","zBRT",1993,35,1989,2018,2023,1.65973052919231,1.05847132710348,1.32866596585671,1.10163357101369,0.487030060754597,0.744980026043378
"Decapterus macarellus_zBRT_Euler-lotka methods","Decapterus macarellus","Decapterus macarellus","Cabo Verde","IMar - coleção de dados","Cavala","observado","zBRT_Euler-lotka methods","Euler-lotka methods","zBRT",1994,35,1989,2018,2023,1.64846276044666,1.027536841335,1.30672852814719,1.14168637696786,0.510328977222598,0.770033314562239
"Decapterus macarellus_zBRT_Euler-lotka methods","Decapterus macarellus","Decapterus macarellus","Cabo Verde","IMar - coleção de dados","Cavala","observado","zBRT_Euler-lotka methods","Euler-lotka methods","zBRT",1995,35,1989,2018,2023,1.63166879628261,1.00220322432835,1.29045890979044,1.20026122683076,0.530615116830045,0.812177635080711
"Decapterus macarellus_zBRT_Euler-lotka methods","Decapterus macarellus","Decapterus macarellus","Cabo Verde","IMar - coleção de dados","Cavala","observado","zBRT_Euler-lotka methods","Euler-lotka methods","zBRT",1996,35,1989,2018,2023,1.61192906572984,0.984537850533524,1.26534816475354,1.40422373744908,0.631066815485592,0.958901833641899
"Decapterus macarellus_zBRT_Euler-lotka methods","Decapterus macarellus","Decapterus macarellus","Cabo Verde","IMar - coleção de dados","Cavala","observado","zBRT_Euler-lotka methods","Euler-lotka methods","zBRT",1997,35,1989,2018,2023,1.55947153380698,0.9411095490832,1.22234296532963,1.75323146471706,0.797294676827873,1.20067857076657
"Decapterus macarellus_zBRT_Euler-lotka methods","Decapterus macarellus","Decapterus macarellus","Cabo Verde","IMar - coleção de dados","Cavala","observado","zBRT_Euler-lotka methods","Euler-lotka methods","zBRT",1998,35,1989,2018,2023,1.47742860814041,0.878157171570514,1.15258500544046,1.98855253459768,0.908061861849708,1.36287559460599
"Decapterus macarellus_zBRT_Euler-lotka methods","Decapterus macarellus","Decapterus macarellus","Cabo Verde","IMar - coleção de dados","Cavala","observado","zBRT_Euler-lotka methods","Euler-lotka methods","zBRT",1999,35,1989,2018,2023,1.39243615232969,0.812171770985175,1.07163844932684,1.92032637934239,0.892658537910133,1.33152051450122
"Decapterus macarellus_zBRT_Euler-lotka methods","Decapterus macarellus","Decapterus macarellus","Cabo Verde","IMar - coleção de dados","Cavala","observado","zBRT_Euler-lotka methods","Euler-lotka methods","zBRT",2000,35,1989,2018,2023,1.31251460241943,0.76364544284167,1.01503432588845,1.74746082951919,0.774841885929327,1.17068133913069
"Decapterus macarellus_zBRT_Euler-lotka methods","Decapterus macarellus","Decapterus macarellus","Cabo Verde","IMar - coleção de dados","Cavala","observado","zBRT_Euler-lotka methods","Euler-lotka methods","zBRT",2001,35,1989,2018,2023,1.27225686489819,0.7378787105967,0.981746567321803,1.5764202293428,0.715894050311889,1.08536329952267
"Decapterus macarellus_zBRT_Euler-lotka methods","Decapterus macarellus","Decapterus macarellus","Cabo Verde","IMar - coleção de dados","Cavala","observado","zBRT_Euler-lotka methods","Euler-lotka methods","zBRT",2002,35,1989,2018,2023,1.24417795525321,0.731035564412651,0.96602001300794,1.66067866726967,0.740143680519751,1.12326071634368
"Decapterus macarellus_zBRT_Euler-lotka methods","Decapterus macarellus","Decapterus macarellus","Cabo Verde","IMar - coleção de dados","Cavala","observado","zBRT_Euler-lotka methods","Euler-lotka methods","zBRT",2003,35,1989,2018,2023,1.21971590551233,0.71481498880478,0.946063076900418,1.69502732209446,0.780102119861148,1.1573797874447
"Decapterus macarellus_zBRT_Euler-lotka methods","Decapterus macarellus","Decapterus macarellus","Cabo Verde","IMar - coleção de dados","Cavala","observado","zBRT_Euler-lotka methods","Euler-lotka methods","zBRT",2004,35,1989,2018,2023,1.18887305512168,0.703668497963375,0.925772821642678,1.77078278205038,0.827239860734264,1.23365047734773
"Decapterus macarellus_zBRT_Euler-lotka methods","Decapterus macarellus","Decapterus macarellus","Cabo Verde","IMar - coleção de dados","Cavala","observado","zBRT_Euler-lotka methods","Euler-lotka methods","zBRT",2005,35,1989,2018,2023,1.15101893263914,0.689176856591262,0.899960939768713,2.02307845041336,0.965221438067985,1.41434879244797
"Decapterus macarellus_zBRT_Euler-lotka methods","Decapterus macarellus","Decapterus macarellus","Cabo Verde","IMar - coleção de dados","Cavala","observado","zBRT_Euler-lotka methods","Euler-lotka methods","zBRT",2006,35,1989,2018,2023,1.08471018413646,0.663022928897317,0.854797264076655,2.38348353112859,1.15388611717689,1.67794636159673
"Decapterus macarellus_zBRT_Euler-lotka methods","Decapterus macarellus","Decapterus macarellus","Cabo Verde","IMar - coleção de dados","Cavala","observado","zBRT_Euler-lotka methods","Euler-lotka methods","zBRT",2007,35,1989,2018,2023,1.00153786105876,0.615913364236103,0.791806989519418,2.62939971417121,1.29623958972669,1.84417501992057
"Decapterus macarellus_zBRT_Euler-lotka methods","Decapterus macarellus","Decapterus macarellus","Cabo Verde","IMar - coleção de dados","Cavala","observado","zBRT_Euler-lotka methods","Euler-lotka methods","zBRT",2008,35,1989,2018,2023,0.913931654428343,0.57182704605997,0.722438771442777,2.58869446888617,1.29537924060547,1.85185825114163
"Decapterus macarellus_zBRT_Euler-lotka methods","Decapterus macarellus","Decapterus macarellus","Cabo Verde","IMar - coleção de dados","Cavala","observado","zBRT_Euler-lotka methods","Euler-lotka methods","zBRT",2009,35,1989,2018,2023,0.838517728309728,0.525557075032113,0.664676031639118,2.46262339500641,1.24049434759966,1.75956657533777
"Decapterus macarellus_zBRT_Euler-lotka methods","Decapterus macarellus","Decapterus macarellus","Cabo Verde","IMar - coleção de dados","Cavala","observado","zBRT_Euler-lotka methods","Euler-lotka methods","zBRT",2010,35,1989,2018,2023,0.783969421841529,0.501451586688219,0.624452242549688,2.53102166367802,1.28838546508713,1.83212579183845
"Decapterus macarellus_zBRT_Euler-lotka methods","Decapterus macarellus","Decapterus macarellus","Cabo Verde","IMar - coleção de dados","Cavala","observado","zBRT_Euler-lotka methods","Euler-lotka methods","zBRT",2011,35,1989,2018,2023,0.732079690587247,0.476974034607715,0.58436808573411,2.9642866309644,1.53539810473124,2.12562278778219
"Decapterus macarellus_zBRT_Euler-lotka methods","Decapterus macarellus","Decapterus macarellus","Cabo Verde","IMar - coleção de dados","Cavala","observado","zBRT_Euler-lotka methods","Euler-lotka methods","zBRT",2012,35,1989,2018,2023,0.657825287747161,0.43735644626746,0.52932048754931,3.47156556409654,1.78022823352045,2.48284118745869
"Decapterus macarellus_zBRT_Euler-lotka methods","Decapterus macarellus","Decapterus macarellus","Cabo Verde","IMar - coleção de dados","Cavala","observado","zBRT_Euler-lotka methods","Euler-lotka methods","zBRT",2013,35,1989,2018,2023,0.570849058036738,0.37877970145505,0.461466904495254,3.92795426337318,1.87266214071606,2.70590077393955
"Decapterus macarellus_zBRT_Euler-lotka methods","Decapterus macarellus","Decapterus macarellus","Cabo Verde","IMar - coleção de dados","Cavala","observado","zBRT_Euler-lotka methods","Euler-lotka methods","zBRT",2014,35,1989,2018,2023,0.498029753350102,0.321345227923871,0.396884996016089,4.07459831618876,1.65629423179578,2.64844259845292
"Decapterus macarellus_zBRT_Euler-lotka methods","Decapterus macarellus","Decapterus macarellus","Cabo Verde","IMar - coleção de dados","Cavala","observado","zBRT_Euler-lotka methods","Euler-lotka methods","zBRT",2015,35,1989,2018,2023,0.469353717016993,0.277903424569527,0.353415433197196,3.66301538441347,1.22497745539023,2.21904594343211
"Decapterus macarellus_zBRT_Euler-lotka methods","Decapterus macarellus","Decapterus macarellus","Cabo Verde","IMar - coleção de dados","Cavala","observado","zBRT_Euler-lotka methods","Euler-lotka methods","zBRT",2016,35,1989,2018,2023,0.470192148809005,0.251401947579104,0.333676634445386,3.36595421222532,0.904359307182134,1.8498983914445
"Decapterus macarellus_zBRT_Euler-lotka methods","Decapterus macarellus","Decapterus macarellus","Cabo Verde","IMar - coleção de dados","Cavala","observado","zBRT_Euler-lotka methods","Euler-lotka methods","zBRT",2017,35,1989,2018,2023,0.489292646094186,0.230086045257827,0.327589268272313,3.52701758970529,0.779813155749597,1.71577943826669
"Decapterus macarellus_zBRT_Euler-lotka methods","Decapterus macarellus","Decapterus macarellus","Cabo Verde","IMar - coleção de dados","Cavala","observado","zBRT_Euler-lotka methods","Euler-lotka methods","zBRT",2018,35,1989,2018,2023,0.517975061627226,0.209616200635954,0.324626817715357,4.19602287943674,0.68517382234405,1.725043190412
"Decapterus macarellus_zBRT_Euler-lotka methods","Decapterus macarellus","Decapterus macarellus","Cabo Verde","IMar - coleção de dados","Cavala","observado","zBRT_Euler-lotka methods","Euler-lotka methods","zBRT",2019,35,1989,2018,2023,0.554307005955379,0.184102397373437,0.323139335325467,5.00271424156377,0.577712604420012,1.60633300326964
"Decapterus macarellus_zBRT_Euler-lotka methods","Decapterus macarellus","Decapterus macarellus","Cabo Verde","IMar - coleção de dados","Cavala","observado","zBRT_Euler-lotka methods","Euler-lotka methods","zBRT",2020,35,1989,2018,2023,0.600600954017102,0.158033508248861,0.325136023801125,5.17704951073934,0.393549770460994,1.19283266624271
"Decapterus macarellus_zBRT_Euler-lotka methods","Decapterus macarellus","Decapterus macarellus","Cabo Verde","IMar - coleção de dados","Cavala","observado","zBRT_Euler-lotka methods","Euler-lotka methods","zBRT",2021,35,1989,2018,2023,0.654372711632178,0.136041527994275,0.336343878930644,4.36705221794259,0.225861496678542,0.720220112847763
"Decapterus macarellus_zBRT_Euler-lotka methods","Decapterus macarellus","Decapterus macarellus","Cabo Verde","IMar - coleção de dados","Cavala","observado","zBRT_Euler-lotka methods","Euler-lotka methods","zBRT",2022,35,1989,2018,2023,0.734660441261341,0.124841288830996,0.3617383180595,3.89900249886556,0.152442958664127,0.475386865491856
"Decapterus macarellus_zBRT_Euler-lotka methods","Decapterus macarellus","Decapterus macarellus","Cabo Verde","IMar - coleção de dados","Cavala","observado","zBRT_Euler-lotka methods","Euler-lotka methods","zBRT",2023,35,1989,2018,2023,0.82038446894109,0.11684804874649,0.397443028011084,4.40510691514446,0.13701922768748,0.395934188283469
"Decapterus macarellus_zBRT_lower resilience","Decapterus macarellus","Decapterus macarellus","Cabo Verde","IMar - coleção de dados","Cavala","observado","zBRT_lower resilience","lower resilience","zBRT",1989,35,1989,2018,2023,1.4822189818268,1.10726806712122,1.28499280019069,1.03448968256804,0.371550045025353,0.626590554664646
"Decapterus macarellus_zBRT_lower resilience","Decapterus macarellus","Decapterus macarellus","Cabo Verde","IMar - coleção de dados","Cavala","observado","zBRT_lower resilience","lower resilience","zBRT",1990,35,1989,2018,2023,1.54365614064587,1.01988322510132,1.25288084964037,1.02742147642346,0.359407962091172,0.613726836874711
"Decapterus macarellus_zBRT_lower resilience","Decapterus macarellus","Decapterus macarellus","Cabo Verde","IMar - coleção de dados","Cavala","observado","zBRT_lower resilience","lower resilience","zBRT",1991,35,1989,2018,2023,1.57751002549632,0.964760629871863,1.23018902724957,1.17954275754547,0.39510739998989,0.688031341332351
"Decapterus macarellus_zBRT_lower resilience","Decapterus macarellus","Decapterus macarellus","Cabo Verde","IMar - coleção de dados","Cavala","observado","zBRT_lower resilience","lower resilience","zBRT",1992,35,1989,2018,2023,1.58257575891651,0.915674387580038,1.20095491300772,1.36710069358907,0.453486176928858,0.804659234109203
"Decapterus macarellus_zBRT_lower resilience","Decapterus macarellus","Decapterus macarellus","Cabo Verde","IMar - coleção de dados","Cavala","observado","zBRT_lower resilience","lower resilience","zBRT",1993,35,1989,2018,2023,1.56206926681767,0.871748323993869,1.16956686690391,1.474749116868,0.476842220778655,0.860502418138691
"Decapterus macarellus_zBRT_lower resilience","Decapterus macarellus","Decapterus macarellus","Cabo Verde","IMar - coleção de dados","Cavala","observado","zBRT_lower resilience","lower resilience","zBRT",1994,35,1989,2018,2023,1.54695436179455,0.833674435790762,1.14077666645414,1.54687040939912,0.485855580800573,0.890074886164117
"Decapterus macarellus_zBRT_lower resilience","Decapterus macarellus","Decapterus macarellus","Cabo Verde","IMar - coleção de dados","Cavala","observado","zBRT_lower resilience","lower resilience","zBRT",1995,35,1989,2018,2023,1.52121329420267,0.794192912137162,1.11137013329098,1.65113198407261,0.530713602719775,0.956897064613157
"Decapterus macarellus_zBRT_lower resilience","Decapterus macarellus","Decapterus macarellus","Cabo Verde","IMar - coleção de dados","Cavala","observado","zBRT_lower resilience","lower resilience","zBRT",1996,35,1989,2018,2023,1.48871267823524,0.757629953605662,1.07324003822584,1.979829553604,0.632799668426645,1.14507011417253
"Decapterus macarellus_zBRT_lower resilience","Decapterus macarellus","Decapterus macarellus","Cabo Verde","IMar - coleção de dados","Cavala","observado","zBRT_lower resilience","lower resilience","zBRT",1997,35,1989,2018,2023,1.45199329422037,0.719438732088549,1.03924687073411,2.50196409319901,0.789914107562554,1.44574370095449
"Decapterus macarellus_zBRT_lower resilience","Decapterus macarellus","Decapterus macarellus","Cabo Verde","IMar - coleção de dados","Cavala","observado","zBRT_lower resilience","lower resilience","zBRT",1998,35,1989,2018,2023,1.39437366498274,0.683110335005867,0.992918566363005,2.82185679043909,0.869277916631545,1.61436562520516
"Decapterus macarellus_zBRT_lower resilience","Decapterus macarellus","Decapterus macarellus","Cabo Verde","IMar - coleção de dados","Cavala","observado","zBRT_lower resilience","lower resilience","zBRT",1999,35,1989,2018,2023,1.3522608201537,0.637729856142548,0.949396375636159,2.6848018969353,0.807730894423279,1.54964189815854
"Decapterus macarellus_zBRT_lower resilience","Decapterus macarellus","Decapterus macarellus","Cabo Verde","IMar - coleção de dados","Cavala","observado","zBRT_lower resilience","lower resilience","zBRT",2000,35,1989,2018,2023,1.30593362904009,0.609216547496651,0.91025708582542,2.3763710530255,0.702489161425871,1.33071318841341
"Decapterus macarellus_zBRT_lower resilience","Decapterus macarellus","Decapterus macarellus","Cabo Verde","IMar - coleção de dados","Cavala","observado","zBRT_lower resilience","lower resilience","zBRT",2001,35,1989,2018,2023,1.27879742511355,0.581252229079343,0.87710458893134,2.18109125255023,0.651022640786959,1.23760532641784
"Decapterus macarellus_zBRT_lower resilience","Decapterus macarellus","Decapterus macarellus","Cabo Verde","IMar - coleção de dados","Cavala","observado","zBRT_lower resilience","lower resilience","zBRT",2002,35,1989,2018,2023,1.24692964982725,0.557934925914288,0.848718959002903,2.31552619677184,0.667373306174481,1.29273046607389
"Decapterus macarellus_zBRT_lower resilience","Decapterus macarellus","Decapterus macarellus","Cabo Verde","IMar - coleção de dados","Cavala","observado","zBRT_lower resilience","lower resilience","zBRT",2003,35,1989,2018,2023,1.22864901309614,0.543028941794977,0.823219422177145,2.41706221341952,0.703171529493356,1.36657676321454
"Decapterus macarellus_zBRT_lower resilience","Decapterus macarellus","Decapterus macarellus","Cabo Verde","IMar - coleção de dados","Cavala","observado","zBRT_lower resilience","lower resilience","zBRT",2004,35,1989,2018,2023,1.18239886660044,0.526145827060995,0.794052117600645,2.59711042574877,0.75232947600167,1.45996941742857
"Decapterus macarellus_zBRT_lower resilience","Decapterus macarellus","Decapterus macarellus","Cabo Verde","IMar - coleção de dados","Cavala","observado","zBRT_lower resilience","lower resilience","zBRT",2005,35,1989,2018,2023,1.14607368920945,0.504688301187752,0.766935072278236,3.04831911395217,0.85872986666124,1.68821573369101
"Decapterus macarellus_zBRT_lower resilience","Decapterus macarellus","Decapterus macarellus","Cabo Verde","IMar - coleção de dados","Cavala","observado","zBRT_lower resilience","lower resilience","zBRT",2006,35,1989,2018,2023,1.09971186405101,0.481934793060963,0.73457453131405,3.56520371471951,1.00314476029752,1.9806349444251
"Decapterus macarellus_zBRT_lower resilience","Decapterus macarellus","Decapterus macarellus","Cabo Verde","IMar - coleção de dados","Cavala","observado","zBRT_lower resilience","lower resilience","zBRT",2007,35,1989,2018,2023,1.06496480559005,0.448919220235408,0.698288022701415,3.97821791917099,1.08213497723576,2.15338941364846
"Decapterus macarellus_zBRT_lower resilience","Decapterus macarellus","Decapterus macarellus","Cabo Verde","IMar - coleção de dados","Cavala","observado","zBRT_lower resilience","lower resilience","zBRT",2008,35,1989,2018,2023,1.02063097602849,0.422958310755711,0.658361319778365,4.00938088574518,1.03689276185331,2.07162152622318
"Decapterus macarellus_zBRT_lower resilience","Decapterus macarellus","Decapterus macarellus","Cabo Verde","IMar - coleção de dados","Cavala","observado","zBRT_lower resilience","lower resilience","zBRT",2009,35,1989,2018,2023,0.97213954008027,0.399521237596138,0.62744781686343,3.84418080761122,0.940269435567367,1.91007769831277
"Decapterus macarellus_zBRT_lower resilience","Decapterus macarellus","Decapterus macarellus","Cabo Verde","IMar - coleção de dados","Cavala","observado","zBRT_lower resilience","lower resilience","zBRT",2010,35,1989,2018,2023,0.93800063700297,0.377822319803293,0.599542323441168,4.21058301995138,0.964846963809985,1.96499483284706
"Decapterus macarellus_zBRT_lower resilience","Decapterus macarellus","Decapterus macarellus","Cabo Verde","IMar - coleção de dados","Cavala","observado","zBRT_lower resilience","lower resilience","zBRT",2011,35,1989,2018,2023,0.902024174362733,0.357453675361699,0.571782616567729,5.18478274812507,1.08781290820918,2.25766909154271
"Decapterus macarellus_zBRT_lower resilience","Decapterus macarellus","Decapterus macarellus","Cabo Verde","IMar - coleção de dados","Cavala","observado","zBRT_lower resilience","lower resilience","zBRT",2012,35,1989,2018,2023,0.863586166595032,0.33163393674097,0.542838097865183,6.20024020078421,1.18825197006246,2.4845878000142
"Decapterus macarellus_zBRT_lower resilience","Decapterus macarellus","Decapterus macarellus","Cabo Verde","IMar - coleção de dados","Cavala","observado","zBRT_lower resilience","lower resilience","zBRT",2013,35,1989,2018,2023,0.832186247850588,0.299880348729872,0.510853277090975,6.61546884808554,1.10289911945989,2.39258836568752
"Decapterus macarellus_zBRT_lower resilience","Decapterus macarellus","Decapterus macarellus","Cabo Verde","IMar - coleção de dados","Cavala","observado","zBRT_lower resilience","lower resilience","zBRT",2014,35,1989,2018,2023,0.79935725312506,0.270573976768612,0.485440032774926,5.91115594511604,0.836546920497457,1.89736444822912
"Decapterus macarellus_zBRT_lower resilience","Decapterus macarellus","Decapterus macarellus","Cabo Verde","IMar - coleção de dados","Cavala","observado","zBRT_lower resilience","lower resilience","zBRT",2015,35,1989,2018,2023,0.777903000174535,0.253638870677841,0.469256064496503,4.48015422434094,0.5510115347806,1.3210775647103
"Decapterus macarellus_zBRT_lower resilience","Decapterus macarellus","Decapterus macarellus","Cabo Verde","IMar - coleção de dados","Cavala","observado","zBRT_lower resilience","lower resilience","zBRT",2016,35,1989,2018,2023,0.777194045564693,0.242001529962434,0.463752087338206,3.78760994197531,0.413788034814668,0.998226977799529
"Decapterus macarellus_zBRT_lower resilience","Decapterus macarellus","Decapterus macarellus","Cabo Verde","IMar - coleção de dados","Cavala","observado","zBRT_lower resilience","lower resilience","zBRT",2017,35,1989,2018,2023,0.774560187659286,0.234098539506061,0.464515077123776,3.62028792379979,0.378823289537039,0.891435027997775
"Decapterus macarellus_zBRT_lower resilience","Decapterus macarellus","Decapterus macarellus","Cabo Verde","IMar - coleção de dados","Cavala","observado","zBRT_lower resilience","lower resilience","zBRT",2018,35,1989,2018,2023,0.770229170927705,0.226830067042112,0.465278791735909,3.78200667967211,0.373795209275067,0.873815621138926
"Decapterus macarellus_zBRT_lower resilience","Decapterus macarellus","Decapterus macarellus","Cabo Verde","IMar - coleção de dados","Cavala","observado","zBRT_lower resilience","lower resilience","zBRT",2019,35,1989,2018,2023,0.79643420816275,0.217362392549887,0.472900671888066,3.8350445638876,0.336780846171278,0.791621531721977
"Decapterus macarellus_zBRT_lower resilience","Decapterus macarellus","Decapterus macarellus","Cabo Verde","IMar - coleção de dados","Cavala","observado","zBRT_lower resilience","lower resilience","zBRT",2020,35,1989,2018,2023,0.826524870486267,0.208490546393156,0.480396618259793,3.18256584183524,0.242534049917702,0.577199258616455
"Decapterus macarellus_zBRT_lower resilience","Decapterus macarellus","Decapterus macarellus","Cabo Verde","IMar - coleção de dados","Cavala","observado","zBRT_lower resilience","lower resilience","zBRT",2021,35,1989,2018,2023,0.848039578300917,0.203290170389798,0.491031379319681,2.14614167185344,0.149898709283331,0.358101790978074
"Decapterus macarellus_zBRT_lower resilience","Decapterus macarellus","Decapterus macarellus","Cabo Verde","IMar - coleção de dados","Cavala","observado","zBRT_lower resilience","lower resilience","zBRT",2022,35,1989,2018,2023,0.876372715472513,0.202992030081282,0.507996692282023,1.62098313818905,0.111336854190386,0.259507261627239
"Decapterus macarellus_zBRT_lower resilience","Decapterus macarellus","Decapterus macarellus","Cabo Verde","IMar - coleção de dados","Cavala","observado","zBRT_lower resilience","lower resilience","zBRT",2023,35,1989,2018,2023,0.900810388492139,0.195425888122625,0.524907852034578,1.68357891303834,0.107865288754123,0.252543334467288
"Decapterus macarellus_zBRT_Higher resilience","Decapterus macarellus","Decapterus macarellus","Cabo Verde","IMar - coleção de dados","Cavala","observado","zBRT_Higher resilience","Higher resilience","zBRT",1989,35,1989,2018,2023,1.5032716111496,1.16214309415864,1.32575511547011,0.753726218024035,0.384468857182273,0.539384793498641
"Decapterus macarellus_zBRT_Higher resilience","Decapterus macarellus","Decapterus macarellus","Cabo Verde","IMar - coleção de dados","Cavala","observado","zBRT_Higher resilience","Higher resilience","zBRT",1990,35,1989,2018,2023,1.59702534959979,1.16273263269613,1.36759250863724,0.714276366461431,0.349983216518599,0.501688181858254
"Decapterus macarellus_zBRT_Higher resilience","Decapterus macarellus","Decapterus macarellus","Cabo Verde","IMar - coleção de dados","Cavala","observado","zBRT_Higher resilience","Higher resilience","zBRT",1991,35,1989,2018,2023,1.67921942325191,1.17222560875281,1.40983946867442,0.771793506025678,0.368092065772594,0.535598525252533
"Decapterus macarellus_zBRT_Higher resilience","Decapterus macarellus","Decapterus macarellus","Cabo Verde","IMar - coleção de dados","Cavala","observado","zBRT_Higher resilience","Higher resilience","zBRT",1992,35,1989,2018,2023,1.71872547507592,1.17849865042292,1.42649824890907,0.874073921571967,0.407694980585347,0.598201491968275
"Decapterus macarellus_zBRT_Higher resilience","Decapterus macarellus","Decapterus macarellus","Cabo Verde","IMar - coleção de dados","Cavala","observado","zBRT_Higher resilience","Higher resilience","zBRT",1993,35,1989,2018,2023,1.71089250339315,1.15824259557172,1.41612900204609,0.902150211778634,0.424555512870802,0.62686347952212
"Decapterus macarellus_zBRT_Higher resilience","Decapterus macarellus","Decapterus macarellus","Cabo Verde","IMar - coleção de dados","Cavala","observado","zBRT_Higher resilience","Higher resilience","zBRT",1994,35,1989,2018,2023,1.70233074712162,1.13778308123843,1.39818490237513,0.918070110349278,0.436940736810444,0.639289460572039
"Decapterus macarellus_zBRT_Higher resilience","Decapterus macarellus","Decapterus macarellus","Cabo Verde","IMar - coleção de dados","Cavala","observado","zBRT_Higher resilience","Higher resilience","zBRT",1995,35,1989,2018,2023,1.69109690073755,1.11521418561171,1.38111902567949,0.968261988352898,0.457847704399114,0.674978600415213
"Decapterus macarellus_zBRT_Higher resilience","Decapterus macarellus","Decapterus macarellus","Cabo Verde","IMar - coleção de dados","Cavala","observado","zBRT_Higher resilience","Higher resilience","zBRT",1996,35,1989,2018,2023,1.65930857894605,1.09435574842689,1.36054226678299,1.14319898876441,0.545245722820016,0.798109890881124
"Decapterus macarellus_zBRT_Higher resilience","Decapterus macarellus","Decapterus macarellus","Cabo Verde","IMar - coleção de dados","Cavala","observado","zBRT_Higher resilience","Higher resilience","zBRT",1997,35,1989,2018,2023,1.59804633779899,1.04995219704506,1.30540541349018,1.40658611953715,0.691201103434194,1.0056860814734
"Decapterus macarellus_zBRT_Higher resilience","Decapterus macarellus","Decapterus macarellus","Cabo Verde","IMar - coleção de dados","Cavala","observado","zBRT_Higher resilience","Higher resilience","zBRT",1998,35,1989,2018,2023,1.5005326527891,0.971758765992912,1.20765266257357,1.62648323891009,0.800015646390319,1.15766426965705
"Decapterus macarellus_zBRT_Higher resilience","Decapterus macarellus","Decapterus macarellus","Cabo Verde","IMar - coleção de dados","Cavala","observado","zBRT_Higher resilience","Higher resilience","zBRT",1999,35,1989,2018,2023,1.39627269132824,0.863751179320908,1.09832602639249,1.65439602470298,0.803754693281594,1.16749504903186
"Decapterus macarellus_zBRT_Higher resilience","Decapterus macarellus","Decapterus macarellus","Cabo Verde","IMar - coleção de dados","Cavala","observado","zBRT_Higher resilience","Higher resilience","zBRT",2000,35,1989,2018,2023,1.31838570174208,0.791020454966173,1.02208383620424,1.47450828632191,0.704629442775904,1.03795869014168
"Decapterus macarellus_zBRT_Higher resilience","Decapterus macarellus","Decapterus macarellus","Cabo Verde","IMar - coleção de dados","Cavala","observado","zBRT_Higher resilience","Higher resilience","zBRT",2001,35,1989,2018,2023,1.31737376820505,0.766108449452356,1.00340291825845,1.35370433766116,0.629911226555793,0.94923452698549
"Decapterus macarellus_zBRT_Higher resilience","Decapterus macarellus","Decapterus macarellus","Cabo Verde","IMar - coleção de dados","Cavala","observado","zBRT_Higher resilience","Higher resilience","zBRT",2002,35,1989,2018,2023,1.32797427394607,0.771184960848727,1.00850037769987,1.3739778943659,0.64216013597915,0.960288262628109
"Decapterus macarellus_zBRT_Higher resilience","Decapterus macarellus","Decapterus macarellus","Cabo Verde","IMar - coleção de dados","Cavala","observado","zBRT_Higher resilience","Higher resilience","zBRT",2003,35,1989,2018,2023,1.32203286181195,0.771135261592638,1.00659679317856,1.38915046388937,0.643960325739854,0.97440001422798
"Decapterus macarellus_zBRT_Higher resilience","Decapterus macarellus","Decapterus macarellus","Cabo Verde","IMar - coleção de dados","Cavala","observado","zBRT_Higher resilience","Higher resilience","zBRT",2004,35,1989,2018,2023,1.31671920153908,0.77628469040222,1.00412576159785,1.43304063277151,0.678948933121028,1.00938203688422
"Decapterus macarellus_zBRT_Higher resilience","Decapterus macarellus","Decapterus macarellus","Cabo Verde","IMar - coleção de dados","Cavala","observado","zBRT_Higher resilience","Higher resilience","zBRT",2005,35,1989,2018,2023,1.29569383662099,0.773535221584928,0.992402665517674,1.59283009828486,0.783578057926177,1.15467064696101
"Decapterus macarellus_zBRT_Higher resilience","Decapterus macarellus","Decapterus macarellus","Cabo Verde","IMar - coleção de dados","Cavala","observado","zBRT_Higher resilience","Higher resilience","zBRT",2006,35,1989,2018,2023,1.22078669359338,0.750449885416991,0.946323147157622,1.85927550808076,0.94039550287731,1.3554760420195
"Decapterus macarellus_zBRT_Higher resilience","Decapterus macarellus","Decapterus macarellus","Cabo Verde","IMar - coleção de dados","Cavala","observado","zBRT_Higher resilience","Higher resilience","zBRT",2007,35,1989,2018,2023,1.12297213229291,0.684260053046316,0.86994853034513,2.03517374842339,1.07887590346857,1.51566303103212
"Decapterus macarellus_zBRT_Higher resilience","Decapterus macarellus","Decapterus macarellus","Cabo Verde","IMar - coleção de dados","Cavala","observado","zBRT_Higher resilience","Higher resilience","zBRT",2008,35,1989,2018,2023,1.00898858436625,0.62185219403199,0.782281887548927,2.05414756543878,1.1048975912172,1.54460786194081
"Decapterus macarellus_zBRT_Higher resilience","Decapterus macarellus","Decapterus macarellus","Cabo Verde","IMar - coleção de dados","Cavala","observado","zBRT_Higher resilience","Higher resilience","zBRT",2009,35,1989,2018,2023,0.920698353447803,0.567815007359676,0.714889013682313,1.94895022678766,1.06543256868789,1.47905187509121
"Decapterus macarellus_zBRT_Higher resilience","Decapterus macarellus","Decapterus macarellus","Cabo Verde","IMar - coleção de dados","Cavala","observado","zBRT_Higher resilience","Higher resilience","zBRT",2010,35,1989,2018,2023,0.858808793804599,0.542237775475099,0.675561084802171,1.98640394742885,1.11318159056669,1.51987713593597
"Decapterus macarellus_zBRT_Higher resilience","Decapterus macarellus","Decapterus macarellus","Cabo Verde","IMar - coleção de dados","Cavala","observado","zBRT_Higher resilience","Higher resilience","zBRT",2011,35,1989,2018,2023,0.799841966314571,0.52109817100437,0.638450406400747,2.26332641972046,1.32864741516951,1.75646303523651
"Decapterus macarellus_zBRT_Higher resilience","Decapterus macarellus","Decapterus macarellus","Cabo Verde","IMar - coleção de dados","Cavala","observado","zBRT_Higher resilience","Higher resilience","zBRT",2012,35,1989,2018,2023,0.703916428490701,0.477930664293237,0.572297536226146,2.58390644312483,1.59410293768603,2.04583175959137
"Decapterus macarellus_zBRT_Higher resilience","Decapterus macarellus","Decapterus macarellus","Cabo Verde","IMar - coleção de dados","Cavala","observado","zBRT_Higher resilience","Higher resilience","zBRT",2013,35,1989,2018,2023,0.580757620324448,0.414296025388668,0.484094028331673,2.85627099704127,1.75471061617624,2.25858157416094
"Decapterus macarellus_zBRT_Higher resilience","Decapterus macarellus","Decapterus macarellus","Cabo Verde","IMar - coleção de dados","Cavala","observado","zBRT_Higher resilience","Higher resilience","zBRT",2014,35,1989,2018,2023,0.469548142177922,0.342594753240814,0.400945908971227,3.0465062331146,1.75798100599178,2.34675942813589
"Decapterus macarellus_zBRT_Higher resilience","Decapterus macarellus","Decapterus macarellus","Cabo Verde","IMar - coleção de dados","Cavala","observado","zBRT_Higher resilience","Higher resilience","zBRT",2015,35,1989,2018,2023,0.411569254150111,0.291141762359929,0.341449123297179,2.90126475760432,1.46370337990584,2.13078466961355
"Decapterus macarellus_zBRT_Higher resilience","Decapterus macarellus","Decapterus macarellus","Cabo Verde","IMar - coleção de dados","Cavala","observado","zBRT_Higher resilience","Higher resilience","zBRT",2016,35,1989,2018,2023,0.397317901127794,0.260629406242128,0.313090435619561,2.698915529535,1.16672220027,1.86536902813592
"Decapterus macarellus_zBRT_Higher resilience","Decapterus macarellus","Decapterus macarellus","Cabo Verde","IMar - coleção de dados","Cavala","observado","zBRT_Higher resilience","Higher resilience","zBRT",2017,35,1989,2018,2023,0.407928878062456,0.243449359893047,0.302595013052664,2.7904365770809,0.994556319213382,1.80588197191543
"Decapterus macarellus_zBRT_Higher resilience","Decapterus macarellus","Decapterus macarellus","Cabo Verde","IMar - coleção de dados","Cavala","observado","zBRT_Higher resilience","Higher resilience","zBRT",2018,35,1989,2018,2023,0.443650628681482,0.225345488184442,0.296950925240316,3.26306791136171,0.796619771787684,1.85757038961902
"Decapterus macarellus_zBRT_Higher resilience","Decapterus macarellus","Decapterus macarellus","Cabo Verde","IMar - coleção de dados","Cavala","observado","zBRT_Higher resilience","Higher resilience","zBRT",2019,35,1989,2018,2023,0.49335421927754,0.195583093628242,0.28798390958591,4.00425433830464,0.641450788509633,1.82499581300533
"Decapterus macarellus_zBRT_Higher resilience","Decapterus macarellus","Decapterus macarellus","Cabo Verde","IMar - coleção de dados","Cavala","observado","zBRT_Higher resilience","Higher resilience","zBRT",2020,35,1989,2018,2023,0.576136093866817,0.159823981163295,0.283794016955758,4.45548988924794,0.392302326513779,1.40324727083444
"Decapterus macarellus_zBRT_Higher resilience","Decapterus macarellus","Decapterus macarellus","Cabo Verde","IMar - coleção de dados","Cavala","observado","zBRT_Higher resilience","Higher resilience","zBRT",2021,35,1989,2018,2023,0.686803801766062,0.129393280644776,0.295072825652204,4.43020940789008,0.201269057059224,0.836298162931669
"Decapterus macarellus_zBRT_Higher resilience","Decapterus macarellus","Decapterus macarellus","Cabo Verde","IMar - coleção de dados","Cavala","observado","zBRT_Higher resilience","Higher resilience","zBRT",2022,35,1989,2018,2023,0.833419425381654,0.110718163306735,0.330433753042076,4.69837357121342,0.12767749903637,0.509293662452407
"Decapterus macarellus_zBRT_Higher resilience","Decapterus macarellus","Decapterus macarellus","Cabo Verde","IMar - coleção de dados","Cavala","observado","zBRT_Higher resilience","Higher resilience","zBRT",2023,35,1989,2018,2023,0.991866525789225,0.0949312093444011,0.387535458690153,6.42983585722027,0.106870754474365,0.372342111460795
"Decapterus macarellus_zBRT_Non-informative_r","Decapterus macarellus","Decapterus macarellus","Cabo Verde","IMar - coleção de dados","Cavala","observado","zBRT_Non-informative_r","Non-informative_r","zBRT",1989,35,1989,2018,2023,1.48872023023835,1.11616183256729,1.29073886524311,1.03422704024295,0.433064423765567,0.67408706170555
"Decapterus macarellus_zBRT_Non-informative_r","Decapterus macarellus","Decapterus macarellus","Cabo Verde","IMar - coleção de dados","Cavala","observado","zBRT_Non-informative_r","Non-informative_r","zBRT",1990,35,1989,2018,2023,1.54977639031195,1.0580098011793,1.27909225389526,1.00528895557135,0.407459908194702,0.653139136703784
"Decapterus macarellus_zBRT_Non-informative_r","Decapterus macarellus","Decapterus macarellus","Cabo Verde","IMar - coleção de dados","Cavala","observado","zBRT_Non-informative_r","Non-informative_r","zBRT",1991,35,1989,2018,2023,1.58297779266709,1.017562786435,1.26807487868503,1.12096527690206,0.448603874813824,0.721176263675646
"Decapterus macarellus_zBRT_Non-informative_r","Decapterus macarellus","Decapterus macarellus","Cabo Verde","IMar - coleção de dados","Cavala","observado","zBRT_Non-informative_r","Non-informative_r","zBRT",1992,35,1989,2018,2023,1.59061712278141,0.974935377297949,1.25385968586311,1.30530945354708,0.516380758994904,0.83224900445657
"Decapterus macarellus_zBRT_Non-informative_r","Decapterus macarellus","Decapterus macarellus","Cabo Verde","IMar - coleção de dados","Cavala","observado","zBRT_Non-informative_r","Non-informative_r","zBRT",1993,35,1989,2018,2023,1.58078781011254,0.940671887081408,1.22728878537072,1.40232221851846,0.536747166588887,0.883249176335381
"Decapterus macarellus_zBRT_Non-informative_r","Decapterus macarellus","Decapterus macarellus","Cabo Verde","IMar - coleção de dados","Cavala","observado","zBRT_Non-informative_r","Non-informative_r","zBRT",1994,35,1989,2018,2023,1.56235664796041,0.900428605365691,1.19852784444266,1.44901873604983,0.551906950752105,0.906880902246868
"Decapterus macarellus_zBRT_Non-informative_r","Decapterus macarellus","Decapterus macarellus","Cabo Verde","IMar - coleção de dados","Cavala","observado","zBRT_Non-informative_r","Non-informative_r","zBRT",1995,35,1989,2018,2023,1.54024380038467,0.874439899078218,1.17187903505303,1.53539608317802,0.58273843781891,0.967433140071625
"Decapterus macarellus_zBRT_Non-informative_r","Decapterus macarellus","Decapterus macarellus","Cabo Verde","IMar - coleção de dados","Cavala","observado","zBRT_Non-informative_r","Non-informative_r","zBRT",1996,35,1989,2018,2023,1.51173948105048,0.841083075719585,1.14458615051979,1.82467560581421,0.703401669766551,1.1533247555616
"Decapterus macarellus_zBRT_Non-informative_r","Decapterus macarellus","Decapterus macarellus","Cabo Verde","IMar - coleção de dados","Cavala","observado","zBRT_Non-informative_r","Non-informative_r","zBRT",1997,35,1989,2018,2023,1.4865958761839,0.812316353918445,1.1035651931575,2.3164342094646,0.876998562534869,1.44896616942563
"Decapterus macarellus_zBRT_Non-informative_r","Decapterus macarellus","Decapterus macarellus","Cabo Verde","IMar - coleção de dados","Cavala","observado","zBRT_Non-informative_r","Non-informative_r","zBRT",1998,35,1989,2018,2023,1.42169710949072,0.764070524706557,1.05045745584749,2.50342098212856,0.978777747680125,1.63142330574262
"Decapterus macarellus_zBRT_Non-informative_r","Decapterus macarellus","Decapterus macarellus","Cabo Verde","IMar - coleção de dados","Cavala","observado","zBRT_Non-informative_r","Non-informative_r","zBRT",1999,35,1989,2018,2023,1.35973058444258,0.723467994204174,0.988707183125001,2.47882182016944,0.946172095192532,1.58218269765723
"Decapterus macarellus_zBRT_Non-informative_r","Decapterus macarellus","Decapterus macarellus","Cabo Verde","IMar - coleção de dados","Cavala","observado","zBRT_Non-informative_r","Non-informative_r","zBRT",2000,35,1989,2018,2023,1.28818294813778,0.679888710674097,0.940052001342488,2.17482531963219,0.830304308408116,1.38196295175901
"Decapterus macarellus_zBRT_Non-informative_r","Decapterus macarellus","Decapterus macarellus","Cabo Verde","IMar - coleção de dados","Cavala","observado","zBRT_Non-informative_r","Non-informative_r","zBRT",2001,35,1989,2018,2023,1.25182837168075,0.653662869187,0.906817675745432,1.98151613384262,0.765284138143992,1.27993296995213
"Decapterus macarellus_zBRT_Non-informative_r","Decapterus macarellus","Decapterus macarellus","Cabo Verde","IMar - coleção de dados","Cavala","observado","zBRT_Non-informative_r","Non-informative_r","zBRT",2002,35,1989,2018,2023,1.21214625753935,0.636154668834472,0.884318052781281,2.12152417245309,0.81066234831207,1.33181530065942
"Decapterus macarellus_zBRT_Non-informative_r","Decapterus macarellus","Decapterus macarellus","Cabo Verde","IMar - coleção de dados","Cavala","observado","zBRT_Non-informative_r","Non-informative_r","zBRT",2003,35,1989,2018,2023,1.17181653227703,0.616372136322432,0.859052269449416,2.18335306407211,0.844893842379337,1.39527529397726
"Decapterus macarellus_zBRT_Non-informative_r","Decapterus macarellus","Decapterus macarellus","Cabo Verde","IMar - coleção de dados","Cavala","observado","zBRT_Non-informative_r","Non-informative_r","zBRT",2004,35,1989,2018,2023,1.14366657872197,0.605847937019052,0.832640886712072,2.31438569401285,0.892411714197197,1.4838792893301
"Decapterus macarellus_zBRT_Non-informative_r","Decapterus macarellus","Decapterus macarellus","Cabo Verde","IMar - coleção de dados","Cavala","observado","zBRT_Non-informative_r","Non-informative_r","zBRT",2005,35,1989,2018,2023,1.10968450456366,0.590082011375881,0.806545797675961,2.66712360771555,1.0401138796815,1.71325606452864
"Decapterus macarellus_zBRT_Non-informative_r","Decapterus macarellus","Decapterus macarellus","Cabo Verde","IMar - coleção de dados","Cavala","observado","zBRT_Non-informative_r","Non-informative_r","zBRT",2006,35,1989,2018,2023,1.05398733510507,0.568596886292445,0.767514849316276,3.09627036512076,1.23224811603478,2.01887892398433
"Decapterus macarellus_zBRT_Non-informative_r","Decapterus macarellus","Decapterus macarellus","Cabo Verde","IMar - coleção de dados","Cavala","observado","zBRT_Non-informative_r","Non-informative_r","zBRT",2007,35,1989,2018,2023,0.98751576584836,0.533903005008952,0.719866612881057,3.38554445220144,1.34725958754359,2.20023799932203
"Decapterus macarellus_zBRT_Non-informative_r","Decapterus macarellus","Decapterus macarellus","Cabo Verde","IMar - coleção de dados","Cavala","observado","zBRT_Non-informative_r","Non-informative_r","zBRT",2008,35,1989,2018,2023,0.92726030016137,0.502633223118139,0.668912505330713,3.35386445717876,1.32847533738162,2.17268264044269
"Decapterus macarellus_zBRT_Non-informative_r","Decapterus macarellus","Decapterus macarellus","Cabo Verde","IMar - coleção de dados","Cavala","observado","zBRT_Non-informative_r","Non-informative_r","zBRT",2009,35,1989,2018,2023,0.869419296797754,0.471257653859845,0.624159867583517,3.1762112553344,1.24844615499938,2.02939175181839
"Decapterus macarellus_zBRT_Non-informative_r","Decapterus macarellus","Decapterus macarellus","Cabo Verde","IMar - coleção de dados","Cavala","observado","zBRT_Non-informative_r","Non-informative_r","zBRT",2010,35,1989,2018,2023,0.829467103371882,0.44694975034049,0.591328729708227,3.3332684321911,1.26985203964695,2.09355808811258
"Decapterus macarellus_zBRT_Non-informative_r","Decapterus macarellus","Decapterus macarellus","Cabo Verde","IMar - coleção de dados","Cavala","observado","zBRT_Non-informative_r","Non-informative_r","zBRT",2011,35,1989,2018,2023,0.787531478945374,0.421914345084086,0.558154233874839,3.89232717853708,1.46398146355365,2.42875208254586
"Decapterus macarellus_zBRT_Non-informative_r","Decapterus macarellus","Decapterus macarellus","Cabo Verde","IMar - coleção de dados","Cavala","observado","zBRT_Non-informative_r","Non-informative_r","zBRT",2012,35,1989,2018,2023,0.737964325251957,0.386669873831035,0.516054732156779,4.76330591032686,1.62120095063333,2.80531693368203
"Decapterus macarellus_zBRT_Non-informative_r","Decapterus macarellus","Decapterus macarellus","Cabo Verde","IMar - coleção de dados","Cavala","observado","zBRT_Non-informative_r","Non-informative_r","zBRT",2013,35,1989,2018,2023,0.687137099116152,0.342031479246989,0.467832929845595,5.40478107919523,1.56242658784266,2.91436369617308
"Decapterus macarellus_zBRT_Non-informative_r","Decapterus macarellus","Decapterus macarellus","Cabo Verde","IMar - coleção de dados","Cavala","observado","zBRT_Non-informative_r","Non-informative_r","zBRT",2014,35,1989,2018,2023,0.655258878573425,0.300867120139608,0.424477095166445,5.08895935899336,1.22445730799089,2.53634445265972
"Decapterus macarellus_zBRT_Non-informative_r","Decapterus macarellus","Decapterus macarellus","Cabo Verde","IMar - coleção de dados","Cavala","observado","zBRT_Non-informative_r","Non-informative_r","zBRT",2015,35,1989,2018,2023,0.636973311387349,0.269110611547243,0.397740494033224,4.27548688930887,0.816605929813148,1.90806196456763
"Decapterus macarellus_zBRT_Non-informative_r","Decapterus macarellus","Decapterus macarellus","Cabo Verde","IMar - coleção de dados","Cavala","observado","zBRT_Non-informative_r","Non-informative_r","zBRT",2016,35,1989,2018,2023,0.631383997855941,0.252414392580956,0.386177286396752,3.66037165502485,0.601810729784629,1.47624493708691
"Decapterus macarellus_zBRT_Non-informative_r","Decapterus macarellus","Decapterus macarellus","Cabo Verde","IMar - coleção de dados","Cavala","observado","zBRT_Non-informative_r","Non-informative_r","zBRT",2017,35,1989,2018,2023,0.636353509732367,0.238308601893186,0.385459748089823,3.67126148465116,0.545085948479315,1.35196353662247
"Decapterus macarellus_zBRT_Non-informative_r","Decapterus macarellus","Decapterus macarellus","Cabo Verde","IMar - coleção de dados","Cavala","observado","zBRT_Non-informative_r","Non-informative_r","zBRT",2018,35,1989,2018,2023,0.646173161560654,0.22826945746672,0.385553416578862,3.97717822185795,0.516241055092998,1.31520228867258
"Decapterus macarellus_zBRT_Non-informative_r","Decapterus macarellus","Decapterus macarellus","Cabo Verde","IMar - coleção de dados","Cavala","observado","zBRT_Non-informative_r","Non-informative_r","zBRT",2019,35,1989,2018,2023,0.672118179171351,0.21431020874152,0.3904634892817,4.15424821053668,0.459615807802858,1.19343370882821
"Decapterus macarellus_zBRT_Non-informative_r","Decapterus macarellus","Decapterus macarellus","Cabo Verde","IMar - coleção de dados","Cavala","observado","zBRT_Non-informative_r","Non-informative_r","zBRT",2020,35,1989,2018,2023,0.702160850364805,0.202390716055259,0.394989977266046,3.42769974936711,0.329455374950502,0.874683552304043
"Decapterus macarellus_zBRT_Non-informative_r","Decapterus macarellus","Decapterus macarellus","Cabo Verde","IMar - coleção de dados","Cavala","observado","zBRT_Non-informative_r","Non-informative_r","zBRT",2021,35,1989,2018,2023,0.737308677167095,0.194538827509986,0.407796230872763,2.38693487290163,0.197810064798036,0.526304196104937
"Decapterus macarellus_zBRT_Non-informative_r","Decapterus macarellus","Decapterus macarellus","Cabo Verde","IMar - coleção de dados","Cavala","observado","zBRT_Non-informative_r","Non-informative_r","zBRT",2022,35,1989,2018,2023,0.7878759071065,0.192544798141278,0.428414174812268,1.94838546385784,0.140742430055026,0.365716811230584
"Decapterus macarellus_zBRT_Non-informative_r","Decapterus macarellus","Decapterus macarellus","Cabo Verde","IMar - coleção de dados","Cavala","observado","zBRT_Non-informative_r","Non-informative_r","zBRT",2023,35,1989,2018,2023,0.838371603178255,0.192150131759854,0.454071689652408,1.93018323581504,0.132199439901367,0.330061335101592
"Decapterus macarellus_Target_switch_Euler-lotka methods","Decapterus macarellus","Decapterus macarellus","Cabo Verde","IMar - coleção de dados","Cavala","observado","Target_switch_Euler-lotka methods","Euler-lotka methods","Target_switch",1989,35,1989,2018,2023,1.50844749422391,1.14364410100067,1.31907353564371,0.867802604799369,0.409679899301777,0.604521492224019
"Decapterus macarellus_Target_switch_Euler-lotka methods","Decapterus macarellus","Decapterus macarellus","Cabo Verde","IMar - coleção de dados","Cavala","observado","Target_switch_Euler-lotka methods","Euler-lotka methods","Target_switch",1990,35,1989,2018,2023,1.57747063851689,1.11171623853527,1.32708543435353,0.845045968732143,0.391192488001201,0.574819573706825
"Decapterus macarellus_Target_switch_Euler-lotka methods","Decapterus macarellus","Decapterus macarellus","Cabo Verde","IMar - coleção de dados","Cavala","observado","Target_switch_Euler-lotka methods","Euler-lotka methods","Target_switch",1991,35,1989,2018,2023,1.62147298162558,1.10369137280019,1.33815097915681,0.917298182883119,0.416695209855924,0.620754507819227
"Decapterus macarellus_Target_switch_Euler-lotka methods","Decapterus macarellus","Decapterus macarellus","Cabo Verde","IMar - coleção de dados","Cavala","observado","Target_switch_Euler-lotka methods","Euler-lotka methods","Target_switch",1992,35,1989,2018,2023,1.65531164159146,1.09309003892754,1.33938504699907,1.03965485391543,0.460993040079383,0.708507889028862
"Decapterus macarellus_Target_switch_Euler-lotka methods","Decapterus macarellus","Decapterus macarellus","Cabo Verde","IMar - coleção de dados","Cavala","observado","Target_switch_Euler-lotka methods","Euler-lotka methods","Target_switch",1993,35,1989,2018,2023,1.65933503517681,1.07280909867358,1.32275745451037,1.10217576828554,0.484434433467185,0.73865600580192
"Decapterus macarellus_Target_switch_Euler-lotka methods","Decapterus macarellus","Decapterus macarellus","Cabo Verde","IMar - coleção de dados","Cavala","observado","Target_switch_Euler-lotka methods","Euler-lotka methods","Target_switch",1994,35,1989,2018,2023,1.65581926419266,1.04078081386147,1.30791334011202,1.12712327186219,0.488117381698887,0.754496872933366
"Decapterus macarellus_Target_switch_Euler-lotka methods","Decapterus macarellus","Decapterus macarellus","Cabo Verde","IMar - coleção de dados","Cavala","observado","Target_switch_Euler-lotka methods","Euler-lotka methods","Target_switch",1995,35,1989,2018,2023,1.63017434538019,1.0164874418362,1.29203731590612,1.20173825256848,0.521672918816149,0.803653365890168
"Decapterus macarellus_Target_switch_Euler-lotka methods","Decapterus macarellus","Decapterus macarellus","Cabo Verde","IMar - coleção de dados","Cavala","observado","Target_switch_Euler-lotka methods","Euler-lotka methods","Target_switch",1996,35,1989,2018,2023,1.61403821739783,1.00313782093197,1.26811635468772,1.4186000902701,0.628832992871051,0.950448949506058
"Decapterus macarellus_Target_switch_Euler-lotka methods","Decapterus macarellus","Decapterus macarellus","Cabo Verde","IMar - coleção de dados","Cavala","observado","Target_switch_Euler-lotka methods","Euler-lotka methods","Target_switch",1997,35,1989,2018,2023,1.57599706737815,0.961916199093818,1.22658777379186,1.7565039977597,0.785050539751133,1.18991938449389
"Decapterus macarellus_Target_switch_Euler-lotka methods","Decapterus macarellus","Decapterus macarellus","Cabo Verde","IMar - coleção de dados","Cavala","observado","Target_switch_Euler-lotka methods","Euler-lotka methods","Target_switch",1998,35,1989,2018,2023,1.49262156292737,0.903471621692272,1.15882481917224,1.94931863547211,0.883224672943735,1.35118888895736
"Decapterus macarellus_Target_switch_Euler-lotka methods","Decapterus macarellus","Decapterus macarellus","Cabo Verde","IMar - coleção de dados","Cavala","observado","Target_switch_Euler-lotka methods","Euler-lotka methods","Target_switch",1999,35,1989,2018,2023,1.4087501161136,0.829647648876381,1.07662128628418,1.93854157784228,0.861741692399043,1.31981632887223
"Decapterus macarellus_Target_switch_Euler-lotka methods","Decapterus macarellus","Decapterus macarellus","Cabo Verde","IMar - coleção de dados","Cavala","observado","Target_switch_Euler-lotka methods","Euler-lotka methods","Target_switch",2000,35,1989,2018,2023,1.33553890754362,0.777816944143374,1.01536860368729,1.6901648378938,0.765387577123505,1.16487260321834
"Decapterus macarellus_Target_switch_Euler-lotka methods","Decapterus macarellus","Decapterus macarellus","Cabo Verde","IMar - coleção de dados","Cavala","observado","Target_switch_Euler-lotka methods","Euler-lotka methods","Target_switch",2001,35,1989,2018,2023,1.2960222516155,0.753978153476854,0.986714468450907,1.5781153711175,0.696862438078128,1.07595190969538
"Decapterus macarellus_Target_switch_Euler-lotka methods","Decapterus macarellus","Decapterus macarellus","Cabo Verde","IMar - coleção de dados","Cavala","observado","Target_switch_Euler-lotka methods","Euler-lotka methods","Target_switch",2002,35,1989,2018,2023,1.2639575452746,0.743310781653832,0.967699211474596,1.61358472061249,0.72636115330724,1.10962312404262
"Decapterus macarellus_Target_switch_Euler-lotka methods","Decapterus macarellus","Decapterus macarellus","Cabo Verde","IMar - coleção de dados","Cavala","observado","Target_switch_Euler-lotka methods","Euler-lotka methods","Target_switch",2003,35,1989,2018,2023,1.23436676706161,0.730971650014898,0.950426116520672,1.67180719584138,0.774277203413478,1.15385820634
"Decapterus macarellus_Target_switch_Euler-lotka methods","Decapterus macarellus","Decapterus macarellus","Cabo Verde","IMar - coleção de dados","Cavala","observado","Target_switch_Euler-lotka methods","Euler-lotka methods","Target_switch",2004,35,1989,2018,2023,1.20328788886666,0.715419854078262,0.927858180963577,1.7734066082296,0.816543261773329,1.2265493460686
"Decapterus macarellus_Target_switch_Euler-lotka methods","Decapterus macarellus","Decapterus macarellus","Cabo Verde","IMar - coleção de dados","Cavala","observado","Target_switch_Euler-lotka methods","Euler-lotka methods","Target_switch",2005,35,1989,2018,2023,1.16634828169674,0.698378468900324,0.899864207785658,2.01102614566275,0.96387667778522,1.40601049429365
"Decapterus macarellus_Target_switch_Euler-lotka methods","Decapterus macarellus","Decapterus macarellus","Cabo Verde","IMar - coleção de dados","Cavala","observado","Target_switch_Euler-lotka methods","Euler-lotka methods","Target_switch",2006,35,1989,2018,2023,1.09308134738569,0.677203986454424,0.857413896375471,2.34167927935117,1.13120643887229,1.66453355136039
"Decapterus macarellus_Target_switch_Euler-lotka methods","Decapterus macarellus","Decapterus macarellus","Cabo Verde","IMar - coleção de dados","Cavala","observado","Target_switch_Euler-lotka methods","Euler-lotka methods","Target_switch",2007,35,1989,2018,2023,1.0162166950272,0.630385686773659,0.794761083342383,2.57100195296927,1.27314233995162,1.83292627710908
"Decapterus macarellus_Target_switch_Euler-lotka methods","Decapterus macarellus","Decapterus macarellus","Cabo Verde","IMar - coleção de dados","Cavala","observado","Target_switch_Euler-lotka methods","Euler-lotka methods","Target_switch",2008,35,1989,2018,2023,0.927228136224462,0.583960752795892,0.727126404955177,2.53972026397745,1.27782593419776,1.82844733441235
"Decapterus macarellus_Target_switch_Euler-lotka methods","Decapterus macarellus","Decapterus macarellus","Cabo Verde","IMar - coleção de dados","Cavala","observado","Target_switch_Euler-lotka methods","Euler-lotka methods","Target_switch",2009,35,1989,2018,2023,0.86145732854108,0.538241830023726,0.671148672016226,2.40666549552185,1.19929386400808,1.72730134784944
"Decapterus macarellus_Target_switch_Euler-lotka methods","Decapterus macarellus","Decapterus macarellus","Cabo Verde","IMar - coleção de dados","Cavala","observado","Target_switch_Euler-lotka methods","Euler-lotka methods","Target_switch",2010,35,1989,2018,2023,0.810479017834016,0.511639762494839,0.63523699783518,2.50811760792553,1.24633592746896,1.79429000194477
"Decapterus macarellus_Target_switch_Euler-lotka methods","Decapterus macarellus","Decapterus macarellus","Cabo Verde","IMar - coleção de dados","Cavala","observado","Target_switch_Euler-lotka methods","Euler-lotka methods","Target_switch",2011,35,1989,2018,2023,0.754606580828354,0.487472225743032,0.594998865913942,2.88276976505101,1.4649931622363,2.07468285978026
"Decapterus macarellus_Target_switch_Euler-lotka methods","Decapterus macarellus","Decapterus macarellus","Cabo Verde","IMar - coleção de dados","Cavala","observado","Target_switch_Euler-lotka methods","Euler-lotka methods","Target_switch",2012,35,1989,2018,2023,0.684414996451153,0.447340742224162,0.540558161892862,3.38415016724064,1.68073447136917,2.39390540638221
"Decapterus macarellus_Target_switch_Euler-lotka methods","Decapterus macarellus","Decapterus macarellus","Cabo Verde","IMar - coleção de dados","Cavala","observado","Target_switch_Euler-lotka methods","Euler-lotka methods","Target_switch",2013,35,1989,2018,2023,0.611702164745756,0.388061698904459,0.476732111914526,3.80029857636206,1.73263091816585,2.55131641300383
"Decapterus macarellus_Target_switch_Euler-lotka methods","Decapterus macarellus","Decapterus macarellus","Cabo Verde","IMar - coleção de dados","Cavala","observado","Target_switch_Euler-lotka methods","Euler-lotka methods","Target_switch",2014,35,1989,2018,2023,0.552661247780055,0.32619575679683,0.417771569210787,3.97072663567706,1.4211299372996,2.39940150897047
"Decapterus macarellus_Target_switch_Euler-lotka methods","Decapterus macarellus","Decapterus macarellus","Cabo Verde","IMar - coleção de dados","Cavala","observado","Target_switch_Euler-lotka methods","Euler-lotka methods","Target_switch",2015,35,1989,2018,2023,0.526952636832738,0.277981795014658,0.380057273625947,3.65920783889319,0.990637250012953,1.90483409692568
"Decapterus macarellus_Target_switch_Euler-lotka methods","Decapterus macarellus","Decapterus macarellus","Cabo Verde","IMar - coleção de dados","Cavala","observado","Target_switch_Euler-lotka methods","Euler-lotka methods","Target_switch",2016,35,1989,2018,2023,0.535994236434609,0.249535437870856,0.367936129164581,3.36145909304966,0.709668293100771,1.50787001112908
"Decapterus macarellus_Target_switch_Euler-lotka methods","Decapterus macarellus","Decapterus macarellus","Cabo Verde","IMar - coleção de dados","Cavala","observado","Target_switch_Euler-lotka methods","Euler-lotka methods","Target_switch",2017,35,1989,2018,2023,0.565847709663562,0.230723422596068,0.369972560111435,3.54117787867009,0.592189489438403,1.33286672535219
"Decapterus macarellus_Target_switch_Euler-lotka methods","Decapterus macarellus","Decapterus macarellus","Cabo Verde","IMar - coleção de dados","Cavala","observado","Target_switch_Euler-lotka methods","Euler-lotka methods","Target_switch",2018,35,1989,2018,2023,0.603059678869295,0.209886447964084,0.379032691232969,4.20420113833228,0.535158866867117,1.25721928546462
"Decapterus macarellus_Target_switch_Euler-lotka methods","Decapterus macarellus","Decapterus macarellus","Cabo Verde","IMar - coleção de dados","Cavala","observado","Target_switch_Euler-lotka methods","Euler-lotka methods","Target_switch",2019,35,1989,2018,2023,0.657805499034914,0.18517729027177,0.389660125379426,5.01115911777033,0.449787960595117,1.10669485602133
"Decapterus macarellus_Target_switch_Euler-lotka methods","Decapterus macarellus","Decapterus macarellus","Cabo Verde","IMar - coleção de dados","Cavala","observado","Target_switch_Euler-lotka methods","Euler-lotka methods","Target_switch",2020,35,1989,2018,2023,0.72973088798411,0.157802814763037,0.406740682352994,4.94313043695572,0.306237618623326,0.759061672847933
"Decapterus macarellus_Target_switch_Euler-lotka methods","Decapterus macarellus","Decapterus macarellus","Cabo Verde","IMar - coleção de dados","Cavala","observado","Target_switch_Euler-lotka methods","Euler-lotka methods","Target_switch",2021,35,1989,2018,2023,0.810090479553986,0.140645459145493,0.437697725485184,4.05044616306148,0.172273616346184,0.420854555895898
"Decapterus macarellus_Target_switch_Euler-lotka methods","Decapterus macarellus","Decapterus macarellus","Cabo Verde","IMar - coleção de dados","Cavala","observado","Target_switch_Euler-lotka methods","Euler-lotka methods","Target_switch",2022,35,1989,2018,2023,0.904939946278683,0.129160544569682,0.487742566943768,3.64487848405161,0.116368102267451,0.266870815974432
"Decapterus macarellus_Target_switch_Euler-lotka methods","Decapterus macarellus","Decapterus macarellus","Cabo Verde","IMar - coleção de dados","Cavala","observado","Target_switch_Euler-lotka methods","Euler-lotka methods","Target_switch",2023,35,1989,2018,2023,1.00273907508799,0.120846513723405,0.555173185917759,4.29499870926294,0.104925475966046,0.228520515609581
"Decapterus macarellus_Target_switch_lower resilience","Decapterus macarellus","Decapterus macarellus","Cabo Verde","IMar - coleção de dados","Cavala","observado","Target_switch_lower resilience","lower resilience","Target_switch",1989,35,1989,2018,2023,1.48939672498583,1.09957721606644,1.28285065485811,0.969653627564027,0.365884979232473,0.599355176294568
"Decapterus macarellus_Target_switch_lower resilience","Decapterus macarellus","Decapterus macarellus","Cabo Verde","IMar - coleção de dados","Cavala","observado","Target_switch_lower resilience","lower resilience","Target_switch",1990,35,1989,2018,2023,1.55515705072261,1.01424841280667,1.25636984812447,0.959717912818418,0.347322861308108,0.591600074338738
"Decapterus macarellus_Target_switch_lower resilience","Decapterus macarellus","Decapterus macarellus","Cabo Verde","IMar - coleção de dados","Cavala","observado","Target_switch_lower resilience","lower resilience","Target_switch",1991,35,1989,2018,2023,1.58446907327104,0.960698043750789,1.22970683927148,1.0777802900852,0.380149960923942,0.659468452995658
"Decapterus macarellus_Target_switch_lower resilience","Decapterus macarellus","Decapterus macarellus","Cabo Verde","IMar - coleção de dados","Cavala","observado","Target_switch_lower resilience","lower resilience","Target_switch",1992,35,1989,2018,2023,1.60998374912628,0.913452432133211,1.19724925942502,1.28205583493323,0.430456563864244,0.765424291532423
"Decapterus macarellus_Target_switch_lower resilience","Decapterus macarellus","Decapterus macarellus","Cabo Verde","IMar - coleção de dados","Cavala","observado","Target_switch_lower resilience","lower resilience","Target_switch",1993,35,1989,2018,2023,1.60372979250626,0.865575017678558,1.167171876416,1.38645899950211,0.452997734742623,0.818555462661461
"Decapterus macarellus_Target_switch_lower resilience","Decapterus macarellus","Decapterus macarellus","Cabo Verde","IMar - coleção de dados","Cavala","observado","Target_switch_lower resilience","lower resilience","Target_switch",1994,35,1989,2018,2023,1.58650710529605,0.817696982100787,1.13359970930863,1.42648398637846,0.47280912689743,0.844896585580504
"Decapterus macarellus_Target_switch_lower resilience","Decapterus macarellus","Decapterus macarellus","Cabo Verde","IMar - coleção de dados","Cavala","observado","Target_switch_lower resilience","lower resilience","Target_switch",1995,35,1989,2018,2023,1.57512345869764,0.785779748759323,1.09982746120026,1.56920941516579,0.502247528207508,0.918204455943002
"Decapterus macarellus_Target_switch_lower resilience","Decapterus macarellus","Decapterus macarellus","Cabo Verde","IMar - coleção de dados","Cavala","observado","Target_switch_lower resilience","lower resilience","Target_switch",1996,35,1989,2018,2023,1.55255265062235,0.751017010331828,1.0674710898772,1.89675107701456,0.583898566789,1.10660895665865
"Decapterus macarellus_Target_switch_lower resilience","Decapterus macarellus","Decapterus macarellus","Cabo Verde","IMar - coleção de dados","Cavala","observado","Target_switch_lower resilience","lower resilience","Target_switch",1997,35,1989,2018,2023,1.51520186040862,0.716812638582706,1.02732403236714,2.3668760853773,0.718894075944305,1.38659946314824
"Decapterus macarellus_Target_switch_lower resilience","Decapterus macarellus","Decapterus macarellus","Cabo Verde","IMar - coleção de dados","Cavala","observado","Target_switch_lower resilience","lower resilience","Target_switch",1998,35,1989,2018,2023,1.49467128052252,0.674831891255786,0.985069472070139,2.67987724781346,0.79746491457716,1.55655128791074
"Decapterus macarellus_Target_switch_lower resilience","Decapterus macarellus","Decapterus macarellus","Cabo Verde","IMar - coleção de dados","Cavala","observado","Target_switch_lower resilience","lower resilience","Target_switch",1999,35,1989,2018,2023,1.45566855886606,0.631797781394775,0.939478664847699,2.54695605013178,0.74958589791874,1.48392807958442
"Decapterus macarellus_Target_switch_lower resilience","Decapterus macarellus","Decapterus macarellus","Cabo Verde","IMar - coleção de dados","Cavala","observado","Target_switch_lower resilience","lower resilience","Target_switch",2000,35,1989,2018,2023,1.41491237467208,0.601463753803979,0.899010964701912,2.23189715940091,0.650483027608813,1.29366242466568
"Decapterus macarellus_Target_switch_lower resilience","Decapterus macarellus","Decapterus macarellus","Cabo Verde","IMar - coleção de dados","Cavala","observado","Target_switch_lower resilience","lower resilience","Target_switch",2001,35,1989,2018,2023,1.35627150425171,0.570329667912884,0.866027320406476,2.11525091333485,0.598542848785085,1.18661330318262
"Decapterus macarellus_Target_switch_lower resilience","Decapterus macarellus","Decapterus macarellus","Cabo Verde","IMar - coleção de dados","Cavala","observado","Target_switch_lower resilience","lower resilience","Target_switch",2002,35,1989,2018,2023,1.31562288228068,0.553800429609722,0.842949909853231,2.23725678966483,0.62560575169038,1.24762663876099
"Decapterus macarellus_Target_switch_lower resilience","Decapterus macarellus","Decapterus macarellus","Cabo Verde","IMar - coleção de dados","Cavala","observado","Target_switch_lower resilience","lower resilience","Target_switch",2003,35,1989,2018,2023,1.26954147713875,0.52894947754965,0.816432056468972,2.28014972098472,0.650325406094931,1.31219338006368
"Decapterus macarellus_Target_switch_lower resilience","Decapterus macarellus","Decapterus macarellus","Cabo Verde","IMar - coleção de dados","Cavala","observado","Target_switch_lower resilience","lower resilience","Target_switch",2004,35,1989,2018,2023,1.2407783371988,0.515137222638337,0.788405500796035,2.47175733439257,0.682906801779628,1.39441176962913
"Decapterus macarellus_Target_switch_lower resilience","Decapterus macarellus","Decapterus macarellus","Cabo Verde","IMar - coleção de dados","Cavala","observado","Target_switch_lower resilience","lower resilience","Target_switch",2005,35,1989,2018,2023,1.19175270840648,0.500749935705888,0.764304460639124,2.88644843825323,0.82520835843425,1.61809276933927
"Decapterus macarellus_Target_switch_lower resilience","Decapterus macarellus","Decapterus macarellus","Cabo Verde","IMar - coleção de dados","Cavala","observado","Target_switch_lower resilience","lower resilience","Target_switch",2006,35,1989,2018,2023,1.12838684037669,0.475139274420286,0.733775001720009,3.40764499754163,0.962697353121541,1.89513823891614
"Decapterus macarellus_Target_switch_lower resilience","Decapterus macarellus","Decapterus macarellus","Cabo Verde","IMar - coleção de dados","Cavala","observado","Target_switch_lower resilience","lower resilience","Target_switch",2007,35,1989,2018,2023,1.07008004188327,0.453976541804853,0.696192958242262,3.84468251228652,1.05490544471673,2.05723770852013
"Decapterus macarellus_Target_switch_lower resilience","Decapterus macarellus","Decapterus macarellus","Cabo Verde","IMar - coleção de dados","Cavala","observado","Target_switch_lower resilience","lower resilience","Target_switch",2008,35,1989,2018,2023,1.02155351248618,0.424764710732785,0.658604257367708,3.75951737448681,0.987788431358705,1.97285073769612
"Decapterus macarellus_Target_switch_lower resilience","Decapterus macarellus","Decapterus macarellus","Cabo Verde","IMar - coleção de dados","Cavala","observado","Target_switch_lower resilience","lower resilience","Target_switch",2009,35,1989,2018,2023,0.987543108675645,0.402517197169091,0.625998866355814,3.61624203435029,0.897735973377539,1.82291378405964
"Decapterus macarellus_Target_switch_lower resilience","Decapterus macarellus","Decapterus macarellus","Cabo Verde","IMar - coleção de dados","Cavala","observado","Target_switch_lower resilience","lower resilience","Target_switch",2010,35,1989,2018,2023,0.938511291773176,0.384676316303266,0.601939163149536,3.88893073540086,0.897486450474728,1.84937285191745
"Decapterus macarellus_Target_switch_lower resilience","Decapterus macarellus","Decapterus macarellus","Cabo Verde","IMar - coleção de dados","Cavala","observado","Target_switch_lower resilience","lower resilience","Target_switch",2011,35,1989,2018,2023,0.901806583396878,0.366246587972665,0.577464966788207,4.56398649632407,1.01926041368222,2.09883844677502
"Decapterus macarellus_Target_switch_lower resilience","Decapterus macarellus","Decapterus macarellus","Cabo Verde","IMar - coleção de dados","Cavala","observado","Target_switch_lower resilience","lower resilience","Target_switch",2012,35,1989,2018,2023,0.86935157046052,0.34494305067497,0.550787774533292,5.39971020538495,1.10506272409401,2.35026525167055
"Decapterus macarellus_Target_switch_lower resilience","Decapterus macarellus","Decapterus macarellus","Cabo Verde","IMar - coleção de dados","Cavala","observado","Target_switch_lower resilience","lower resilience","Target_switch",2013,35,1989,2018,2023,0.832544240729618,0.320660434650286,0.520163632159245,5.56208018898485,1.01839343743831,2.24232639600128
"Decapterus macarellus_Target_switch_lower resilience","Decapterus macarellus","Decapterus macarellus","Cabo Verde","IMar - coleção de dados","Cavala","observado","Target_switch_lower resilience","lower resilience","Target_switch",2014,35,1989,2018,2023,0.79924881671272,0.294461776835168,0.496523563963439,4.99778134459268,0.791060039788217,1.75526429836395
"Decapterus macarellus_Target_switch_lower resilience","Decapterus macarellus","Decapterus macarellus","Cabo Verde","IMar - coleção de dados","Cavala","observado","Target_switch_lower resilience","lower resilience","Target_switch",2015,35,1989,2018,2023,0.771260371333588,0.275671724906363,0.484543760417808,3.74473594035928,0.537268794429977,1.20017123922796
"Decapterus macarellus_Target_switch_lower resilience","Decapterus macarellus","Decapterus macarellus","Cabo Verde","IMar - coleção de dados","Cavala","observado","Target_switch_lower resilience","lower resilience","Target_switch",2016,35,1989,2018,2023,0.758925502318193,0.268294366990013,0.479927167308152,2.98900956695184,0.401698514513958,0.90069266955471
"Decapterus macarellus_Target_switch_lower resilience","Decapterus macarellus","Decapterus macarellus","Cabo Verde","IMar - coleção de dados","Cavala","observado","Target_switch_lower resilience","lower resilience","Target_switch",2017,35,1989,2018,2023,0.758386681948607,0.262096041473218,0.482171234976203,2.80076699775368,0.371259784145,0.806520042530709
"Decapterus macarellus_Target_switch_lower resilience","Decapterus macarellus","Decapterus macarellus","Cabo Verde","IMar - coleção de dados","Cavala","observado","Target_switch_lower resilience","lower resilience","Target_switch",2018,35,1989,2018,2023,0.750726291071012,0.253740443809882,0.482179150332635,2.8926272193086,0.362493328800443,0.780798462636886
"Decapterus macarellus_Target_switch_lower resilience","Decapterus macarellus","Decapterus macarellus","Cabo Verde","IMar - coleção de dados","Cavala","observado","Target_switch_lower resilience","lower resilience","Target_switch",2019,35,1989,2018,2023,0.777947463726716,0.249027781541242,0.491469114149911,2.85893351563974,0.324535185940478,0.711005775864229
"Decapterus macarellus_Target_switch_lower resilience","Decapterus macarellus","Decapterus macarellus","Cabo Verde","IMar - coleção de dados","Cavala","observado","Target_switch_lower resilience","lower resilience","Target_switch",2020,35,1989,2018,2023,0.806766082150452,0.241493828827475,0.503099330510324,2.26623643127038,0.235408043988241,0.517289400633818
"Decapterus macarellus_Target_switch_lower resilience","Decapterus macarellus","Decapterus macarellus","Cabo Verde","IMar - coleção de dados","Cavala","observado","Target_switch_lower resilience","lower resilience","Target_switch",2021,35,1989,2018,2023,0.838277128918555,0.235107588433244,0.514765038253287,1.45090644671398,0.142525741080483,0.320579483444314
"Decapterus macarellus_Target_switch_lower resilience","Decapterus macarellus","Decapterus macarellus","Cabo Verde","IMar - coleção de dados","Cavala","observado","Target_switch_lower resilience","lower resilience","Target_switch",2022,35,1989,2018,2023,0.864062276783339,0.234061015576003,0.5327134522391,1.12317676567905,0.105591079299192,0.234917274963846
"Decapterus macarellus_Target_switch_lower resilience","Decapterus macarellus","Decapterus macarellus","Cabo Verde","IMar - coleção de dados","Cavala","observado","Target_switch_lower resilience","lower resilience","Target_switch",2023,35,1989,2018,2023,0.90351622337884,0.236748218416848,0.550655321616103,1.13045646166856,0.102461900663731,0.222827634236926
"Decapterus macarellus_Target_switch_Higher resilience","Decapterus macarellus","Decapterus macarellus","Cabo Verde","IMar - coleção de dados","Cavala","observado","Target_switch_Higher resilience","Higher resilience","Target_switch",1989,35,1989,2018,2023,1.49867442795264,1.15418255081743,1.32058576130507,0.777860473764532,0.38672841756366,0.544886353856796
"Decapterus macarellus_Target_switch_Higher resilience","Decapterus macarellus","Decapterus macarellus","Cabo Verde","IMar - coleção de dados","Cavala","observado","Target_switch_Higher resilience","Higher resilience","Target_switch",1990,35,1989,2018,2023,1.59818966872081,1.15362468698993,1.35823208110476,0.725940674100781,0.352963770954324,0.509014814473285
"Decapterus macarellus_Target_switch_Higher resilience","Decapterus macarellus","Decapterus macarellus","Cabo Verde","IMar - coleção de dados","Cavala","observado","Target_switch_Higher resilience","Higher resilience","Target_switch",1991,35,1989,2018,2023,1.67301007661008,1.16839324119889,1.39768347014834,0.768867542202571,0.374583223729616,0.541557599535091
"Decapterus macarellus_Target_switch_Higher resilience","Decapterus macarellus","Decapterus macarellus","Cabo Verde","IMar - coleção de dados","Cavala","observado","Target_switch_Higher resilience","Higher resilience","Target_switch",1992,35,1989,2018,2023,1.69221282714223,1.16639153974071,1.41537594923577,0.881546117019977,0.412228605642347,0.60336186813511
"Decapterus macarellus_Target_switch_Higher resilience","Decapterus macarellus","Decapterus macarellus","Cabo Verde","IMar - coleção de dados","Cavala","observado","Target_switch_Higher resilience","Higher resilience","Target_switch",1993,35,1989,2018,2023,1.68688935481393,1.13940387018869,1.40265716645619,0.920322907131771,0.437876522716598,0.637268940290646
"Decapterus macarellus_Target_switch_Higher resilience","Decapterus macarellus","Decapterus macarellus","Cabo Verde","IMar - coleção de dados","Cavala","observado","Target_switch_Higher resilience","Higher resilience","Target_switch",1994,35,1989,2018,2023,1.67902799825268,1.11742121723246,1.38543731186496,0.942484893429973,0.444348796265044,0.647024971352607
"Decapterus macarellus_Target_switch_Higher resilience","Decapterus macarellus","Decapterus macarellus","Cabo Verde","IMar - coleção de dados","Cavala","observado","Target_switch_Higher resilience","Higher resilience","Target_switch",1995,35,1989,2018,2023,1.66910223414787,1.10961335962058,1.37031285612813,0.98896833692821,0.474296387521038,0.681629312236937
"Decapterus macarellus_Target_switch_Higher resilience","Decapterus macarellus","Decapterus macarellus","Cabo Verde","IMar - coleção de dados","Cavala","observado","Target_switch_Higher resilience","Higher resilience","Target_switch",1996,35,1989,2018,2023,1.6370966689712,1.09038332864655,1.35134291030547,1.15276001079203,0.5562022020551,0.810006348249829
"Decapterus macarellus_Target_switch_Higher resilience","Decapterus macarellus","Decapterus macarellus","Cabo Verde","IMar - coleção de dados","Cavala","observado","Target_switch_Higher resilience","Higher resilience","Target_switch",1997,35,1989,2018,2023,1.5766585965802,1.03665239020161,1.29825524480973,1.44248508617833,0.712674958773697,1.01667803752084
"Decapterus macarellus_Target_switch_Higher resilience","Decapterus macarellus","Decapterus macarellus","Cabo Verde","IMar - coleção de dados","Cavala","observado","Target_switch_Higher resilience","Higher resilience","Target_switch",1998,35,1989,2018,2023,1.47154218685038,0.952443530008714,1.20031705662949,1.64998150658934,0.819831069735971,1.17245866259864
"Decapterus macarellus_Target_switch_Higher resilience","Decapterus macarellus","Decapterus macarellus","Cabo Verde","IMar - coleção de dados","Cavala","observado","Target_switch_Higher resilience","Higher resilience","Target_switch",1999,35,1989,2018,2023,1.36968763012813,0.853255465419246,1.09164730072432,1.65771239392273,0.813553287013947,1.18135379188231
"Decapterus macarellus_Target_switch_Higher resilience","Decapterus macarellus","Decapterus macarellus","Cabo Verde","IMar - coleção de dados","Cavala","observado","Target_switch_Higher resilience","Higher resilience","Target_switch",2000,35,1989,2018,2023,1.29582375749454,0.786025931296214,1.019312581767,1.48123496801893,0.71576562520866,1.04904462631394
"Decapterus macarellus_Target_switch_Higher resilience","Decapterus macarellus","Decapterus macarellus","Cabo Verde","IMar - coleção de dados","Cavala","observado","Target_switch_Higher resilience","Higher resilience","Target_switch",2001,35,1989,2018,2023,1.28586421080094,0.759892241422187,0.999245734342375,1.37603611579334,0.642099744486288,0.952456107614066
"Decapterus macarellus_Target_switch_Higher resilience","Decapterus macarellus","Decapterus macarellus","Cabo Verde","IMar - coleção de dados","Cavala","observado","Target_switch_Higher resilience","Higher resilience","Target_switch",2002,35,1989,2018,2023,1.29993844581685,0.766890331894347,1.00428723806277,1.38337177452861,0.659881515845942,0.969952592599931
"Decapterus macarellus_Target_switch_Higher resilience","Decapterus macarellus","Decapterus macarellus","Cabo Verde","IMar - coleção de dados","Cavala","observado","Target_switch_Higher resilience","Higher resilience","Target_switch",2003,35,1989,2018,2023,1.30154779608343,0.763665207575472,1.00561633323738,1.40432265676463,0.668059949421528,0.980989941621283
"Decapterus macarellus_Target_switch_Higher resilience","Decapterus macarellus","Decapterus macarellus","Cabo Verde","IMar - coleção de dados","Cavala","observado","Target_switch_Higher resilience","Higher resilience","Target_switch",2004,35,1989,2018,2023,1.28667840415073,0.765879157220067,1.00170762078248,1.4452653980779,0.693261058057007,1.02017866715014
"Decapterus macarellus_Target_switch_Higher resilience","Decapterus macarellus","Decapterus macarellus","Cabo Verde","IMar - coleção de dados","Cavala","observado","Target_switch_Higher resilience","Higher resilience","Target_switch",2005,35,1989,2018,2023,1.26853396121394,0.762439640658896,0.987228800526555,1.61100963434168,0.805003247874702,1.1573740554058
"Decapterus macarellus_Target_switch_Higher resilience","Decapterus macarellus","Decapterus macarellus","Cabo Verde","IMar - coleção de dados","Cavala","observado","Target_switch_Higher resilience","Higher resilience","Target_switch",2006,35,1989,2018,2023,1.21261565417725,0.73568861418695,0.944247859442158,1.85481111925706,0.972949888041369,1.36784923919103
"Decapterus macarellus_Target_switch_Higher resilience","Decapterus macarellus","Decapterus macarellus","Cabo Verde","IMar - coleção de dados","Cavala","observado","Target_switch_Higher resilience","Higher resilience","Target_switch",2007,35,1989,2018,2023,1.0990100446071,0.682630021663448,0.867432812002233,2.02575040202773,1.11003029254366,1.52848593390675
"Decapterus macarellus_Target_switch_Higher resilience","Decapterus macarellus","Decapterus macarellus","Cabo Verde","IMar - coleção de dados","Cavala","observado","Target_switch_Higher resilience","Higher resilience","Target_switch",2008,35,1989,2018,2023,0.988386222844442,0.620195143941613,0.779457639716009,2.05372908080453,1.13775700251625,1.55835950325031
"Decapterus macarellus_Target_switch_Higher resilience","Decapterus macarellus","Decapterus macarellus","Cabo Verde","IMar - coleção de dados","Cavala","observado","Target_switch_Higher resilience","Higher resilience","Target_switch",2009,35,1989,2018,2023,0.900301487377695,0.572562705817215,0.712611214481635,1.96291388502456,1.0892076118128,1.4835494039252
"Decapterus macarellus_Target_switch_Higher resilience","Decapterus macarellus","Decapterus macarellus","Cabo Verde","IMar - coleção de dados","Cavala","observado","Target_switch_Higher resilience","Higher resilience","Target_switch",2010,35,1989,2018,2023,0.851011172743514,0.544208976167854,0.672627207796806,2.00844044445626,1.13000188954771,1.52611174881051
"Decapterus macarellus_Target_switch_Higher resilience","Decapterus macarellus","Decapterus macarellus","Cabo Verde","IMar - coleção de dados","Cavala","observado","Target_switch_Higher resilience","Higher resilience","Target_switch",2011,35,1989,2018,2023,0.792506876257872,0.523759897241035,0.636531381069001,2.26265431583316,1.34751121654792,1.76097624890096
"Decapterus macarellus_Target_switch_Higher resilience","Decapterus macarellus","Decapterus macarellus","Cabo Verde","IMar - coleção de dados","Cavala","observado","Target_switch_Higher resilience","Higher resilience","Target_switch",2012,35,1989,2018,2023,0.700740525874019,0.480848081530328,0.571663300923982,2.60849862820558,1.59517790397663,2.05437726241916
"Decapterus macarellus_Target_switch_Higher resilience","Decapterus macarellus","Decapterus macarellus","Cabo Verde","IMar - coleção de dados","Cavala","observado","Target_switch_Higher resilience","Higher resilience","Target_switch",2013,35,1989,2018,2023,0.58092016952805,0.413787635567676,0.485287923330061,2.87506272234799,1.77078201384153,2.25172957311693
"Decapterus macarellus_Target_switch_Higher resilience","Decapterus macarellus","Decapterus macarellus","Cabo Verde","IMar - coleção de dados","Cavala","observado","Target_switch_Higher resilience","Higher resilience","Target_switch",2014,35,1989,2018,2023,0.470706098652491,0.344798252283285,0.404068245813892,3.0538854086569,1.76103236390894,2.33212169093887
"Decapterus macarellus_Target_switch_Higher resilience","Decapterus macarellus","Decapterus macarellus","Cabo Verde","IMar - coleção de dados","Cavala","observado","Target_switch_Higher resilience","Higher resilience","Target_switch",2015,35,1989,2018,2023,0.412821543428443,0.289427552030415,0.346018130767713,2.90307663901109,1.46643555123109,2.09342306436388
"Decapterus macarellus_Target_switch_Higher resilience","Decapterus macarellus","Decapterus macarellus","Cabo Verde","IMar - coleção de dados","Cavala","observado","Target_switch_Higher resilience","Higher resilience","Target_switch",2016,35,1989,2018,2023,0.399710652014315,0.25818612691755,0.319295843672896,2.76414090197697,1.13571194735209,1.80900696944269
"Decapterus macarellus_Target_switch_Higher resilience","Decapterus macarellus","Decapterus macarellus","Cabo Verde","IMar - coleção de dados","Cavala","observado","Target_switch_Higher resilience","Higher resilience","Target_switch",2017,35,1989,2018,2023,0.411556434788866,0.236155294651718,0.311061747114994,2.93078150541828,0.954970382450684,1.7333524918462
"Decapterus macarellus_Target_switch_Higher resilience","Decapterus macarellus","Decapterus macarellus","Cabo Verde","IMar - coleção de dados","Cavala","observado","Target_switch_Higher resilience","Higher resilience","Target_switch",2018,35,1989,2018,2023,0.439629363710474,0.21239221393447,0.30749958400049,3.62616621872689,0.829564190987478,1.7328419653995
"Decapterus macarellus_Target_switch_Higher resilience","Decapterus macarellus","Decapterus macarellus","Cabo Verde","IMar - coleção de dados","Cavala","observado","Target_switch_Higher resilience","Higher resilience","Target_switch",2019,35,1989,2018,2023,0.489097982229806,0.179020581140954,0.303062109054741,4.760657012272,0.62346939003297,1.64529571122247
"Decapterus macarellus_Target_switch_Higher resilience","Decapterus macarellus","Decapterus macarellus","Cabo Verde","IMar - coleção de dados","Cavala","observado","Target_switch_Higher resilience","Higher resilience","Target_switch",2020,35,1989,2018,2023,0.566654596241036,0.13887584174499,0.303439507779122,5.86281208971511,0.378444942032314,1.22442370629694
"Decapterus macarellus_Target_switch_Higher resilience","Decapterus macarellus","Decapterus macarellus","Cabo Verde","IMar - coleção de dados","Cavala","observado","Target_switch_Higher resilience","Higher resilience","Target_switch",2021,35,1989,2018,2023,0.673583636249223,0.105972547078406,0.323804168308103,6.3236318265241,0.201233401720838,0.694577997073645
"Decapterus macarellus_Target_switch_Higher resilience","Decapterus macarellus","Decapterus macarellus","Cabo Verde","IMar - coleção de dados","Cavala","observado","Target_switch_Higher resilience","Higher resilience","Target_switch",2022,35,1989,2018,2023,0.82536970542254,0.0853240123632334,0.371409058264862,7.5514516260059,0.122658883102322,0.406831526339506
"Decapterus macarellus_Target_switch_Higher resilience","Decapterus macarellus","Decapterus macarellus","Cabo Verde","IMar - coleção de dados","Cavala","observado","Target_switch_Higher resilience","Higher resilience","Target_switch",2023,35,1989,2018,2023,1.00594830449818,0.0681511617048528,0.445448870887135,11.5714119372377,0.100339127729445,0.281060838710632
"Decapterus macarellus_Target_switch_Non-informative_r","Decapterus macarellus","Decapterus macarellus","Cabo Verde","IMar - coleção de dados","Cavala","observado","Target_switch_Non-informative_r","Non-informative_r","Target_switch",1989,35,1989,2018,2023,1.4906124046712,1.1167825992589,1.29477089169834,0.924117918146539,0.398672013345712,0.617627770333999
"Decapterus macarellus_Target_switch_Non-informative_r","Decapterus macarellus","Decapterus macarellus","Cabo Verde","IMar - coleção de dados","Cavala","observado","Target_switch_Non-informative_r","Non-informative_r","Target_switch",1990,35,1989,2018,2023,1.54287779474015,1.06185119594512,1.28310171279409,0.896952437859343,0.38023965207812,0.596388645514285
"Decapterus macarellus_Target_switch_Non-informative_r","Decapterus macarellus","Decapterus macarellus","Cabo Verde","IMar - coleção de dados","Cavala","observado","Target_switch_Non-informative_r","Non-informative_r","Target_switch",1991,35,1989,2018,2023,1.59038848098703,1.02031841550232,1.27209542776028,1.00679559277205,0.420602226149388,0.662734336804841
"Decapterus macarellus_Target_switch_Non-informative_r","Decapterus macarellus","Decapterus macarellus","Cabo Verde","IMar - coleção de dados","Cavala","observado","Target_switch_Non-informative_r","Non-informative_r","Target_switch",1992,35,1989,2018,2023,1.59698881243257,0.99150911759967,1.25734580915488,1.16450757027616,0.476172972468613,0.761574850926715
"Decapterus macarellus_Target_switch_Non-informative_r","Decapterus macarellus","Decapterus macarellus","Cabo Verde","IMar - coleção de dados","Cavala","observado","Target_switch_Non-informative_r","Non-informative_r","Target_switch",1993,35,1989,2018,2023,1.61046217353437,0.953442609308906,1.2341828991138,1.23300493711036,0.498199980416371,0.798854631441827
"Decapterus macarellus_Target_switch_Non-informative_r","Decapterus macarellus","Decapterus macarellus","Cabo Verde","IMar - coleção de dados","Cavala","observado","Target_switch_Non-informative_r","Non-informative_r","Target_switch",1994,35,1989,2018,2023,1.59240332680572,0.910054004100339,1.21157293185032,1.27506095975322,0.50716592087702,0.826034421853372
"Decapterus macarellus_Target_switch_Non-informative_r","Decapterus macarellus","Decapterus macarellus","Cabo Verde","IMar - coleção de dados","Cavala","observado","Target_switch_Non-informative_r","Non-informative_r","Target_switch",1995,35,1989,2018,2023,1.55684650083852,0.884908520354614,1.18314194684832,1.35568528884797,0.538106941699047,0.880569449554816
"Decapterus macarellus_Target_switch_Non-informative_r","Decapterus macarellus","Decapterus macarellus","Cabo Verde","IMar - coleção de dados","Cavala","observado","Target_switch_Non-informative_r","Non-informative_r","Target_switch",1996,35,1989,2018,2023,1.5249559957863,0.855246916306056,1.15595608479557,1.64494468119756,0.64843707814451,1.04940765293853
"Decapterus macarellus_Target_switch_Non-informative_r","Decapterus macarellus","Decapterus macarellus","Cabo Verde","IMar - coleção de dados","Cavala","observado","Target_switch_Non-informative_r","Non-informative_r","Target_switch",1997,35,1989,2018,2023,1.48182569963135,0.815629141982906,1.11715010403754,2.06521203307696,0.795625179384646,1.32392209729022
"Decapterus macarellus_Target_switch_Non-informative_r","Decapterus macarellus","Decapterus macarellus","Cabo Verde","IMar - coleção de dados","Cavala","observado","Target_switch_Non-informative_r","Non-informative_r","Target_switch",1998,35,1989,2018,2023,1.43673115265416,0.768075522643963,1.0592272069197,2.30299530654183,0.900703394899154,1.48883230039232
"Decapterus macarellus_Target_switch_Non-informative_r","Decapterus macarellus","Decapterus macarellus","Cabo Verde","IMar - coleção de dados","Cavala","observado","Target_switch_Non-informative_r","Non-informative_r","Target_switch",1999,35,1989,2018,2023,1.36614660669751,0.712710416691644,0.999223515983359,2.23655317885702,0.868294493364189,1.44288087405336
"Decapterus macarellus_Target_switch_Non-informative_r","Decapterus macarellus","Decapterus macarellus","Cabo Verde","IMar - coleção de dados","Cavala","observado","Target_switch_Non-informative_r","Non-informative_r","Target_switch",2000,35,1989,2018,2023,1.29845855809117,0.679440834104416,0.949595665436218,1.96508628220645,0.751550929201257,1.25617464252539
"Decapterus macarellus_Target_switch_Non-informative_r","Decapterus macarellus","Decapterus macarellus","Cabo Verde","IMar - coleção de dados","Cavala","observado","Target_switch_Non-informative_r","Non-informative_r","Target_switch",2001,35,1989,2018,2023,1.26253029316819,0.648314697435314,0.918626433277513,1.81731082189612,0.691992659866206,1.16331862580169
"Decapterus macarellus_Target_switch_Non-informative_r","Decapterus macarellus","Decapterus macarellus","Cabo Verde","IMar - coleção de dados","Cavala","observado","Target_switch_Non-informative_r","Non-informative_r","Target_switch",2002,35,1989,2018,2023,1.2390053559402,0.634119412938025,0.897842393055301,1.90247920364731,0.731010364715632,1.20921608444024
"Decapterus macarellus_Target_switch_Non-informative_r","Decapterus macarellus","Decapterus macarellus","Cabo Verde","IMar - coleção de dados","Cavala","observado","Target_switch_Non-informative_r","Non-informative_r","Target_switch",2003,35,1989,2018,2023,1.20851268426813,0.614018010732927,0.87426669023971,1.94080715154966,0.749057943904744,1.25677853655868
"Decapterus macarellus_Target_switch_Non-informative_r","Decapterus macarellus","Decapterus macarellus","Cabo Verde","IMar - coleção de dados","Cavala","observado","Target_switch_Non-informative_r","Non-informative_r","Target_switch",2004,35,1989,2018,2023,1.17497560797854,0.59609570712837,0.847553487802555,2.12427280796042,0.799089765828696,1.34496495045462
"Decapterus macarellus_Target_switch_Non-informative_r","Decapterus macarellus","Decapterus macarellus","Cabo Verde","IMar - coleção de dados","Cavala","observado","Target_switch_Non-informative_r","Non-informative_r","Target_switch",2005,35,1989,2018,2023,1.12829117025778,0.576141489240906,0.818995171137853,2.42360753496626,0.935708622639087,1.5632328158697
"Decapterus macarellus_Target_switch_Non-informative_r","Decapterus macarellus","Decapterus macarellus","Cabo Verde","IMar - coleção de dados","Cavala","observado","Target_switch_Non-informative_r","Non-informative_r","Target_switch",2006,35,1989,2018,2023,1.08756827988749,0.559530738350527,0.780912305525443,2.8151648424418,1.10359103403575,1.84171722648381
"Decapterus macarellus_Target_switch_Non-informative_r","Decapterus macarellus","Decapterus macarellus","Cabo Verde","IMar - coleção de dados","Cavala","observado","Target_switch_Non-informative_r","Non-informative_r","Target_switch",2007,35,1989,2018,2023,1.02008257807788,0.524540877687888,0.730362025051135,3.10381993789281,1.19475601645882,2.02157050036706
"Decapterus macarellus_Target_switch_Non-informative_r","Decapterus macarellus","Decapterus macarellus","Cabo Verde","IMar - coleção de dados","Cavala","observado","Target_switch_Non-informative_r","Non-informative_r","Target_switch",2008,35,1989,2018,2023,0.952927248056432,0.486130303442499,0.6776229498705,3.06652144960594,1.14728722981166,1.98244645940625
"Decapterus macarellus_Target_switch_Non-informative_r","Decapterus macarellus","Decapterus macarellus","Cabo Verde","IMar - coleção de dados","Cavala","observado","Target_switch_Non-informative_r","Non-informative_r","Target_switch",2009,35,1989,2018,2023,0.901589555409367,0.458111218624836,0.636135285774374,2.92459584570182,1.09189371582065,1.8553379647723
"Decapterus macarellus_Target_switch_Non-informative_r","Decapterus macarellus","Decapterus macarellus","Cabo Verde","IMar - coleção de dados","Cavala","observado","Target_switch_Non-informative_r","Non-informative_r","Target_switch",2010,35,1989,2018,2023,0.855332458286206,0.434984719983722,0.601836174941727,3.06460591109252,1.12708940664113,1.91474441621393
"Decapterus macarellus_Target_switch_Non-informative_r","Decapterus macarellus","Decapterus macarellus","Cabo Verde","IMar - coleção de dados","Cavala","observado","Target_switch_Non-informative_r","Non-informative_r","Target_switch",2011,35,1989,2018,2023,0.822813428311012,0.409812788985307,0.569256300889584,3.6841680995752,1.26997873660044,2.19924578985507
"Decapterus macarellus_Target_switch_Non-informative_r","Decapterus macarellus","Decapterus macarellus","Cabo Verde","IMar - coleção de dados","Cavala","observado","Target_switch_Non-informative_r","Non-informative_r","Target_switch",2012,35,1989,2018,2023,0.783168486995305,0.374442874997463,0.530861277249003,4.57718119442321,1.40336250518158,2.52184491351262
"Decapterus macarellus_Target_switch_Non-informative_r","Decapterus macarellus","Decapterus macarellus","Cabo Verde","IMar - coleção de dados","Cavala","observado","Target_switch_Non-informative_r","Non-informative_r","Target_switch",2013,35,1989,2018,2023,0.728483362155214,0.332991992630293,0.48447397911726,5.16022913365923,1.32930261635524,2.53731031309605
"Decapterus macarellus_Target_switch_Non-informative_r","Decapterus macarellus","Decapterus macarellus","Cabo Verde","IMar - coleção de dados","Cavala","observado","Target_switch_Non-informative_r","Non-informative_r","Target_switch",2014,35,1989,2018,2023,0.696307868152527,0.289604855911186,0.44520160655596,4.92399262894634,1.0155856761105,2.1560389407785
"Decapterus macarellus_Target_switch_Non-informative_r","Decapterus macarellus","Decapterus macarellus","Cabo Verde","IMar - coleção de dados","Cavala","observado","Target_switch_Non-informative_r","Non-informative_r","Target_switch",2015,35,1989,2018,2023,0.679864509211826,0.260709346965152,0.421433086328118,4.10738018207568,0.690092060987394,1.57342064780484
"Decapterus macarellus_Target_switch_Non-informative_r","Decapterus macarellus","Decapterus macarellus","Cabo Verde","IMar - coleção de dados","Cavala","observado","Target_switch_Non-informative_r","Non-informative_r","Target_switch",2016,35,1989,2018,2023,0.681791751698529,0.243823418531373,0.414943407039701,3.46570684975164,0.512374568417519,1.19852899292638
"Decapterus macarellus_Target_switch_Non-informative_r","Decapterus macarellus","Decapterus macarellus","Cabo Verde","IMar - coleção de dados","Cavala","observado","Target_switch_Non-informative_r","Non-informative_r","Target_switch",2017,35,1989,2018,2023,0.684818830054396,0.234375052385238,0.420739209439381,3.42324335254566,0.452587842955433,1.05267565376131
"Decapterus macarellus_Target_switch_Non-informative_r","Decapterus macarellus","Decapterus macarellus","Cabo Verde","IMar - coleção de dados","Cavala","observado","Target_switch_Non-informative_r","Non-informative_r","Target_switch",2018,35,1989,2018,2023,0.704277407273473,0.227349965138267,0.42846055649107,3.58636775768849,0.436349665135462,0.988234830991947
"Decapterus macarellus_Target_switch_Non-informative_r","Decapterus macarellus","Decapterus macarellus","Cabo Verde","IMar - coleção de dados","Cavala","observado","Target_switch_Non-informative_r","Non-informative_r","Target_switch",2019,35,1989,2018,2023,0.737316745001516,0.215011810013194,0.44047530888527,3.67090172849928,0.375783986922725,0.884535482594297
"Decapterus macarellus_Target_switch_Non-informative_r","Decapterus macarellus","Decapterus macarellus","Cabo Verde","IMar - coleção de dados","Cavala","observado","Target_switch_Non-informative_r","Non-informative_r","Target_switch",2020,35,1989,2018,2023,0.78571380044497,0.203931280889242,0.456975011622567,3.12032441335688,0.269849632749323,0.61383417694017
"Decapterus macarellus_Target_switch_Non-informative_r","Decapterus macarellus","Decapterus macarellus","Cabo Verde","IMar - coleção de dados","Cavala","observado","Target_switch_Non-informative_r","Non-informative_r","Target_switch",2021,35,1989,2018,2023,0.834009569267378,0.196677610638693,0.480967959914139,2.15726593773337,0.160700326486611,0.361636064582891
"Decapterus macarellus_Target_switch_Non-informative_r","Decapterus macarellus","Decapterus macarellus","Cabo Verde","IMar - coleção de dados","Cavala","observado","Target_switch_Non-informative_r","Non-informative_r","Target_switch",2022,35,1989,2018,2023,0.894582480499357,0.190213715500083,0.514771358673665,1.76129739086751,0.11375581282075,0.252928962554652
"Decapterus macarellus_Target_switch_Non-informative_r","Decapterus macarellus","Decapterus macarellus","Cabo Verde","IMar - coleção de dados","Cavala","observado","Target_switch_Non-informative_r","Non-informative_r","Target_switch",2023,35,1989,2018,2023,0.954846075216365,0.18946496500739,0.555583875124694,1.7602073128143,0.108050974385055,0.231390853025768
"Decapterus macarellus_Uninformative_bk_Euler-lotka methods","Decapterus macarellus","Decapterus macarellus","Cabo Verde","IMar - coleção de dados","Cavala","observado","Uninformative_bk_Euler-lotka methods","Euler-lotka methods","Uninformative_bk",1989,35,1989,2018,2023,1.50875188496803,1.15597866628225,1.32392747267533,0.852513147071264,0.409606831262571,0.592573688617984
"Decapterus macarellus_Uninformative_bk_Euler-lotka methods","Decapterus macarellus","Decapterus macarellus","Cabo Verde","IMar - coleção de dados","Cavala","observado","Uninformative_bk_Euler-lotka methods","Euler-lotka methods","Uninformative_bk",1990,35,1989,2018,2023,1.57165355911332,1.11949053224855,1.33074822364477,0.819461889570276,0.381139883298736,0.560110830449719
"Decapterus macarellus_Uninformative_bk_Euler-lotka methods","Decapterus macarellus","Decapterus macarellus","Cabo Verde","IMar - coleção de dados","Cavala","observado","Uninformative_bk_Euler-lotka methods","Euler-lotka methods","Uninformative_bk",1991,35,1989,2018,2023,1.62092712673658,1.10141885307167,1.34370388109616,0.893751294994032,0.407754714003917,0.606716962806367
"Decapterus macarellus_Uninformative_bk_Euler-lotka methods","Decapterus macarellus","Decapterus macarellus","Cabo Verde","IMar - coleção de dados","Cavala","observado","Uninformative_bk_Euler-lotka methods","Euler-lotka methods","Uninformative_bk",1992,35,1989,2018,2023,1.64927573003778,1.08629592045775,1.34717077258145,1.03089438799779,0.45963013323951,0.695683344058047
"Decapterus macarellus_Uninformative_bk_Euler-lotka methods","Decapterus macarellus","Decapterus macarellus","Cabo Verde","IMar - coleção de dados","Cavala","observado","Uninformative_bk_Euler-lotka methods","Euler-lotka methods","Uninformative_bk",1993,35,1989,2018,2023,1.66571629697722,1.05769049052006,1.3332178331569,1.0843626984175,0.482445095681665,0.72649100680421
"Decapterus macarellus_Uninformative_bk_Euler-lotka methods","Decapterus macarellus","Decapterus macarellus","Cabo Verde","IMar - coleção de dados","Cavala","observado","Uninformative_bk_Euler-lotka methods","Euler-lotka methods","Uninformative_bk",1994,35,1989,2018,2023,1.65779854721487,1.03664686682593,1.31635280079715,1.12282343792021,0.486256746487468,0.739596788550773
"Decapterus macarellus_Uninformative_bk_Euler-lotka methods","Decapterus macarellus","Decapterus macarellus","Cabo Verde","IMar - coleção de dados","Cavala","observado","Uninformative_bk_Euler-lotka methods","Euler-lotka methods","Uninformative_bk",1995,35,1989,2018,2023,1.64527547051595,1.01184250687021,1.3035367180125,1.1747727326098,0.513864442046739,0.783642304819792
"Decapterus macarellus_Uninformative_bk_Euler-lotka methods","Decapterus macarellus","Decapterus macarellus","Cabo Verde","IMar - coleção de dados","Cavala","observado","Uninformative_bk_Euler-lotka methods","Euler-lotka methods","Uninformative_bk",1996,35,1989,2018,2023,1.63829678649518,0.991519865215568,1.28110305247945,1.392887916157,0.607408874195709,0.930502358762412
"Decapterus macarellus_Uninformative_bk_Euler-lotka methods","Decapterus macarellus","Decapterus macarellus","Cabo Verde","IMar - coleção de dados","Cavala","observado","Uninformative_bk_Euler-lotka methods","Euler-lotka methods","Uninformative_bk",1997,35,1989,2018,2023,1.59174030284447,0.953957282837151,1.23952844145819,1.74117339088746,0.758046430508487,1.15833658490672
"Decapterus macarellus_Uninformative_bk_Euler-lotka methods","Decapterus macarellus","Decapterus macarellus","Cabo Verde","IMar - coleção de dados","Cavala","observado","Uninformative_bk_Euler-lotka methods","Euler-lotka methods","Uninformative_bk",1998,35,1989,2018,2023,1.52087552272109,0.892635895270015,1.17191523548923,1.95947669335466,0.859321400154018,1.31866173575349
"Decapterus macarellus_Uninformative_bk_Euler-lotka methods","Decapterus macarellus","Decapterus macarellus","Cabo Verde","IMar - coleção de dados","Cavala","observado","Uninformative_bk_Euler-lotka methods","Euler-lotka methods","Uninformative_bk",1999,35,1989,2018,2023,1.43730760057291,0.827372538883659,1.09276085584693,1.90027882222593,0.819723397291677,1.28853993039406
"Decapterus macarellus_Uninformative_bk_Euler-lotka methods","Decapterus macarellus","Decapterus macarellus","Cabo Verde","IMar - coleção de dados","Cavala","observado","Uninformative_bk_Euler-lotka methods","Euler-lotka methods","Uninformative_bk",2000,35,1989,2018,2023,1.38596256862218,0.779206439937725,1.03191714157733,1.6535420219618,0.715440117286595,1.1307840237508
"Decapterus macarellus_Uninformative_bk_Euler-lotka methods","Decapterus macarellus","Decapterus macarellus","Cabo Verde","IMar - coleção de dados","Cavala","observado","Uninformative_bk_Euler-lotka methods","Euler-lotka methods","Uninformative_bk",2001,35,1989,2018,2023,1.34954590131221,0.756117220182208,1.00327894299847,1.54496255086221,0.65491912328149,1.0422264731369
"Decapterus macarellus_Uninformative_bk_Euler-lotka methods","Decapterus macarellus","Decapterus macarellus","Cabo Verde","IMar - coleção de dados","Cavala","observado","Uninformative_bk_Euler-lotka methods","Euler-lotka methods","Uninformative_bk",2002,35,1989,2018,2023,1.33263517416862,0.750081682883507,0.986840265116105,1.5803479486573,0.678032404832109,1.06841858952812
"Decapterus macarellus_Uninformative_bk_Euler-lotka methods","Decapterus macarellus","Decapterus macarellus","Cabo Verde","IMar - coleção de dados","Cavala","observado","Uninformative_bk_Euler-lotka methods","Euler-lotka methods","Uninformative_bk",2003,35,1989,2018,2023,1.30513727606701,0.737812333758344,0.971492600732191,1.6251583936014,0.708208867512618,1.11025737888871
"Decapterus macarellus_Uninformative_bk_Euler-lotka methods","Decapterus macarellus","Decapterus macarellus","Cabo Verde","IMar - coleção de dados","Cavala","observado","Uninformative_bk_Euler-lotka methods","Euler-lotka methods","Uninformative_bk",2004,35,1989,2018,2023,1.26968486576047,0.728079264200633,0.950581885482294,1.72711324416246,0.75925656441753,1.17448437142838
"Decapterus macarellus_Uninformative_bk_Euler-lotka methods","Decapterus macarellus","Decapterus macarellus","Cabo Verde","IMar - coleção de dados","Cavala","observado","Uninformative_bk_Euler-lotka methods","Euler-lotka methods","Uninformative_bk",2005,35,1989,2018,2023,1.23460427471051,0.711206723755699,0.922738332869634,1.96294114847841,0.880310337477622,1.34677621003942
"Decapterus macarellus_Uninformative_bk_Euler-lotka methods","Decapterus macarellus","Decapterus macarellus","Cabo Verde","IMar - coleção de dados","Cavala","observado","Uninformative_bk_Euler-lotka methods","Euler-lotka methods","Uninformative_bk",2006,35,1989,2018,2023,1.18379221688886,0.684110049380846,0.881838106203807,2.27489424172473,1.0397896744874,1.58333846742564
"Decapterus macarellus_Uninformative_bk_Euler-lotka methods","Decapterus macarellus","Decapterus macarellus","Cabo Verde","IMar - coleção de dados","Cavala","observado","Uninformative_bk_Euler-lotka methods","Euler-lotka methods","Uninformative_bk",2007,35,1989,2018,2023,1.08679403702611,0.641828711562404,0.821579255127682,2.50658827188906,1.15032505350109,1.75537149264872
"Decapterus macarellus_Uninformative_bk_Euler-lotka methods","Decapterus macarellus","Decapterus macarellus","Cabo Verde","IMar - coleção de dados","Cavala","observado","Uninformative_bk_Euler-lotka methods","Euler-lotka methods","Uninformative_bk",2008,35,1989,2018,2023,1.0071920726772,0.588407946132176,0.751812317737164,2.45578466296606,1.12825400258137,1.73627473669431
"Decapterus macarellus_Uninformative_bk_Euler-lotka methods","Decapterus macarellus","Decapterus macarellus","Cabo Verde","IMar - coleção de dados","Cavala","observado","Uninformative_bk_Euler-lotka methods","Euler-lotka methods","Uninformative_bk",2009,35,1989,2018,2023,0.939519678749151,0.546579203282997,0.697812485660112,2.34407754221025,1.07845542736291,1.64001515103029
"Decapterus macarellus_Uninformative_bk_Euler-lotka methods","Decapterus macarellus","Decapterus macarellus","Cabo Verde","IMar - coleção de dados","Cavala","observado","Uninformative_bk_Euler-lotka methods","Euler-lotka methods","Uninformative_bk",2010,35,1989,2018,2023,0.885757368304747,0.520918311492516,0.660255728401435,2.42247075906607,1.10823069407597,1.6821248729202
"Decapterus macarellus_Uninformative_bk_Euler-lotka methods","Decapterus macarellus","Decapterus macarellus","Cabo Verde","IMar - coleção de dados","Cavala","observado","Uninformative_bk_Euler-lotka methods","Euler-lotka methods","Uninformative_bk",2011,35,1989,2018,2023,0.841906311906158,0.494667753407272,0.623698903695314,2.74608497184074,1.27222188334631,1.94242946831786
"Decapterus macarellus_Uninformative_bk_Euler-lotka methods","Decapterus macarellus","Decapterus macarellus","Cabo Verde","IMar - coleção de dados","Cavala","observado","Uninformative_bk_Euler-lotka methods","Euler-lotka methods","Uninformative_bk",2012,35,1989,2018,2023,0.783852079445811,0.450344536487017,0.571284476865629,3.21366836432268,1.41598699427157,2.22816079077911
"Decapterus macarellus_Uninformative_bk_Euler-lotka methods","Decapterus macarellus","Decapterus macarellus","Cabo Verde","IMar - coleção de dados","Cavala","observado","Uninformative_bk_Euler-lotka methods","Euler-lotka methods","Uninformative_bk",2013,35,1989,2018,2023,0.727046638330831,0.393347929980382,0.508010680731027,3.69696337960135,1.41298986517869,2.30040673586109
"Decapterus macarellus_Uninformative_bk_Euler-lotka methods","Decapterus macarellus","Decapterus macarellus","Cabo Verde","IMar - coleção de dados","Cavala","observado","Uninformative_bk_Euler-lotka methods","Euler-lotka methods","Uninformative_bk",2014,35,1989,2018,2023,0.679249750944942,0.334032769419752,0.453504743633809,3.75722384215577,1.07499332303307,2.01834751504517
"Decapterus macarellus_Uninformative_bk_Euler-lotka methods","Decapterus macarellus","Decapterus macarellus","Cabo Verde","IMar - coleção de dados","Cavala","observado","Uninformative_bk_Euler-lotka methods","Euler-lotka methods","Uninformative_bk",2015,35,1989,2018,2023,0.667603700845498,0.287593851029833,0.423506739217294,3.37513655042346,0.723330475038702,1.50878443138117
"Decapterus macarellus_Uninformative_bk_Euler-lotka methods","Decapterus macarellus","Decapterus macarellus","Cabo Verde","IMar - coleção de dados","Cavala","observado","Uninformative_bk_Euler-lotka methods","Euler-lotka methods","Uninformative_bk",2016,35,1989,2018,2023,0.68983158769488,0.260128527265713,0.423206929910027,3.09889153286952,0.514954823058811,1.12078417619509
"Decapterus macarellus_Uninformative_bk_Euler-lotka methods","Decapterus macarellus","Decapterus macarellus","Cabo Verde","IMar - coleção de dados","Cavala","observado","Uninformative_bk_Euler-lotka methods","Euler-lotka methods","Uninformative_bk",2017,35,1989,2018,2023,0.731978352004188,0.242366631572952,0.437896888594329,3.1821797017301,0.429515747557756,0.946449528375823
"Decapterus macarellus_Uninformative_bk_Euler-lotka methods","Decapterus macarellus","Decapterus macarellus","Cabo Verde","IMar - coleção de dados","Cavala","observado","Uninformative_bk_Euler-lotka methods","Euler-lotka methods","Uninformative_bk",2018,35,1989,2018,2023,0.778029902573545,0.22461834358051,0.462725688216193,3.74860381003159,0.384803540999867,0.835692484518921
"Decapterus macarellus_Uninformative_bk_Euler-lotka methods","Decapterus macarellus","Decapterus macarellus","Cabo Verde","IMar - coleção de dados","Cavala","observado","Uninformative_bk_Euler-lotka methods","Euler-lotka methods","Uninformative_bk",2019,35,1989,2018,2023,0.873107141849803,0.200464472011566,0.498245122044161,4.1678324013681,0.323024863295801,0.694790293534889
"Decapterus macarellus_Uninformative_bk_Euler-lotka methods","Decapterus macarellus","Decapterus macarellus","Cabo Verde","IMar - coleção de dados","Cavala","observado","Uninformative_bk_Euler-lotka methods","Euler-lotka methods","Uninformative_bk",2020,35,1989,2018,2023,0.963460246148879,0.177917192851149,0.54229580443039,4.04888452196159,0.218563432803148,0.4655179113116
"Decapterus macarellus_Uninformative_bk_Euler-lotka methods","Decapterus macarellus","Decapterus macarellus","Cabo Verde","IMar - coleção de dados","Cavala","observado","Uninformative_bk_Euler-lotka methods","Euler-lotka methods","Uninformative_bk",2021,35,1989,2018,2023,1.09249206840138,0.160228027951155,0.606977746201952,3.14830243098107,0.123917389798369,0.262804979965514
"Decapterus macarellus_Uninformative_bk_Euler-lotka methods","Decapterus macarellus","Decapterus macarellus","Cabo Verde","IMar - coleção de dados","Cavala","observado","Uninformative_bk_Euler-lotka methods","Euler-lotka methods","Uninformative_bk",2022,35,1989,2018,2023,1.22440592663539,0.15273301226125,0.685439783284274,2.60413141537699,0.0846425460357957,0.178456366569121
"Decapterus macarellus_Uninformative_bk_Euler-lotka methods","Decapterus macarellus","Decapterus macarellus","Cabo Verde","IMar - coleção de dados","Cavala","observado","Uninformative_bk_Euler-lotka methods","Euler-lotka methods","Uninformative_bk",2023,35,1989,2018,2023,1.34175019541357,0.150442062496066,0.775634495510379,2.62590823226985,0.0760004140428326,0.158728896499541
"Decapterus macarellus_Uninformative_bk_lower resilience","Decapterus macarellus","Decapterus macarellus","Cabo Verde","IMar - coleção de dados","Cavala","observado","Uninformative_bk_lower resilience","lower resilience","Uninformative_bk",1989,35,1989,2018,2023,1.48716909911699,1.09515447183311,1.2846918338122,0.851006242969994,0.340957045478234,0.538119523659655
"Decapterus macarellus_Uninformative_bk_lower resilience","Decapterus macarellus","Decapterus macarellus","Cabo Verde","IMar - coleção de dados","Cavala","observado","Uninformative_bk_lower resilience","lower resilience","Uninformative_bk",1990,35,1989,2018,2023,1.55052210917828,1.00866059317562,1.25285350338565,0.838799153673197,0.323118719511868,0.526608563160244
"Decapterus macarellus_Uninformative_bk_lower resilience","Decapterus macarellus","Decapterus macarellus","Cabo Verde","IMar - coleção de dados","Cavala","observado","Uninformative_bk_lower resilience","lower resilience","Uninformative_bk",1991,35,1989,2018,2023,1.59495922152203,0.944762792510104,1.22681993755496,0.963307963523692,0.350194795871142,0.590712897914505
"Decapterus macarellus_Uninformative_bk_lower resilience","Decapterus macarellus","Decapterus macarellus","Cabo Verde","IMar - coleção de dados","Cavala","observado","Uninformative_bk_lower resilience","lower resilience","Uninformative_bk",1992,35,1989,2018,2023,1.60877355429633,0.890827941137289,1.1975762871968,1.12774072096526,0.406927790923392,0.685540541930574
"Decapterus macarellus_Uninformative_bk_lower resilience","Decapterus macarellus","Decapterus macarellus","Cabo Verde","IMar - coleção de dados","Cavala","observado","Uninformative_bk_lower resilience","lower resilience","Uninformative_bk",1993,35,1989,2018,2023,1.60667952154328,0.844462693321365,1.16381379670895,1.21094510494978,0.431832239727229,0.732164476388998
"Decapterus macarellus_Uninformative_bk_lower resilience","Decapterus macarellus","Decapterus macarellus","Cabo Verde","IMar - coleção de dados","Cavala","observado","Uninformative_bk_lower resilience","lower resilience","Uninformative_bk",1994,35,1989,2018,2023,1.60623803067116,0.797930543613813,1.12964658279119,1.27533134903843,0.428501486274386,0.761854543641752
"Decapterus macarellus_Uninformative_bk_lower resilience","Decapterus macarellus","Decapterus macarellus","Cabo Verde","IMar - coleção de dados","Cavala","observado","Uninformative_bk_lower resilience","lower resilience","Uninformative_bk",1995,35,1989,2018,2023,1.57724677967855,0.763824956476395,1.09506424413921,1.39607187813988,0.464780425848208,0.816334522653851
"Decapterus macarellus_Uninformative_bk_lower resilience","Decapterus macarellus","Decapterus macarellus","Cabo Verde","IMar - coleção de dados","Cavala","observado","Uninformative_bk_lower resilience","lower resilience","Uninformative_bk",1996,35,1989,2018,2023,1.56305685115433,0.729694312834738,1.06557934269741,1.66869589861394,0.54871346140113,0.980995928127062
"Decapterus macarellus_Uninformative_bk_lower resilience","Decapterus macarellus","Decapterus macarellus","Cabo Verde","IMar - coleção de dados","Cavala","observado","Uninformative_bk_lower resilience","lower resilience","Uninformative_bk",1997,35,1989,2018,2023,1.5152340185311,0.686189685927212,1.02920116648239,2.15840728386068,0.669605230909635,1.2266592984821
"Decapterus macarellus_Uninformative_bk_lower resilience","Decapterus macarellus","Decapterus macarellus","Cabo Verde","IMar - coleção de dados","Cavala","observado","Uninformative_bk_lower resilience","lower resilience","Uninformative_bk",1998,35,1989,2018,2023,1.48042170076501,0.64616972302091,0.990000372562297,2.42949526226849,0.739728999851775,1.37183498025815
"Decapterus macarellus_Uninformative_bk_lower resilience","Decapterus macarellus","Decapterus macarellus","Cabo Verde","IMar - coleção de dados","Cavala","observado","Uninformative_bk_lower resilience","lower resilience","Uninformative_bk",1999,35,1989,2018,2023,1.4282195281398,0.620818728480651,0.945628049585205,2.341505381144,0.71303501372759,1.30757763833217
"Decapterus macarellus_Uninformative_bk_lower resilience","Decapterus macarellus","Decapterus macarellus","Cabo Verde","IMar - coleção de dados","Cavala","observado","Uninformative_bk_lower resilience","lower resilience","Uninformative_bk",2000,35,1989,2018,2023,1.38148785262279,0.589278090712259,0.90887945291527,2.01248558898438,0.608284650657844,1.13553749126977
"Decapterus macarellus_Uninformative_bk_lower resilience","Decapterus macarellus","Decapterus macarellus","Cabo Verde","IMar - coleção de dados","Cavala","observado","Uninformative_bk_lower resilience","lower resilience","Uninformative_bk",2001,35,1989,2018,2023,1.35929819231042,0.553387881614447,0.882390055171679,1.90359319040287,0.548423297519163,1.04004863187319
"Decapterus macarellus_Uninformative_bk_lower resilience","Decapterus macarellus","Decapterus macarellus","Cabo Verde","IMar - coleção de dados","Cavala","observado","Uninformative_bk_lower resilience","lower resilience","Uninformative_bk",2002,35,1989,2018,2023,1.3275941211105,0.541275714757783,0.855421202650335,1.96806848238163,0.569715741081925,1.08581891879206
"Decapterus macarellus_Uninformative_bk_lower resilience","Decapterus macarellus","Decapterus macarellus","Cabo Verde","IMar - coleção de dados","Cavala","observado","Uninformative_bk_lower resilience","lower resilience","Uninformative_bk",2003,35,1989,2018,2023,1.29976087088226,0.52372064619939,0.831437493396361,2.08385401524404,0.595369467437297,1.13377398842435
"Decapterus macarellus_Uninformative_bk_lower resilience","Decapterus macarellus","Decapterus macarellus","Cabo Verde","IMar - coleção de dados","Cavala","observado","Uninformative_bk_lower resilience","lower resilience","Uninformative_bk",2004,35,1989,2018,2023,1.26188184399821,0.508000474516187,0.806554276601606,2.25804435302655,0.644255966865501,1.22240962955691
"Decapterus macarellus_Uninformative_bk_lower resilience","Decapterus macarellus","Decapterus macarellus","Cabo Verde","IMar - coleção de dados","Cavala","observado","Uninformative_bk_lower resilience","lower resilience","Uninformative_bk",2005,35,1989,2018,2023,1.23162274306205,0.485450801600437,0.781140954847134,2.61835412479012,0.725754556901152,1.39955447343293
"Decapterus macarellus_Uninformative_bk_lower resilience","Decapterus macarellus","Decapterus macarellus","Cabo Verde","IMar - coleção de dados","Cavala","observado","Uninformative_bk_lower resilience","lower resilience","Uninformative_bk",2006,35,1989,2018,2023,1.18702245022217,0.465147631349445,0.752490508142572,3.08488786988686,0.843995322474043,1.64410746379325
"Decapterus macarellus_Uninformative_bk_lower resilience","Decapterus macarellus","Decapterus macarellus","Cabo Verde","IMar - coleção de dados","Cavala","observado","Uninformative_bk_lower resilience","lower resilience","Uninformative_bk",2007,35,1989,2018,2023,1.15665581510501,0.434714222335613,0.718106476935208,3.48704002448563,0.905025369430895,1.76111603887056
"Decapterus macarellus_Uninformative_bk_lower resilience","Decapterus macarellus","Decapterus macarellus","Cabo Verde","IMar - coleção de dados","Cavala","observado","Uninformative_bk_lower resilience","lower resilience","Uninformative_bk",2008,35,1989,2018,2023,1.1295720799559,0.408802182702554,0.687190947746471,3.58497613974895,0.817761628779244,1.68018274328239
"Decapterus macarellus_Uninformative_bk_lower resilience","Decapterus macarellus","Decapterus macarellus","Cabo Verde","IMar - coleção de dados","Cavala","observado","Uninformative_bk_lower resilience","lower resilience","Uninformative_bk",2009,35,1989,2018,2023,1.08847433485584,0.389596919795402,0.657560480153034,3.45397842715281,0.754450120834129,1.54580744720529
"Decapterus macarellus_Uninformative_bk_lower resilience","Decapterus macarellus","Decapterus macarellus","Cabo Verde","IMar - coleção de dados","Cavala","observado","Uninformative_bk_lower resilience","lower resilience","Uninformative_bk",2010,35,1989,2018,2023,1.05017474114778,0.368682451906026,0.635688797314624,3.73421672636572,0.758969539037497,1.5548537234132
"Decapterus macarellus_Uninformative_bk_lower resilience","Decapterus macarellus","Decapterus macarellus","Cabo Verde","IMar - coleção de dados","Cavala","observado","Uninformative_bk_lower resilience","lower resilience","Uninformative_bk",2011,35,1989,2018,2023,1.02252638968464,0.347083735737431,0.615630549194382,4.4968081917876,0.845625611054675,1.75425807907421
"Decapterus macarellus_Uninformative_bk_lower resilience","Decapterus macarellus","Decapterus macarellus","Cabo Verde","IMar - coleção de dados","Cavala","observado","Uninformative_bk_lower resilience","lower resilience","Uninformative_bk",2012,35,1989,2018,2023,0.982789005391841,0.327449571114706,0.592952564202205,5.32718998595026,0.930017509380416,1.90826227059891
"Decapterus macarellus_Uninformative_bk_lower resilience","Decapterus macarellus","Decapterus macarellus","Cabo Verde","IMar - coleção de dados","Cavala","observado","Uninformative_bk_lower resilience","lower resilience","Uninformative_bk",2013,35,1989,2018,2023,0.944003217959874,0.301510052859741,0.567131695731093,5.54321209378476,0.864201351090633,1.78634845276711
"Decapterus macarellus_Uninformative_bk_lower resilience","Decapterus macarellus","Decapterus macarellus","Cabo Verde","IMar - coleção de dados","Cavala","observado","Uninformative_bk_lower resilience","lower resilience","Uninformative_bk",2014,35,1989,2018,2023,0.923682916707251,0.280917533204758,0.546099186908536,4.7296196680378,0.649409933439504,1.36352702962496
"Decapterus macarellus_Uninformative_bk_lower resilience","Decapterus macarellus","Decapterus macarellus","Cabo Verde","IMar - coleção de dados","Cavala","observado","Uninformative_bk_lower resilience","lower resilience","Uninformative_bk",2015,35,1989,2018,2023,0.903166064361778,0.263461073085649,0.534091903100052,3.64228933054501,0.436405391848067,0.928417159086668
"Decapterus macarellus_Uninformative_bk_lower resilience","Decapterus macarellus","Decapterus macarellus","Cabo Verde","IMar - coleção de dados","Cavala","observado","Uninformative_bk_lower resilience","lower resilience","Uninformative_bk",2016,35,1989,2018,2023,0.891106168495479,0.255221766746662,0.532338895821416,2.84409532000184,0.322046056161937,0.691667957453982
"Decapterus macarellus_Uninformative_bk_lower resilience","Decapterus macarellus","Decapterus macarellus","Cabo Verde","IMar - coleção de dados","Cavala","observado","Uninformative_bk_lower resilience","lower resilience","Uninformative_bk",2017,35,1989,2018,2023,0.881001804578925,0.251114965202761,0.534687908827844,2.6410143723629,0.298075552972085,0.617192747727716
"Decapterus macarellus_Uninformative_bk_lower resilience","Decapterus macarellus","Decapterus macarellus","Cabo Verde","IMar - coleção de dados","Cavala","observado","Uninformative_bk_lower resilience","lower resilience","Uninformative_bk",2018,35,1989,2018,2023,0.882139686281024,0.244399875007484,0.537619770322977,2.70794050132738,0.291147587786363,0.60332035160981
"Decapterus macarellus_Uninformative_bk_lower resilience","Decapterus macarellus","Decapterus macarellus","Cabo Verde","IMar - coleção de dados","Cavala","observado","Uninformative_bk_lower resilience","lower resilience","Uninformative_bk",2019,35,1989,2018,2023,0.92828187333728,0.238628885581227,0.553901243913645,2.63060820679025,0.253782747495246,0.538151405981305
"Decapterus macarellus_Uninformative_bk_lower resilience","Decapterus macarellus","Decapterus macarellus","Cabo Verde","IMar - coleção de dados","Cavala","observado","Uninformative_bk_lower resilience","lower resilience","Uninformative_bk",2020,35,1989,2018,2023,0.967017960678298,0.229835713506885,0.570288568230463,2.11957601366018,0.180882967538877,0.392587688972723
"Decapterus macarellus_Uninformative_bk_lower resilience","Decapterus macarellus","Decapterus macarellus","Cabo Verde","IMar - coleção de dados","Cavala","observado","Uninformative_bk_lower resilience","lower resilience","Uninformative_bk",2021,35,1989,2018,2023,1.02629472929181,0.227771194945387,0.590913597076702,1.39817700384996,0.108488363061751,0.241277396736072
"Decapterus macarellus_Uninformative_bk_lower resilience","Decapterus macarellus","Decapterus macarellus","Cabo Verde","IMar - coleção de dados","Cavala","observado","Uninformative_bk_lower resilience","lower resilience","Uninformative_bk",2022,35,1989,2018,2023,1.09150190926993,0.228177358670578,0.615964567243055,1.02308638305019,0.0787015311735328,0.177394147411732
"Decapterus macarellus_Uninformative_bk_lower resilience","Decapterus macarellus","Decapterus macarellus","Cabo Verde","IMar - coleção de dados","Cavala","observado","Uninformative_bk_lower resilience","lower resilience","Uninformative_bk",2023,35,1989,2018,2023,1.17655762674382,0.227930952376214,0.641147502160936,1.04250364761662,0.0745252996989611,0.170203922057932
"Decapterus macarellus_Uninformative_bk_Higher resilience","Decapterus macarellus","Decapterus macarellus","Cabo Verde","IMar - coleção de dados","Cavala","observado","Uninformative_bk_Higher resilience","Higher resilience","Uninformative_bk",1989,35,1989,2018,2023,1.50495130445194,1.15236980291244,1.32480629760917,0.753749603126984,0.379729727379693,0.53625171646093
"Decapterus macarellus_Uninformative_bk_Higher resilience","Decapterus macarellus","Decapterus macarellus","Cabo Verde","IMar - coleção de dados","Cavala","observado","Uninformative_bk_Higher resilience","Higher resilience","Uninformative_bk",1990,35,1989,2018,2023,1.60131666822179,1.14783947101429,1.3656735681929,0.719349601174039,0.347181851255733,0.4999015320271
"Decapterus macarellus_Uninformative_bk_Higher resilience","Decapterus macarellus","Decapterus macarellus","Cabo Verde","IMar - coleção de dados","Cavala","observado","Uninformative_bk_Higher resilience","Higher resilience","Uninformative_bk",1991,35,1989,2018,2023,1.68316365008694,1.16606857024077,1.40964852046861,0.766558893807909,0.369465457048955,0.531991577698312
"Decapterus macarellus_Uninformative_bk_Higher resilience","Decapterus macarellus","Decapterus macarellus","Cabo Verde","IMar - coleção de dados","Cavala","observado","Uninformative_bk_Higher resilience","Higher resilience","Uninformative_bk",1992,35,1989,2018,2023,1.71514872179273,1.16436508851395,1.42710338183613,0.861557605059215,0.411335903328434,0.592616188083189
"Decapterus macarellus_Uninformative_bk_Higher resilience","Decapterus macarellus","Decapterus macarellus","Cabo Verde","IMar - coleção de dados","Cavala","observado","Uninformative_bk_Higher resilience","Higher resilience","Uninformative_bk",1993,35,1989,2018,2023,1.70563333049558,1.14591829755169,1.41622334093089,0.895685007930036,0.428284794898468,0.62071006551293
"Decapterus macarellus_Uninformative_bk_Higher resilience","Decapterus macarellus","Decapterus macarellus","Cabo Verde","IMar - coleção de dados","Cavala","observado","Uninformative_bk_Higher resilience","Higher resilience","Uninformative_bk",1994,35,1989,2018,2023,1.68920513997188,1.13300622934926,1.40081609770872,0.922899863528699,0.436505465779364,0.634406065649489
"Decapterus macarellus_Uninformative_bk_Higher resilience","Decapterus macarellus","Decapterus macarellus","Cabo Verde","IMar - coleção de dados","Cavala","observado","Uninformative_bk_Higher resilience","Higher resilience","Uninformative_bk",1995,35,1989,2018,2023,1.67174582465585,1.12126859898062,1.38222950028665,0.964481806339931,0.462476273237811,0.672640401329844
"Decapterus macarellus_Uninformative_bk_Higher resilience","Decapterus macarellus","Decapterus macarellus","Cabo Verde","IMar - coleção de dados","Cavala","observado","Uninformative_bk_Higher resilience","Higher resilience","Uninformative_bk",1996,35,1989,2018,2023,1.65046409093493,1.09860051984959,1.36152222353131,1.13547866220162,0.543137346887912,0.793216187696506
"Decapterus macarellus_Uninformative_bk_Higher resilience","Decapterus macarellus","Decapterus macarellus","Cabo Verde","IMar - coleção de dados","Cavala","observado","Uninformative_bk_Higher resilience","Higher resilience","Uninformative_bk",1997,35,1989,2018,2023,1.59822000076461,1.05076992927688,1.30672372895856,1.40952953630648,0.68067649176157,0.998317990744245
"Decapterus macarellus_Uninformative_bk_Higher resilience","Decapterus macarellus","Decapterus macarellus","Cabo Verde","IMar - coleção de dados","Cavala","observado","Uninformative_bk_Higher resilience","Higher resilience","Uninformative_bk",1998,35,1989,2018,2023,1.4925770776025,0.952148940806697,1.20821539564758,1.64332829165725,0.792477929902786,1.15847315975142
"Decapterus macarellus_Uninformative_bk_Higher resilience","Decapterus macarellus","Decapterus macarellus","Cabo Verde","IMar - coleção de dados","Cavala","observado","Uninformative_bk_Higher resilience","Higher resilience","Uninformative_bk",1999,35,1989,2018,2023,1.37936969758863,0.849370791204315,1.10008416317206,1.62541824209751,0.786830894346822,1.15805442331251
"Decapterus macarellus_Uninformative_bk_Higher resilience","Decapterus macarellus","Decapterus macarellus","Cabo Verde","IMar - coleção de dados","Cavala","observado","Uninformative_bk_Higher resilience","Higher resilience","Uninformative_bk",2000,35,1989,2018,2023,1.31745281465332,0.779363662283165,1.02982357397208,1.47500177996375,0.698269677641758,1.03103998801687
"Decapterus macarellus_Uninformative_bk_Higher resilience","Decapterus macarellus","Decapterus macarellus","Cabo Verde","IMar - coleção de dados","Cavala","observado","Uninformative_bk_Higher resilience","Higher resilience","Uninformative_bk",2001,35,1989,2018,2023,1.30184582020269,0.754724827953467,1.00908927437738,1.34691305497072,0.624876696193829,0.944579775565785
"Decapterus macarellus_Uninformative_bk_Higher resilience","Decapterus macarellus","Decapterus macarellus","Cabo Verde","IMar - coleção de dados","Cavala","observado","Uninformative_bk_Higher resilience","Higher resilience","Uninformative_bk",2002,35,1989,2018,2023,1.32050561925503,0.765309108883931,1.01246658562834,1.36269909824784,0.63563842799519,0.950861804998756
"Decapterus macarellus_Uninformative_bk_Higher resilience","Decapterus macarellus","Decapterus macarellus","Cabo Verde","IMar - coleção de dados","Cavala","observado","Uninformative_bk_Higher resilience","Higher resilience","Uninformative_bk",2003,35,1989,2018,2023,1.31547886248159,0.765971343406747,1.01664803775675,1.38258414901403,0.648015028639729,0.962977283878766
"Decapterus macarellus_Uninformative_bk_Higher resilience","Decapterus macarellus","Decapterus macarellus","Cabo Verde","IMar - coleção de dados","Cavala","observado","Uninformative_bk_Higher resilience","Higher resilience","Uninformative_bk",2004,35,1989,2018,2023,1.31010817957261,0.762049928810749,1.01485307979881,1.41887973380651,0.672722070218194,1.00047091435332
"Decapterus macarellus_Uninformative_bk_Higher resilience","Decapterus macarellus","Decapterus macarellus","Cabo Verde","IMar - coleção de dados","Cavala","observado","Uninformative_bk_Higher resilience","Higher resilience","Uninformative_bk",2005,35,1989,2018,2023,1.27810351883856,0.770631449279002,1.00044210196015,1.57252717905935,0.782343559459043,1.13659171040159
"Decapterus macarellus_Uninformative_bk_Higher resilience","Decapterus macarellus","Decapterus macarellus","Cabo Verde","IMar - coleção de dados","Cavala","observado","Uninformative_bk_Higher resilience","Higher resilience","Uninformative_bk",2006,35,1989,2018,2023,1.21541467146854,0.746216507769615,0.956743017120445,1.81284402749625,0.955953725824034,1.34031712081315
"Decapterus macarellus_Uninformative_bk_Higher resilience","Decapterus macarellus","Decapterus macarellus","Cabo Verde","IMar - coleção de dados","Cavala","observado","Uninformative_bk_Higher resilience","Higher resilience","Uninformative_bk",2007,35,1989,2018,2023,1.10630876291755,0.692468746275099,0.880077869458471,1.99253725897139,1.06408558148676,1.49484389940613
"Decapterus macarellus_Uninformative_bk_Higher resilience","Decapterus macarellus","Decapterus macarellus","Cabo Verde","IMar - coleção de dados","Cavala","observado","Uninformative_bk_Higher resilience","Higher resilience","Uninformative_bk",2008,35,1989,2018,2023,1.00170025151978,0.6266704820909,0.792342305730586,2.01294593002549,1.08440697069721,1.51946073698171
"Decapterus macarellus_Uninformative_bk_Higher resilience","Decapterus macarellus","Decapterus macarellus","Cabo Verde","IMar - coleção de dados","Cavala","observado","Uninformative_bk_Higher resilience","Higher resilience","Uninformative_bk",2009,35,1989,2018,2023,0.924965763421407,0.573207193540313,0.724879489184235,1.9438255825434,1.05310693115661,1.45416609529354
"Decapterus macarellus_Uninformative_bk_Higher resilience","Decapterus macarellus","Decapterus macarellus","Cabo Verde","IMar - coleção de dados","Cavala","observado","Uninformative_bk_Higher resilience","Higher resilience","Uninformative_bk",2010,35,1989,2018,2023,0.867380438289943,0.548701946551542,0.685249641499402,1.9648284511178,1.08461205883409,1.48946155596671
"Decapterus macarellus_Uninformative_bk_Higher resilience","Decapterus macarellus","Decapterus macarellus","Cabo Verde","IMar - coleção de dados","Cavala","observado","Uninformative_bk_Higher resilience","Higher resilience","Uninformative_bk",2011,35,1989,2018,2023,0.815258955812307,0.524711715606575,0.650745990891313,2.21502482894679,1.28402439111615,1.70977181698222
"Decapterus macarellus_Uninformative_bk_Higher resilience","Decapterus macarellus","Decapterus macarellus","Cabo Verde","IMar - coleção de dados","Cavala","observado","Uninformative_bk_Higher resilience","Higher resilience","Uninformative_bk",2012,35,1989,2018,2023,0.731703692867037,0.487620265465615,0.588124190833652,2.49799589166701,1.49981445654421,1.97594072778818
"Decapterus macarellus_Uninformative_bk_Higher resilience","Decapterus macarellus","Decapterus macarellus","Cabo Verde","IMar - coleção de dados","Cavala","observado","Uninformative_bk_Higher resilience","Higher resilience","Uninformative_bk",2013,35,1989,2018,2023,0.625742583428264,0.426374844418471,0.502362767073524,2.73296233218341,1.58289420335031,2.12880419216541
"Decapterus macarellus_Uninformative_bk_Higher resilience","Decapterus macarellus","Decapterus macarellus","Cabo Verde","IMar - coleção de dados","Cavala","observado","Uninformative_bk_Higher resilience","Higher resilience","Uninformative_bk",2014,35,1989,2018,2023,0.545234017715578,0.355994266780452,0.424271429751879,2.87297334605713,1.36048489857707,2.09338197909527
"Decapterus macarellus_Uninformative_bk_Higher resilience","Decapterus macarellus","Decapterus macarellus","Cabo Verde","IMar - coleção de dados","Cavala","observado","Uninformative_bk_Higher resilience","Higher resilience","Uninformative_bk",2015,35,1989,2018,2023,0.531763404156237,0.302513656290736,0.375171819597342,2.68501575835496,0.912106992189904,1.7581479303333
"Decapterus macarellus_Uninformative_bk_Higher resilience","Decapterus macarellus","Decapterus macarellus","Cabo Verde","IMar - coleção de dados","Cavala","observado","Uninformative_bk_Higher resilience","Higher resilience","Uninformative_bk",2016,35,1989,2018,2023,0.570496940773127,0.270541181335567,0.362514052473581,2.51005916189975,0.617342913683639,1.39989775035519
"Decapterus macarellus_Uninformative_bk_Higher resilience","Decapterus macarellus","Decapterus macarellus","Cabo Verde","IMar - coleção de dados","Cavala","observado","Uninformative_bk_Higher resilience","Higher resilience","Uninformative_bk",2017,35,1989,2018,2023,0.659250114712797,0.253727099689534,0.374644534510157,2.56130762623454,0.468299952944781,1.18655846217377
"Decapterus macarellus_Uninformative_bk_Higher resilience","Decapterus macarellus","Decapterus macarellus","Cabo Verde","IMar - coleção de dados","Cavala","observado","Uninformative_bk_Higher resilience","Higher resilience","Uninformative_bk",2018,35,1989,2018,2023,0.760339559318599,0.235741902926236,0.401188174269097,2.99520190439363,0.390517534546397,1.00520873829365
"Decapterus macarellus_Uninformative_bk_Higher resilience","Decapterus macarellus","Decapterus macarellus","Cabo Verde","IMar - coleção de dados","Cavala","observado","Uninformative_bk_Higher resilience","Higher resilience","Uninformative_bk",2019,35,1989,2018,2023,0.915330355226995,0.20768748123429,0.44549126937784,3.59433510826022,0.295342367804008,0.763571696120604
"Decapterus macarellus_Uninformative_bk_Higher resilience","Decapterus macarellus","Decapterus macarellus","Cabo Verde","IMar - coleção de dados","Cavala","observado","Uninformative_bk_Higher resilience","Higher resilience","Uninformative_bk",2020,35,1989,2018,2023,1.09700759831849,0.173218133253196,0.516912561075353,3.88904362787454,0.187542609180798,0.449083369482002
"Decapterus macarellus_Uninformative_bk_Higher resilience","Decapterus macarellus","Decapterus macarellus","Cabo Verde","IMar - coleção de dados","Cavala","observado","Uninformative_bk_Higher resilience","Higher resilience","Uninformative_bk",2021,35,1989,2018,2023,1.30110589748968,0.1448189525688,0.64461128558269,3.50489589214887,0.0991151145623938,0.226838461367311
"Decapterus macarellus_Uninformative_bk_Higher resilience","Decapterus macarellus","Decapterus macarellus","Cabo Verde","IMar - coleção de dados","Cavala","observado","Uninformative_bk_Higher resilience","Higher resilience","Uninformative_bk",2022,35,1989,2018,2023,1.5131392151162,0.127900995822191,0.809182958011538,3.46572484379479,0.0633181127834605,0.13870023694144
"Decapterus macarellus_Uninformative_bk_Higher resilience","Decapterus macarellus","Decapterus macarellus","Cabo Verde","IMar - coleção de dados","Cavala","observado","Uninformative_bk_Higher resilience","Higher resilience","Uninformative_bk",2023,35,1989,2018,2023,1.68824289954146,0.11219788609622,1.00423228462928,4.24903560919113,0.0557501335937373,0.113898228280344
"Decapterus macarellus_Uninformative_bk_Non-informative_r","Decapterus macarellus","Decapterus macarellus","Cabo Verde","IMar - coleção de dados","Cavala","observado","Uninformative_bk_Non-informative_r","Non-informative_r","Uninformative_bk",1989,35,1989,2018,2023,1.4965382736427,1.11720368395922,1.30010892307598,0.930823015910642,0.398429063136263,0.612929442238054
"Decapterus macarellus_Uninformative_bk_Non-informative_r","Decapterus macarellus","Decapterus macarellus","Cabo Verde","IMar - coleção de dados","Cavala","observado","Uninformative_bk_Non-informative_r","Non-informative_r","Uninformative_bk",1990,35,1989,2018,2023,1.5616018157888,1.06012785636905,1.29391472436726,0.907990635808746,0.374794075055396,0.589508536453087
"Decapterus macarellus_Uninformative_bk_Non-informative_r","Decapterus macarellus","Decapterus macarellus","Cabo Verde","IMar - coleção de dados","Cavala","observado","Uninformative_bk_Non-informative_r","Non-informative_r","Uninformative_bk",1991,35,1989,2018,2023,1.60887983008326,1.02017600512184,1.28470127097158,1.00461341520735,0.408706953615856,0.656304206316094
"Decapterus macarellus_Uninformative_bk_Non-informative_r","Decapterus macarellus","Decapterus macarellus","Cabo Verde","IMar - coleção de dados","Cavala","observado","Uninformative_bk_Non-informative_r","Non-informative_r","Uninformative_bk",1992,35,1989,2018,2023,1.63861942961279,0.985645346349589,1.2705863536554,1.16476866794352,0.459619146368206,0.756026917137733
"Decapterus macarellus_Uninformative_bk_Non-informative_r","Decapterus macarellus","Decapterus macarellus","Cabo Verde","IMar - coleção de dados","Cavala","observado","Uninformative_bk_Non-informative_r","Non-informative_r","Uninformative_bk",1993,35,1989,2018,2023,1.65168805459151,0.947260430088095,1.25086616244112,1.23346379011275,0.478334967089836,0.794370943790275
"Decapterus macarellus_Uninformative_bk_Non-informative_r","Decapterus macarellus","Decapterus macarellus","Cabo Verde","IMar - coleção de dados","Cavala","observado","Uninformative_bk_Non-informative_r","Non-informative_r","Uninformative_bk",1994,35,1989,2018,2023,1.64604024062371,0.925598929535521,1.22830975987101,1.26346212510577,0.487017717315583,0.81555472786962
"Decapterus macarellus_Uninformative_bk_Non-informative_r","Decapterus macarellus","Decapterus macarellus","Cabo Verde","IMar - coleção de dados","Cavala","observado","Uninformative_bk_Non-informative_r","Non-informative_r","Uninformative_bk",1995,35,1989,2018,2023,1.62229465918039,0.8890935668468,1.20180010594091,1.37900131126868,0.516083689001808,0.87187520118297
"Decapterus macarellus_Uninformative_bk_Non-informative_r","Decapterus macarellus","Decapterus macarellus","Cabo Verde","IMar - coleção de dados","Cavala","observado","Uninformative_bk_Non-informative_r","Non-informative_r","Uninformative_bk",1996,35,1989,2018,2023,1.60560661940084,0.871746910206927,1.1785065496454,1.63226569083567,0.620745485635113,1.0334107408069
"Decapterus macarellus_Uninformative_bk_Non-informative_r","Decapterus macarellus","Decapterus macarellus","Cabo Verde","IMar - coleção de dados","Cavala","observado","Uninformative_bk_Non-informative_r","Non-informative_r","Uninformative_bk",1997,35,1989,2018,2023,1.55747540009973,0.834176545860417,1.14107133381298,2.0104703872957,0.764266466167786,1.29312728566495
"Decapterus macarellus_Uninformative_bk_Non-informative_r","Decapterus macarellus","Decapterus macarellus","Cabo Verde","IMar - coleção de dados","Cavala","observado","Uninformative_bk_Non-informative_r","Non-informative_r","Uninformative_bk",1998,35,1989,2018,2023,1.50593567804365,0.788715196285513,1.08383961308081,2.25758584990043,0.857909667669424,1.45351690646651
"Decapterus macarellus_Uninformative_bk_Non-informative_r","Decapterus macarellus","Decapterus macarellus","Cabo Verde","IMar - coleção de dados","Cavala","observado","Uninformative_bk_Non-informative_r","Non-informative_r","Uninformative_bk",1999,35,1989,2018,2023,1.43789061793631,0.744655136812053,1.02704535438948,2.17976262863803,0.820790659756211,1.40483654483755
"Decapterus macarellus_Uninformative_bk_Non-informative_r","Decapterus macarellus","Decapterus macarellus","Cabo Verde","IMar - coleção de dados","Cavala","observado","Uninformative_bk_Non-informative_r","Non-informative_r","Uninformative_bk",2000,35,1989,2018,2023,1.38730822785742,0.711748977304464,0.978582614741623,1.91583288930215,0.708632476636767,1.21514319084703
"Decapterus macarellus_Uninformative_bk_Non-informative_r","Decapterus macarellus","Decapterus macarellus","Cabo Verde","IMar - coleção de dados","Cavala","observado","Uninformative_bk_Non-informative_r","Non-informative_r","Uninformative_bk",2001,35,1989,2018,2023,1.34211567056176,0.685532883868338,0.945188694012243,1.75116959149139,0.65729008032269,1.12077353649398
"Decapterus macarellus_Uninformative_bk_Non-informative_r","Decapterus macarellus","Decapterus macarellus","Cabo Verde","IMar - coleção de dados","Cavala","observado","Uninformative_bk_Non-informative_r","Non-informative_r","Uninformative_bk",2002,35,1989,2018,2023,1.31020902025531,0.669611653122207,0.924771462268951,1.84221916113801,0.6763379476401,1.1622502608464
"Decapterus macarellus_Uninformative_bk_Non-informative_r","Decapterus macarellus","Decapterus macarellus","Cabo Verde","IMar - coleção de dados","Cavala","observado","Uninformative_bk_Non-informative_r","Non-informative_r","Uninformative_bk",2003,35,1989,2018,2023,1.27142936404493,0.648132003131499,0.903884244839016,1.93952323894064,0.710968964359862,1.21806480000274
"Decapterus macarellus_Uninformative_bk_Non-informative_r","Decapterus macarellus","Decapterus macarellus","Cabo Verde","IMar - coleção de dados","Cavala","observado","Uninformative_bk_Non-informative_r","Non-informative_r","Uninformative_bk",2004,35,1989,2018,2023,1.23488145465208,0.626206302407127,0.880322228313073,2.02842638535533,0.753153194815383,1.2924338210733
"Decapterus macarellus_Uninformative_bk_Non-informative_r","Decapterus macarellus","Decapterus macarellus","Cabo Verde","IMar - coleção de dados","Cavala","observado","Uninformative_bk_Non-informative_r","Non-informative_r","Uninformative_bk",2005,35,1989,2018,2023,1.19744908342811,0.616449656512516,0.851841567837824,2.37158223020914,0.870564609783407,1.4893419648254
"Decapterus macarellus_Uninformative_bk_Non-informative_r","Decapterus macarellus","Decapterus macarellus","Cabo Verde","IMar - coleção de dados","Cavala","observado","Uninformative_bk_Non-informative_r","Non-informative_r","Uninformative_bk",2006,35,1989,2018,2023,1.14784471451909,0.585377817045531,0.814448570689451,2.73476303483041,1.02210760000842,1.75052313856061
"Decapterus macarellus_Uninformative_bk_Non-informative_r","Decapterus macarellus","Decapterus macarellus","Cabo Verde","IMar - coleção de dados","Cavala","observado","Uninformative_bk_Non-informative_r","Non-informative_r","Uninformative_bk",2007,35,1989,2018,2023,1.08279689493239,0.551976370929429,0.765992924424362,3.01771269304774,1.12299014995862,1.90857058817112
"Decapterus macarellus_Uninformative_bk_Non-informative_r","Decapterus macarellus","Decapterus macarellus","Cabo Verde","IMar - coleção de dados","Cavala","observado","Uninformative_bk_Non-informative_r","Non-informative_r","Uninformative_bk",2008,35,1989,2018,2023,1.02305623135515,0.516581712055914,0.714872073262161,2.95560620575063,1.06676355372937,1.87289799629198
"Decapterus macarellus_Uninformative_bk_Non-informative_r","Decapterus macarellus","Decapterus macarellus","Cabo Verde","IMar - coleção de dados","Cavala","observado","Uninformative_bk_Non-informative_r","Non-informative_r","Uninformative_bk",2009,35,1989,2018,2023,0.982328617628164,0.486497921564732,0.667682400146215,2.81070258359806,0.992922253086663,1.74882813563699
"Decapterus macarellus_Uninformative_bk_Non-informative_r","Decapterus macarellus","Decapterus macarellus","Cabo Verde","IMar - coleção de dados","Cavala","observado","Uninformative_bk_Non-informative_r","Non-informative_r","Uninformative_bk",2010,35,1989,2018,2023,0.942760765232974,0.464271203184935,0.636108479068039,2.89364169880926,0.991698395978106,1.77826140243206
"Decapterus macarellus_Uninformative_bk_Non-informative_r","Decapterus macarellus","Decapterus macarellus","Cabo Verde","IMar - coleção de dados","Cavala","observado","Uninformative_bk_Non-informative_r","Non-informative_r","Uninformative_bk",2011,35,1989,2018,2023,0.903172485462782,0.440800748150285,0.604755921117836,3.43854110322831,1.14594690387332,2.04789663913188
"Decapterus macarellus_Uninformative_bk_Non-informative_r","Decapterus macarellus","Decapterus macarellus","Cabo Verde","IMar - coleção de dados","Cavala","observado","Uninformative_bk_Non-informative_r","Non-informative_r","Uninformative_bk",2012,35,1989,2018,2023,0.868215156754508,0.40159249243381,0.56635434535035,4.12457691297557,1.24604512542944,2.30501119655118
"Decapterus macarellus_Uninformative_bk_Non-informative_r","Decapterus macarellus","Decapterus macarellus","Cabo Verde","IMar - coleção de dados","Cavala","observado","Uninformative_bk_Non-informative_r","Non-informative_r","Uninformative_bk",2013,35,1989,2018,2023,0.826223793380448,0.357715981530407,0.522515179901838,4.68671491443789,1.16552940531648,2.2681402737718
"Decapterus macarellus_Uninformative_bk_Non-informative_r","Decapterus macarellus","Decapterus macarellus","Cabo Verde","IMar - coleção de dados","Cavala","observado","Uninformative_bk_Non-informative_r","Non-informative_r","Uninformative_bk",2014,35,1989,2018,2023,0.796844874992318,0.313565852755229,0.485364530242021,4.44658913681001,0.862739393932655,1.84665855015934
"Decapterus macarellus_Uninformative_bk_Non-informative_r","Decapterus macarellus","Decapterus macarellus","Cabo Verde","IMar - coleção de dados","Cavala","observado","Uninformative_bk_Non-informative_r","Non-informative_r","Uninformative_bk",2015,35,1989,2018,2023,0.787964787483597,0.281271299217897,0.466367025204509,3.76846415500582,0.577498726621552,1.29054563507486
"Decapterus macarellus_Uninformative_bk_Non-informative_r","Decapterus macarellus","Decapterus macarellus","Cabo Verde","IMar - coleção de dados","Cavala","observado","Uninformative_bk_Non-informative_r","Non-informative_r","Uninformative_bk",2016,35,1989,2018,2023,0.800225336835944,0.262218289045847,0.467352525089287,3.24123347239437,0.425523660626359,0.953207789987633
"Decapterus macarellus_Uninformative_bk_Non-informative_r","Decapterus macarellus","Decapterus macarellus","Cabo Verde","IMar - coleção de dados","Cavala","observado","Uninformative_bk_Non-informative_r","Non-informative_r","Uninformative_bk",2017,35,1989,2018,2023,0.818370305575347,0.251561156033262,0.478552768104205,3.1430555635892,0.369250698367403,0.831676622404072
"Decapterus macarellus_Uninformative_bk_Non-informative_r","Decapterus macarellus","Decapterus macarellus","Cabo Verde","IMar - coleção de dados","Cavala","observado","Uninformative_bk_Non-informative_r","Non-informative_r","Uninformative_bk",2018,35,1989,2018,2023,0.83703754594636,0.241635249124005,0.493264031930288,3.34159238482179,0.355509041084527,0.775880212859063
"Decapterus macarellus_Uninformative_bk_Non-informative_r","Decapterus macarellus","Decapterus macarellus","Cabo Verde","IMar - coleção de dados","Cavala","observado","Uninformative_bk_Non-informative_r","Non-informative_r","Uninformative_bk",2019,35,1989,2018,2023,0.894924360263042,0.229490847750512,0.515404203797974,3.54479483929395,0.304633413488378,0.683602369115358
"Decapterus macarellus_Uninformative_bk_Non-informative_r","Decapterus macarellus","Decapterus macarellus","Cabo Verde","IMar - coleção de dados","Cavala","observado","Uninformative_bk_Non-informative_r","Non-informative_r","Uninformative_bk",2020,35,1989,2018,2023,0.949330897849178,0.217622050021575,0.543311308206376,2.92420352027953,0.215575274686217,0.478106917833873
"Decapterus macarellus_Uninformative_bk_Non-informative_r","Decapterus macarellus","Decapterus macarellus","Cabo Verde","IMar - coleção de dados","Cavala","observado","Uninformative_bk_Non-informative_r","Non-informative_r","Uninformative_bk",2021,35,1989,2018,2023,1.0326941543161,0.208929169720736,0.579495921268246,2.03832564541095,0.128797369971999,0.284011602603197
"Decapterus macarellus_Uninformative_bk_Non-informative_r","Decapterus macarellus","Decapterus macarellus","Cabo Verde","IMar - coleção de dados","Cavala","observado","Uninformative_bk_Non-informative_r","Non-informative_r","Uninformative_bk",2022,35,1989,2018,2023,1.11227649615202,0.207176346070304,0.624724388979813,1.55444254201935,0.0900347040854618,0.200476022360704
"Decapterus macarellus_Uninformative_bk_Non-informative_r","Decapterus macarellus","Decapterus macarellus","Cabo Verde","IMar - coleção de dados","Cavala","observado","Uninformative_bk_Non-informative_r","Non-informative_r","Uninformative_bk",2023,35,1989,2018,2023,1.18493636397258,0.207630701230007,0.674586997685466,1.50504276394414,0.0846025419098462,0.185441246419058
