"cenario_id","hipotese","m_hipotese","MSY"
"NN_CMSY_Jardim (1999)","NN_CMSY","M_Jardim(1981-1994)",1396.38737511648
"NN_CMSY_Jardim (1999)","NN_CMSY","M_Jardim(1981-1994)",1942.06582014773
"NN_CMSY_Jardim (1999)","NN_CMSY","M_Jardim(1981-1994)",1511.3271728958
"NN_CMSY_Jardim (1999)","NN_CMSY","M_Jardim(1981-1994)",1783.42638412416
"NN_CMSY_Jardim (1999)","NN_CMSY","M_Jardim(1981-1994)",1748.31463457734
"NN_CMSY_Jardim (1999)","NN_CMSY","M_Jardim(1981-1994)",1694.31880836084
"NN_CMSY_Jardim (1999)","NN_CMSY","M_Jardim(1981-1994)",1793.25825542697
"NN_CMSY_Jardim (1999)","NN_CMSY","M_Jardim(1981-1994)",1793.37823932161
"NN_CMSY_Jardim (1999)","NN_CMSY","M_Jardim(1981-1994)",1942.39727475413
"NN_CMSY_Jardim (1999)","NN_CMSY","M_Jardim(1981-1994)",1694.93066930839
"NN_CMSY_Jardim (1999)","NN_CMSY","M_Jardim(1981-1994)",1365.00098334532
"NN_CMSY_Jardim (1999)","NN_CMSY","M_Jardim(1981-1994)",1760.29777010976
"NN_CMSY_Jardim (1999)","NN_CMSY","M_Jardim(1981-1994)",1651.99102251783
"NN_CMSY_Jardim (1999)","NN_CMSY","M_Jardim(1981-1994)",1778.72601195791
"NN_CMSY_Jardim (1999)","NN_CMSY","M_Jardim(1981-1994)",1729.78884828901
"NN_CMSY_Jardim (1999)","NN_CMSY","M_Jardim(1981-1994)",1478.66236389938
"NN_CMSY_Jardim (1999)","NN_CMSY","M_Jardim(1981-1994)",1696.85068390468
"NN_CMSY_Jardim (1999)","NN_CMSY","M_Jardim(1981-1994)",1475.90865310756
"NN_CMSY_Jardim (1999)","NN_CMSY","M_Jardim(1981-1994)",1750.79618539279
"NN_CMSY_Jardim (1999)","NN_CMSY","M_Jardim(1981-1994)",1500.70966819602
"NN_CMSY_Jardim (1999)","NN_CMSY","M_Jardim(1981-1994)",1696.21710953553
"NN_CMSY_Jardim (1999)","NN_CMSY","M_Jardim(1981-1994)",1696.15451445478
"NN_CMSY_Jardim (1999)","NN_CMSY","M_Jardim(1981-1994)",1490.53913152224
"NN_CMSY_Jardim (1999)","NN_CMSY","M_Jardim(1981-1994)",1383.68553626587
"NN_CMSY_Jardim (1999)","NN_CMSY","M_Jardim(1981-1994)",1947.83263834636
"NN_CMSY_Jardim (1999)","NN_CMSY","M_Jardim(1981-1994)",1531.19395328117
"NN_CMSY_Jardim (1999)","NN_CMSY","M_Jardim(1981-1994)",1903.11223053976
"NN_CMSY_Jardim (1999)","NN_CMSY","M_Jardim(1981-1994)",1681.2121766532
"NN_CMSY_Jardim (1999)","NN_CMSY","M_Jardim(1981-1994)",1667.53278220546
"NN_CMSY_Jardim (1999)","NN_CMSY","M_Jardim(1981-1994)",1691.7907587956
"NN_CMSY_Jardim (1999)","NN_CMSY","M_Jardim(1981-1994)",1745.12836834096
"NN_CMSY_Jardim (1999)","NN_CMSY","M_Jardim(1981-1994)",1750.56188701025
"NN_CMSY_Jardim (1999)","NN_CMSY","M_Jardim(1981-1994)",1357.81235367694
"NN_CMSY_Jardim (1999)","NN_CMSY","M_Jardim(1981-1994)",1767.99556469884
"NN_CMSY_Jardim (1999)","NN_CMSY","M_Jardim(1981-1994)",1775.85196264931
"NN_CMSY_Jardim (1999)","NN_CMSY","M_Jardim(1981-1994)",1433.86660746518
"NN_CMSY_Jardim (1999)","NN_CMSY","M_Jardim(1981-1994)",1399.63687935659
"NN_CMSY_Jardim (1999)","NN_CMSY","M_Jardim(1981-1994)",1847.64581042849
"NN_CMSY_Jardim (1999)","NN_CMSY","M_Jardim(1981-1994)",1741.49086309514
"NN_CMSY_Jardim (1999)","NN_CMSY","M_Jardim(1981-1994)",1508.74942776072
"NN_CMSY_Jardim (1999)","NN_CMSY","M_Jardim(1981-1994)",1435.22666681471
"NN_CMSY_Jardim (1999)","NN_CMSY","M_Jardim(1981-1994)",1223.67153889868
"NN_CMSY_Jardim (1999)","NN_CMSY","M_Jardim(1981-1994)",1587.47413259585
"NN_CMSY_Jardim (1999)","NN_CMSY","M_Jardim(1981-1994)",1703.75641916272
"NN_CMSY_Jardim (1999)","NN_CMSY","M_Jardim(1981-1994)",1614.43672405461
"NN_CMSY_Jardim (1999)","NN_CMSY","M_Jardim(1981-1994)",1907.19905462085
"NN_CMSY_Jardim (1999)","NN_CMSY","M_Jardim(1981-1994)",1408.01573015553
"NN_CMSY_Jardim (1999)","NN_CMSY","M_Jardim(1981-1994)",1681.07621308
"NN_CMSY_Jardim (1999)","NN_CMSY","M_Jardim(1981-1994)",1794.4748720152
"NN_CMSY_Jardim (1999)","NN_CMSY","M_Jardim(1981-1994)",1950.67264643707
"NN_CMSY_Jardim (1999)","NN_CMSY","M_Jardim(1981-1994)",1788.21776029877
"NN_CMSY_Jardim (1999)","NN_CMSY","M_Jardim(1981-1994)",1698.00956967172
"NN_CMSY_Jardim (1999)","NN_CMSY","M_Jardim(1981-1994)",2420.90043394292
"NN_CMSY_Jardim (1999)","NN_CMSY","M_Jardim(1981-1994)",1683.66709824368
"NN_CMSY_Jardim (1999)","NN_CMSY","M_Jardim(1981-1994)",1681.90777289264
"NN_CMSY_Jardim (1999)","NN_CMSY","M_Jardim(1981-1994)",1663.76152633902
"NN_CMSY_Jardim (1999)","NN_CMSY","M_Jardim(1981-1994)",1150.82944670265
"NN_CMSY_Jardim (1999)","NN_CMSY","M_Jardim(1981-1994)",1470.15847665401
"NN_CMSY_Jardim (1999)","NN_CMSY","M_Jardim(1981-1994)",1664.68452286987
"NN_CMSY_Jardim (1999)","NN_CMSY","M_Jardim(1981-1994)",1690.05161918786
"NN_CMSY_Jardim (1999)","NN_CMSY","M_Jardim(1981-1994)",1757.79301151273
"NN_CMSY_Jardim (1999)","NN_CMSY","M_Jardim(1981-1994)",1758.06245806208
"NN_CMSY_Jardim (1999)","NN_CMSY","M_Jardim(1981-1994)",1626.18784821637
"NN_CMSY_Jardim (1999)","NN_CMSY","M_Jardim(1981-1994)",1795.08026259391
"NN_CMSY_Jardim (1999)","NN_CMSY","M_Jardim(1981-1994)",1509.1870917746
"NN_CMSY_Jardim (1999)","NN_CMSY","M_Jardim(1981-1994)",1657.83625631377
"NN_CMSY_Jardim (1999)","NN_CMSY","M_Jardim(1981-1994)",1685.49493885948
"NN_CMSY_Jardim (1999)","NN_CMSY","M_Jardim(1981-1994)",1548.44386832627
"NN_CMSY_Jardim (1999)","NN_CMSY","M_Jardim(1981-1994)",1731.26684155451
"NN_CMSY_Jardim (1999)","NN_CMSY","M_Jardim(1981-1994)",1923.03072251225
"NN_CMSY_Jardim (1999)","NN_CMSY","M_Jardim(1981-1994)",1752.53086244849
"NN_CMSY_Jardim (1999)","NN_CMSY","M_Jardim(1981-1994)",2244.06518397835
"NN_CMSY_Jardim (1999)","NN_CMSY","M_Jardim(1981-1994)",1840.1481211661
"NN_CMSY_Jardim (1999)","NN_CMSY","M_Jardim(1981-1994)",1393.46624917732
"NN_CMSY_Jardim (1999)","NN_CMSY","M_Jardim(1981-1994)",1720.60137119136
"NN_CMSY_Jardim (1999)","NN_CMSY","M_Jardim(1981-1994)",1781.98885881389
"NN_CMSY_Jardim (1999)","NN_CMSY","M_Jardim(1981-1994)",1931.05548236901
"NN_CMSY_Jardim (1999)","NN_CMSY","M_Jardim(1981-1994)",1788.74187304992
"NN_CMSY_Jardim (1999)","NN_CMSY","M_Jardim(1981-1994)",1672.8395749793
"NN_CMSY_Jardim (1999)","NN_CMSY","M_Jardim(1981-1994)",1359.18091117527
"NN_CMSY_Jardim (1999)","NN_CMSY","M_Jardim(1981-1994)",1700.05854332152
"NN_CMSY_Jardim (1999)","NN_CMSY","M_Jardim(1981-1994)",1670.83448909199
"NN_CMSY_Jardim (1999)","NN_CMSY","M_Jardim(1981-1994)",1698.1968146898
"NN_CMSY_Jardim (1999)","NN_CMSY","M_Jardim(1981-1994)",1953.36086039821
"NN_CMSY_Jardim (1999)","NN_CMSY","M_Jardim(1981-1994)",1746.43334971547
"NN_CMSY_Jardim (1999)","NN_CMSY","M_Jardim(1981-1994)",1697.05932685847
"NN_CMSY_Jardim (1999)","NN_CMSY","M_Jardim(1981-1994)",1937.87275951525
"NN_CMSY_Jardim (1999)","NN_CMSY","M_Jardim(1981-1994)",1887.14548883714
"NN_CMSY_Jardim (1999)","NN_CMSY","M_Jardim(1981-1994)",1683.61234243809
"NN_CMSY_Jardim (1999)","NN_CMSY","M_Jardim(1981-1994)",1717.14791004186
"NN_CMSY_Jardim (1999)","NN_CMSY","M_Jardim(1981-1994)",1832.60478681897
"NN_CMSY_Jardim (1999)","NN_CMSY","M_Jardim(1981-1994)",1805.57929219286
"NN_CMSY_Jardim (1999)","NN_CMSY","M_Jardim(1981-1994)",1688.59895005154
"NN_CMSY_Jardim (1999)","NN_CMSY","M_Jardim(1981-1994)",1916.74927481668
"NN_CMSY_Jardim (1999)","NN_CMSY","M_Jardim(1981-1994)",1694.66902027859
"NN_CMSY_Jardim (1999)","NN_CMSY","M_Jardim(1981-1994)",1688.12396330314
"NN_CMSY_Jardim (1999)","NN_CMSY","M_Jardim(1981-1994)",1765.04823331878
"NN_CMSY_Jardim (1999)","NN_CMSY","M_Jardim(1981-1994)",1710.07884822281
"NN_CMSY_Jardim (1999)","NN_CMSY","M_Jardim(1981-1994)",1752.50714457517
"NN_CMSY_Jardim (1999)","NN_CMSY","M_Jardim(1981-1994)",1722.2936851022
"NN_CMSY_Jardim (1999)","NN_CMSY","M_Jardim(1981-1994)",1423.52959374276
"NN_CMSY_Jardim (1999)","NN_CMSY","M_Jardim(1981-1994)",1718.59126707003
"NN_CMSY_Jardim (1999)","NN_CMSY","M_Jardim(1981-1994)",1383.01851515173
"NN_CMSY_Jardim (1999)","NN_CMSY","M_Jardim(1981-1994)",1917.05292368826
"NN_CMSY_Jardim (1999)","NN_CMSY","M_Jardim(1981-1994)",1518.15828010609
"NN_CMSY_Jardim (1999)","NN_CMSY","M_Jardim(1981-1994)",1675.50953509274
"NN_CMSY_Jardim (1999)","NN_CMSY","M_Jardim(1981-1994)",1895.64724570788
"NN_CMSY_Jardim (1999)","NN_CMSY","M_Jardim(1981-1994)",1647.74207187276
"NN_CMSY_Jardim (1999)","NN_CMSY","M_Jardim(1981-1994)",1189.74054783505
"NN_CMSY_Jardim (1999)","NN_CMSY","M_Jardim(1981-1994)",1435.54900336217
"NN_CMSY_Jardim (1999)","NN_CMSY","M_Jardim(1981-1994)",1357.79714194454
"NN_CMSY_Jardim (1999)","NN_CMSY","M_Jardim(1981-1994)",1743.77082965569
"NN_CMSY_Jardim (1999)","NN_CMSY","M_Jardim(1981-1994)",1733.00276701178
"NN_CMSY_Jardim (1999)","NN_CMSY","M_Jardim(1981-1994)",1800.93416685137
"NN_CMSY_Jardim (1999)","NN_CMSY","M_Jardim(1981-1994)",1536.77142935545
"NN_CMSY_Jardim (1999)","NN_CMSY","M_Jardim(1981-1994)",1500.71129046802
"NN_CMSY_Jardim (1999)","NN_CMSY","M_Jardim(1981-1994)",1738.84442510044
"NN_CMSY_Jardim (1999)","NN_CMSY","M_Jardim(1981-1994)",1594.86583445711
"NN_CMSY_Jardim (1999)","NN_CMSY","M_Jardim(1981-1994)",1497.06150906087
"NN_CMSY_Jardim (1999)","NN_CMSY","M_Jardim(1981-1994)",1663.28919210787
"NN_CMSY_Jardim (1999)","NN_CMSY","M_Jardim(1981-1994)",1354.54818424559
"NN_CMSY_Jardim (1999)","NN_CMSY","M_Jardim(1981-1994)",1792.78010678095
"NN_CMSY_Jardim (1999)","NN_CMSY","M_Jardim(1981-1994)",1704.99788529391
"NN_CMSY_Jardim (1999)","NN_CMSY","M_Jardim(1981-1994)",1800.52916351587
"NN_CMSY_Jardim (1999)","NN_CMSY","M_Jardim(1981-1994)",1685.62734424991
"NN_CMSY_Santos (2018)","NN_CMSY","M_Santos(2005-2018)",1523.88304067179
"NN_CMSY_Santos (2018)","NN_CMSY","M_Santos(2005-2018)",1674.02767505806
"NN_CMSY_Santos (2018)","NN_CMSY","M_Santos(2005-2018)",1935.72522423232
"NN_CMSY_Santos (2018)","NN_CMSY","M_Santos(2005-2018)",1663.50343257263
"NN_CMSY_Santos (2018)","NN_CMSY","M_Santos(2005-2018)",1757.62651051728
"NN_CMSY_Santos (2018)","NN_CMSY","M_Santos(2005-2018)",1343.15119441342
"NN_CMSY_Santos (2018)","NN_CMSY","M_Santos(2005-2018)",1780.49351614514
"NN_CMSY_Santos (2018)","NN_CMSY","M_Santos(2005-2018)",1743.91722264332
"NN_CMSY_Santos (2018)","NN_CMSY","M_Santos(2005-2018)",1777.24021599788
"NN_CMSY_Santos (2018)","NN_CMSY","M_Santos(2005-2018)",1250.33141739878
"NN_CMSY_Santos (2018)","NN_CMSY","M_Santos(2005-2018)",1684.80039188111
"NN_CMSY_Santos (2018)","NN_CMSY","M_Santos(2005-2018)",1693.44036953342
"NN_CMSY_Santos (2018)","NN_CMSY","M_Santos(2005-2018)",1750.54468032089
"NN_CMSY_Santos (2018)","NN_CMSY","M_Santos(2005-2018)",1685.17274338875
"NN_CMSY_Santos (2018)","NN_CMSY","M_Santos(2005-2018)",1349.92831250475
"NN_CMSY_Santos (2018)","NN_CMSY","M_Santos(2005-2018)",1743.99561478304
"NN_CMSY_Santos (2018)","NN_CMSY","M_Santos(2005-2018)",1837.6923619677
"NN_CMSY_Santos (2018)","NN_CMSY","M_Santos(2005-2018)",1703.11826253449
"NN_CMSY_Santos (2018)","NN_CMSY","M_Santos(2005-2018)",1700.74935544723
"NN_CMSY_Santos (2018)","NN_CMSY","M_Santos(2005-2018)",1748.34329773556
"NN_CMSY_Santos (2018)","NN_CMSY","M_Santos(2005-2018)",1936.92391922986
"NN_CMSY_Santos (2018)","NN_CMSY","M_Santos(2005-2018)",1719.32046519613
"NN_CMSY_Santos (2018)","NN_CMSY","M_Santos(2005-2018)",1677.70393492948
"NN_CMSY_Santos (2018)","NN_CMSY","M_Santos(2005-2018)",1552.5480438121
"NN_CMSY_Santos (2018)","NN_CMSY","M_Santos(2005-2018)",1698.41367740378
"NN_CMSY_Santos (2018)","NN_CMSY","M_Santos(2005-2018)",1690.05096121149
"NN_CMSY_Santos (2018)","NN_CMSY","M_Santos(2005-2018)",1746.34898540864
"NN_CMSY_Santos (2018)","NN_CMSY","M_Santos(2005-2018)",1685.10910248821
"NN_CMSY_Santos (2018)","NN_CMSY","M_Santos(2005-2018)",1431.04963866277
"NN_CMSY_Santos (2018)","NN_CMSY","M_Santos(2005-2018)",1607.9782059485
"NN_CMSY_Santos (2018)","NN_CMSY","M_Santos(2005-2018)",1701.3941721473
"NN_CMSY_Santos (2018)","NN_CMSY","M_Santos(2005-2018)",1805.41593050038
"NN_CMSY_Santos (2018)","NN_CMSY","M_Santos(2005-2018)",1892.35922432686
"NN_CMSY_Santos (2018)","NN_CMSY","M_Santos(2005-2018)",1690.67243931691
"NN_CMSY_Santos (2018)","NN_CMSY","M_Santos(2005-2018)",1718.33311911408
"NN_CMSY_Santos (2018)","NN_CMSY","M_Santos(2005-2018)",1905.85795622523
"NN_CMSY_Santos (2018)","NN_CMSY","M_Santos(2005-2018)",1742.4708297388
"NN_CMSY_Santos (2018)","NN_CMSY","M_Santos(2005-2018)",1399.82205862253
"NN_CMSY_Santos (2018)","NN_CMSY","M_Santos(2005-2018)",1715.90753925961
"NN_CMSY_Santos (2018)","NN_CMSY","M_Santos(2005-2018)",1519.04020885748
"NN_CMSY_Santos (2018)","NN_CMSY","M_Santos(2005-2018)",1561.19273841023
"NN_CMSY_Santos (2018)","NN_CMSY","M_Santos(2005-2018)",1724.76595214762
"NN_CMSY_Santos (2018)","NN_CMSY","M_Santos(2005-2018)",1745.70987975494
"NN_CMSY_Santos (2018)","NN_CMSY","M_Santos(2005-2018)",1725.34857268019
"NN_CMSY_Santos (2018)","NN_CMSY","M_Santos(2005-2018)",1701.85224806903
"NN_CMSY_Santos (2018)","NN_CMSY","M_Santos(2005-2018)",1688.24557448865
"NN_CMSY_Santos (2018)","NN_CMSY","M_Santos(2005-2018)",1286.36988560671
"NN_CMSY_Santos (2018)","NN_CMSY","M_Santos(2005-2018)",1469.57355978278
"NN_CMSY_Santos (2018)","NN_CMSY","M_Santos(2005-2018)",1802.35163405455
"NN_CMSY_Santos (2018)","NN_CMSY","M_Santos(2005-2018)",1094.62008586545
"NN_CMSY_Santos (2018)","NN_CMSY","M_Santos(2005-2018)",1515.22159836116
"NN_CMSY_Santos (2018)","NN_CMSY","M_Santos(2005-2018)",1689.60723943682
"NN_CMSY_Santos (2018)","NN_CMSY","M_Santos(2005-2018)",1716.25455266806
"NN_CMSY_Santos (2018)","NN_CMSY","M_Santos(2005-2018)",1622.76321143521
"NN_CMSY_Santos (2018)","NN_CMSY","M_Santos(2005-2018)",1773.96262001605
"NN_CMSY_Santos (2018)","NN_CMSY","M_Santos(2005-2018)",1540.4786020772
"NN_CMSY_Santos (2018)","NN_CMSY","M_Santos(2005-2018)",1666.85796015961
"NN_CMSY_Santos (2018)","NN_CMSY","M_Santos(2005-2018)",1575.79309089704
"NN_CMSY_Santos (2018)","NN_CMSY","M_Santos(2005-2018)",1663.93928817646
"NN_CMSY_Santos (2018)","NN_CMSY","M_Santos(2005-2018)",1579.72030517069
"NN_CMSY_Santos (2018)","NN_CMSY","M_Santos(2005-2018)",1665.89339630101
"NN_CMSY_Santos (2018)","NN_CMSY","M_Santos(2005-2018)",1771.23965569087
"NN_CMSY_Santos (2018)","NN_CMSY","M_Santos(2005-2018)",1744.31025194919
"NN_CMSY_Santos (2018)","NN_CMSY","M_Santos(2005-2018)",1891.42219139935
"NN_CMSY_Santos (2018)","NN_CMSY","M_Santos(2005-2018)",1722.4894035603
"NN_CMSY_Santos (2018)","NN_CMSY","M_Santos(2005-2018)",1494.82438623621
"NN_CMSY_Santos (2018)","NN_CMSY","M_Santos(2005-2018)",1295.90691208858
"NN_CMSY_Santos (2018)","NN_CMSY","M_Santos(2005-2018)",1395.53256051161
"NN_CMSY_Santos (2018)","NN_CMSY","M_Santos(2005-2018)",1678.51099628419
"NN_CMSY_Santos (2018)","NN_CMSY","M_Santos(2005-2018)",1683.12651266467
"NN_CMSY_Santos (2018)","NN_CMSY","M_Santos(2005-2018)",1743.88371588204
"NN_CMSY_Santos (2018)","NN_CMSY","M_Santos(2005-2018)",1329.4311833745
"NN_CMSY_Santos (2018)","NN_CMSY","M_Santos(2005-2018)",1802.29275843972
"NN_CMSY_Santos (2018)","NN_CMSY","M_Santos(2005-2018)",1357.43127666182
"NN_CMSY_Santos (2018)","NN_CMSY","M_Santos(2005-2018)",1790.96676741353
"NN_CMSY_Santos (2018)","NN_CMSY","M_Santos(2005-2018)",1489.12658058864
"NN_CMSY_Santos (2018)","NN_CMSY","M_Santos(2005-2018)",1646.13563042512
"NN_CMSY_Santos (2018)","NN_CMSY","M_Santos(2005-2018)",1747.09268081043
"NN_CMSY_Santos (2018)","NN_CMSY","M_Santos(2005-2018)",1483.77306013304
"NN_CMSY_Santos (2018)","NN_CMSY","M_Santos(2005-2018)",1777.54522392796
"NN_CMSY_Santos (2018)","NN_CMSY","M_Santos(2005-2018)",1721.44755825054
"NN_CMSY_Santos (2018)","NN_CMSY","M_Santos(2005-2018)",1944.45159182001
"NN_CMSY_Santos (2018)","NN_CMSY","M_Santos(2005-2018)",2087.60110743482
"NN_CMSY_Santos (2018)","NN_CMSY","M_Santos(2005-2018)",1669.56898194771
"NN_CMSY_Santos (2018)","NN_CMSY","M_Santos(2005-2018)",1444.39581385528
"NN_CMSY_Santos (2018)","NN_CMSY","M_Santos(2005-2018)",1198.03974096852
"NN_CMSY_Santos (2018)","NN_CMSY","M_Santos(2005-2018)",1378.35065940658
"NN_CMSY_Santos (2018)","NN_CMSY","M_Santos(2005-2018)",1729.00613427829
"NN_CMSY_Santos (2018)","NN_CMSY","M_Santos(2005-2018)",1795.95360385982
"NN_CMSY_Santos (2018)","NN_CMSY","M_Santos(2005-2018)",1760.19774581968
"NN_CMSY_Santos (2018)","NN_CMSY","M_Santos(2005-2018)",1781.20574772165
"NN_CMSY_Santos (2018)","NN_CMSY","M_Santos(2005-2018)",1889.23806939696
"NN_CMSY_Santos (2018)","NN_CMSY","M_Santos(2005-2018)",1751.04035376247
"NN_CMSY_Santos (2018)","NN_CMSY","M_Santos(2005-2018)",1300.30369106815
"NN_CMSY_Santos (2018)","NN_CMSY","M_Santos(2005-2018)",1335.4910657766
"NN_CMSY_Santos (2018)","NN_CMSY","M_Santos(2005-2018)",1892.45221185357
"NN_CMSY_Santos (2018)","NN_CMSY","M_Santos(2005-2018)",1748.10173060819
"NN_CMSY_Santos (2018)","NN_CMSY","M_Santos(2005-2018)",1696.67857364982
"NN_CMSY_Santos (2018)","NN_CMSY","M_Santos(2005-2018)",1684.3350460158
"NN_CMSY_Santos (2018)","NN_CMSY","M_Santos(2005-2018)",1493.02196637602
"NN_CMSY_Santos (2018)","NN_CMSY","M_Santos(2005-2018)",1582.54423483433
"NN_CMSY_Santos (2018)","NN_CMSY","M_Santos(2005-2018)",1901.33167378721
"NN_CMSY_Santos (2018)","NN_CMSY","M_Santos(2005-2018)",1721.85045119294
"NN_CMSY_Santos (2018)","NN_CMSY","M_Santos(2005-2018)",2291.14998019942
"NN_CMSY_Santos (2018)","NN_CMSY","M_Santos(2005-2018)",1749.15785656417
"NN_CMSY_Santos (2018)","NN_CMSY","M_Santos(2005-2018)",1808.23534251184
"NN_CMSY_Santos (2018)","NN_CMSY","M_Santos(2005-2018)",1768.71046639452
"NN_CMSY_Santos (2018)","NN_CMSY","M_Santos(2005-2018)",1481.93328968601
"NN_CMSY_Santos (2018)","NN_CMSY","M_Santos(2005-2018)",1750.20201944083
"NN_CMSY_Santos (2018)","NN_CMSY","M_Santos(2005-2018)",1899.62380684437
"NN_CMSY_Santos (2018)","NN_CMSY","M_Santos(2005-2018)",1652.23206930998
"NN_CMSY_Santos (2018)","NN_CMSY","M_Santos(2005-2018)",1917.74159716263
"NN_CMSY_Santos (2018)","NN_CMSY","M_Santos(2005-2018)",1937.09786905733
"NN_CMSY_Santos (2018)","NN_CMSY","M_Santos(2005-2018)",1914.8410324652
"NN_CMSY_Santos (2018)","NN_CMSY","M_Santos(2005-2018)",1774.96075186245
"NN_CMSY_Santos (2018)","NN_CMSY","M_Santos(2005-2018)",1716.53336727646
"NN_CMSY_Santos (2018)","NN_CMSY","M_Santos(2005-2018)",1592.95169661247
"NN_CMSY_Santos (2018)","NN_CMSY","M_Santos(2005-2018)",1672.01394947466
"NN_CMSY_Santos (2018)","NN_CMSY","M_Santos(2005-2018)",1296.78590672837
"NN_CMSY_Santos (2018)","NN_CMSY","M_Santos(2005-2018)",1699.40620276852
"NN_CMSY_Santos (2018)","NN_CMSY","M_Santos(2005-2018)",1685.21245292365
"NN_CMSY_Santos (2018)","NN_CMSY","M_Santos(2005-2018)",1761.39234076163
"NN_CMSY_Santos (2018)","NN_CMSY","M_Santos(2005-2018)",1702.53863365349
"NN_CMSY_Santos (2018)","NN_CMSY","M_Santos(2005-2018)",1460.10655282658
"NN_CMSY_Santos (2018)","NN_CMSY","M_Santos(2005-2018)",1609.12018367281
"NN_CMSY_Santos (2018)","NN_CMSY","M_Santos(2005-2018)",1680.71949657805
"NN_CMSY_Santos (2018)","NN_CMSY","M_Santos(2005-2018)",1766.03589946124
"NN_CMSY_Santos (2018)","NN_CMSY","M_Santos(2005-2018)",1767.28470951544
"NN_CMSY_Santos (2018)","NN_CMSY","M_Santos(2005-2018)",1912.07324651467
"NN_CMSY_Santos (2018)","NN_CMSY","M_Santos(2005-2018)",1894.74111945223
"NN_CMSY_Santos (2018)","NN_CMSY","M_Santos(2005-2018)",1768.3797571659
"NN_CMSY_Santos (2018)","NN_CMSY","M_Santos(2005-2018)",1686.2294986623
"NN_CMSY_Santos (2018)","NN_CMSY","M_Santos(2005-2018)",1614.6889745723
"NN_CMSY_Santos (2018)","NN_CMSY","M_Santos(2005-2018)",1946.22084461304
"NN_CMSY_Santos (2018)","NN_CMSY","M_Santos(2005-2018)",1701.16400921292
"NN_CMSY_Santos (2018)","NN_CMSY","M_Santos(2005-2018)",1497.56170235919
"NN_CMSY_Santos (2018)","NN_CMSY","M_Santos(2005-2018)",1706.09034383435
"NN_CMSY_Santos (2018)","NN_CMSY","M_Santos(2005-2018)",1546.96528422721
"NN_CMSY_Santos (2018)","NN_CMSY","M_Santos(2005-2018)",1528.78013824894
"NN_CMSY_Santos (2018)","NN_CMSY","M_Santos(2005-2018)",1582.26522081257
"NN_CMSY_Santos (2018)","NN_CMSY","M_Santos(2005-2018)",1717.95999332789
"NN_CMSY_Santos (2018)","NN_CMSY","M_Santos(2005-2018)",1905.8704837161
"NN_CMSY_Santos (2018)","NN_CMSY","M_Santos(2005-2018)",1514.99701339611
"NN_CMSY_Santos (2018)","NN_CMSY","M_Santos(2005-2018)",1677.10331617445
"NN_CMSY_Vieira (2019)","NN_CMSY","M_Vieira(1988-2018)",1794.58262760391
"NN_CMSY_Vieira (2019)","NN_CMSY","M_Vieira(1988-2018)",1397.82381109903
"NN_CMSY_Vieira (2019)","NN_CMSY","M_Vieira(1988-2018)",1944.10625225435
"NN_CMSY_Vieira (2019)","NN_CMSY","M_Vieira(1988-2018)",1547.79017463389
"NN_CMSY_Vieira (2019)","NN_CMSY","M_Vieira(1988-2018)",1739.28437621412
"NN_CMSY_Vieira (2019)","NN_CMSY","M_Vieira(1988-2018)",1772.62809531967
"NN_CMSY_Vieira (2019)","NN_CMSY","M_Vieira(1988-2018)",1651.19022407302
"NN_CMSY_Vieira (2019)","NN_CMSY","M_Vieira(1988-2018)",1526.20041475011
"NN_CMSY_Vieira (2019)","NN_CMSY","M_Vieira(1988-2018)",1815.93474132015
"NN_CMSY_Vieira (2019)","NN_CMSY","M_Vieira(1988-2018)",1920.85546091128
"NN_CMSY_Vieira (2019)","NN_CMSY","M_Vieira(1988-2018)",1910.8127934982
"NN_CMSY_Vieira (2019)","NN_CMSY","M_Vieira(1988-2018)",1760.90889469574
"NN_CMSY_Vieira (2019)","NN_CMSY","M_Vieira(1988-2018)",1809.76361065216
"NN_CMSY_Vieira (2019)","NN_CMSY","M_Vieira(1988-2018)",1910.30063918295
"NN_CMSY_Vieira (2019)","NN_CMSY","M_Vieira(1988-2018)",1401.71487580975
"NN_CMSY_Vieira (2019)","NN_CMSY","M_Vieira(1988-2018)",1728.32246009682
"NN_CMSY_Vieira (2019)","NN_CMSY","M_Vieira(1988-2018)",1670.91399242683
"NN_CMSY_Vieira (2019)","NN_CMSY","M_Vieira(1988-2018)",1903.4464507366
"NN_CMSY_Vieira (2019)","NN_CMSY","M_Vieira(1988-2018)",1949.68548504661
"NN_CMSY_Vieira (2019)","NN_CMSY","M_Vieira(1988-2018)",1774.651112705
"NN_CMSY_Vieira (2019)","NN_CMSY","M_Vieira(1988-2018)",1800.69565505518
"NN_CMSY_Vieira (2019)","NN_CMSY","M_Vieira(1988-2018)",1729.14234831554
"NN_CMSY_Vieira (2019)","NN_CMSY","M_Vieira(1988-2018)",1476.82968916849
"NN_CMSY_Vieira (2019)","NN_CMSY","M_Vieira(1988-2018)",1757.05918663581
"NN_CMSY_Vieira (2019)","NN_CMSY","M_Vieira(1988-2018)",1693.17264285956
"NN_CMSY_Vieira (2019)","NN_CMSY","M_Vieira(1988-2018)",1756.22926096938
"NN_CMSY_Vieira (2019)","NN_CMSY","M_Vieira(1988-2018)",1898.41583493549
"NN_CMSY_Vieira (2019)","NN_CMSY","M_Vieira(1988-2018)",1348.18287405756
"NN_CMSY_Vieira (2019)","NN_CMSY","M_Vieira(1988-2018)",1396.11833259653
"NN_CMSY_Vieira (2019)","NN_CMSY","M_Vieira(1988-2018)",1949.70476676967
"NN_CMSY_Vieira (2019)","NN_CMSY","M_Vieira(1988-2018)",1761.61080290776
"NN_CMSY_Vieira (2019)","NN_CMSY","M_Vieira(1988-2018)",1693.37900730654
"NN_CMSY_Vieira (2019)","NN_CMSY","M_Vieira(1988-2018)",1901.12143255357
"NN_CMSY_Vieira (2019)","NN_CMSY","M_Vieira(1988-2018)",1381.94552624776
"NN_CMSY_Vieira (2019)","NN_CMSY","M_Vieira(1988-2018)",1790.40531868982
"NN_CMSY_Vieira (2019)","NN_CMSY","M_Vieira(1988-2018)",1945.78373229631
"NN_CMSY_Vieira (2019)","NN_CMSY","M_Vieira(1988-2018)",1734.49646039312
"NN_CMSY_Vieira (2019)","NN_CMSY","M_Vieira(1988-2018)",1421.37096632179
"NN_CMSY_Vieira (2019)","NN_CMSY","M_Vieira(1988-2018)",1932.26077181516
"NN_CMSY_Vieira (2019)","NN_CMSY","M_Vieira(1988-2018)",1928.98237584309
"NN_CMSY_Vieira (2019)","NN_CMSY","M_Vieira(1988-2018)",1889.33070807856
"NN_CMSY_Vieira (2019)","NN_CMSY","M_Vieira(1988-2018)",1518.34852117699
"NN_CMSY_Vieira (2019)","NN_CMSY","M_Vieira(1988-2018)",1923.15441096514
"NN_CMSY_Vieira (2019)","NN_CMSY","M_Vieira(1988-2018)",1914.62015145223
"NN_CMSY_Vieira (2019)","NN_CMSY","M_Vieira(1988-2018)",1356.62258952829
"NN_CMSY_Vieira (2019)","NN_CMSY","M_Vieira(1988-2018)",1775.46787867755
"NN_CMSY_Vieira (2019)","NN_CMSY","M_Vieira(1988-2018)",1773.0700381758
"NN_CMSY_Vieira (2019)","NN_CMSY","M_Vieira(1988-2018)",1894.46598597009
"NN_CMSY_Vieira (2019)","NN_CMSY","M_Vieira(1988-2018)",1547.83403806126
"NN_CMSY_Vieira (2019)","NN_CMSY","M_Vieira(1988-2018)",1363.34622829403
"NN_CMSY_Vieira (2019)","NN_CMSY","M_Vieira(1988-2018)",1687.0021750713
"NN_CMSY_Vieira (2019)","NN_CMSY","M_Vieira(1988-2018)",1468.44039812979
"NN_CMSY_Vieira (2019)","NN_CMSY","M_Vieira(1988-2018)",1490.7314923311
"NN_CMSY_Vieira (2019)","NN_CMSY","M_Vieira(1988-2018)",1710.69945154945
"NN_CMSY_Vieira (2019)","NN_CMSY","M_Vieira(1988-2018)",1899.76333465519
"NN_CMSY_Vieira (2019)","NN_CMSY","M_Vieira(1988-2018)",1915.72552675519
"NN_CMSY_Vieira (2019)","NN_CMSY","M_Vieira(1988-2018)",1600.33393940002
"NN_CMSY_Vieira (2019)","NN_CMSY","M_Vieira(1988-2018)",1951.9367819996
"NN_CMSY_Vieira (2019)","NN_CMSY","M_Vieira(1988-2018)",1894.45490452698
"NN_CMSY_Vieira (2019)","NN_CMSY","M_Vieira(1988-2018)",1689.01230922169
"NN_CMSY_Vieira (2019)","NN_CMSY","M_Vieira(1988-2018)",1820.50360758673
"NN_CMSY_Vieira (2019)","NN_CMSY","M_Vieira(1988-2018)",1894.93271038766
"NN_CMSY_Vieira (2019)","NN_CMSY","M_Vieira(1988-2018)",1735.31466269587
"NN_CMSY_Vieira (2019)","NN_CMSY","M_Vieira(1988-2018)",1695.82844620501
"NN_CMSY_Vieira (2019)","NN_CMSY","M_Vieira(1988-2018)",1923.11871661261
"NN_CMSY_Vieira (2019)","NN_CMSY","M_Vieira(1988-2018)",1888.15415727277
"Target_switch_Jardim (1999)","Target_switch","M_Jardim(1981-1994)",1667.47421202531
"Target_switch_Jardim (1999)","Target_switch","M_Jardim(1981-1994)",1827.61039461612
"Target_switch_Jardim (1999)","Target_switch","M_Jardim(1981-1994)",1790.22844993102
"Target_switch_Jardim (1999)","Target_switch","M_Jardim(1981-1994)",1729.88700913399
"Target_switch_Jardim (1999)","Target_switch","M_Jardim(1981-1994)",1796.76629445541
"Target_switch_Jardim (1999)","Target_switch","M_Jardim(1981-1994)",1907.76767151207
"Target_switch_Jardim (1999)","Target_switch","M_Jardim(1981-1994)",1783.48348310663
"Target_switch_Jardim (1999)","Target_switch","M_Jardim(1981-1994)",1736.01749514444
"Target_switch_Jardim (1999)","Target_switch","M_Jardim(1981-1994)",1822.68022497583
"Target_switch_Jardim (1999)","Target_switch","M_Jardim(1981-1994)",1667.78639078206
"Target_switch_Jardim (1999)","Target_switch","M_Jardim(1981-1994)",1758.94393126861
"Target_switch_Jardim (1999)","Target_switch","M_Jardim(1981-1994)",1854.06199857461
"Target_switch_Jardim (1999)","Target_switch","M_Jardim(1981-1994)",1624.72381588624
"Target_switch_Jardim (1999)","Target_switch","M_Jardim(1981-1994)",1900.43454149242
"Target_switch_Jardim (1999)","Target_switch","M_Jardim(1981-1994)",1934.4812233944
"Target_switch_Jardim (1999)","Target_switch","M_Jardim(1981-1994)",1806.60049092752
"Target_switch_Jardim (1999)","Target_switch","M_Jardim(1981-1994)",1787.31924786952
"Target_switch_Jardim (1999)","Target_switch","M_Jardim(1981-1994)",1877.39488270616
"Target_switch_Jardim (1999)","Target_switch","M_Jardim(1981-1994)",1495.20857721674
"Target_switch_Jardim (1999)","Target_switch","M_Jardim(1981-1994)",1590.30714500749
"Target_switch_Jardim (1999)","Target_switch","M_Jardim(1981-1994)",1758.27884083221
"Target_switch_Jardim (1999)","Target_switch","M_Jardim(1981-1994)",1660.00275923053
"Target_switch_Jardim (1999)","Target_switch","M_Jardim(1981-1994)",1773.91391207591
"Target_switch_Jardim (1999)","Target_switch","M_Jardim(1981-1994)",1644.34111532323
"Target_switch_Jardim (1999)","Target_switch","M_Jardim(1981-1994)",1607.56631594612
"Target_switch_Jardim (1999)","Target_switch","M_Jardim(1981-1994)",1807.80556746133
"Target_switch_Jardim (1999)","Target_switch","M_Jardim(1981-1994)",1807.86916542613
"Target_switch_Jardim (1999)","Target_switch","M_Jardim(1981-1994)",1838.15382117305
"Target_switch_Jardim (1999)","Target_switch","M_Jardim(1981-1994)",1773.70442997643
"Target_switch_Jardim (1999)","Target_switch","M_Jardim(1981-1994)",1882.98302012583
"Target_switch_Jardim (1999)","Target_switch","M_Jardim(1981-1994)",1790.35707864975
"Target_switch_Jardim (1999)","Target_switch","M_Jardim(1981-1994)",1757.02411904327
"Target_switch_Jardim (1999)","Target_switch","M_Jardim(1981-1994)",1622.13721849792
"Target_switch_Jardim (1999)","Target_switch","M_Jardim(1981-1994)",1819.68624918111
"Target_switch_Jardim (1999)","Target_switch","M_Jardim(1981-1994)",1716.28020533251
"Target_switch_Jardim (1999)","Target_switch","M_Jardim(1981-1994)",1777.60075120586
"Target_switch_Jardim (1999)","Target_switch","M_Jardim(1981-1994)",1654.59149273285
"Target_switch_Jardim (1999)","Target_switch","M_Jardim(1981-1994)",1845.6893692929
"Target_switch_Jardim (1999)","Target_switch","M_Jardim(1981-1994)",1736.74247097818
"Target_switch_Jardim (1999)","Target_switch","M_Jardim(1981-1994)",1747.15866916873
"Target_switch_Jardim (1999)","Target_switch","M_Jardim(1981-1994)",1744.9319547196
"Target_switch_Jardim (1999)","Target_switch","M_Jardim(1981-1994)",1834.8769655995
"Target_switch_Jardim (1999)","Target_switch","M_Jardim(1981-1994)",1729.94345501619
"Target_switch_Jardim (1999)","Target_switch","M_Jardim(1981-1994)",1746.65476812276
"Target_switch_Jardim (1999)","Target_switch","M_Jardim(1981-1994)",1705.05649236034
"Target_switch_Jardim (1999)","Target_switch","M_Jardim(1981-1994)",1798.90814195795
"Target_switch_Jardim (1999)","Target_switch","M_Jardim(1981-1994)",1754.13993453993
"Target_switch_Jardim (1999)","Target_switch","M_Jardim(1981-1994)",1918.3561213453
"Target_switch_Jardim (1999)","Target_switch","M_Jardim(1981-1994)",1665.58292601321
"Target_switch_Jardim (1999)","Target_switch","M_Jardim(1981-1994)",1864.2439292253
"Target_switch_Jardim (1999)","Target_switch","M_Jardim(1981-1994)",1689.32204583537
"Target_switch_Jardim (1999)","Target_switch","M_Jardim(1981-1994)",1960.36532949812
"Target_switch_Jardim (1999)","Target_switch","M_Jardim(1981-1994)",1704.63239052704
"Target_switch_Jardim (1999)","Target_switch","M_Jardim(1981-1994)",1941.62045084771
"Target_switch_Jardim (1999)","Target_switch","M_Jardim(1981-1994)",1773.01806417964
"Target_switch_Jardim (1999)","Target_switch","M_Jardim(1981-1994)",1722.95772246822
"Target_switch_Jardim (1999)","Target_switch","M_Jardim(1981-1994)",1848.76409801357
"Target_switch_Jardim (1999)","Target_switch","M_Jardim(1981-1994)",1830.93397462014
"Target_switch_Jardim (1999)","Target_switch","M_Jardim(1981-1994)",1796.72935117202
"Target_switch_Jardim (1999)","Target_switch","M_Jardim(1981-1994)",1750.56911654702
"Target_switch_Jardim (1999)","Target_switch","M_Jardim(1981-1994)",1938.94918687938
"Target_switch_Jardim (1999)","Target_switch","M_Jardim(1981-1994)",1774.62903372145
"Target_switch_Jardim (1999)","Target_switch","M_Jardim(1981-1994)",1757.05351597283
"Target_switch_Jardim (1999)","Target_switch","M_Jardim(1981-1994)",1908.95985715473
"Target_switch_Jardim (1999)","Target_switch","M_Jardim(1981-1994)",1447.08964503923
"Target_switch_Jardim (1999)","Target_switch","M_Jardim(1981-1994)",1687.1843940197
"Target_switch_Jardim (1999)","Target_switch","M_Jardim(1981-1994)",1933.46034766919
"Target_switch_Jardim (1999)","Target_switch","M_Jardim(1981-1994)",1829.26550644731
"Target_switch_Jardim (1999)","Target_switch","M_Jardim(1981-1994)",2152.46099305065
"Target_switch_Jardim (1999)","Target_switch","M_Jardim(1981-1994)",1755.08512358425
"Target_switch_Jardim (1999)","Target_switch","M_Jardim(1981-1994)",1777.51430098482
"Target_switch_Jardim (1999)","Target_switch","M_Jardim(1981-1994)",1663.01019647289
"Target_switch_Jardim (1999)","Target_switch","M_Jardim(1981-1994)",1746.34234420788
"Target_switch_Jardim (1999)","Target_switch","M_Jardim(1981-1994)",1788.35659780692
"Target_switch_Jardim (1999)","Target_switch","M_Jardim(1981-1994)",1914.92437143559
"Target_switch_Jardim (1999)","Target_switch","M_Jardim(1981-1994)",1800.98445796038
"Target_switch_Jardim (1999)","Target_switch","M_Jardim(1981-1994)",1918.28487933381
"Target_switch_Jardim (1999)","Target_switch","M_Jardim(1981-1994)",1683.18920227632
"Target_switch_Jardim (1999)","Target_switch","M_Jardim(1981-1994)",1873.37676733452
"Target_switch_Jardim (1999)","Target_switch","M_Jardim(1981-1994)",1591.44280230298
"Target_switch_Jardim (1999)","Target_switch","M_Jardim(1981-1994)",1852.67848656606
"Target_switch_Jardim (1999)","Target_switch","M_Jardim(1981-1994)",1760.65150398291
"Target_switch_Jardim (1999)","Target_switch","M_Jardim(1981-1994)",1785.83095198408
"Target_switch_Jardim (1999)","Target_switch","M_Jardim(1981-1994)",1582.73336930672
"Target_switch_Jardim (1999)","Target_switch","M_Jardim(1981-1994)",1761.62066437164
"Target_switch_Jardim (1999)","Target_switch","M_Jardim(1981-1994)",1753.86645199929
"Target_switch_Jardim (1999)","Target_switch","M_Jardim(1981-1994)",1895.08079382435
"Target_switch_Jardim (1999)","Target_switch","M_Jardim(1981-1994)",1725.73814295995
"Target_switch_Jardim (1999)","Target_switch","M_Jardim(1981-1994)",1637.66643171012
"Target_switch_Jardim (1999)","Target_switch","M_Jardim(1981-1994)",1856.07590300459
"Target_switch_Jardim (1999)","Target_switch","M_Jardim(1981-1994)",1911.19088945519
"Target_switch_Jardim (1999)","Target_switch","M_Jardim(1981-1994)",1828.19254258232
"Target_switch_Jardim (1999)","Target_switch","M_Jardim(1981-1994)",1842.70774483222
"Target_switch_Jardim (1999)","Target_switch","M_Jardim(1981-1994)",1675.93239315296
"Target_switch_Jardim (1999)","Target_switch","M_Jardim(1981-1994)",1876.42854211868
"Target_switch_Jardim (1999)","Target_switch","M_Jardim(1981-1994)",1693.06981152086
"Target_switch_Jardim (1999)","Target_switch","M_Jardim(1981-1994)",1837.72338273611
"Target_switch_Jardim (1999)","Target_switch","M_Jardim(1981-1994)",1879.25512571478
"Target_switch_Jardim (1999)","Target_switch","M_Jardim(1981-1994)",1799.31275111963
"Target_switch_Jardim (1999)","Target_switch","M_Jardim(1981-1994)",1597.54043265799
"Target_switch_Jardim (1999)","Target_switch","M_Jardim(1981-1994)",1744.17884045647
"Target_switch_Jardim (1999)","Target_switch","M_Jardim(1981-1994)",1822.12403854364
"Target_switch_Jardim (1999)","Target_switch","M_Jardim(1981-1994)",1777.02472543092
"Target_switch_Jardim (1999)","Target_switch","M_Jardim(1981-1994)",1824.47417566397
"Target_switch_Jardim (1999)","Target_switch","M_Jardim(1981-1994)",1756.54289876463
"Target_switch_Jardim (1999)","Target_switch","M_Jardim(1981-1994)",1666.70282311996
"Target_switch_Jardim (1999)","Target_switch","M_Jardim(1981-1994)",1880.67831590424
"Target_switch_Jardim (1999)","Target_switch","M_Jardim(1981-1994)",2741.77056131305
"Target_switch_Jardim (1999)","Target_switch","M_Jardim(1981-1994)",1788.60698258366
"Target_switch_Jardim (1999)","Target_switch","M_Jardim(1981-1994)",1770.45901717271
"Target_switch_Jardim (1999)","Target_switch","M_Jardim(1981-1994)",1725.60335645713
"Target_switch_Jardim (1999)","Target_switch","M_Jardim(1981-1994)",1478.49856166629
"Target_switch_Jardim (1999)","Target_switch","M_Jardim(1981-1994)",1461.38299844621
"Target_switch_Jardim (1999)","Target_switch","M_Jardim(1981-1994)",1750.7202395189
"Target_switch_Jardim (1999)","Target_switch","M_Jardim(1981-1994)",1853.01524816114
"Target_switch_Jardim (1999)","Target_switch","M_Jardim(1981-1994)",1759.36934349938
"Target_switch_Jardim (1999)","Target_switch","M_Jardim(1981-1994)",1453.73684317466
"Target_switch_Jardim (1999)","Target_switch","M_Jardim(1981-1994)",1679.70736765421
"Target_switch_Jardim (1999)","Target_switch","M_Jardim(1981-1994)",1734.37536552316
"Target_switch_Jardim (1999)","Target_switch","M_Jardim(1981-1994)",1741.56070025271
"Target_switch_Jardim (1999)","Target_switch","M_Jardim(1981-1994)",1825.97781908131
"Target_switch_Jardim (1999)","Target_switch","M_Jardim(1981-1994)",1729.58696685087
"Target_switch_Jardim (1999)","Target_switch","M_Jardim(1981-1994)",1726.05637214075
"Target_switch_Jardim (1999)","Target_switch","M_Jardim(1981-1994)",1972.36804317814
"Target_switch_Jardim (1999)","Target_switch","M_Jardim(1981-1994)",1831.3981832378
"Target_switch_Jardim (1999)","Target_switch","M_Jardim(1981-1994)",1835.0128007523
"Target_switch_Jardim (1999)","Target_switch","M_Jardim(1981-1994)",1802.47162495307
"Target_switch_Jardim (1999)","Target_switch","M_Jardim(1981-1994)",1718.90891875353
"Target_switch_Jardim (1999)","Target_switch","M_Jardim(1981-1994)",1872.7285315557
"Target_switch_Jardim (1999)","Target_switch","M_Jardim(1981-1994)",1863.19734640487
"Target_switch_Jardim (1999)","Target_switch","M_Jardim(1981-1994)",1743.1912449731
"Target_switch_Jardim (1999)","Target_switch","M_Jardim(1981-1994)",1589.883037713
"Target_switch_Jardim (1999)","Target_switch","M_Jardim(1981-1994)",1758.7121275345
"Target_switch_Jardim (1999)","Target_switch","M_Jardim(1981-1994)",1841.56778538283
"Target_switch_Jardim (1999)","Target_switch","M_Jardim(1981-1994)",1739.71514398285
"Target_switch_Jardim (1999)","Target_switch","M_Jardim(1981-1994)",1843.01338322405
"Target_switch_Jardim (1999)","Target_switch","M_Jardim(1981-1994)",1929.37828563038
"Target_switch_Jardim (1999)","Target_switch","M_Jardim(1981-1994)",1728.92880148137
"Target_switch_Jardim (1999)","Target_switch","M_Jardim(1981-1994)",1735.81225461959
"Target_switch_Jardim (1999)","Target_switch","M_Jardim(1981-1994)",1736.81917824039
"Target_switch_Jardim (1999)","Target_switch","M_Jardim(1981-1994)",1697.30458108294
"Target_switch_Jardim (1999)","Target_switch","M_Jardim(1981-1994)",1473.70150655113
"Target_switch_Jardim (1999)","Target_switch","M_Jardim(1981-1994)",1732.17010682728
"Target_switch_Jardim (1999)","Target_switch","M_Jardim(1981-1994)",1816.23222387345
"Target_switch_Jardim (1999)","Target_switch","M_Jardim(1981-1994)",1711.59906897255
"Target_switch_Jardim (1999)","Target_switch","M_Jardim(1981-1994)",1785.78405664241
"Target_switch_Jardim (1999)","Target_switch","M_Jardim(1981-1994)",1864.72090242887
"Target_switch_Jardim (1999)","Target_switch","M_Jardim(1981-1994)",1818.57024938779
"Target_switch_Jardim (1999)","Target_switch","M_Jardim(1981-1994)",1788.16479389478
"Target_switch_Jardim (1999)","Target_switch","M_Jardim(1981-1994)",1851.64931230092
"Target_switch_Jardim (1999)","Target_switch","M_Jardim(1981-1994)",1775.91466818168
"Target_switch_Jardim (1999)","Target_switch","M_Jardim(1981-1994)",1817.01941689697
"Target_switch_Jardim (1999)","Target_switch","M_Jardim(1981-1994)",1854.35503811452
"Target_switch_Jardim (1999)","Target_switch","M_Jardim(1981-1994)",1771.52713491342
"Target_switch_Jardim (1999)","Target_switch","M_Jardim(1981-1994)",1807.47979985893
"Target_switch_Jardim (1999)","Target_switch","M_Jardim(1981-1994)",1465.79818001418
"Target_switch_Jardim (1999)","Target_switch","M_Jardim(1981-1994)",1774.89790686439
"Target_switch_Jardim (1999)","Target_switch","M_Jardim(1981-1994)",1863.34491691768
"Target_switch_Jardim (1999)","Target_switch","M_Jardim(1981-1994)",1796.04740028043
"Target_switch_Jardim (1999)","Target_switch","M_Jardim(1981-1994)",1790.17182694433
"Target_switch_Jardim (1999)","Target_switch","M_Jardim(1981-1994)",1779.76324875077
"Target_switch_Jardim (1999)","Target_switch","M_Jardim(1981-1994)",1867.5770254573
"Target_switch_Jardim (1999)","Target_switch","M_Jardim(1981-1994)",1764.09331363302
"Target_switch_Jardim (1999)","Target_switch","M_Jardim(1981-1994)",1791.1161359087
"Target_switch_Jardim (1999)","Target_switch","M_Jardim(1981-1994)",1923.80706042187
"Target_switch_Jardim (1999)","Target_switch","M_Jardim(1981-1994)",1665.60079157115
"Target_switch_Jardim (1999)","Target_switch","M_Jardim(1981-1994)",1952.1027007516
"Target_switch_Jardim (1999)","Target_switch","M_Jardim(1981-1994)",1600.39381726242
"Target_switch_Jardim (1999)","Target_switch","M_Jardim(1981-1994)",1719.44213044414
"Target_switch_Jardim (1999)","Target_switch","M_Jardim(1981-1994)",1784.28371222526
"Target_switch_Jardim (1999)","Target_switch","M_Jardim(1981-1994)",1773.26200219246
"Target_switch_Jardim (1999)","Target_switch","M_Jardim(1981-1994)",1881.01848754285
"Target_switch_Jardim (1999)","Target_switch","M_Jardim(1981-1994)",1699.9057588805
"Target_switch_Jardim (1999)","Target_switch","M_Jardim(1981-1994)",1654.722581511
"Target_switch_Jardim (1999)","Target_switch","M_Jardim(1981-1994)",1750.5336991302
"Target_switch_Jardim (1999)","Target_switch","M_Jardim(1981-1994)",1821.71055648963
"Target_switch_Jardim (1999)","Target_switch","M_Jardim(1981-1994)",1809.27961465671
"Target_switch_Jardim (1999)","Target_switch","M_Jardim(1981-1994)",1772.18489593851
"Target_switch_Jardim (1999)","Target_switch","M_Jardim(1981-1994)",1637.13363904371
"Target_switch_Jardim (1999)","Target_switch","M_Jardim(1981-1994)",1788.66986164773
"Target_switch_Jardim (1999)","Target_switch","M_Jardim(1981-1994)",1971.98880215764
"Target_switch_Jardim (1999)","Target_switch","M_Jardim(1981-1994)",1738.87740317785
"Target_switch_Jardim (1999)","Target_switch","M_Jardim(1981-1994)",1860.64056958483
"Target_switch_Jardim (1999)","Target_switch","M_Jardim(1981-1994)",1581.95943442937
"Target_switch_Jardim (1999)","Target_switch","M_Jardim(1981-1994)",1731.04277195963
"Target_switch_Jardim (1999)","Target_switch","M_Jardim(1981-1994)",1679.84135906581
"Target_switch_Jardim (1999)","Target_switch","M_Jardim(1981-1994)",1648.73771864204
"Target_switch_Jardim (1999)","Target_switch","M_Jardim(1981-1994)",1732.90147892369
"Target_switch_Jardim (1999)","Target_switch","M_Jardim(1981-1994)",1655.30603912818
"Target_switch_Jardim (1999)","Target_switch","M_Jardim(1981-1994)",1896.17885495682
"Target_switch_Jardim (1999)","Target_switch","M_Jardim(1981-1994)",1497.56757664281
"Target_switch_Jardim (1999)","Target_switch","M_Jardim(1981-1994)",1730.16422663998
"Target_switch_Jardim (1999)","Target_switch","M_Jardim(1981-1994)",1760.60169864404
"Target_switch_Jardim (1999)","Target_switch","M_Jardim(1981-1994)",1796.42629838814
"Target_switch_Jardim (1999)","Target_switch","M_Jardim(1981-1994)",1836.60470900648
"Target_switch_Jardim (1999)","Target_switch","M_Jardim(1981-1994)",1807.89294729831
"Target_switch_Jardim (1999)","Target_switch","M_Jardim(1981-1994)",1703.62226505415
"Target_switch_Jardim (1999)","Target_switch","M_Jardim(1981-1994)",1797.37322463372
"Target_switch_Jardim (1999)","Target_switch","M_Jardim(1981-1994)",1637.04478635843
"Target_switch_Jardim (1999)","Target_switch","M_Jardim(1981-1994)",1821.57109776749
"Target_switch_Jardim (1999)","Target_switch","M_Jardim(1981-1994)",1820.15876137106
"Target_switch_Jardim (1999)","Target_switch","M_Jardim(1981-1994)",1893.25437068346
"Target_switch_Jardim (1999)","Target_switch","M_Jardim(1981-1994)",1905.75744440907
"Target_switch_Jardim (1999)","Target_switch","M_Jardim(1981-1994)",1785.94963615275
"Target_switch_Jardim (1999)","Target_switch","M_Jardim(1981-1994)",1722.87910964434
"Target_switch_Jardim (1999)","Target_switch","M_Jardim(1981-1994)",1792.38266788023
"Target_switch_Jardim (1999)","Target_switch","M_Jardim(1981-1994)",1862.83225260504
"Target_switch_Jardim (1999)","Target_switch","M_Jardim(1981-1994)",1841.63158862559
"Target_switch_Jardim (1999)","Target_switch","M_Jardim(1981-1994)",1662.0799420505
"Target_switch_Jardim (1999)","Target_switch","M_Jardim(1981-1994)",1747.39112349389
"Target_switch_Jardim (1999)","Target_switch","M_Jardim(1981-1994)",1838.08805570621
"Target_switch_Jardim (1999)","Target_switch","M_Jardim(1981-1994)",1730.6939396052
"Target_switch_Jardim (1999)","Target_switch","M_Jardim(1981-1994)",1737.3277295056
"Target_switch_Jardim (1999)","Target_switch","M_Jardim(1981-1994)",1876.89139946222
"Target_switch_Jardim (1999)","Target_switch","M_Jardim(1981-1994)",1734.03196043711
"Target_switch_Jardim (1999)","Target_switch","M_Jardim(1981-1994)",1816.08547154836
"Target_switch_Jardim (1999)","Target_switch","M_Jardim(1981-1994)",1527.93080371047
"Target_switch_Jardim (1999)","Target_switch","M_Jardim(1981-1994)",1857.57182596722
"Target_switch_Jardim (1999)","Target_switch","M_Jardim(1981-1994)",1661.68399320604
"Target_switch_Jardim (1999)","Target_switch","M_Jardim(1981-1994)",1797.55090045631
"Target_switch_Jardim (1999)","Target_switch","M_Jardim(1981-1994)",1709.81023745549
"Target_switch_Jardim (1999)","Target_switch","M_Jardim(1981-1994)",1781.39537862395
"Target_switch_Jardim (1999)","Target_switch","M_Jardim(1981-1994)",1879.14432722221
"Target_switch_Jardim (1999)","Target_switch","M_Jardim(1981-1994)",1753.92596468789
"Target_switch_Jardim (1999)","Target_switch","M_Jardim(1981-1994)",1842.47575130198
"Target_switch_Jardim (1999)","Target_switch","M_Jardim(1981-1994)",1900.35890560299
"Target_switch_Jardim (1999)","Target_switch","M_Jardim(1981-1994)",1850.09006428828
"Target_switch_Jardim (1999)","Target_switch","M_Jardim(1981-1994)",1873.00714577038
"Target_switch_Jardim (1999)","Target_switch","M_Jardim(1981-1994)",1940.09607189736
"Target_switch_Jardim (1999)","Target_switch","M_Jardim(1981-1994)",1792.16500996756
"Target_switch_Jardim (1999)","Target_switch","M_Jardim(1981-1994)",1710.44971227889
"Target_switch_Jardim (1999)","Target_switch","M_Jardim(1981-1994)",1822.51996970869
"Target_switch_Jardim (1999)","Target_switch","M_Jardim(1981-1994)",1871.19406916595
"Target_switch_Jardim (1999)","Target_switch","M_Jardim(1981-1994)",1803.32915161562
"Target_switch_Jardim (1999)","Target_switch","M_Jardim(1981-1994)",1826.06779429058
"Target_switch_Jardim (1999)","Target_switch","M_Jardim(1981-1994)",1886.85089250707
"Target_switch_Jardim (1999)","Target_switch","M_Jardim(1981-1994)",1939.12802495876
"Target_switch_Jardim (1999)","Target_switch","M_Jardim(1981-1994)",1635.67085564503
"Target_switch_Jardim (1999)","Target_switch","M_Jardim(1981-1994)",1854.7193999222
"Target_switch_Jardim (1999)","Target_switch","M_Jardim(1981-1994)",1692.29501223234
"Target_switch_Jardim (1999)","Target_switch","M_Jardim(1981-1994)",1854.22304264711
"Target_switch_Jardim (1999)","Target_switch","M_Jardim(1981-1994)",1725.89364636539
"Target_switch_Jardim (1999)","Target_switch","M_Jardim(1981-1994)",1662.61097596449
"Target_switch_Jardim (1999)","Target_switch","M_Jardim(1981-1994)",1772.71365473342
"Target_switch_Jardim (1999)","Target_switch","M_Jardim(1981-1994)",1800.96775310765
"Target_switch_Jardim (1999)","Target_switch","M_Jardim(1981-1994)",1849.2014824375
"Target_switch_Jardim (1999)","Target_switch","M_Jardim(1981-1994)",1828.30698815717
"Target_switch_Jardim (1999)","Target_switch","M_Jardim(1981-1994)",1703.29913842238
"Target_switch_Jardim (1999)","Target_switch","M_Jardim(1981-1994)",1739.24792760303
"Target_switch_Jardim (1999)","Target_switch","M_Jardim(1981-1994)",1722.1750305619
"Target_switch_Jardim (1999)","Target_switch","M_Jardim(1981-1994)",1624.00759362477
"Target_switch_Jardim (1999)","Target_switch","M_Jardim(1981-1994)",1811.3383025237
"Target_switch_Jardim (1999)","Target_switch","M_Jardim(1981-1994)",1792.71366487342
"Target_switch_Jardim (1999)","Target_switch","M_Jardim(1981-1994)",1759.85984920958
"Target_switch_Jardim (1999)","Target_switch","M_Jardim(1981-1994)",1787.71485097996
"Target_switch_Jardim (1999)","Target_switch","M_Jardim(1981-1994)",1755.12543865865
"Target_switch_Jardim (1999)","Target_switch","M_Jardim(1981-1994)",1822.55911968437
"Target_switch_Jardim (1999)","Target_switch","M_Jardim(1981-1994)",1800.93021674403
"Target_switch_Jardim (1999)","Target_switch","M_Jardim(1981-1994)",1898.35961631038
"Target_switch_Jardim (1999)","Target_switch","M_Jardim(1981-1994)",1339.71956368704
"Target_switch_Jardim (1999)","Target_switch","M_Jardim(1981-1994)",1766.43379800919
"Target_switch_Jardim (1999)","Target_switch","M_Jardim(1981-1994)",1772.47145507972
"Target_switch_Jardim (1999)","Target_switch","M_Jardim(1981-1994)",1742.43411708041
"Target_switch_Jardim (1999)","Target_switch","M_Jardim(1981-1994)",1812.73788718718
"Target_switch_Jardim (1999)","Target_switch","M_Jardim(1981-1994)",1640.474970525
"Target_switch_Jardim (1999)","Target_switch","M_Jardim(1981-1994)",1859.12804357763
"Target_switch_Jardim (1999)","Target_switch","M_Jardim(1981-1994)",1763.24310679621
"Target_switch_Jardim (1999)","Target_switch","M_Jardim(1981-1994)",1657.66841103813
"Target_switch_Jardim (1999)","Target_switch","M_Jardim(1981-1994)",1680.94802102052
"Target_switch_Jardim (1999)","Target_switch","M_Jardim(1981-1994)",1735.16147175956
"Target_switch_Jardim (1999)","Target_switch","M_Jardim(1981-1994)",1963.56197057754
"Target_switch_Jardim (1999)","Target_switch","M_Jardim(1981-1994)",1649.08529482225
"Target_switch_Jardim (1999)","Target_switch","M_Jardim(1981-1994)",1856.56789082558
"Target_switch_Jardim (1999)","Target_switch","M_Jardim(1981-1994)",1786.43955686762
"Target_switch_Jardim (1999)","Target_switch","M_Jardim(1981-1994)",1796.67376500916
"Target_switch_Jardim (1999)","Target_switch","M_Jardim(1981-1994)",1780.70231096923
"Target_switch_Jardim (1999)","Target_switch","M_Jardim(1981-1994)",1894.84537249126
"Target_switch_Jardim (1999)","Target_switch","M_Jardim(1981-1994)",1773.22341774548
"Target_switch_Jardim (1999)","Target_switch","M_Jardim(1981-1994)",1768.20660520103
"Target_switch_Jardim (1999)","Target_switch","M_Jardim(1981-1994)",1734.62400799204
"Target_switch_Jardim (1999)","Target_switch","M_Jardim(1981-1994)",1531.33850648535
"Target_switch_Jardim (1999)","Target_switch","M_Jardim(1981-1994)",1892.28250781303
"Target_switch_Jardim (1999)","Target_switch","M_Jardim(1981-1994)",1718.15662023432
"Target_switch_Jardim (1999)","Target_switch","M_Jardim(1981-1994)",1881.70797975247
"Target_switch_Jardim (1999)","Target_switch","M_Jardim(1981-1994)",1757.44617677735
"Target_switch_Jardim (1999)","Target_switch","M_Jardim(1981-1994)",1728.43175494048
"Target_switch_Jardim (1999)","Target_switch","M_Jardim(1981-1994)",1790.71273552545
"Target_switch_Jardim (1999)","Target_switch","M_Jardim(1981-1994)",1886.75077203805
"Target_switch_Jardim (1999)","Target_switch","M_Jardim(1981-1994)",1869.34960267593
"Target_switch_Jardim (1999)","Target_switch","M_Jardim(1981-1994)",1694.89874397496
"Target_switch_Jardim (1999)","Target_switch","M_Jardim(1981-1994)",1763.73477267653
"Target_switch_Jardim (1999)","Target_switch","M_Jardim(1981-1994)",1856.01966152422
"Target_switch_Jardim (1999)","Target_switch","M_Jardim(1981-1994)",1650.82706424861
"Target_switch_Jardim (1999)","Target_switch","M_Jardim(1981-1994)",1700.12888304149
"Target_switch_Jardim (1999)","Target_switch","M_Jardim(1981-1994)",1810.8052413973
"Target_switch_Jardim (1999)","Target_switch","M_Jardim(1981-1994)",1902.00647561803
"Target_switch_Jardim (1999)","Target_switch","M_Jardim(1981-1994)",1770.90850979452
"Target_switch_Jardim (1999)","Target_switch","M_Jardim(1981-1994)",1689.99492296151
"Target_switch_Jardim (1999)","Target_switch","M_Jardim(1981-1994)",1906.14027708099
"Target_switch_Jardim (1999)","Target_switch","M_Jardim(1981-1994)",1805.8982466738
"Target_switch_Jardim (1999)","Target_switch","M_Jardim(1981-1994)",1907.14274798873
"Target_switch_Jardim (1999)","Target_switch","M_Jardim(1981-1994)",1818.16919735836
"Target_switch_Jardim (1999)","Target_switch","M_Jardim(1981-1994)",1888.30261092338
"Target_switch_Jardim (1999)","Target_switch","M_Jardim(1981-1994)",1580.20659228364
"Target_switch_Jardim (1999)","Target_switch","M_Jardim(1981-1994)",1750.23708397794
"Target_switch_Jardim (1999)","Target_switch","M_Jardim(1981-1994)",1727.20237551202
"Target_switch_Jardim (1999)","Target_switch","M_Jardim(1981-1994)",1815.13398909127
"Target_switch_Jardim (1999)","Target_switch","M_Jardim(1981-1994)",1918.9974276343
"Target_switch_Jardim (1999)","Target_switch","M_Jardim(1981-1994)",1850.06702469172
"Target_switch_Jardim (1999)","Target_switch","M_Jardim(1981-1994)",1729.67463879663
"Target_switch_Jardim (1999)","Target_switch","M_Jardim(1981-1994)",1760.63672217994
"Target_switch_Jardim (1999)","Target_switch","M_Jardim(1981-1994)",1761.39578539747
"Target_switch_Jardim (1999)","Target_switch","M_Jardim(1981-1994)",1703.96225577821
"Target_switch_Jardim (1999)","Target_switch","M_Jardim(1981-1994)",1786.48532436848
"Target_switch_Jardim (1999)","Target_switch","M_Jardim(1981-1994)",1527.62315392339
"Target_switch_Jardim (1999)","Target_switch","M_Jardim(1981-1994)",1703.47302200853
"Target_switch_Jardim (1999)","Target_switch","M_Jardim(1981-1994)",1849.64050090957
"Target_switch_Jardim (1999)","Target_switch","M_Jardim(1981-1994)",1750.60261786182
"Target_switch_Jardim (1999)","Target_switch","M_Jardim(1981-1994)",1705.18402239892
"Target_switch_Jardim (1999)","Target_switch","M_Jardim(1981-1994)",1752.43107533707
"Target_switch_Jardim (1999)","Target_switch","M_Jardim(1981-1994)",1834.55058394651
"Target_switch_Jardim (1999)","Target_switch","M_Jardim(1981-1994)",1883.87746449005
"Target_switch_Jardim (1999)","Target_switch","M_Jardim(1981-1994)",1761.42515935092
"Target_switch_Jardim (1999)","Target_switch","M_Jardim(1981-1994)",1761.96295453082
"Target_switch_Jardim (1999)","Target_switch","M_Jardim(1981-1994)",1890.47342799925
"Target_switch_Jardim (1999)","Target_switch","M_Jardim(1981-1994)",1665.38582223168
"Target_switch_Jardim (1999)","Target_switch","M_Jardim(1981-1994)",1821.82103346711
"Target_switch_Jardim (1999)","Target_switch","M_Jardim(1981-1994)",1757.62822598417
"Target_switch_Jardim (1999)","Target_switch","M_Jardim(1981-1994)",1694.39307848052
"Target_switch_Jardim (1999)","Target_switch","M_Jardim(1981-1994)",1849.41654718579
"Target_switch_Jardim (1999)","Target_switch","M_Jardim(1981-1994)",1696.94115959033
"Target_switch_Jardim (1999)","Target_switch","M_Jardim(1981-1994)",1772.58087776481
"Target_switch_Jardim (1999)","Target_switch","M_Jardim(1981-1994)",1855.5811701645
"Target_switch_Jardim (1999)","Target_switch","M_Jardim(1981-1994)",1755.61932267106
"Target_switch_Jardim (1999)","Target_switch","M_Jardim(1981-1994)",1875.7495603087
"Target_switch_Jardim (1999)","Target_switch","M_Jardim(1981-1994)",1720.01432296238
"Target_switch_Jardim (1999)","Target_switch","M_Jardim(1981-1994)",1758.34325629582
"Target_switch_Jardim (1999)","Target_switch","M_Jardim(1981-1994)",1762.46354977457
"Target_switch_Jardim (1999)","Target_switch","M_Jardim(1981-1994)",1776.6091600138
"Target_switch_Jardim (1999)","Target_switch","M_Jardim(1981-1994)",1718.26533793485
"Target_switch_Jardim (1999)","Target_switch","M_Jardim(1981-1994)",1795.31993392937
"Target_switch_Jardim (1999)","Target_switch","M_Jardim(1981-1994)",1760.17620552006
"Target_switch_Jardim (1999)","Target_switch","M_Jardim(1981-1994)",1512.49303523875
"Target_switch_Jardim (1999)","Target_switch","M_Jardim(1981-1994)",1772.38038560839
"Target_switch_Jardim (1999)","Target_switch","M_Jardim(1981-1994)",1465.16560502577
"Target_switch_Jardim (1999)","Target_switch","M_Jardim(1981-1994)",1768.32465533549
"Target_switch_Jardim (1999)","Target_switch","M_Jardim(1981-1994)",1882.10669819834
"Target_switch_Jardim (1999)","Target_switch","M_Jardim(1981-1994)",1697.05090671851
"Target_switch_Jardim (1999)","Target_switch","M_Jardim(1981-1994)",1825.26761465552
"Target_switch_Jardim (1999)","Target_switch","M_Jardim(1981-1994)",1763.21127283413
"Target_switch_Jardim (1999)","Target_switch","M_Jardim(1981-1994)",1740.11876433554
"Target_switch_Jardim (1999)","Target_switch","M_Jardim(1981-1994)",1641.93560884014
"Target_switch_Jardim (1999)","Target_switch","M_Jardim(1981-1994)",1903.40339678274
"Target_switch_Jardim (1999)","Target_switch","M_Jardim(1981-1994)",1741.68984147244
"Target_switch_Jardim (1999)","Target_switch","M_Jardim(1981-1994)",1797.60080264988
"Target_switch_Jardim (1999)","Target_switch","M_Jardim(1981-1994)",1940.86693124692
"Target_switch_Jardim (1999)","Target_switch","M_Jardim(1981-1994)",1802.65701220546
"Target_switch_Jardim (1999)","Target_switch","M_Jardim(1981-1994)",1757.60006195968
"Target_switch_Jardim (1999)","Target_switch","M_Jardim(1981-1994)",1899.47578164839
"Target_switch_Jardim (1999)","Target_switch","M_Jardim(1981-1994)",1604.48671413284
"Target_switch_Jardim (1999)","Target_switch","M_Jardim(1981-1994)",1914.16305169392
"Target_switch_Jardim (1999)","Target_switch","M_Jardim(1981-1994)",1857.65629678208
"Target_switch_Jardim (1999)","Target_switch","M_Jardim(1981-1994)",1749.36228219295
"Target_switch_Jardim (1999)","Target_switch","M_Jardim(1981-1994)",1594.33408544823
"Target_switch_Jardim (1999)","Target_switch","M_Jardim(1981-1994)",1706.99757693471
"Target_switch_Jardim (1999)","Target_switch","M_Jardim(1981-1994)",1602.65310338581
"Target_switch_Jardim (1999)","Target_switch","M_Jardim(1981-1994)",1779.37965619102
"Target_switch_Jardim (1999)","Target_switch","M_Jardim(1981-1994)",1868.37131945619
"Target_switch_Jardim (1999)","Target_switch","M_Jardim(1981-1994)",1853.2576178852
"Target_switch_Jardim (1999)","Target_switch","M_Jardim(1981-1994)",1699.46575327034
"Target_switch_Jardim (1999)","Target_switch","M_Jardim(1981-1994)",1800.61734888136
"Target_switch_Jardim (1999)","Target_switch","M_Jardim(1981-1994)",1735.38359178477
"Target_switch_Jardim (1999)","Target_switch","M_Jardim(1981-1994)",1742.10945785928
"Target_switch_Jardim (1999)","Target_switch","M_Jardim(1981-1994)",1863.26917629717
"Target_switch_Jardim (1999)","Target_switch","M_Jardim(1981-1994)",1779.94823219304
"Target_switch_Jardim (1999)","Target_switch","M_Jardim(1981-1994)",1697.87471842213
"Target_switch_Jardim (1999)","Target_switch","M_Jardim(1981-1994)",1519.01428615199
"Target_switch_Jardim (1999)","Target_switch","M_Jardim(1981-1994)",1805.90038390993
"Target_switch_Jardim (1999)","Target_switch","M_Jardim(1981-1994)",1744.64755381868
"Target_switch_Jardim (1999)","Target_switch","M_Jardim(1981-1994)",1771.48910509497
"Target_switch_Jardim (1999)","Target_switch","M_Jardim(1981-1994)",1693.993980386
"Target_switch_Jardim (1999)","Target_switch","M_Jardim(1981-1994)",1839.73701875018
"Target_switch_Jardim (1999)","Target_switch","M_Jardim(1981-1994)",1762.31307785679
"Target_switch_Jardim (1999)","Target_switch","M_Jardim(1981-1994)",1753.63127978334
"Target_switch_Jardim (1999)","Target_switch","M_Jardim(1981-1994)",1900.37773192855
"Target_switch_Jardim (1999)","Target_switch","M_Jardim(1981-1994)",1859.34517037807
"Target_switch_Jardim (1999)","Target_switch","M_Jardim(1981-1994)",1820.40660391574
"Target_switch_Jardim (1999)","Target_switch","M_Jardim(1981-1994)",1685.24407124863
"Target_switch_Jardim (1999)","Target_switch","M_Jardim(1981-1994)",1814.74061280802
"Target_switch_Jardim (1999)","Target_switch","M_Jardim(1981-1994)",1814.97253419443
"Target_switch_Jardim (1999)","Target_switch","M_Jardim(1981-1994)",1827.48551401967
"Target_switch_Jardim (1999)","Target_switch","M_Jardim(1981-1994)",1892.63771496119
"Target_switch_Jardim (1999)","Target_switch","M_Jardim(1981-1994)",1609.41933576523
"Target_switch_Jardim (1999)","Target_switch","M_Jardim(1981-1994)",1798.02517676143
"Target_switch_Jardim (1999)","Target_switch","M_Jardim(1981-1994)",1647.04132367315
"Target_switch_Jardim (1999)","Target_switch","M_Jardim(1981-1994)",1917.35992360946
"Target_switch_Jardim (1999)","Target_switch","M_Jardim(1981-1994)",1747.85033918432
"Target_switch_Jardim (1999)","Target_switch","M_Jardim(1981-1994)",1372.37622763679
"Target_switch_Jardim (1999)","Target_switch","M_Jardim(1981-1994)",1381.96723635147
"Target_switch_Jardim (1999)","Target_switch","M_Jardim(1981-1994)",1836.80348989859
"Target_switch_Jardim (1999)","Target_switch","M_Jardim(1981-1994)",1550.62689012626
"Target_switch_Jardim (1999)","Target_switch","M_Jardim(1981-1994)",1480.25133854022
"Target_switch_Jardim (1999)","Target_switch","M_Jardim(1981-1994)",1718.34687139417
"Target_switch_Jardim (1999)","Target_switch","M_Jardim(1981-1994)",1858.04679876612
"Target_switch_Jardim (1999)","Target_switch","M_Jardim(1981-1994)",1808.01268928543
"Target_switch_Jardim (1999)","Target_switch","M_Jardim(1981-1994)",1843.8877784157
"Target_switch_Jardim (1999)","Target_switch","M_Jardim(1981-1994)",1822.61906606899
"Target_switch_Jardim (1999)","Target_switch","M_Jardim(1981-1994)",1838.74560461194
"Target_switch_Jardim (1999)","Target_switch","M_Jardim(1981-1994)",1843.33787619781
"Target_switch_Jardim (1999)","Target_switch","M_Jardim(1981-1994)",1603.0979196115
"Target_switch_Jardim (1999)","Target_switch","M_Jardim(1981-1994)",1784.89400545566
"Target_switch_Jardim (1999)","Target_switch","M_Jardim(1981-1994)",1797.6088326532
"Target_switch_Jardim (1999)","Target_switch","M_Jardim(1981-1994)",1810.23196295288
"Target_switch_Jardim (1999)","Target_switch","M_Jardim(1981-1994)",1725.36579224864
"Target_switch_Jardim (1999)","Target_switch","M_Jardim(1981-1994)",1834.37216908943
"Target_switch_Jardim (1999)","Target_switch","M_Jardim(1981-1994)",1659.36404889505
"Target_switch_Jardim (1999)","Target_switch","M_Jardim(1981-1994)",1925.75972346574
"Target_switch_Jardim (1999)","Target_switch","M_Jardim(1981-1994)",1957.09667084571
"Target_switch_Jardim (1999)","Target_switch","M_Jardim(1981-1994)",1818.84789853185
"Target_switch_Jardim (1999)","Target_switch","M_Jardim(1981-1994)",1820.04248718918
"Target_switch_Jardim (1999)","Target_switch","M_Jardim(1981-1994)",1825.04593756111
"Target_switch_Jardim (1999)","Target_switch","M_Jardim(1981-1994)",1718.45887009444
"Target_switch_Jardim (1999)","Target_switch","M_Jardim(1981-1994)",1798.85903033182
"Target_switch_Jardim (1999)","Target_switch","M_Jardim(1981-1994)",1697.8708494592
"Target_switch_Jardim (1999)","Target_switch","M_Jardim(1981-1994)",1822.13576733552
"Target_switch_Jardim (1999)","Target_switch","M_Jardim(1981-1994)",1799.33831729113
"Target_switch_Jardim (1999)","Target_switch","M_Jardim(1981-1994)",1819.17437663194
"Target_switch_Jardim (1999)","Target_switch","M_Jardim(1981-1994)",1722.12496862191
"Target_switch_Jardim (1999)","Target_switch","M_Jardim(1981-1994)",1763.27647384527
"Target_switch_Jardim (1999)","Target_switch","M_Jardim(1981-1994)",1554.19611674015
"Target_switch_Jardim (1999)","Target_switch","M_Jardim(1981-1994)",1680.60857915214
"Target_switch_Jardim (1999)","Target_switch","M_Jardim(1981-1994)",1835.10869759083
"Target_switch_Jardim (1999)","Target_switch","M_Jardim(1981-1994)",1740.12663642806
"Target_switch_Jardim (1999)","Target_switch","M_Jardim(1981-1994)",1920.26959163175
"Target_switch_Jardim (1999)","Target_switch","M_Jardim(1981-1994)",1588.8404910402
"Target_switch_Jardim (1999)","Target_switch","M_Jardim(1981-1994)",1836.91252534417
"Target_switch_Jardim (1999)","Target_switch","M_Jardim(1981-1994)",1857.31633547184
"Target_switch_Jardim (1999)","Target_switch","M_Jardim(1981-1994)",1754.128384668
"Target_switch_Jardim (1999)","Target_switch","M_Jardim(1981-1994)",1739.7018306152
"Target_switch_Jardim (1999)","Target_switch","M_Jardim(1981-1994)",1710.9801275558
"Target_switch_Jardim (1999)","Target_switch","M_Jardim(1981-1994)",1858.34493594106
"Target_switch_Jardim (1999)","Target_switch","M_Jardim(1981-1994)",1788.08488660223
"Target_switch_Jardim (1999)","Target_switch","M_Jardim(1981-1994)",1927.52472112349
"Target_switch_Jardim (1999)","Target_switch","M_Jardim(1981-1994)",1850.88442068952
"Target_switch_Jardim (1999)","Target_switch","M_Jardim(1981-1994)",1760.864966949
"Target_switch_Jardim (1999)","Target_switch","M_Jardim(1981-1994)",1740.58278778879
"Target_switch_Jardim (1999)","Target_switch","M_Jardim(1981-1994)",1669.20350126048
"Target_switch_Jardim (1999)","Target_switch","M_Jardim(1981-1994)",1737.78747404219
"Target_switch_Jardim (1999)","Target_switch","M_Jardim(1981-1994)",1683.24277027041
"Target_switch_Jardim (1999)","Target_switch","M_Jardim(1981-1994)",1899.16994706613
"Target_switch_Jardim (1999)","Target_switch","M_Jardim(1981-1994)",1825.41741361656
"Target_switch_Jardim (1999)","Target_switch","M_Jardim(1981-1994)",1796.97944419641
"Target_switch_Jardim (1999)","Target_switch","M_Jardim(1981-1994)",1675.61115891538
"Target_switch_Jardim (1999)","Target_switch","M_Jardim(1981-1994)",1308.25512693697
"Target_switch_Jardim (1999)","Target_switch","M_Jardim(1981-1994)",1725.55372885606
"Target_switch_Jardim (1999)","Target_switch","M_Jardim(1981-1994)",1675.38815035412
"Target_switch_Jardim (1999)","Target_switch","M_Jardim(1981-1994)",1716.11487408683
"Target_switch_Jardim (1999)","Target_switch","M_Jardim(1981-1994)",1778.70148884623
"Target_switch_Jardim (1999)","Target_switch","M_Jardim(1981-1994)",1708.82282527787
"Target_switch_Jardim (1999)","Target_switch","M_Jardim(1981-1994)",1847.91948225938
"Target_switch_Jardim (1999)","Target_switch","M_Jardim(1981-1994)",1838.83133795703
"Target_switch_Jardim (1999)","Target_switch","M_Jardim(1981-1994)",1772.05100132425
"Target_switch_Jardim (1999)","Target_switch","M_Jardim(1981-1994)",1691.93302544091
"Target_switch_Jardim (1999)","Target_switch","M_Jardim(1981-1994)",1724.45595175585
"Target_switch_Jardim (1999)","Target_switch","M_Jardim(1981-1994)",1665.82107067674
"Target_switch_Jardim (1999)","Target_switch","M_Jardim(1981-1994)",1843.79040840538
"Target_switch_Jardim (1999)","Target_switch","M_Jardim(1981-1994)",1868.44704892145
"Target_switch_Jardim (1999)","Target_switch","M_Jardim(1981-1994)",1745.29897673153
"Target_switch_Jardim (1999)","Target_switch","M_Jardim(1981-1994)",1804.49830182086
"Target_switch_Jardim (1999)","Target_switch","M_Jardim(1981-1994)",1799.28289771174
"Target_switch_Jardim (1999)","Target_switch","M_Jardim(1981-1994)",1838.10905363046
"Target_switch_Jardim (1999)","Target_switch","M_Jardim(1981-1994)",1773.84847064129
"Target_switch_Jardim (1999)","Target_switch","M_Jardim(1981-1994)",1808.20366778329
"Target_switch_Jardim (1999)","Target_switch","M_Jardim(1981-1994)",1801.52308376572
"Target_switch_Jardim (1999)","Target_switch","M_Jardim(1981-1994)",1644.86567013719
"Target_switch_Jardim (1999)","Target_switch","M_Jardim(1981-1994)",1909.00754278189
"Target_switch_Jardim (1999)","Target_switch","M_Jardim(1981-1994)",1747.45951372173
"Target_switch_Jardim (1999)","Target_switch","M_Jardim(1981-1994)",1882.27450775902
"Target_switch_Jardim (1999)","Target_switch","M_Jardim(1981-1994)",1721.15660430673
"Target_switch_Jardim (1999)","Target_switch","M_Jardim(1981-1994)",1904.69872307707
"Target_switch_Jardim (1999)","Target_switch","M_Jardim(1981-1994)",1829.79655160082
"Target_switch_Jardim (1999)","Target_switch","M_Jardim(1981-1994)",1574.06361830621
"Target_switch_Jardim (1999)","Target_switch","M_Jardim(1981-1994)",1826.71952438992
"Target_switch_Jardim (1999)","Target_switch","M_Jardim(1981-1994)",1599.85604757324
"Target_switch_Jardim (1999)","Target_switch","M_Jardim(1981-1994)",1791.63926348692
"Target_switch_Jardim (1999)","Target_switch","M_Jardim(1981-1994)",1519.73443003615
"Target_switch_Jardim (1999)","Target_switch","M_Jardim(1981-1994)",1872.27636678375
"Target_switch_Jardim (1999)","Target_switch","M_Jardim(1981-1994)",1734.72820459039
"Target_switch_Jardim (1999)","Target_switch","M_Jardim(1981-1994)",1810.92733728162
"Target_switch_Jardim (1999)","Target_switch","M_Jardim(1981-1994)",1748.74635611185
"Target_switch_Jardim (1999)","Target_switch","M_Jardim(1981-1994)",1626.05629392136
"Target_switch_Jardim (1999)","Target_switch","M_Jardim(1981-1994)",1672.9394912325
"Target_switch_Jardim (1999)","Target_switch","M_Jardim(1981-1994)",1578.1616653064
"Target_switch_Jardim (1999)","Target_switch","M_Jardim(1981-1994)",1837.27216125812
"Target_switch_Jardim (1999)","Target_switch","M_Jardim(1981-1994)",1754.18653487436
"Target_switch_Jardim (1999)","Target_switch","M_Jardim(1981-1994)",1666.87114447813
"Target_switch_Jardim (1999)","Target_switch","M_Jardim(1981-1994)",1471.16522493223
"Target_switch_Jardim (1999)","Target_switch","M_Jardim(1981-1994)",1773.29230985732
"Target_switch_Jardim (1999)","Target_switch","M_Jardim(1981-1994)",1751.66042722612
"Target_switch_Jardim (1999)","Target_switch","M_Jardim(1981-1994)",1844.12522501716
"Target_switch_Jardim (1999)","Target_switch","M_Jardim(1981-1994)",1816.5557606763
"Target_switch_Jardim (1999)","Target_switch","M_Jardim(1981-1994)",1898.55976966841
"Target_switch_Jardim (1999)","Target_switch","M_Jardim(1981-1994)",1755.77281461537
"Target_switch_Jardim (1999)","Target_switch","M_Jardim(1981-1994)",1923.83390251139
"Target_switch_Jardim (1999)","Target_switch","M_Jardim(1981-1994)",1699.5913562274
"Target_switch_Jardim (1999)","Target_switch","M_Jardim(1981-1994)",1930.27809829205
"Target_switch_Jardim (1999)","Target_switch","M_Jardim(1981-1994)",1566.43740572751
"Target_switch_Jardim (1999)","Target_switch","M_Jardim(1981-1994)",1852.33958387324
"Target_switch_Jardim (1999)","Target_switch","M_Jardim(1981-1994)",1799.36915581573
"Target_switch_Jardim (1999)","Target_switch","M_Jardim(1981-1994)",1721.41153892953
"Target_switch_Jardim (1999)","Target_switch","M_Jardim(1981-1994)",1632.73379515157
"Target_switch_Jardim (1999)","Target_switch","M_Jardim(1981-1994)",1730.23425833053
"Target_switch_Jardim (1999)","Target_switch","M_Jardim(1981-1994)",1921.56416945764
"Target_switch_Jardim (1999)","Target_switch","M_Jardim(1981-1994)",1772.60210020262
"Target_switch_Jardim (1999)","Target_switch","M_Jardim(1981-1994)",1731.43026719144
"Target_switch_Jardim (1999)","Target_switch","M_Jardim(1981-1994)",1855.5621422177
"Target_switch_Jardim (1999)","Target_switch","M_Jardim(1981-1994)",1783.12635623401
"Target_switch_Jardim (1999)","Target_switch","M_Jardim(1981-1994)",1943.09717667763
"Target_switch_Jardim (1999)","Target_switch","M_Jardim(1981-1994)",1749.21678555696
"Target_switch_Jardim (1999)","Target_switch","M_Jardim(1981-1994)",1858.95730390953
"Target_switch_Jardim (1999)","Target_switch","M_Jardim(1981-1994)",1783.00563213772
"Target_switch_Jardim (1999)","Target_switch","M_Jardim(1981-1994)",1861.24658625187
"Target_switch_Jardim (1999)","Target_switch","M_Jardim(1981-1994)",1711.02520542255
"Target_switch_Jardim (1999)","Target_switch","M_Jardim(1981-1994)",1749.37252173255
"Target_switch_Jardim (1999)","Target_switch","M_Jardim(1981-1994)",1849.51558090519
"Target_switch_Jardim (1999)","Target_switch","M_Jardim(1981-1994)",1753.34692600209
"Target_switch_Jardim (1999)","Target_switch","M_Jardim(1981-1994)",1842.83748365014
"Target_switch_Jardim (1999)","Target_switch","M_Jardim(1981-1994)",1702.64037101193
"Target_switch_Jardim (1999)","Target_switch","M_Jardim(1981-1994)",1789.68583013174
"Target_switch_Jardim (1999)","Target_switch","M_Jardim(1981-1994)",1694.38008044022
"Target_switch_Jardim (1999)","Target_switch","M_Jardim(1981-1994)",1517.54569451182
"Target_switch_Jardim (1999)","Target_switch","M_Jardim(1981-1994)",1823.21811948641
"Target_switch_Jardim (1999)","Target_switch","M_Jardim(1981-1994)",1788.18866968558
"Target_switch_Jardim (1999)","Target_switch","M_Jardim(1981-1994)",1816.66960245878
"Target_switch_Jardim (1999)","Target_switch","M_Jardim(1981-1994)",1770.78179378327
"Target_switch_Jardim (1999)","Target_switch","M_Jardim(1981-1994)",1859.64757330653
"Target_switch_Jardim (1999)","Target_switch","M_Jardim(1981-1994)",1548.17075939676
"Target_switch_Jardim (1999)","Target_switch","M_Jardim(1981-1994)",1858.71692450952
"Target_switch_Jardim (1999)","Target_switch","M_Jardim(1981-1994)",1772.42965499865
"Target_switch_Jardim (1999)","Target_switch","M_Jardim(1981-1994)",1660.0181898072
"Target_switch_Jardim (1999)","Target_switch","M_Jardim(1981-1994)",1814.65693995911
"Target_switch_Jardim (1999)","Target_switch","M_Jardim(1981-1994)",2108.76396098115
"Target_switch_Jardim (1999)","Target_switch","M_Jardim(1981-1994)",1791.14475022171
"Target_switch_Jardim (1999)","Target_switch","M_Jardim(1981-1994)",1809.51473057783
"Target_switch_Jardim (1999)","Target_switch","M_Jardim(1981-1994)",1740.49836142692
"Target_switch_Jardim (1999)","Target_switch","M_Jardim(1981-1994)",1855.93194234246
"Target_switch_Jardim (1999)","Target_switch","M_Jardim(1981-1994)",1787.74828105891
"Target_switch_Jardim (1999)","Target_switch","M_Jardim(1981-1994)",1794.46947864319
"Target_switch_Jardim (1999)","Target_switch","M_Jardim(1981-1994)",1905.60153568328
"Target_switch_Jardim (1999)","Target_switch","M_Jardim(1981-1994)",1704.7928342919
"Target_switch_Jardim (1999)","Target_switch","M_Jardim(1981-1994)",1719.38158078617
"Target_switch_Jardim (1999)","Target_switch","M_Jardim(1981-1994)",1689.12521203116
"Target_switch_Jardim (1999)","Target_switch","M_Jardim(1981-1994)",1712.77264786201
"Target_switch_Jardim (1999)","Target_switch","M_Jardim(1981-1994)",1819.13398734226
"Target_switch_Jardim (1999)","Target_switch","M_Jardim(1981-1994)",1834.63222220077
"Target_switch_Jardim (1999)","Target_switch","M_Jardim(1981-1994)",1663.45795820239
"Target_switch_Jardim (1999)","Target_switch","M_Jardim(1981-1994)",1724.40273279842
"Target_switch_Jardim (1999)","Target_switch","M_Jardim(1981-1994)",1822.6631813754
"Target_switch_Jardim (1999)","Target_switch","M_Jardim(1981-1994)",1800.37646324549
"Target_switch_Jardim (1999)","Target_switch","M_Jardim(1981-1994)",1770.12323930446
"Target_switch_Jardim (1999)","Target_switch","M_Jardim(1981-1994)",1776.33934412723
"Target_switch_Jardim (1999)","Target_switch","M_Jardim(1981-1994)",1885.35916137527
"Target_switch_Jardim (1999)","Target_switch","M_Jardim(1981-1994)",1626.67124771673
"Target_switch_Jardim (1999)","Target_switch","M_Jardim(1981-1994)",1837.97563408908
"Target_switch_Jardim (1999)","Target_switch","M_Jardim(1981-1994)",1733.86681010135
"Target_switch_Jardim (1999)","Target_switch","M_Jardim(1981-1994)",1861.92909217379
"Target_switch_Jardim (1999)","Target_switch","M_Jardim(1981-1994)",1780.19762382162
"Target_switch_Jardim (1999)","Target_switch","M_Jardim(1981-1994)",1867.24775982505
"Target_switch_Jardim (1999)","Target_switch","M_Jardim(1981-1994)",1853.66862933985
"Target_switch_Jardim (1999)","Target_switch","M_Jardim(1981-1994)",1877.44318319409
"Target_switch_Jardim (1999)","Target_switch","M_Jardim(1981-1994)",1795.12443032397
"Target_switch_Jardim (1999)","Target_switch","M_Jardim(1981-1994)",1813.39624934414
"Target_switch_Jardim (1999)","Target_switch","M_Jardim(1981-1994)",1315.19676523741
"Target_switch_Jardim (1999)","Target_switch","M_Jardim(1981-1994)",1800.55420820641
"Target_switch_Jardim (1999)","Target_switch","M_Jardim(1981-1994)",1735.82929326804
"Target_switch_Jardim (1999)","Target_switch","M_Jardim(1981-1994)",1911.94301451554
"Target_switch_Jardim (1999)","Target_switch","M_Jardim(1981-1994)",1719.67288245164
"Target_switch_Jardim (1999)","Target_switch","M_Jardim(1981-1994)",1801.47534575771
"Target_switch_Jardim (1999)","Target_switch","M_Jardim(1981-1994)",1803.48811360878
"Target_switch_Jardim (1999)","Target_switch","M_Jardim(1981-1994)",1668.44290066055
"Target_switch_Jardim (1999)","Target_switch","M_Jardim(1981-1994)",1703.88965690274
"Target_switch_Jardim (1999)","Target_switch","M_Jardim(1981-1994)",1681.37843617147
"Target_switch_Jardim (1999)","Target_switch","M_Jardim(1981-1994)",1699.81467501923
"Target_switch_Jardim (1999)","Target_switch","M_Jardim(1981-1994)",1878.56210081399
"Target_switch_Jardim (1999)","Target_switch","M_Jardim(1981-1994)",1889.60866265714
"Target_switch_Jardim (1999)","Target_switch","M_Jardim(1981-1994)",1728.33817766334
"Target_switch_Jardim (1999)","Target_switch","M_Jardim(1981-1994)",1717.42320679557
"Target_switch_Jardim (1999)","Target_switch","M_Jardim(1981-1994)",1889.22584156303
"Target_switch_Jardim (1999)","Target_switch","M_Jardim(1981-1994)",1841.69002096714
"Target_switch_Jardim (1999)","Target_switch","M_Jardim(1981-1994)",1810.37801960658
"Target_switch_Jardim (1999)","Target_switch","M_Jardim(1981-1994)",1823.87717213753
"Target_switch_Jardim (1999)","Target_switch","M_Jardim(1981-1994)",1513.04329245199
"Target_switch_Jardim (1999)","Target_switch","M_Jardim(1981-1994)",1926.33786449425
"Target_switch_Jardim (1999)","Target_switch","M_Jardim(1981-1994)",1877.22033291666
"Target_switch_Jardim (1999)","Target_switch","M_Jardim(1981-1994)",1587.43861502117
"Target_switch_Jardim (1999)","Target_switch","M_Jardim(1981-1994)",1795.13625537373
"Target_switch_Jardim (1999)","Target_switch","M_Jardim(1981-1994)",1533.25241760616
"Target_switch_Jardim (1999)","Target_switch","M_Jardim(1981-1994)",1848.55620549845
"Target_switch_Jardim (1999)","Target_switch","M_Jardim(1981-1994)",1832.37011935764
"Target_switch_Jardim (1999)","Target_switch","M_Jardim(1981-1994)",1765.23201726371
"Target_switch_Jardim (1999)","Target_switch","M_Jardim(1981-1994)",1645.40215669615
"Target_switch_Jardim (1999)","Target_switch","M_Jardim(1981-1994)",1780.58713618354
"Target_switch_Jardim (1999)","Target_switch","M_Jardim(1981-1994)",1841.24434437292
"Target_switch_Jardim (1999)","Target_switch","M_Jardim(1981-1994)",1879.62366426302
"Target_switch_Jardim (1999)","Target_switch","M_Jardim(1981-1994)",1785.40135294211
"Target_switch_Jardim (1999)","Target_switch","M_Jardim(1981-1994)",1570.74468600741
"Target_switch_Jardim (1999)","Target_switch","M_Jardim(1981-1994)",1644.58279430128
"Target_switch_Jardim (1999)","Target_switch","M_Jardim(1981-1994)",1746.18052023085
"Target_switch_Jardim (1999)","Target_switch","M_Jardim(1981-1994)",1895.19072509671
"Target_switch_Jardim (1999)","Target_switch","M_Jardim(1981-1994)",1754.04845277191
"Target_switch_Jardim (1999)","Target_switch","M_Jardim(1981-1994)",1822.81666487189
"Target_switch_Jardim (1999)","Target_switch","M_Jardim(1981-1994)",1724.06690039458
"Target_switch_Jardim (1999)","Target_switch","M_Jardim(1981-1994)",1805.39583377857
"Target_switch_Jardim (1999)","Target_switch","M_Jardim(1981-1994)",1944.63878795649
"Target_switch_Jardim (1999)","Target_switch","M_Jardim(1981-1994)",1793.60150066319
"Target_switch_Jardim (1999)","Target_switch","M_Jardim(1981-1994)",1744.2785242942
"Target_switch_Jardim (1999)","Target_switch","M_Jardim(1981-1994)",1803.48348279042
"Target_switch_Jardim (1999)","Target_switch","M_Jardim(1981-1994)",1835.01385778723
"Target_switch_Jardim (1999)","Target_switch","M_Jardim(1981-1994)",1855.62678870788
"Target_switch_Jardim (1999)","Target_switch","M_Jardim(1981-1994)",1663.12687760874
"Target_switch_Jardim (1999)","Target_switch","M_Jardim(1981-1994)",1690.25897476755
"Target_switch_Jardim (1999)","Target_switch","M_Jardim(1981-1994)",1830.39184321995
"Target_switch_Jardim (1999)","Target_switch","M_Jardim(1981-1994)",1612.15849439055
"Target_switch_Jardim (1999)","Target_switch","M_Jardim(1981-1994)",1791.92751217426
"Target_switch_Jardim (1999)","Target_switch","M_Jardim(1981-1994)",1757.37733705071
"Target_switch_Jardim (1999)","Target_switch","M_Jardim(1981-1994)",1867.98715148677
"Target_switch_Jardim (1999)","Target_switch","M_Jardim(1981-1994)",1834.23311622619
"Target_switch_Jardim (1999)","Target_switch","M_Jardim(1981-1994)",1913.63848994884
"Target_switch_Jardim (1999)","Target_switch","M_Jardim(1981-1994)",1908.04294965445
"Target_switch_Jardim (1999)","Target_switch","M_Jardim(1981-1994)",1800.18192479476
"Target_switch_Jardim (1999)","Target_switch","M_Jardim(1981-1994)",1771.6453379897
"Target_switch_Jardim (1999)","Target_switch","M_Jardim(1981-1994)",1735.21379820775
"Target_switch_Jardim (1999)","Target_switch","M_Jardim(1981-1994)",1742.14575967648
"Target_switch_Jardim (1999)","Target_switch","M_Jardim(1981-1994)",1908.72269341739
"Target_switch_Jardim (1999)","Target_switch","M_Jardim(1981-1994)",1957.56949853532
"Target_switch_Jardim (1999)","Target_switch","M_Jardim(1981-1994)",1650.38280886734
"Target_switch_Jardim (1999)","Target_switch","M_Jardim(1981-1994)",1829.22649595751
"Target_switch_Jardim (1999)","Target_switch","M_Jardim(1981-1994)",1916.10439894348
"Target_switch_Jardim (1999)","Target_switch","M_Jardim(1981-1994)",1679.84916515776
"Target_switch_Jardim (1999)","Target_switch","M_Jardim(1981-1994)",1707.14584612722
"Target_switch_Jardim (1999)","Target_switch","M_Jardim(1981-1994)",1841.92670173681
"Target_switch_Jardim (1999)","Target_switch","M_Jardim(1981-1994)",1806.43333300932
"Target_switch_Jardim (1999)","Target_switch","M_Jardim(1981-1994)",1813.41561055198
"Target_switch_Jardim (1999)","Target_switch","M_Jardim(1981-1994)",1821.67221117663
"Target_switch_Jardim (1999)","Target_switch","M_Jardim(1981-1994)",1882.77108508134
"Target_switch_Jardim (1999)","Target_switch","M_Jardim(1981-1994)",1863.1522003043
"Target_switch_Jardim (1999)","Target_switch","M_Jardim(1981-1994)",2177.49318999181
"Target_switch_Jardim (1999)","Target_switch","M_Jardim(1981-1994)",1725.96070893934
"Target_switch_Jardim (1999)","Target_switch","M_Jardim(1981-1994)",1785.14266492932
"Target_switch_Jardim (1999)","Target_switch","M_Jardim(1981-1994)",1895.44890567941
"Target_switch_Jardim (1999)","Target_switch","M_Jardim(1981-1994)",1753.67381452093
"Target_switch_Jardim (1999)","Target_switch","M_Jardim(1981-1994)",1870.82485894379
"Target_switch_Jardim (1999)","Target_switch","M_Jardim(1981-1994)",1676.54073564925
"Target_switch_Jardim (1999)","Target_switch","M_Jardim(1981-1994)",1802.1036924967
"Target_switch_Jardim (1999)","Target_switch","M_Jardim(1981-1994)",1554.92577369306
"Target_switch_Jardim (1999)","Target_switch","M_Jardim(1981-1994)",1789.58942443781
"Target_switch_Jardim (1999)","Target_switch","M_Jardim(1981-1994)",1747.46061411682
"Target_switch_Jardim (1999)","Target_switch","M_Jardim(1981-1994)",1846.31835810266
"Target_switch_Jardim (1999)","Target_switch","M_Jardim(1981-1994)",1852.94363756103
"Target_switch_Jardim (1999)","Target_switch","M_Jardim(1981-1994)",2240.0390303606
"Target_switch_Jardim (1999)","Target_switch","M_Jardim(1981-1994)",1971.43620932062
"Target_switch_Jardim (1999)","Target_switch","M_Jardim(1981-1994)",1769.71607874207
"Target_switch_Jardim (1999)","Target_switch","M_Jardim(1981-1994)",1736.00389952683
"Target_switch_Jardim (1999)","Target_switch","M_Jardim(1981-1994)",1675.70086109343
"Target_switch_Jardim (1999)","Target_switch","M_Jardim(1981-1994)",1901.68917088071
"Target_switch_Jardim (1999)","Target_switch","M_Jardim(1981-1994)",1834.5844176944
"Target_switch_Jardim (1999)","Target_switch","M_Jardim(1981-1994)",1838.63674828065
"Target_switch_Jardim (1999)","Target_switch","M_Jardim(1981-1994)",1867.51545166622
"Target_switch_Jardim (1999)","Target_switch","M_Jardim(1981-1994)",1746.88735936237
"Target_switch_Jardim (1999)","Target_switch","M_Jardim(1981-1994)",1701.6829438245
"Target_switch_Jardim (1999)","Target_switch","M_Jardim(1981-1994)",1755.57543462202
"Target_switch_Jardim (1999)","Target_switch","M_Jardim(1981-1994)",1825.23624060105
"Target_switch_Jardim (1999)","Target_switch","M_Jardim(1981-1994)",1774.06947264999
"Target_switch_Jardim (1999)","Target_switch","M_Jardim(1981-1994)",1367.46659619576
"Target_switch_Jardim (1999)","Target_switch","M_Jardim(1981-1994)",1865.39441403251
"Target_switch_Jardim (1999)","Target_switch","M_Jardim(1981-1994)",1720.51371691126
"Target_switch_Jardim (1999)","Target_switch","M_Jardim(1981-1994)",1882.34374014561
"Target_switch_Jardim (1999)","Target_switch","M_Jardim(1981-1994)",1757.57583618808
"Target_switch_Jardim (1999)","Target_switch","M_Jardim(1981-1994)",1668.1830959746
"Target_switch_Jardim (1999)","Target_switch","M_Jardim(1981-1994)",1743.59846303812
"Target_switch_Jardim (1999)","Target_switch","M_Jardim(1981-1994)",1662.28812185646
"Target_switch_Jardim (1999)","Target_switch","M_Jardim(1981-1994)",1776.3943476646
"Target_switch_Jardim (1999)","Target_switch","M_Jardim(1981-1994)",1750.71060782714
"Target_switch_Jardim (1999)","Target_switch","M_Jardim(1981-1994)",1789.2825208629
"Target_switch_Jardim (1999)","Target_switch","M_Jardim(1981-1994)",1836.66968809402
"Target_switch_Jardim (1999)","Target_switch","M_Jardim(1981-1994)",1741.13467990323
"Target_switch_Jardim (1999)","Target_switch","M_Jardim(1981-1994)",1865.87599742711
"Target_switch_Jardim (1999)","Target_switch","M_Jardim(1981-1994)",1849.1569953113
"Target_switch_Jardim (1999)","Target_switch","M_Jardim(1981-1994)",1925.02971279048
"Target_switch_Jardim (1999)","Target_switch","M_Jardim(1981-1994)",1834.12228904006
"Target_switch_Jardim (1999)","Target_switch","M_Jardim(1981-1994)",1702.13560683503
"Target_switch_Jardim (1999)","Target_switch","M_Jardim(1981-1994)",1797.61965739348
"Target_switch_Jardim (1999)","Target_switch","M_Jardim(1981-1994)",1866.59227159786
"Target_switch_Jardim (1999)","Target_switch","M_Jardim(1981-1994)",1779.56509267054
"Target_switch_Jardim (1999)","Target_switch","M_Jardim(1981-1994)",1441.12841542229
"Target_switch_Jardim (1999)","Target_switch","M_Jardim(1981-1994)",1815.95022850443
"Target_switch_Jardim (1999)","Target_switch","M_Jardim(1981-1994)",1784.38741494824
"Target_switch_Jardim (1999)","Target_switch","M_Jardim(1981-1994)",1778.7964098749
"Target_switch_Jardim (1999)","Target_switch","M_Jardim(1981-1994)",1698.99680902184
"Target_switch_Jardim (1999)","Target_switch","M_Jardim(1981-1994)",1790.86872213448
"Target_switch_Jardim (1999)","Target_switch","M_Jardim(1981-1994)",1752.46342085019
"Target_switch_Jardim (1999)","Target_switch","M_Jardim(1981-1994)",1205.53038622177
"Target_switch_Jardim (1999)","Target_switch","M_Jardim(1981-1994)",1954.28937431383
"Target_switch_Jardim (1999)","Target_switch","M_Jardim(1981-1994)",1818.6677768464
"Target_switch_Jardim (1999)","Target_switch","M_Jardim(1981-1994)",1648.60154110793
"Target_switch_Jardim (1999)","Target_switch","M_Jardim(1981-1994)",1817.25492022109
"Target_switch_Jardim (1999)","Target_switch","M_Jardim(1981-1994)",1716.99586649105
"Target_switch_Jardim (1999)","Target_switch","M_Jardim(1981-1994)",1720.55817014626
"Target_switch_Jardim (1999)","Target_switch","M_Jardim(1981-1994)",1664.13434849362
"Target_switch_Jardim (1999)","Target_switch","M_Jardim(1981-1994)",1889.8697768278
"Target_switch_Jardim (1999)","Target_switch","M_Jardim(1981-1994)",1820.30580793002
"Target_switch_Jardim (1999)","Target_switch","M_Jardim(1981-1994)",1514.12916465464
"Target_switch_Jardim (1999)","Target_switch","M_Jardim(1981-1994)",1898.4481610878
"Target_switch_Jardim (1999)","Target_switch","M_Jardim(1981-1994)",1923.65744937578
"Target_switch_Jardim (1999)","Target_switch","M_Jardim(1981-1994)",1752.12842159252
"Target_switch_Jardim (1999)","Target_switch","M_Jardim(1981-1994)",1890.36072211154
"Target_switch_Jardim (1999)","Target_switch","M_Jardim(1981-1994)",1741.95521459902
"Target_switch_Jardim (1999)","Target_switch","M_Jardim(1981-1994)",1841.40165541237
"Target_switch_Jardim (1999)","Target_switch","M_Jardim(1981-1994)",1969.29018662894
"Target_switch_Jardim (1999)","Target_switch","M_Jardim(1981-1994)",1852.42908392615
"Target_switch_Jardim (1999)","Target_switch","M_Jardim(1981-1994)",1749.95951763138
"Target_switch_Jardim (1999)","Target_switch","M_Jardim(1981-1994)",1790.81324307782
"Target_switch_Jardim (1999)","Target_switch","M_Jardim(1981-1994)",1780.20625816739
"Target_switch_Jardim (1999)","Target_switch","M_Jardim(1981-1994)",1791.83910734734
"Target_switch_Jardim (1999)","Target_switch","M_Jardim(1981-1994)",1518.60257495076
"Target_switch_Jardim (1999)","Target_switch","M_Jardim(1981-1994)",1922.04655914873
"Target_switch_Jardim (1999)","Target_switch","M_Jardim(1981-1994)",1888.81126908566
"Target_switch_Jardim (1999)","Target_switch","M_Jardim(1981-1994)",1927.76523478657
"Target_switch_Jardim (1999)","Target_switch","M_Jardim(1981-1994)",1859.56053195786
"Target_switch_Jardim (1999)","Target_switch","M_Jardim(1981-1994)",1931.35033550353
"Target_switch_Jardim (1999)","Target_switch","M_Jardim(1981-1994)",1749.39893466035
"Target_switch_Jardim (1999)","Target_switch","M_Jardim(1981-1994)",1762.71420897004
"Target_switch_Jardim (1999)","Target_switch","M_Jardim(1981-1994)",1819.82406850884
"Target_switch_Jardim (1999)","Target_switch","M_Jardim(1981-1994)",1807.94428691664
"Target_switch_Jardim (1999)","Target_switch","M_Jardim(1981-1994)",1834.78431169651
"Target_switch_Jardim (1999)","Target_switch","M_Jardim(1981-1994)",1777.86999271031
"Target_switch_Jardim (1999)","Target_switch","M_Jardim(1981-1994)",1910.35144033248
"Target_switch_Jardim (1999)","Target_switch","M_Jardim(1981-1994)",1696.66058151312
"Target_switch_Jardim (1999)","Target_switch","M_Jardim(1981-1994)",1859.24623060706
"Target_switch_Jardim (1999)","Target_switch","M_Jardim(1981-1994)",1686.95394831309
"Target_switch_Jardim (1999)","Target_switch","M_Jardim(1981-1994)",1689.62158046902
"Target_switch_Jardim (1999)","Target_switch","M_Jardim(1981-1994)",1863.58347863542
"Target_switch_Jardim (1999)","Target_switch","M_Jardim(1981-1994)",1768.21842354605
"Target_switch_Jardim (1999)","Target_switch","M_Jardim(1981-1994)",1791.42075596282
"Target_switch_Jardim (1999)","Target_switch","M_Jardim(1981-1994)",1870.44971797531
"Target_switch_Jardim (1999)","Target_switch","M_Jardim(1981-1994)",1922.53098216704
"Target_switch_Jardim (1999)","Target_switch","M_Jardim(1981-1994)",1899.02851976
"Target_switch_Jardim (1999)","Target_switch","M_Jardim(1981-1994)",1614.88622268795
"Target_switch_Jardim (1999)","Target_switch","M_Jardim(1981-1994)",1639.36640126323
"Target_switch_Jardim (1999)","Target_switch","M_Jardim(1981-1994)",1848.65914661227
"Target_switch_Jardim (1999)","Target_switch","M_Jardim(1981-1994)",1843.94737003939
"Target_switch_Jardim (1999)","Target_switch","M_Jardim(1981-1994)",1869.70523396106
"Target_switch_Jardim (1999)","Target_switch","M_Jardim(1981-1994)",1744.39333793596
"Target_switch_Jardim (1999)","Target_switch","M_Jardim(1981-1994)",1595.53447467511
"Target_switch_Jardim (1999)","Target_switch","M_Jardim(1981-1994)",1786.11970842124
"Target_switch_Jardim (1999)","Target_switch","M_Jardim(1981-1994)",1782.9256427103
"Target_switch_Jardim (1999)","Target_switch","M_Jardim(1981-1994)",1794.99677925024
"Target_switch_Jardim (1999)","Target_switch","M_Jardim(1981-1994)",1764.54628742048
"Target_switch_Jardim (1999)","Target_switch","M_Jardim(1981-1994)",1710.51288965719
"Target_switch_Jardim (1999)","Target_switch","M_Jardim(1981-1994)",1590.43876662851
"Target_switch_Jardim (1999)","Target_switch","M_Jardim(1981-1994)",1724.69525905771
"Target_switch_Jardim (1999)","Target_switch","M_Jardim(1981-1994)",1844.26060585314
"Target_switch_Jardim (1999)","Target_switch","M_Jardim(1981-1994)",1708.61244326343
"Target_switch_Jardim (1999)","Target_switch","M_Jardim(1981-1994)",1919.54939710759
"Target_switch_Jardim (1999)","Target_switch","M_Jardim(1981-1994)",1747.0940471497
"Target_switch_Jardim (1999)","Target_switch","M_Jardim(1981-1994)",1523.38451841238
"Target_switch_Jardim (1999)","Target_switch","M_Jardim(1981-1994)",1857.43711699789
"Target_switch_Jardim (1999)","Target_switch","M_Jardim(1981-1994)",1790.64545166611
"Target_switch_Jardim (1999)","Target_switch","M_Jardim(1981-1994)",1719.29019550295
"Target_switch_Jardim (1999)","Target_switch","M_Jardim(1981-1994)",1825.95401340531
"Target_switch_Jardim (1999)","Target_switch","M_Jardim(1981-1994)",1864.43800198015
"Target_switch_Jardim (1999)","Target_switch","M_Jardim(1981-1994)",1909.68217729143
"Target_switch_Jardim (1999)","Target_switch","M_Jardim(1981-1994)",1646.15433722418
"Target_switch_Jardim (1999)","Target_switch","M_Jardim(1981-1994)",1863.52414110751
"Target_switch_Jardim (1999)","Target_switch","M_Jardim(1981-1994)",1683.61557799455
"Target_switch_Jardim (1999)","Target_switch","M_Jardim(1981-1994)",1819.20134800116
"Target_switch_Jardim (1999)","Target_switch","M_Jardim(1981-1994)",1903.01505088415
"Target_switch_Jardim (1999)","Target_switch","M_Jardim(1981-1994)",1828.55759432996
"Target_switch_Jardim (1999)","Target_switch","M_Jardim(1981-1994)",1832.65295156262
"Target_switch_Jardim (1999)","Target_switch","M_Jardim(1981-1994)",1775.33757660099
"Target_switch_Jardim (1999)","Target_switch","M_Jardim(1981-1994)",1777.83637140166
"Target_switch_Jardim (1999)","Target_switch","M_Jardim(1981-1994)",1615.74649593367
"Target_switch_Jardim (1999)","Target_switch","M_Jardim(1981-1994)",1973.01649661326
"Target_switch_Jardim (1999)","Target_switch","M_Jardim(1981-1994)",1737.29954260515
"Target_switch_Jardim (1999)","Target_switch","M_Jardim(1981-1994)",1682.03215909606
"Target_switch_Jardim (1999)","Target_switch","M_Jardim(1981-1994)",1931.89547205471
"Target_switch_Jardim (1999)","Target_switch","M_Jardim(1981-1994)",1898.66842789408
"Target_switch_Jardim (1999)","Target_switch","M_Jardim(1981-1994)",1819.42466139425
"Target_switch_Jardim (1999)","Target_switch","M_Jardim(1981-1994)",1799.66202276069
"Target_switch_Jardim (1999)","Target_switch","M_Jardim(1981-1994)",1754.5255370457
"Target_switch_Jardim (1999)","Target_switch","M_Jardim(1981-1994)",1661.85961409162
"Target_switch_Jardim (1999)","Target_switch","M_Jardim(1981-1994)",1817.70538331119
"Target_switch_Jardim (1999)","Target_switch","M_Jardim(1981-1994)",1780.89425645495
"Target_switch_Jardim (1999)","Target_switch","M_Jardim(1981-1994)",1843.17841006444
"Target_switch_Jardim (1999)","Target_switch","M_Jardim(1981-1994)",1702.75434089026
"Target_switch_Jardim (1999)","Target_switch","M_Jardim(1981-1994)",1873.68272169006
"Target_switch_Jardim (1999)","Target_switch","M_Jardim(1981-1994)",1881.20175864413
"Target_switch_Jardim (1999)","Target_switch","M_Jardim(1981-1994)",1851.95769045642
"Target_switch_Jardim (1999)","Target_switch","M_Jardim(1981-1994)",1711.3542673545
"Target_switch_Jardim (1999)","Target_switch","M_Jardim(1981-1994)",1649.74313341153
"Target_switch_Jardim (1999)","Target_switch","M_Jardim(1981-1994)",1725.26925405641
"Target_switch_Jardim (1999)","Target_switch","M_Jardim(1981-1994)",1785.91952549217
"Target_switch_Jardim (1999)","Target_switch","M_Jardim(1981-1994)",1877.04413366419
"Target_switch_Jardim (1999)","Target_switch","M_Jardim(1981-1994)",1779.02532803614
"Target_switch_Jardim (1999)","Target_switch","M_Jardim(1981-1994)",1757.96508403274
"Target_switch_Jardim (1999)","Target_switch","M_Jardim(1981-1994)",1791.58635516863
"Target_switch_Jardim (1999)","Target_switch","M_Jardim(1981-1994)",1774.3819450116
"Target_switch_Jardim (1999)","Target_switch","M_Jardim(1981-1994)",1773.35372646399
"Target_switch_Jardim (1999)","Target_switch","M_Jardim(1981-1994)",1793.83445819049
"Target_switch_Jardim (1999)","Target_switch","M_Jardim(1981-1994)",1926.97880936224
"Target_switch_Jardim (1999)","Target_switch","M_Jardim(1981-1994)",1908.54760827282
"Target_switch_Jardim (1999)","Target_switch","M_Jardim(1981-1994)",1736.88973657803
"Target_switch_Jardim (1999)","Target_switch","M_Jardim(1981-1994)",1670.42721244032
"Target_switch_Jardim (1999)","Target_switch","M_Jardim(1981-1994)",1844.83097430274
"Target_switch_Jardim (1999)","Target_switch","M_Jardim(1981-1994)",1779.41084990824
"Target_switch_Jardim (1999)","Target_switch","M_Jardim(1981-1994)",1856.12427787439
"Target_switch_Jardim (1999)","Target_switch","M_Jardim(1981-1994)",1852.634322371
"Target_switch_Jardim (1999)","Target_switch","M_Jardim(1981-1994)",1901.50133998669
"Target_switch_Jardim (1999)","Target_switch","M_Jardim(1981-1994)",1801.17492126372
"Target_switch_Jardim (1999)","Target_switch","M_Jardim(1981-1994)",1765.468836465
"Target_switch_Jardim (1999)","Target_switch","M_Jardim(1981-1994)",1737.1418573995
"Target_switch_Jardim (1999)","Target_switch","M_Jardim(1981-1994)",1977.10168079322
"Target_switch_Jardim (1999)","Target_switch","M_Jardim(1981-1994)",1834.58094991904
"Target_switch_Jardim (1999)","Target_switch","M_Jardim(1981-1994)",1781.94979815292
"Target_switch_Jardim (1999)","Target_switch","M_Jardim(1981-1994)",1784.36231074746
"Target_switch_Jardim (1999)","Target_switch","M_Jardim(1981-1994)",1895.92349694394
"Target_switch_Jardim (1999)","Target_switch","M_Jardim(1981-1994)",1559.26559854572
"Target_switch_Jardim (1999)","Target_switch","M_Jardim(1981-1994)",1808.36103638922
"Target_switch_Jardim (1999)","Target_switch","M_Jardim(1981-1994)",1874.66518243677
"Target_switch_Jardim (1999)","Target_switch","M_Jardim(1981-1994)",1717.86457148258
"Target_switch_Jardim (1999)","Target_switch","M_Jardim(1981-1994)",1675.84489693355
"Target_switch_Jardim (1999)","Target_switch","M_Jardim(1981-1994)",1674.50939715253
"Target_switch_Jardim (1999)","Target_switch","M_Jardim(1981-1994)",1744.99184439861
"Target_switch_Jardim (1999)","Target_switch","M_Jardim(1981-1994)",1783.69608177182
"Target_switch_Jardim (1999)","Target_switch","M_Jardim(1981-1994)",1704.94303462128
"Target_switch_Jardim (1999)","Target_switch","M_Jardim(1981-1994)",1777.91835877808
"Target_switch_Jardim (1999)","Target_switch","M_Jardim(1981-1994)",1748.36208351013
"Target_switch_Jardim (1999)","Target_switch","M_Jardim(1981-1994)",1790.28085473326
"Target_switch_Jardim (1999)","Target_switch","M_Jardim(1981-1994)",1807.8287211156
"Target_switch_Jardim (1999)","Target_switch","M_Jardim(1981-1994)",1683.91981973408
"Target_switch_Jardim (1999)","Target_switch","M_Jardim(1981-1994)",1759.74999533426
"Target_switch_Jardim (1999)","Target_switch","M_Jardim(1981-1994)",1350.78733705658
"Target_switch_Jardim (1999)","Target_switch","M_Jardim(1981-1994)",1841.25684773627
"Target_switch_Jardim (1999)","Target_switch","M_Jardim(1981-1994)",1825.57839831896
"Target_switch_Jardim (1999)","Target_switch","M_Jardim(1981-1994)",1723.19752060309
"Target_switch_Jardim (1999)","Target_switch","M_Jardim(1981-1994)",1800.58899043859
"Target_switch_Jardim (1999)","Target_switch","M_Jardim(1981-1994)",1810.73142152013
"Target_switch_Jardim (1999)","Target_switch","M_Jardim(1981-1994)",1907.16263502777
"Target_switch_Jardim (1999)","Target_switch","M_Jardim(1981-1994)",1974.4428295397
"Target_switch_Jardim (1999)","Target_switch","M_Jardim(1981-1994)",1829.48682037041
"Target_switch_Jardim (1999)","Target_switch","M_Jardim(1981-1994)",1783.78894301892
"Target_switch_Jardim (1999)","Target_switch","M_Jardim(1981-1994)",1697.34482937404
"Target_switch_Jardim (1999)","Target_switch","M_Jardim(1981-1994)",1839.62789833817
"Target_switch_Jardim (1999)","Target_switch","M_Jardim(1981-1994)",1677.96338970895
"Target_switch_Jardim (1999)","Target_switch","M_Jardim(1981-1994)",1747.68111755862
"Target_switch_Jardim (1999)","Target_switch","M_Jardim(1981-1994)",1726.74437935096
"Target_switch_Jardim (1999)","Target_switch","M_Jardim(1981-1994)",1672.36616809449
"Target_switch_Jardim (1999)","Target_switch","M_Jardim(1981-1994)",1842.87090786741
"Target_switch_Jardim (1999)","Target_switch","M_Jardim(1981-1994)",1851.48762082294
"Target_switch_Jardim (1999)","Target_switch","M_Jardim(1981-1994)",1559.65498304223
"Target_switch_Jardim (1999)","Target_switch","M_Jardim(1981-1994)",1831.45819994116
"Target_switch_Jardim (1999)","Target_switch","M_Jardim(1981-1994)",1824.77504177032
"Target_switch_Jardim (1999)","Target_switch","M_Jardim(1981-1994)",1799.13551418797
"Target_switch_Jardim (1999)","Target_switch","M_Jardim(1981-1994)",1766.77741581388
"Target_switch_Jardim (1999)","Target_switch","M_Jardim(1981-1994)",1851.18548178937
"Target_switch_Jardim (1999)","Target_switch","M_Jardim(1981-1994)",1835.53103913811
"Target_switch_Jardim (1999)","Target_switch","M_Jardim(1981-1994)",1733.0336908983
"Target_switch_Jardim (1999)","Target_switch","M_Jardim(1981-1994)",1520.05532850808
"Target_switch_Jardim (1999)","Target_switch","M_Jardim(1981-1994)",1694.53595383348
"Target_switch_Jardim (1999)","Target_switch","M_Jardim(1981-1994)",1738.28822488907
"Target_switch_Jardim (1999)","Target_switch","M_Jardim(1981-1994)",1775.51642167628
"Target_switch_Jardim (1999)","Target_switch","M_Jardim(1981-1994)",1793.18307125312
"Target_switch_Jardim (1999)","Target_switch","M_Jardim(1981-1994)",1796.93915421954
"Target_switch_Jardim (1999)","Target_switch","M_Jardim(1981-1994)",1746.31470659658
"Target_switch_Jardim (1999)","Target_switch","M_Jardim(1981-1994)",1729.88300918969
"Target_switch_Jardim (1999)","Target_switch","M_Jardim(1981-1994)",1672.0002570127
"Target_switch_Jardim (1999)","Target_switch","M_Jardim(1981-1994)",1899.51708226565
"Target_switch_Jardim (1999)","Target_switch","M_Jardim(1981-1994)",1706.55576479292
"Target_switch_Jardim (1999)","Target_switch","M_Jardim(1981-1994)",1769.1688999857
"Target_switch_Jardim (1999)","Target_switch","M_Jardim(1981-1994)",1785.55877903923
"Target_switch_Jardim (1999)","Target_switch","M_Jardim(1981-1994)",1799.36370937257
"Target_switch_Jardim (1999)","Target_switch","M_Jardim(1981-1994)",1667.80744892734
"Target_switch_Jardim (1999)","Target_switch","M_Jardim(1981-1994)",1653.30389828964
"Target_switch_Jardim (1999)","Target_switch","M_Jardim(1981-1994)",1726.7397754915
"Target_switch_Jardim (1999)","Target_switch","M_Jardim(1981-1994)",1821.35169092421
"Target_switch_Jardim (1999)","Target_switch","M_Jardim(1981-1994)",1880.14955198108
"Target_switch_Jardim (1999)","Target_switch","M_Jardim(1981-1994)",1808.60217478807
"Target_switch_Jardim (1999)","Target_switch","M_Jardim(1981-1994)",1741.11544332821
"Target_switch_Jardim (1999)","Target_switch","M_Jardim(1981-1994)",1879.58032278504
"Target_switch_Jardim (1999)","Target_switch","M_Jardim(1981-1994)",1792.77839561821
"Target_switch_Jardim (1999)","Target_switch","M_Jardim(1981-1994)",1770.27258156029
"Target_switch_Jardim (1999)","Target_switch","M_Jardim(1981-1994)",1756.44501398684
"Target_switch_Jardim (1999)","Target_switch","M_Jardim(1981-1994)",1715.67597498716
"Target_switch_Jardim (1999)","Target_switch","M_Jardim(1981-1994)",1730.72894395746
"Target_switch_Jardim (1999)","Target_switch","M_Jardim(1981-1994)",1628.98479222606
"Target_switch_Jardim (1999)","Target_switch","M_Jardim(1981-1994)",1766.32965223996
"Target_switch_Jardim (1999)","Target_switch","M_Jardim(1981-1994)",1654.46969707191
"Target_switch_Jardim (1999)","Target_switch","M_Jardim(1981-1994)",1534.38636190964
"Target_switch_Jardim (1999)","Target_switch","M_Jardim(1981-1994)",1856.81922998479
"Target_switch_Jardim (1999)","Target_switch","M_Jardim(1981-1994)",1824.05174075051
"Target_switch_Jardim (1999)","Target_switch","M_Jardim(1981-1994)",1810.01003485332
"Target_switch_Jardim (1999)","Target_switch","M_Jardim(1981-1994)",1856.38998361902
"Target_switch_Jardim (1999)","Target_switch","M_Jardim(1981-1994)",1777.3730609793
"Target_switch_Jardim (1999)","Target_switch","M_Jardim(1981-1994)",1836.31632033326
"Target_switch_Jardim (1999)","Target_switch","M_Jardim(1981-1994)",1903.40609043235
"Target_switch_Jardim (1999)","Target_switch","M_Jardim(1981-1994)",1856.51790691055
"Target_switch_Jardim (1999)","Target_switch","M_Jardim(1981-1994)",1748.24496626086
"Target_switch_Jardim (1999)","Target_switch","M_Jardim(1981-1994)",1735.63465597126
"Target_switch_Jardim (1999)","Target_switch","M_Jardim(1981-1994)",1714.0902175972
"Target_switch_Jardim (1999)","Target_switch","M_Jardim(1981-1994)",1922.06143503074
"Target_switch_Jardim (1999)","Target_switch","M_Jardim(1981-1994)",1623.37510172785
"Target_switch_Jardim (1999)","Target_switch","M_Jardim(1981-1994)",1880.37723078924
"Target_switch_Jardim (1999)","Target_switch","M_Jardim(1981-1994)",1669.22423794061
"Target_switch_Jardim (1999)","Target_switch","M_Jardim(1981-1994)",1785.26088020037
"Target_switch_Jardim (1999)","Target_switch","M_Jardim(1981-1994)",1723.4808731978
"Target_switch_Jardim (1999)","Target_switch","M_Jardim(1981-1994)",1790.00997806917
"Target_switch_Jardim (1999)","Target_switch","M_Jardim(1981-1994)",1739.66181466159
"Target_switch_Jardim (1999)","Target_switch","M_Jardim(1981-1994)",1791.59849322555
"Target_switch_Jardim (1999)","Target_switch","M_Jardim(1981-1994)",1873.21606146372
"Target_switch_Jardim (1999)","Target_switch","M_Jardim(1981-1994)",1801.09252087832
"Target_switch_Jardim (1999)","Target_switch","M_Jardim(1981-1994)",1693.88694761168
"Target_switch_Jardim (1999)","Target_switch","M_Jardim(1981-1994)",1748.42653719707
"Target_switch_Jardim (1999)","Target_switch","M_Jardim(1981-1994)",1704.79187527739
"Target_switch_Jardim (1999)","Target_switch","M_Jardim(1981-1994)",1829.84182329045
"Target_switch_Jardim (1999)","Target_switch","M_Jardim(1981-1994)",1749.18496982976
"Target_switch_Jardim (1999)","Target_switch","M_Jardim(1981-1994)",1642.51559375477
"Target_switch_Jardim (1999)","Target_switch","M_Jardim(1981-1994)",1714.4287099964
"Target_switch_Jardim (1999)","Target_switch","M_Jardim(1981-1994)",1841.9941754584
"Target_switch_Jardim (1999)","Target_switch","M_Jardim(1981-1994)",1754.44189031715
"Target_switch_Jardim (1999)","Target_switch","M_Jardim(1981-1994)",1792.76868928105
"Target_switch_Jardim (1999)","Target_switch","M_Jardim(1981-1994)",1743.68737573981
"Target_switch_Jardim (1999)","Target_switch","M_Jardim(1981-1994)",1782.39474729077
"Target_switch_Jardim (1999)","Target_switch","M_Jardim(1981-1994)",1808.71173080726
"Target_switch_Jardim (1999)","Target_switch","M_Jardim(1981-1994)",1831.33760220557
"Target_switch_Jardim (1999)","Target_switch","M_Jardim(1981-1994)",1818.2656996673
"Target_switch_Jardim (1999)","Target_switch","M_Jardim(1981-1994)",1842.50559813432
"Target_switch_Jardim (1999)","Target_switch","M_Jardim(1981-1994)",1793.49312189174
"Target_switch_Jardim (1999)","Target_switch","M_Jardim(1981-1994)",1656.80241233362
"Target_switch_Jardim (1999)","Target_switch","M_Jardim(1981-1994)",1889.70185030195
"Target_switch_Jardim (1999)","Target_switch","M_Jardim(1981-1994)",1712.03796501809
"Target_switch_Jardim (1999)","Target_switch","M_Jardim(1981-1994)",1827.94342938434
"Target_switch_Jardim (1999)","Target_switch","M_Jardim(1981-1994)",1805.83993029396
"Target_switch_Jardim (1999)","Target_switch","M_Jardim(1981-1994)",1833.60478192166
"Target_switch_Jardim (1999)","Target_switch","M_Jardim(1981-1994)",1799.22320334642
"Target_switch_Jardim (1999)","Target_switch","M_Jardim(1981-1994)",1760.07800211713
"Target_switch_Jardim (1999)","Target_switch","M_Jardim(1981-1994)",2072.98023897936
"Target_switch_Jardim (1999)","Target_switch","M_Jardim(1981-1994)",1884.68324278626
"Target_switch_Jardim (1999)","Target_switch","M_Jardim(1981-1994)",1819.25196496913
"Target_switch_Jardim (1999)","Target_switch","M_Jardim(1981-1994)",1604.14123997054
"Target_switch_Jardim (1999)","Target_switch","M_Jardim(1981-1994)",1772.49858814292
"Target_switch_Jardim (1999)","Target_switch","M_Jardim(1981-1994)",1865.63943013798
"Target_switch_Jardim (1999)","Target_switch","M_Jardim(1981-1994)",2043.05125880899
"Target_switch_Jardim (1999)","Target_switch","M_Jardim(1981-1994)",1676.65763769274
"Target_switch_Jardim (1999)","Target_switch","M_Jardim(1981-1994)",1769.77699213375
"Target_switch_Jardim (1999)","Target_switch","M_Jardim(1981-1994)",1810.73085667373
"Target_switch_Jardim (1999)","Target_switch","M_Jardim(1981-1994)",1637.22693097536
"Target_switch_Jardim (1999)","Target_switch","M_Jardim(1981-1994)",1900.47252653623
"Target_switch_Santos (2018)","Target_switch","M_Santos(2005-2018)",1719.13574966737
"Target_switch_Santos (2018)","Target_switch","M_Santos(2005-2018)",1828.08874317026
"Target_switch_Santos (2018)","Target_switch","M_Santos(2005-2018)",1844.23755267116
"Target_switch_Santos (2018)","Target_switch","M_Santos(2005-2018)",1890.94127918399
"Target_switch_Santos (2018)","Target_switch","M_Santos(2005-2018)",1859.67107135001
"Target_switch_Santos (2018)","Target_switch","M_Santos(2005-2018)",1824.60279605143
"Target_switch_Santos (2018)","Target_switch","M_Santos(2005-2018)",1832.72596434771
"Target_switch_Santos (2018)","Target_switch","M_Santos(2005-2018)",1780.09606751757
"Target_switch_Santos (2018)","Target_switch","M_Santos(2005-2018)",1684.90574127266
"Target_switch_Santos (2018)","Target_switch","M_Santos(2005-2018)",1900.35765048802
"Target_switch_Santos (2018)","Target_switch","M_Santos(2005-2018)",1698.20077581398
"Target_switch_Santos (2018)","Target_switch","M_Santos(2005-2018)",1819.6069829431
"Target_switch_Santos (2018)","Target_switch","M_Santos(2005-2018)",1720.53652419258
"Target_switch_Santos (2018)","Target_switch","M_Santos(2005-2018)",1188.90727587502
"Target_switch_Santos (2018)","Target_switch","M_Santos(2005-2018)",1760.06723294683
"Target_switch_Santos (2018)","Target_switch","M_Santos(2005-2018)",1641.01241433357
"Target_switch_Santos (2018)","Target_switch","M_Santos(2005-2018)",1923.44458968385
"Target_switch_Santos (2018)","Target_switch","M_Santos(2005-2018)",1822.89371968049
"Target_switch_Santos (2018)","Target_switch","M_Santos(2005-2018)",1822.03410580878
"Target_switch_Santos (2018)","Target_switch","M_Santos(2005-2018)",1678.67619213335
"Target_switch_Santos (2018)","Target_switch","M_Santos(2005-2018)",1785.07085867595
"Target_switch_Santos (2018)","Target_switch","M_Santos(2005-2018)",1726.00842949052
"Target_switch_Santos (2018)","Target_switch","M_Santos(2005-2018)",1684.47197107741
"Target_switch_Santos (2018)","Target_switch","M_Santos(2005-2018)",1836.06656153256
"Target_switch_Santos (2018)","Target_switch","M_Santos(2005-2018)",1762.11583151522
"Target_switch_Santos (2018)","Target_switch","M_Santos(2005-2018)",1594.25037139541
"Target_switch_Santos (2018)","Target_switch","M_Santos(2005-2018)",1833.80783317513
"Target_switch_Santos (2018)","Target_switch","M_Santos(2005-2018)",1712.10044086984
"Target_switch_Santos (2018)","Target_switch","M_Santos(2005-2018)",1776.33753339522
"Target_switch_Santos (2018)","Target_switch","M_Santos(2005-2018)",1708.82575089823
"Target_switch_Santos (2018)","Target_switch","M_Santos(2005-2018)",1697.07365937723
"Target_switch_Santos (2018)","Target_switch","M_Santos(2005-2018)",1780.2680375731
"Target_switch_Santos (2018)","Target_switch","M_Santos(2005-2018)",1662.93973336647
"Target_switch_Santos (2018)","Target_switch","M_Santos(2005-2018)",1842.40206290795
"Target_switch_Santos (2018)","Target_switch","M_Santos(2005-2018)",1914.37560147557
"Target_switch_Santos (2018)","Target_switch","M_Santos(2005-2018)",1716.39873068294
"Target_switch_Santos (2018)","Target_switch","M_Santos(2005-2018)",1545.4636226215
"Target_switch_Santos (2018)","Target_switch","M_Santos(2005-2018)",1852.06018141283
"Target_switch_Santos (2018)","Target_switch","M_Santos(2005-2018)",1832.69776346245
"Target_switch_Santos (2018)","Target_switch","M_Santos(2005-2018)",1810.23414233744
"Target_switch_Santos (2018)","Target_switch","M_Santos(2005-2018)",1742.68384193749
"Target_switch_Santos (2018)","Target_switch","M_Santos(2005-2018)",1949.24479964472
"Target_switch_Santos (2018)","Target_switch","M_Santos(2005-2018)",1788.96383356718
"Target_switch_Santos (2018)","Target_switch","M_Santos(2005-2018)",1857.2012952131
"Target_switch_Santos (2018)","Target_switch","M_Santos(2005-2018)",1803.01154015132
"Target_switch_Santos (2018)","Target_switch","M_Santos(2005-2018)",1678.52690784771
"Target_switch_Santos (2018)","Target_switch","M_Santos(2005-2018)",1829.52162126381
"Target_switch_Santos (2018)","Target_switch","M_Santos(2005-2018)",1779.41240508622
"Target_switch_Santos (2018)","Target_switch","M_Santos(2005-2018)",1765.85699665513
"Target_switch_Santos (2018)","Target_switch","M_Santos(2005-2018)",1537.74793687018
"Target_switch_Santos (2018)","Target_switch","M_Santos(2005-2018)",1765.98046510843
"Target_switch_Santos (2018)","Target_switch","M_Santos(2005-2018)",1939.69584608114
"Target_switch_Santos (2018)","Target_switch","M_Santos(2005-2018)",1809.41863355841
"Target_switch_Santos (2018)","Target_switch","M_Santos(2005-2018)",1875.16756695022
"Target_switch_Santos (2018)","Target_switch","M_Santos(2005-2018)",1964.15190416864
"Target_switch_Santos (2018)","Target_switch","M_Santos(2005-2018)",1858.48006507001
"Target_switch_Santos (2018)","Target_switch","M_Santos(2005-2018)",1570.38389515113
"Target_switch_Santos (2018)","Target_switch","M_Santos(2005-2018)",1810.36604606326
"Target_switch_Santos (2018)","Target_switch","M_Santos(2005-2018)",1807.67721403253
"Target_switch_Santos (2018)","Target_switch","M_Santos(2005-2018)",1648.64747985791
"Target_switch_Santos (2018)","Target_switch","M_Santos(2005-2018)",1862.41752078658
"Target_switch_Santos (2018)","Target_switch","M_Santos(2005-2018)",1903.46350824489
"Target_switch_Santos (2018)","Target_switch","M_Santos(2005-2018)",1753.44688489287
"Target_switch_Santos (2018)","Target_switch","M_Santos(2005-2018)",1745.84411269004
"Target_switch_Santos (2018)","Target_switch","M_Santos(2005-2018)",1889.10551620489
"Target_switch_Santos (2018)","Target_switch","M_Santos(2005-2018)",1506.81348356043
"Target_switch_Santos (2018)","Target_switch","M_Santos(2005-2018)",1782.51106339109
"Target_switch_Santos (2018)","Target_switch","M_Santos(2005-2018)",1759.25632308621
"Target_switch_Santos (2018)","Target_switch","M_Santos(2005-2018)",1608.90656758762
"Target_switch_Santos (2018)","Target_switch","M_Santos(2005-2018)",1817.14473108227
"Target_switch_Santos (2018)","Target_switch","M_Santos(2005-2018)",1762.15093465864
"Target_switch_Santos (2018)","Target_switch","M_Santos(2005-2018)",1801.13454904007
"Target_switch_Santos (2018)","Target_switch","M_Santos(2005-2018)",1895.6727037154
"Target_switch_Santos (2018)","Target_switch","M_Santos(2005-2018)",1846.00525331332
"Target_switch_Santos (2018)","Target_switch","M_Santos(2005-2018)",1723.19724347986
"Target_switch_Santos (2018)","Target_switch","M_Santos(2005-2018)",1852.21257586115
"Target_switch_Santos (2018)","Target_switch","M_Santos(2005-2018)",1856.25590442199
"Target_switch_Santos (2018)","Target_switch","M_Santos(2005-2018)",1771.40152526011
"Target_switch_Santos (2018)","Target_switch","M_Santos(2005-2018)",1901.77212917961
"Target_switch_Santos (2018)","Target_switch","M_Santos(2005-2018)",1684.47556498012
"Target_switch_Santos (2018)","Target_switch","M_Santos(2005-2018)",1845.35076279354
"Target_switch_Santos (2018)","Target_switch","M_Santos(2005-2018)",1830.00488936503
"Target_switch_Santos (2018)","Target_switch","M_Santos(2005-2018)",1758.82736634889
"Target_switch_Santos (2018)","Target_switch","M_Santos(2005-2018)",1832.89839619792
"Target_switch_Santos (2018)","Target_switch","M_Santos(2005-2018)",1838.76500690229
"Target_switch_Santos (2018)","Target_switch","M_Santos(2005-2018)",1703.30019925086
"Target_switch_Santos (2018)","Target_switch","M_Santos(2005-2018)",1647.08620715686
"Target_switch_Santos (2018)","Target_switch","M_Santos(2005-2018)",1697.35468571284
"Target_switch_Santos (2018)","Target_switch","M_Santos(2005-2018)",1635.32462993207
"Target_switch_Santos (2018)","Target_switch","M_Santos(2005-2018)",1897.53476042997
"Target_switch_Santos (2018)","Target_switch","M_Santos(2005-2018)",1734.24474760076
"Target_switch_Santos (2018)","Target_switch","M_Santos(2005-2018)",1610.26051258815
"Target_switch_Santos (2018)","Target_switch","M_Santos(2005-2018)",1812.38637307654
"Target_switch_Santos (2018)","Target_switch","M_Santos(2005-2018)",1695.99800539224
"Target_switch_Santos (2018)","Target_switch","M_Santos(2005-2018)",1756.36358668781
"Target_switch_Santos (2018)","Target_switch","M_Santos(2005-2018)",1829.71090640349
"Target_switch_Santos (2018)","Target_switch","M_Santos(2005-2018)",1749.16675463477
"Target_switch_Santos (2018)","Target_switch","M_Santos(2005-2018)",1827.58527257522
"Target_switch_Santos (2018)","Target_switch","M_Santos(2005-2018)",1763.19652627216
"Target_switch_Santos (2018)","Target_switch","M_Santos(2005-2018)",1908.35063009816
"Target_switch_Santos (2018)","Target_switch","M_Santos(2005-2018)",1720.48989056186
"Target_switch_Santos (2018)","Target_switch","M_Santos(2005-2018)",1849.56229214707
"Target_switch_Santos (2018)","Target_switch","M_Santos(2005-2018)",1836.73132846127
"Target_switch_Santos (2018)","Target_switch","M_Santos(2005-2018)",1772.77012639694
"Target_switch_Santos (2018)","Target_switch","M_Santos(2005-2018)",1793.72267209929
"Target_switch_Santos (2018)","Target_switch","M_Santos(2005-2018)",1945.40293936788
"Target_switch_Santos (2018)","Target_switch","M_Santos(2005-2018)",1842.20668991117
"Target_switch_Santos (2018)","Target_switch","M_Santos(2005-2018)",1897.66930207803
"Target_switch_Santos (2018)","Target_switch","M_Santos(2005-2018)",1830.99944746577
"Target_switch_Santos (2018)","Target_switch","M_Santos(2005-2018)",1674.49490497442
"Target_switch_Santos (2018)","Target_switch","M_Santos(2005-2018)",1664.75686756677
"Target_switch_Santos (2018)","Target_switch","M_Santos(2005-2018)",1638.78400003752
"Target_switch_Santos (2018)","Target_switch","M_Santos(2005-2018)",1784.72723817057
"Target_switch_Santos (2018)","Target_switch","M_Santos(2005-2018)",1857.99214400272
"Target_switch_Santos (2018)","Target_switch","M_Santos(2005-2018)",1677.94617776707
"Target_switch_Santos (2018)","Target_switch","M_Santos(2005-2018)",1902.99949594437
"Target_switch_Santos (2018)","Target_switch","M_Santos(2005-2018)",2371.51481386977
"Target_switch_Santos (2018)","Target_switch","M_Santos(2005-2018)",1743.25098826027
"Target_switch_Santos (2018)","Target_switch","M_Santos(2005-2018)",1907.67411562106
"Target_switch_Santos (2018)","Target_switch","M_Santos(2005-2018)",1804.75793354151
"Target_switch_Santos (2018)","Target_switch","M_Santos(2005-2018)",1704.23369856572
"Target_switch_Santos (2018)","Target_switch","M_Santos(2005-2018)",1758.7315198016
"Target_switch_Santos (2018)","Target_switch","M_Santos(2005-2018)",1760.38835314413
"Target_switch_Santos (2018)","Target_switch","M_Santos(2005-2018)",1897.84274162818
"Target_switch_Santos (2018)","Target_switch","M_Santos(2005-2018)",1921.16608544675
"Target_switch_Santos (2018)","Target_switch","M_Santos(2005-2018)",1745.81033857238
"Target_switch_Santos (2018)","Target_switch","M_Santos(2005-2018)",1674.81644342307
"Target_switch_Santos (2018)","Target_switch","M_Santos(2005-2018)",1909.47371885876
"Target_switch_Santos (2018)","Target_switch","M_Santos(2005-2018)",1972.23478510563
"Target_switch_Santos (2018)","Target_switch","M_Santos(2005-2018)",1886.43620423183
"Target_switch_Santos (2018)","Target_switch","M_Santos(2005-2018)",1739.52121726127
"Target_switch_Santos (2018)","Target_switch","M_Santos(2005-2018)",1900.46060551511
"Target_switch_Santos (2018)","Target_switch","M_Santos(2005-2018)",1702.0917390913
"Target_switch_Santos (2018)","Target_switch","M_Santos(2005-2018)",1946.8204199726
"Target_switch_Santos (2018)","Target_switch","M_Santos(2005-2018)",1737.76340230411
"Target_switch_Santos (2018)","Target_switch","M_Santos(2005-2018)",1718.42742684032
"Target_switch_Santos (2018)","Target_switch","M_Santos(2005-2018)",1752.93875916845
"Target_switch_Santos (2018)","Target_switch","M_Santos(2005-2018)",1820.2518290976
"Target_switch_Santos (2018)","Target_switch","M_Santos(2005-2018)",1821.10032551974
"Target_switch_Santos (2018)","Target_switch","M_Santos(2005-2018)",1886.61695568988
"Target_switch_Santos (2018)","Target_switch","M_Santos(2005-2018)",1654.96608187963
"Target_switch_Santos (2018)","Target_switch","M_Santos(2005-2018)",1921.77377511502
"Target_switch_Santos (2018)","Target_switch","M_Santos(2005-2018)",1847.75465745073
"Target_switch_Santos (2018)","Target_switch","M_Santos(2005-2018)",1820.80235512785
"Target_switch_Santos (2018)","Target_switch","M_Santos(2005-2018)",1788.29890388744
"Target_switch_Santos (2018)","Target_switch","M_Santos(2005-2018)",1717.9942931216
"Target_switch_Santos (2018)","Target_switch","M_Santos(2005-2018)",1756.47055451254
"Target_switch_Santos (2018)","Target_switch","M_Santos(2005-2018)",1895.41217133875
"Target_switch_Santos (2018)","Target_switch","M_Santos(2005-2018)",1742.93835681406
"Target_switch_Santos (2018)","Target_switch","M_Santos(2005-2018)",1848.51948776791
"Target_switch_Santos (2018)","Target_switch","M_Santos(2005-2018)",1902.50169811346
"Target_switch_Santos (2018)","Target_switch","M_Santos(2005-2018)",1976.07767066474
"Target_switch_Santos (2018)","Target_switch","M_Santos(2005-2018)",1718.86627228024
"Target_switch_Santos (2018)","Target_switch","M_Santos(2005-2018)",1735.6895193947
"Target_switch_Santos (2018)","Target_switch","M_Santos(2005-2018)",1243.1595451542
"Target_switch_Santos (2018)","Target_switch","M_Santos(2005-2018)",1873.72913144235
"Target_switch_Santos (2018)","Target_switch","M_Santos(2005-2018)",1927.33067380978
"Target_switch_Santos (2018)","Target_switch","M_Santos(2005-2018)",1775.69913876619
"Target_switch_Santos (2018)","Target_switch","M_Santos(2005-2018)",1609.58577317488
"Target_switch_Santos (2018)","Target_switch","M_Santos(2005-2018)",1723.9530052166
"Target_switch_Santos (2018)","Target_switch","M_Santos(2005-2018)",1604.43440271187
"Target_switch_Santos (2018)","Target_switch","M_Santos(2005-2018)",1829.20218997743
"Target_switch_Santos (2018)","Target_switch","M_Santos(2005-2018)",1924.72417062678
"Target_switch_Santos (2018)","Target_switch","M_Santos(2005-2018)",1702.20112488078
"Target_switch_Santos (2018)","Target_switch","M_Santos(2005-2018)",1756.96402629288
"Target_switch_Santos (2018)","Target_switch","M_Santos(2005-2018)",1802.5541735585
"Target_switch_Santos (2018)","Target_switch","M_Santos(2005-2018)",1844.62383929391
"Target_switch_Santos (2018)","Target_switch","M_Santos(2005-2018)",1815.5161888609
"Target_switch_Santos (2018)","Target_switch","M_Santos(2005-2018)",1958.6856570166
"Target_switch_Santos (2018)","Target_switch","M_Santos(2005-2018)",1722.42432417146
"Target_switch_Santos (2018)","Target_switch","M_Santos(2005-2018)",1902.07577732404
"Target_switch_Santos (2018)","Target_switch","M_Santos(2005-2018)",1711.85650966187
"Target_switch_Santos (2018)","Target_switch","M_Santos(2005-2018)",1938.97029323529
"Target_switch_Santos (2018)","Target_switch","M_Santos(2005-2018)",1796.3169125653
"Target_switch_Santos (2018)","Target_switch","M_Santos(2005-2018)",1864.2001806492
"Target_switch_Santos (2018)","Target_switch","M_Santos(2005-2018)",1805.06547368126
"Target_switch_Santos (2018)","Target_switch","M_Santos(2005-2018)",1900.24798952981
"Target_switch_Santos (2018)","Target_switch","M_Santos(2005-2018)",1797.2270216944
"Target_switch_Santos (2018)","Target_switch","M_Santos(2005-2018)",1723.22569402756
"Target_switch_Santos (2018)","Target_switch","M_Santos(2005-2018)",1725.83185005773
"Target_switch_Santos (2018)","Target_switch","M_Santos(2005-2018)",1831.71878717794
"Target_switch_Santos (2018)","Target_switch","M_Santos(2005-2018)",1768.9711169775
"Target_switch_Santos (2018)","Target_switch","M_Santos(2005-2018)",1803.23722010013
"Target_switch_Santos (2018)","Target_switch","M_Santos(2005-2018)",1878.64150572252
"Target_switch_Santos (2018)","Target_switch","M_Santos(2005-2018)",1622.85711997603
"Target_switch_Santos (2018)","Target_switch","M_Santos(2005-2018)",1928.88583712995
"Target_switch_Santos (2018)","Target_switch","M_Santos(2005-2018)",1827.10561951946
"Target_switch_Santos (2018)","Target_switch","M_Santos(2005-2018)",1701.67947991432
"Target_switch_Santos (2018)","Target_switch","M_Santos(2005-2018)",1750.01916823023
"Target_switch_Santos (2018)","Target_switch","M_Santos(2005-2018)",1899.61910242977
"Target_switch_Santos (2018)","Target_switch","M_Santos(2005-2018)",1777.38663304424
"Target_switch_Santos (2018)","Target_switch","M_Santos(2005-2018)",1683.51614633979
"Target_switch_Santos (2018)","Target_switch","M_Santos(2005-2018)",1873.64654506966
"Target_switch_Santos (2018)","Target_switch","M_Santos(2005-2018)",1795.64370382134
"Target_switch_Santos (2018)","Target_switch","M_Santos(2005-2018)",1932.09318703241
"Target_switch_Santos (2018)","Target_switch","M_Santos(2005-2018)",1778.13845594106
"Target_switch_Santos (2018)","Target_switch","M_Santos(2005-2018)",1739.94303016464
"Target_switch_Santos (2018)","Target_switch","M_Santos(2005-2018)",1844.10832258717
"Target_switch_Santos (2018)","Target_switch","M_Santos(2005-2018)",1913.06551861511
"Target_switch_Santos (2018)","Target_switch","M_Santos(2005-2018)",1891.21666497271
"Target_switch_Santos (2018)","Target_switch","M_Santos(2005-2018)",1721.15077305464
"Target_switch_Santos (2018)","Target_switch","M_Santos(2005-2018)",1753.96852049317
"Target_switch_Santos (2018)","Target_switch","M_Santos(2005-2018)",1843.35506694987
"Target_switch_Santos (2018)","Target_switch","M_Santos(2005-2018)",1750.24741823848
"Target_switch_Santos (2018)","Target_switch","M_Santos(2005-2018)",1813.122217504
"Target_switch_Santos (2018)","Target_switch","M_Santos(2005-2018)",1921.46944827763
"Target_switch_Santos (2018)","Target_switch","M_Santos(2005-2018)",1787.2357079368
"Target_switch_Santos (2018)","Target_switch","M_Santos(2005-2018)",1883.40816270185
"Target_switch_Santos (2018)","Target_switch","M_Santos(2005-2018)",1822.86520051637
"Target_switch_Santos (2018)","Target_switch","M_Santos(2005-2018)",1859.37908237078
"Target_switch_Santos (2018)","Target_switch","M_Santos(2005-2018)",1808.8088166423
"Target_switch_Santos (2018)","Target_switch","M_Santos(2005-2018)",1585.95883146881
"Target_switch_Santos (2018)","Target_switch","M_Santos(2005-2018)",1830.19155103756
"Target_switch_Santos (2018)","Target_switch","M_Santos(2005-2018)",1774.13253642454
"Target_switch_Santos (2018)","Target_switch","M_Santos(2005-2018)",1667.83329883439
"Target_switch_Santos (2018)","Target_switch","M_Santos(2005-2018)",1805.02005501374
"Target_switch_Santos (2018)","Target_switch","M_Santos(2005-2018)",1864.11162869099
"Target_switch_Santos (2018)","Target_switch","M_Santos(2005-2018)",1795.48618809541
"Target_switch_Santos (2018)","Target_switch","M_Santos(2005-2018)",1688.91065276786
"Target_switch_Santos (2018)","Target_switch","M_Santos(2005-2018)",1831.47000062394
"Target_switch_Santos (2018)","Target_switch","M_Santos(2005-2018)",1755.74688192927
"Target_switch_Santos (2018)","Target_switch","M_Santos(2005-2018)",1887.78675773078
"Target_switch_Santos (2018)","Target_switch","M_Santos(2005-2018)",1776.86600495311
"Target_switch_Santos (2018)","Target_switch","M_Santos(2005-2018)",1783.24874247774
"Target_switch_Santos (2018)","Target_switch","M_Santos(2005-2018)",1745.64115678085
"Target_switch_Santos (2018)","Target_switch","M_Santos(2005-2018)",1570.33936255409
"Target_switch_Santos (2018)","Target_switch","M_Santos(2005-2018)",1956.70073055835
"Target_switch_Santos (2018)","Target_switch","M_Santos(2005-2018)",1773.51890788706
"Target_switch_Santos (2018)","Target_switch","M_Santos(2005-2018)",1855.68329748019
"Target_switch_Santos (2018)","Target_switch","M_Santos(2005-2018)",1727.88604014719
"Target_switch_Santos (2018)","Target_switch","M_Santos(2005-2018)",1698.76021026055
"Target_switch_Santos (2018)","Target_switch","M_Santos(2005-2018)",1765.97650541309
"Target_switch_Santos (2018)","Target_switch","M_Santos(2005-2018)",1755.99712629139
"Target_switch_Santos (2018)","Target_switch","M_Santos(2005-2018)",1912.31298748044
"Target_switch_Santos (2018)","Target_switch","M_Santos(2005-2018)",1806.20725647378
"Target_switch_Santos (2018)","Target_switch","M_Santos(2005-2018)",1756.10575198948
"Target_switch_Santos (2018)","Target_switch","M_Santos(2005-2018)",1809.12887438226
"Target_switch_Santos (2018)","Target_switch","M_Santos(2005-2018)",1719.75227523242
"Target_switch_Santos (2018)","Target_switch","M_Santos(2005-2018)",1958.73974157431
"Target_switch_Santos (2018)","Target_switch","M_Santos(2005-2018)",1715.97566137375
"Target_switch_Santos (2018)","Target_switch","M_Santos(2005-2018)",1763.03009903802
"Target_switch_Santos (2018)","Target_switch","M_Santos(2005-2018)",1711.81303688288
"Target_switch_Santos (2018)","Target_switch","M_Santos(2005-2018)",1783.50334781421
"Target_switch_Santos (2018)","Target_switch","M_Santos(2005-2018)",1691.50483557456
"Target_switch_Santos (2018)","Target_switch","M_Santos(2005-2018)",1867.35985444096
"Target_switch_Santos (2018)","Target_switch","M_Santos(2005-2018)",1877.91164203119
"Target_switch_Santos (2018)","Target_switch","M_Santos(2005-2018)",1841.30608598199
"Target_switch_Santos (2018)","Target_switch","M_Santos(2005-2018)",1474.31894262258
"Target_switch_Santos (2018)","Target_switch","M_Santos(2005-2018)",1853.36967164649
"Target_switch_Santos (2018)","Target_switch","M_Santos(2005-2018)",2037.66816878578
"Target_switch_Santos (2018)","Target_switch","M_Santos(2005-2018)",1742.81191749968
"Target_switch_Santos (2018)","Target_switch","M_Santos(2005-2018)",1785.641646774
"Target_switch_Santos (2018)","Target_switch","M_Santos(2005-2018)",1789.621143173
"Target_switch_Santos (2018)","Target_switch","M_Santos(2005-2018)",1704.63379281867
"Target_switch_Santos (2018)","Target_switch","M_Santos(2005-2018)",1832.96155496033
"Target_switch_Santos (2018)","Target_switch","M_Santos(2005-2018)",1784.093591807
"Target_switch_Santos (2018)","Target_switch","M_Santos(2005-2018)",1861.1302608401
"Target_switch_Santos (2018)","Target_switch","M_Santos(2005-2018)",1856.74283846732
"Target_switch_Santos (2018)","Target_switch","M_Santos(2005-2018)",1843.55628402031
"Target_switch_Santos (2018)","Target_switch","M_Santos(2005-2018)",1779.92927491551
"Target_switch_Santos (2018)","Target_switch","M_Santos(2005-2018)",1737.63875558566
"Target_switch_Santos (2018)","Target_switch","M_Santos(2005-2018)",1764.28964165508
"Target_switch_Santos (2018)","Target_switch","M_Santos(2005-2018)",1898.98368378999
"Target_switch_Santos (2018)","Target_switch","M_Santos(2005-2018)",1722.33370869783
"Target_switch_Santos (2018)","Target_switch","M_Santos(2005-2018)",1726.10753975969
"Target_switch_Santos (2018)","Target_switch","M_Santos(2005-2018)",1577.4063042922
"Target_switch_Santos (2018)","Target_switch","M_Santos(2005-2018)",1857.68886276392
"Target_switch_Santos (2018)","Target_switch","M_Santos(2005-2018)",1669.21301437751
"Target_switch_Santos (2018)","Target_switch","M_Santos(2005-2018)",1843.97256586059
"Target_switch_Santos (2018)","Target_switch","M_Santos(2005-2018)",1697.08093581938
"Target_switch_Santos (2018)","Target_switch","M_Santos(2005-2018)",1853.97596473493
"Target_switch_Santos (2018)","Target_switch","M_Santos(2005-2018)",1821.74603382669
"Target_switch_Santos (2018)","Target_switch","M_Santos(2005-2018)",1747.31524342594
"Target_switch_Santos (2018)","Target_switch","M_Santos(2005-2018)",1853.96899064273
"Target_switch_Santos (2018)","Target_switch","M_Santos(2005-2018)",1791.44255197268
"Target_switch_Santos (2018)","Target_switch","M_Santos(2005-2018)",1590.30673543032
"Target_switch_Santos (2018)","Target_switch","M_Santos(2005-2018)",1934.40832315503
"Target_switch_Santos (2018)","Target_switch","M_Santos(2005-2018)",1847.33617271356
"Target_switch_Santos (2018)","Target_switch","M_Santos(2005-2018)",1352.05766258028
"Target_switch_Santos (2018)","Target_switch","M_Santos(2005-2018)",1795.62927883578
"Target_switch_Santos (2018)","Target_switch","M_Santos(2005-2018)",1818.70341788799
"Target_switch_Santos (2018)","Target_switch","M_Santos(2005-2018)",1718.10592586062
"Target_switch_Santos (2018)","Target_switch","M_Santos(2005-2018)",1895.82205535069
"Target_switch_Santos (2018)","Target_switch","M_Santos(2005-2018)",1808.75806460241
"Target_switch_Santos (2018)","Target_switch","M_Santos(2005-2018)",1739.25904545298
"Target_switch_Santos (2018)","Target_switch","M_Santos(2005-2018)",1694.01086100542
"Target_switch_Santos (2018)","Target_switch","M_Santos(2005-2018)",1864.40952278732
"Target_switch_Santos (2018)","Target_switch","M_Santos(2005-2018)",1746.37353113912
"Target_switch_Santos (2018)","Target_switch","M_Santos(2005-2018)",1848.78200480665
"Target_switch_Santos (2018)","Target_switch","M_Santos(2005-2018)",1929.93990860728
"Target_switch_Santos (2018)","Target_switch","M_Santos(2005-2018)",1919.31821351532
"Target_switch_Santos (2018)","Target_switch","M_Santos(2005-2018)",1835.33539824051
"Target_switch_Santos (2018)","Target_switch","M_Santos(2005-2018)",1855.41043120048
"Target_switch_Santos (2018)","Target_switch","M_Santos(2005-2018)",1901.99297792468
"Target_switch_Santos (2018)","Target_switch","M_Santos(2005-2018)",1915.86384546269
"Target_switch_Santos (2018)","Target_switch","M_Santos(2005-2018)",1717.69036233565
"Target_switch_Santos (2018)","Target_switch","M_Santos(2005-2018)",1745.53996726828
"Target_switch_Santos (2018)","Target_switch","M_Santos(2005-2018)",1781.64527250237
"Target_switch_Santos (2018)","Target_switch","M_Santos(2005-2018)",1896.74332768429
"Target_switch_Santos (2018)","Target_switch","M_Santos(2005-2018)",1737.49521773343
"Target_switch_Santos (2018)","Target_switch","M_Santos(2005-2018)",1820.67158757133
"Target_switch_Santos (2018)","Target_switch","M_Santos(2005-2018)",1846.32616444503
"Target_switch_Santos (2018)","Target_switch","M_Santos(2005-2018)",1898.74261873954
"Target_switch_Santos (2018)","Target_switch","M_Santos(2005-2018)",1709.32210173446
"Target_switch_Santos (2018)","Target_switch","M_Santos(2005-2018)",1793.63370609469
"Target_switch_Santos (2018)","Target_switch","M_Santos(2005-2018)",1702.63569705293
"Target_switch_Santos (2018)","Target_switch","M_Santos(2005-2018)",1892.11026780275
"Target_switch_Santos (2018)","Target_switch","M_Santos(2005-2018)",1702.86637076587
"Target_switch_Santos (2018)","Target_switch","M_Santos(2005-2018)",1903.85151064664
"Target_switch_Santos (2018)","Target_switch","M_Santos(2005-2018)",1713.77870471729
"Target_switch_Santos (2018)","Target_switch","M_Santos(2005-2018)",1819.62194157812
"Target_switch_Santos (2018)","Target_switch","M_Santos(2005-2018)",1786.22198032917
"Target_switch_Santos (2018)","Target_switch","M_Santos(2005-2018)",1747.25880199794
"Target_switch_Santos (2018)","Target_switch","M_Santos(2005-2018)",1858.17148732376
"Target_switch_Santos (2018)","Target_switch","M_Santos(2005-2018)",1873.16601517949
"Target_switch_Santos (2018)","Target_switch","M_Santos(2005-2018)",1747.71020917703
"Target_switch_Santos (2018)","Target_switch","M_Santos(2005-2018)",1867.14706471041
"Target_switch_Santos (2018)","Target_switch","M_Santos(2005-2018)",1740.90996502891
"Target_switch_Santos (2018)","Target_switch","M_Santos(2005-2018)",1700.86922324656
"Target_switch_Santos (2018)","Target_switch","M_Santos(2005-2018)",1891.43376997388
"Target_switch_Santos (2018)","Target_switch","M_Santos(2005-2018)",1716.43769605823
"Target_switch_Santos (2018)","Target_switch","M_Santos(2005-2018)",1774.30242381258
"Target_switch_Santos (2018)","Target_switch","M_Santos(2005-2018)",1751.65415509674
"Target_switch_Santos (2018)","Target_switch","M_Santos(2005-2018)",1773.03427728223
"Target_switch_Santos (2018)","Target_switch","M_Santos(2005-2018)",1871.73059523838
"Target_switch_Santos (2018)","Target_switch","M_Santos(2005-2018)",1816.65897821321
"Target_switch_Santos (2018)","Target_switch","M_Santos(2005-2018)",1928.73340211487
"Target_switch_Santos (2018)","Target_switch","M_Santos(2005-2018)",1687.78254587051
"Target_switch_Santos (2018)","Target_switch","M_Santos(2005-2018)",1841.04438821041
"Target_switch_Santos (2018)","Target_switch","M_Santos(2005-2018)",1652.4784244907
"Target_switch_Santos (2018)","Target_switch","M_Santos(2005-2018)",1769.63582550242
"Target_switch_Santos (2018)","Target_switch","M_Santos(2005-2018)",1903.02464379914
"Target_switch_Santos (2018)","Target_switch","M_Santos(2005-2018)",1670.43265803149
"Target_switch_Santos (2018)","Target_switch","M_Santos(2005-2018)",1627.30934471378
"Target_switch_Santos (2018)","Target_switch","M_Santos(2005-2018)",1828.53424054031
"Target_switch_Santos (2018)","Target_switch","M_Santos(2005-2018)",1805.51859153551
"Target_switch_Santos (2018)","Target_switch","M_Santos(2005-2018)",1941.75029542975
"Target_switch_Santos (2018)","Target_switch","M_Santos(2005-2018)",1780.4010081278
"Target_switch_Santos (2018)","Target_switch","M_Santos(2005-2018)",1647.25581910143
"Target_switch_Santos (2018)","Target_switch","M_Santos(2005-2018)",1750.4401554904
"Target_switch_Santos (2018)","Target_switch","M_Santos(2005-2018)",1763.23579676611
"Target_switch_Santos (2018)","Target_switch","M_Santos(2005-2018)",1788.60929286206
"Target_switch_Santos (2018)","Target_switch","M_Santos(2005-2018)",1927.56361738764
"Target_switch_Santos (2018)","Target_switch","M_Santos(2005-2018)",1776.54449719306
"Target_switch_Santos (2018)","Target_switch","M_Santos(2005-2018)",1749.06740375596
"Target_switch_Santos (2018)","Target_switch","M_Santos(2005-2018)",1852.17141325332
"Target_switch_Santos (2018)","Target_switch","M_Santos(2005-2018)",1766.83243825813
"Target_switch_Santos (2018)","Target_switch","M_Santos(2005-2018)",1663.45048719833
"Target_switch_Santos (2018)","Target_switch","M_Santos(2005-2018)",1836.90583048435
"Target_switch_Santos (2018)","Target_switch","M_Santos(2005-2018)",1653.4878507135
"Target_switch_Santos (2018)","Target_switch","M_Santos(2005-2018)",1868.8477841909
"Target_switch_Santos (2018)","Target_switch","M_Santos(2005-2018)",1769.64853513872
"Target_switch_Santos (2018)","Target_switch","M_Santos(2005-2018)",1846.69773355235
"Target_switch_Santos (2018)","Target_switch","M_Santos(2005-2018)",1840.81230886807
"Target_switch_Santos (2018)","Target_switch","M_Santos(2005-2018)",1788.21985887963
"Target_switch_Santos (2018)","Target_switch","M_Santos(2005-2018)",1772.12338334388
"Target_switch_Santos (2018)","Target_switch","M_Santos(2005-2018)",1853.15417440626
"Target_switch_Santos (2018)","Target_switch","M_Santos(2005-2018)",1956.89837406003
"Target_switch_Santos (2018)","Target_switch","M_Santos(2005-2018)",1876.43584269547
"Target_switch_Santos (2018)","Target_switch","M_Santos(2005-2018)",1702.93667256835
"Target_switch_Santos (2018)","Target_switch","M_Santos(2005-2018)",1832.64804347741
"Target_switch_Santos (2018)","Target_switch","M_Santos(2005-2018)",1841.60588462771
"Target_switch_Santos (2018)","Target_switch","M_Santos(2005-2018)",1835.03119124926
"Target_switch_Santos (2018)","Target_switch","M_Santos(2005-2018)",1595.93318029724
"Target_switch_Santos (2018)","Target_switch","M_Santos(2005-2018)",1697.91227574395
"Target_switch_Santos (2018)","Target_switch","M_Santos(2005-2018)",1770.53337482233
"Target_switch_Santos (2018)","Target_switch","M_Santos(2005-2018)",1824.88758404997
"Target_switch_Santos (2018)","Target_switch","M_Santos(2005-2018)",1857.95500321463
"Target_switch_Santos (2018)","Target_switch","M_Santos(2005-2018)",1678.39981767315
"Target_switch_Santos (2018)","Target_switch","M_Santos(2005-2018)",1693.75490848109
"Target_switch_Santos (2018)","Target_switch","M_Santos(2005-2018)",1731.51495041564
"Target_switch_Santos (2018)","Target_switch","M_Santos(2005-2018)",1932.19290656465
"Target_switch_Santos (2018)","Target_switch","M_Santos(2005-2018)",1810.07998511525
"Target_switch_Santos (2018)","Target_switch","M_Santos(2005-2018)",1915.57196993657
"Target_switch_Santos (2018)","Target_switch","M_Santos(2005-2018)",1795.52126328321
"Target_switch_Santos (2018)","Target_switch","M_Santos(2005-2018)",1823.99446169284
"Target_switch_Santos (2018)","Target_switch","M_Santos(2005-2018)",1873.01783090988
"Target_switch_Santos (2018)","Target_switch","M_Santos(2005-2018)",1790.83066171266
"Target_switch_Santos (2018)","Target_switch","M_Santos(2005-2018)",1850.42888046775
"Target_switch_Santos (2018)","Target_switch","M_Santos(2005-2018)",1865.64005310247
"Target_switch_Santos (2018)","Target_switch","M_Santos(2005-2018)",1775.22772887904
"Target_switch_Santos (2018)","Target_switch","M_Santos(2005-2018)",1913.76064634662
"Target_switch_Santos (2018)","Target_switch","M_Santos(2005-2018)",1723.70315682941
"Target_switch_Santos (2018)","Target_switch","M_Santos(2005-2018)",1697.49487226638
"Target_switch_Santos (2018)","Target_switch","M_Santos(2005-2018)",1858.53121792875
"Target_switch_Santos (2018)","Target_switch","M_Santos(2005-2018)",1718.15239574117
"Target_switch_Santos (2018)","Target_switch","M_Santos(2005-2018)",1875.66975569689
"Target_switch_Santos (2018)","Target_switch","M_Santos(2005-2018)",1859.12179670855
"Target_switch_Santos (2018)","Target_switch","M_Santos(2005-2018)",1783.52949159458
"Target_switch_Santos (2018)","Target_switch","M_Santos(2005-2018)",1728.98558259765
"Target_switch_Santos (2018)","Target_switch","M_Santos(2005-2018)",1872.17997339662
"Target_switch_Santos (2018)","Target_switch","M_Santos(2005-2018)",1774.32450988738
"Target_switch_Santos (2018)","Target_switch","M_Santos(2005-2018)",1948.53007953497
"Target_switch_Santos (2018)","Target_switch","M_Santos(2005-2018)",1789.71748041351
"Target_switch_Santos (2018)","Target_switch","M_Santos(2005-2018)",1702.64694033408
"Target_switch_Santos (2018)","Target_switch","M_Santos(2005-2018)",1750.19239012713
"Target_switch_Santos (2018)","Target_switch","M_Santos(2005-2018)",1807.30257924762
"Target_switch_Santos (2018)","Target_switch","M_Santos(2005-2018)",1865.29022957653
"Target_switch_Santos (2018)","Target_switch","M_Santos(2005-2018)",1767.85488843552
"Target_switch_Santos (2018)","Target_switch","M_Santos(2005-2018)",1762.85644921924
"Target_switch_Santos (2018)","Target_switch","M_Santos(2005-2018)",1879.24112774224
"Target_switch_Santos (2018)","Target_switch","M_Santos(2005-2018)",1531.39386579044
"Target_switch_Santos (2018)","Target_switch","M_Santos(2005-2018)",1821.85473823568
"Target_switch_Santos (2018)","Target_switch","M_Santos(2005-2018)",1718.20858975835
"Target_switch_Santos (2018)","Target_switch","M_Santos(2005-2018)",1813.11186167072
"Target_switch_Santos (2018)","Target_switch","M_Santos(2005-2018)",1736.24049047977
"Target_switch_Santos (2018)","Target_switch","M_Santos(2005-2018)",1728.64999455726
"Target_switch_Santos (2018)","Target_switch","M_Santos(2005-2018)",1803.86082657615
"Target_switch_Santos (2018)","Target_switch","M_Santos(2005-2018)",1569.60682652278
"Target_switch_Santos (2018)","Target_switch","M_Santos(2005-2018)",1624.22763512543
"Target_switch_Santos (2018)","Target_switch","M_Santos(2005-2018)",1835.90465181479
"Target_switch_Santos (2018)","Target_switch","M_Santos(2005-2018)",1713.94778107924
"Target_switch_Santos (2018)","Target_switch","M_Santos(2005-2018)",1825.33873743504
"Target_switch_Santos (2018)","Target_switch","M_Santos(2005-2018)",1827.54900644212
"Target_switch_Santos (2018)","Target_switch","M_Santos(2005-2018)",1787.12383294857
"Target_switch_Santos (2018)","Target_switch","M_Santos(2005-2018)",1912.22989410553
"Target_switch_Santos (2018)","Target_switch","M_Santos(2005-2018)",1764.14006516317
"Target_switch_Santos (2018)","Target_switch","M_Santos(2005-2018)",1952.01016166562
"Target_switch_Santos (2018)","Target_switch","M_Santos(2005-2018)",1839.75616877982
"Target_switch_Santos (2018)","Target_switch","M_Santos(2005-2018)",1786.75304855713
"Target_switch_Santos (2018)","Target_switch","M_Santos(2005-2018)",1753.7175978862
"Target_switch_Santos (2018)","Target_switch","M_Santos(2005-2018)",1786.67370013732
"Target_switch_Santos (2018)","Target_switch","M_Santos(2005-2018)",1934.4314837551
"Target_switch_Santos (2018)","Target_switch","M_Santos(2005-2018)",1898.49977706688
"Target_switch_Santos (2018)","Target_switch","M_Santos(2005-2018)",1734.55379442395
"Target_switch_Santos (2018)","Target_switch","M_Santos(2005-2018)",1609.50296904971
"Target_switch_Santos (2018)","Target_switch","M_Santos(2005-2018)",1817.56471414909
"Target_switch_Santos (2018)","Target_switch","M_Santos(2005-2018)",1693.23085137218
"Target_switch_Santos (2018)","Target_switch","M_Santos(2005-2018)",1735.85065963075
"Target_switch_Santos (2018)","Target_switch","M_Santos(2005-2018)",1773.94211858192
"Target_switch_Santos (2018)","Target_switch","M_Santos(2005-2018)",1902.05167274683
"Target_switch_Santos (2018)","Target_switch","M_Santos(2005-2018)",1750.60427586765
"Target_switch_Santos (2018)","Target_switch","M_Santos(2005-2018)",1814.50417193432
"Target_switch_Santos (2018)","Target_switch","M_Santos(2005-2018)",1627.82876045482
"Target_switch_Santos (2018)","Target_switch","M_Santos(2005-2018)",1802.81575235916
"Target_switch_Santos (2018)","Target_switch","M_Santos(2005-2018)",1764.16782836289
"Target_switch_Santos (2018)","Target_switch","M_Santos(2005-2018)",1888.76663767144
"Target_switch_Santos (2018)","Target_switch","M_Santos(2005-2018)",1716.1825252471
"Target_switch_Santos (2018)","Target_switch","M_Santos(2005-2018)",1763.56184078455
"Target_switch_Santos (2018)","Target_switch","M_Santos(2005-2018)",1778.32734860435
"Target_switch_Santos (2018)","Target_switch","M_Santos(2005-2018)",1812.8896266886
"Target_switch_Santos (2018)","Target_switch","M_Santos(2005-2018)",1729.45376203567
"Target_switch_Santos (2018)","Target_switch","M_Santos(2005-2018)",1737.04165193148
"Target_switch_Santos (2018)","Target_switch","M_Santos(2005-2018)",1876.86860524573
"Target_switch_Santos (2018)","Target_switch","M_Santos(2005-2018)",1519.04186908243
"Target_switch_Santos (2018)","Target_switch","M_Santos(2005-2018)",1969.8723407197
"Target_switch_Santos (2018)","Target_switch","M_Santos(2005-2018)",1906.4438947536
"Target_switch_Santos (2018)","Target_switch","M_Santos(2005-2018)",1824.4475435101
"Target_switch_Santos (2018)","Target_switch","M_Santos(2005-2018)",1643.42409420268
"Target_switch_Santos (2018)","Target_switch","M_Santos(2005-2018)",1916.22854101363
"Target_switch_Santos (2018)","Target_switch","M_Santos(2005-2018)",1786.78929469253
"Target_switch_Santos (2018)","Target_switch","M_Santos(2005-2018)",1820.48458516658
"Target_switch_Santos (2018)","Target_switch","M_Santos(2005-2018)",1706.98058819262
"Target_switch_Santos (2018)","Target_switch","M_Santos(2005-2018)",1836.14067666402
"Target_switch_Santos (2018)","Target_switch","M_Santos(2005-2018)",1781.25629205637
"Target_switch_Santos (2018)","Target_switch","M_Santos(2005-2018)",1855.53569824145
"Target_switch_Santos (2018)","Target_switch","M_Santos(2005-2018)",1842.5049847015
"Target_switch_Santos (2018)","Target_switch","M_Santos(2005-2018)",1829.42942043666
"Target_switch_Santos (2018)","Target_switch","M_Santos(2005-2018)",1842.32510275988
"Target_switch_Santos (2018)","Target_switch","M_Santos(2005-2018)",1816.4243163835
"Target_switch_Santos (2018)","Target_switch","M_Santos(2005-2018)",1805.19577722626
"Target_switch_Santos (2018)","Target_switch","M_Santos(2005-2018)",1638.57219437517
"Target_switch_Santos (2018)","Target_switch","M_Santos(2005-2018)",1912.36230381081
"Target_switch_Santos (2018)","Target_switch","M_Santos(2005-2018)",1832.51368250107
"Target_switch_Santos (2018)","Target_switch","M_Santos(2005-2018)",1657.47341134782
"Target_switch_Santos (2018)","Target_switch","M_Santos(2005-2018)",1589.09222307714
"Target_switch_Santos (2018)","Target_switch","M_Santos(2005-2018)",1844.54438084674
"Target_switch_Santos (2018)","Target_switch","M_Santos(2005-2018)",1875.30417454023
"Target_switch_Santos (2018)","Target_switch","M_Santos(2005-2018)",1928.0453185032
"Target_switch_Santos (2018)","Target_switch","M_Santos(2005-2018)",1833.55790200804
"Target_switch_Santos (2018)","Target_switch","M_Santos(2005-2018)",1786.02922596033
"Target_switch_Santos (2018)","Target_switch","M_Santos(2005-2018)",1775.00125433807
"Target_switch_Santos (2018)","Target_switch","M_Santos(2005-2018)",1738.68899877462
"Target_switch_Santos (2018)","Target_switch","M_Santos(2005-2018)",1777.350986855
"Target_switch_Santos (2018)","Target_switch","M_Santos(2005-2018)",1841.42759825973
"Target_switch_Santos (2018)","Target_switch","M_Santos(2005-2018)",1814.87739533437
"Target_switch_Santos (2018)","Target_switch","M_Santos(2005-2018)",1674.85928572596
"Target_switch_Santos (2018)","Target_switch","M_Santos(2005-2018)",1842.81064498019
"Target_switch_Santos (2018)","Target_switch","M_Santos(2005-2018)",1554.9754844424
"Target_switch_Santos (2018)","Target_switch","M_Santos(2005-2018)",1663.75523602519
"Target_switch_Santos (2018)","Target_switch","M_Santos(2005-2018)",1685.05783145142
"Target_switch_Santos (2018)","Target_switch","M_Santos(2005-2018)",1729.53496537352
"Target_switch_Santos (2018)","Target_switch","M_Santos(2005-2018)",1843.76933217094
"Target_switch_Santos (2018)","Target_switch","M_Santos(2005-2018)",1622.14694200271
"Target_switch_Santos (2018)","Target_switch","M_Santos(2005-2018)",1888.46132221493
"Target_switch_Santos (2018)","Target_switch","M_Santos(2005-2018)",1925.50904919875
"Target_switch_Santos (2018)","Target_switch","M_Santos(2005-2018)",1911.00983420448
"Target_switch_Santos (2018)","Target_switch","M_Santos(2005-2018)",1776.26446093713
"Target_switch_Santos (2018)","Target_switch","M_Santos(2005-2018)",1738.70798937891
"Target_switch_Santos (2018)","Target_switch","M_Santos(2005-2018)",1718.36884853608
"Target_switch_Santos (2018)","Target_switch","M_Santos(2005-2018)",1759.69478891698
"Target_switch_Santos (2018)","Target_switch","M_Santos(2005-2018)",1662.35957166627
"Target_switch_Santos (2018)","Target_switch","M_Santos(2005-2018)",1534.55838679319
"Target_switch_Santos (2018)","Target_switch","M_Santos(2005-2018)",1725.6906752262
"Target_switch_Santos (2018)","Target_switch","M_Santos(2005-2018)",1627.13135194311
"Target_switch_Santos (2018)","Target_switch","M_Santos(2005-2018)",1823.657779855
"Target_switch_Santos (2018)","Target_switch","M_Santos(2005-2018)",1725.14104135346
"Target_switch_Santos (2018)","Target_switch","M_Santos(2005-2018)",1895.03211974181
"Target_switch_Santos (2018)","Target_switch","M_Santos(2005-2018)",1437.12669105374
"Target_switch_Santos (2018)","Target_switch","M_Santos(2005-2018)",1642.83897662102
"Target_switch_Santos (2018)","Target_switch","M_Santos(2005-2018)",1725.64822730128
"Target_switch_Santos (2018)","Target_switch","M_Santos(2005-2018)",1948.33285280383
"Target_switch_Santos (2018)","Target_switch","M_Santos(2005-2018)",1887.8708824725
"Target_switch_Santos (2018)","Target_switch","M_Santos(2005-2018)",1732.79484705927
"Target_switch_Santos (2018)","Target_switch","M_Santos(2005-2018)",1772.09668797203
"Target_switch_Santos (2018)","Target_switch","M_Santos(2005-2018)",1794.76870347512
"Target_switch_Santos (2018)","Target_switch","M_Santos(2005-2018)",1753.87588178808
"Target_switch_Santos (2018)","Target_switch","M_Santos(2005-2018)",1715.2643121794
"Target_switch_Santos (2018)","Target_switch","M_Santos(2005-2018)",1927.91302618689
"Target_switch_Santos (2018)","Target_switch","M_Santos(2005-2018)",1824.89963124332
"Target_switch_Santos (2018)","Target_switch","M_Santos(2005-2018)",1797.457759716
"Target_switch_Santos (2018)","Target_switch","M_Santos(2005-2018)",1744.95261224387
"Target_switch_Santos (2018)","Target_switch","M_Santos(2005-2018)",1745.75018160422
"Target_switch_Santos (2018)","Target_switch","M_Santos(2005-2018)",1883.07173185605
"Target_switch_Santos (2018)","Target_switch","M_Santos(2005-2018)",1795.40687812199
"Target_switch_Santos (2018)","Target_switch","M_Santos(2005-2018)",1833.75504602973
"Target_switch_Santos (2018)","Target_switch","M_Santos(2005-2018)",1847.65685463105
"Target_switch_Santos (2018)","Target_switch","M_Santos(2005-2018)",1741.13189841578
"Target_switch_Santos (2018)","Target_switch","M_Santos(2005-2018)",1939.17069133395
"Target_switch_Santos (2018)","Target_switch","M_Santos(2005-2018)",1758.45209290627
"Target_switch_Santos (2018)","Target_switch","M_Santos(2005-2018)",1794.18353529228
"Target_switch_Santos (2018)","Target_switch","M_Santos(2005-2018)",1587.03397467971
"Target_switch_Santos (2018)","Target_switch","M_Santos(2005-2018)",1828.96259026657
"Target_switch_Santos (2018)","Target_switch","M_Santos(2005-2018)",1764.78300364257
"Target_switch_Santos (2018)","Target_switch","M_Santos(2005-2018)",1929.6407705462
"Target_switch_Santos (2018)","Target_switch","M_Santos(2005-2018)",1811.20675417076
"Target_switch_Santos (2018)","Target_switch","M_Santos(2005-2018)",1686.45640416584
"Target_switch_Santos (2018)","Target_switch","M_Santos(2005-2018)",1790.16737421136
"Target_switch_Santos (2018)","Target_switch","M_Santos(2005-2018)",1797.30375070366
"Target_switch_Santos (2018)","Target_switch","M_Santos(2005-2018)",1826.44407858076
"Target_switch_Santos (2018)","Target_switch","M_Santos(2005-2018)",1301.80330607921
"Target_switch_Santos (2018)","Target_switch","M_Santos(2005-2018)",1896.19189237387
"Target_switch_Santos (2018)","Target_switch","M_Santos(2005-2018)",1790.98152137926
"Target_switch_Santos (2018)","Target_switch","M_Santos(2005-2018)",1863.24982374254
"Target_switch_Santos (2018)","Target_switch","M_Santos(2005-2018)",1495.25817299695
"Target_switch_Santos (2018)","Target_switch","M_Santos(2005-2018)",1934.60029269531
"Target_switch_Santos (2018)","Target_switch","M_Santos(2005-2018)",1836.44838860366
"Target_switch_Santos (2018)","Target_switch","M_Santos(2005-2018)",1724.64022326539
"Target_switch_Santos (2018)","Target_switch","M_Santos(2005-2018)",1624.58122904757
"Target_switch_Santos (2018)","Target_switch","M_Santos(2005-2018)",1863.46899031447
"Target_switch_Santos (2018)","Target_switch","M_Santos(2005-2018)",1523.08954765363
"Target_switch_Santos (2018)","Target_switch","M_Santos(2005-2018)",1685.51127507458
"Target_switch_Santos (2018)","Target_switch","M_Santos(2005-2018)",1931.53781300928
"Target_switch_Santos (2018)","Target_switch","M_Santos(2005-2018)",1796.12406209034
"Target_switch_Santos (2018)","Target_switch","M_Santos(2005-2018)",1800.17679143887
"Target_switch_Santos (2018)","Target_switch","M_Santos(2005-2018)",1721.72490666977
"Target_switch_Santos (2018)","Target_switch","M_Santos(2005-2018)",1818.32949762632
"Target_switch_Santos (2018)","Target_switch","M_Santos(2005-2018)",1847.53206123624
"Target_switch_Santos (2018)","Target_switch","M_Santos(2005-2018)",1885.38961820906
"Target_switch_Santos (2018)","Target_switch","M_Santos(2005-2018)",1888.36856632026
"Target_switch_Santos (2018)","Target_switch","M_Santos(2005-2018)",1724.19251640604
"Target_switch_Santos (2018)","Target_switch","M_Santos(2005-2018)",1824.84792364887
"Target_switch_Santos (2018)","Target_switch","M_Santos(2005-2018)",1753.06425786362
"Target_switch_Santos (2018)","Target_switch","M_Santos(2005-2018)",1394.50612547632
"Target_switch_Santos (2018)","Target_switch","M_Santos(2005-2018)",1752.6434956838
"Target_switch_Santos (2018)","Target_switch","M_Santos(2005-2018)",1741.38426907137
"Target_switch_Santos (2018)","Target_switch","M_Santos(2005-2018)",2133.18058101778
"Target_switch_Santos (2018)","Target_switch","M_Santos(2005-2018)",1853.85278163993
"Target_switch_Santos (2018)","Target_switch","M_Santos(2005-2018)",1877.72876719508
"Target_switch_Santos (2018)","Target_switch","M_Santos(2005-2018)",1823.7008835057
"Target_switch_Santos (2018)","Target_switch","M_Santos(2005-2018)",1792.55069228671
"Target_switch_Santos (2018)","Target_switch","M_Santos(2005-2018)",1691.4362977808
"Target_switch_Santos (2018)","Target_switch","M_Santos(2005-2018)",1739.75190191759
"Target_switch_Santos (2018)","Target_switch","M_Santos(2005-2018)",1897.5547283352
"Target_switch_Santos (2018)","Target_switch","M_Santos(2005-2018)",1842.1447188263
"Target_switch_Santos (2018)","Target_switch","M_Santos(2005-2018)",1798.61961801076
"Target_switch_Santos (2018)","Target_switch","M_Santos(2005-2018)",1686.38271136117
"Target_switch_Santos (2018)","Target_switch","M_Santos(2005-2018)",1799.93615158028
"Target_switch_Santos (2018)","Target_switch","M_Santos(2005-2018)",1843.73706098978
"Target_switch_Santos (2018)","Target_switch","M_Santos(2005-2018)",1720.9283406881
"Target_switch_Santos (2018)","Target_switch","M_Santos(2005-2018)",1811.79434828522
"Target_switch_Santos (2018)","Target_switch","M_Santos(2005-2018)",1863.79969451855
"Target_switch_Santos (2018)","Target_switch","M_Santos(2005-2018)",1933.04370607878
"Target_switch_Santos (2018)","Target_switch","M_Santos(2005-2018)",1855.11400580419
"Target_switch_Santos (2018)","Target_switch","M_Santos(2005-2018)",1838.75067792654
"Target_switch_Santos (2018)","Target_switch","M_Santos(2005-2018)",1798.47419305731
"Target_switch_Santos (2018)","Target_switch","M_Santos(2005-2018)",1864.79657774327
"Target_switch_Santos (2018)","Target_switch","M_Santos(2005-2018)",1842.09064937527
"Target_switch_Santos (2018)","Target_switch","M_Santos(2005-2018)",1352.81922790677
"Target_switch_Santos (2018)","Target_switch","M_Santos(2005-2018)",1901.74352379026
"Target_switch_Santos (2018)","Target_switch","M_Santos(2005-2018)",1738.83336714365
"Target_switch_Santos (2018)","Target_switch","M_Santos(2005-2018)",1704.20756897268
"Target_switch_Santos (2018)","Target_switch","M_Santos(2005-2018)",1810.35366599453
"Target_switch_Santos (2018)","Target_switch","M_Santos(2005-2018)",1907.23369192451
"Target_switch_Santos (2018)","Target_switch","M_Santos(2005-2018)",1782.67318462164
"Target_switch_Santos (2018)","Target_switch","M_Santos(2005-2018)",1857.16453976229
"Target_switch_Santos (2018)","Target_switch","M_Santos(2005-2018)",1757.86462966415
"Target_switch_Santos (2018)","Target_switch","M_Santos(2005-2018)",1749.77017658756
"Target_switch_Santos (2018)","Target_switch","M_Santos(2005-2018)",1755.7672221587
"Target_switch_Santos (2018)","Target_switch","M_Santos(2005-2018)",1807.02233580733
"Target_switch_Santos (2018)","Target_switch","M_Santos(2005-2018)",1945.53106417678
"Target_switch_Santos (2018)","Target_switch","M_Santos(2005-2018)",1838.35862015651
"Target_switch_Santos (2018)","Target_switch","M_Santos(2005-2018)",1764.15280657966
"Target_switch_Santos (2018)","Target_switch","M_Santos(2005-2018)",1724.05252949749
"Target_switch_Santos (2018)","Target_switch","M_Santos(2005-2018)",1733.13034720777
"Target_switch_Santos (2018)","Target_switch","M_Santos(2005-2018)",1886.79159696432
"Target_switch_Santos (2018)","Target_switch","M_Santos(2005-2018)",1925.35694235482
"Target_switch_Santos (2018)","Target_switch","M_Santos(2005-2018)",1615.85039208372
"Target_switch_Santos (2018)","Target_switch","M_Santos(2005-2018)",1746.36752731145
"Target_switch_Santos (2018)","Target_switch","M_Santos(2005-2018)",1787.2375688984
"Target_switch_Santos (2018)","Target_switch","M_Santos(2005-2018)",1885.93373880779
"Target_switch_Santos (2018)","Target_switch","M_Santos(2005-2018)",1557.75722781727
"Target_switch_Santos (2018)","Target_switch","M_Santos(2005-2018)",1677.38851198559
"Target_switch_Santos (2018)","Target_switch","M_Santos(2005-2018)",1472.52110899479
"Target_switch_Santos (2018)","Target_switch","M_Santos(2005-2018)",1852.10011999881
"Target_switch_Santos (2018)","Target_switch","M_Santos(2005-2018)",1871.56641205825
"Target_switch_Santos (2018)","Target_switch","M_Santos(2005-2018)",1884.88028597193
"Target_switch_Santos (2018)","Target_switch","M_Santos(2005-2018)",1927.10350756385
"Target_switch_Santos (2018)","Target_switch","M_Santos(2005-2018)",1604.86604326524
"Target_switch_Santos (2018)","Target_switch","M_Santos(2005-2018)",1863.38960228449
"Target_switch_Santos (2018)","Target_switch","M_Santos(2005-2018)",1909.8824620945
"Target_switch_Santos (2018)","Target_switch","M_Santos(2005-2018)",1756.73110324506
"Target_switch_Santos (2018)","Target_switch","M_Santos(2005-2018)",1922.92584122196
"Target_switch_Santos (2018)","Target_switch","M_Santos(2005-2018)",1831.75131330756
"Target_switch_Santos (2018)","Target_switch","M_Santos(2005-2018)",1770.74132040949
"Target_switch_Santos (2018)","Target_switch","M_Santos(2005-2018)",1795.46205152032
"Target_switch_Santos (2018)","Target_switch","M_Santos(2005-2018)",1737.07871011925
"Target_switch_Santos (2018)","Target_switch","M_Santos(2005-2018)",1978.2673130176
"Target_switch_Santos (2018)","Target_switch","M_Santos(2005-2018)",1796.91694443799
"Target_switch_Santos (2018)","Target_switch","M_Santos(2005-2018)",1451.84779032186
"Target_switch_Santos (2018)","Target_switch","M_Santos(2005-2018)",1836.3743575442
"Target_switch_Santos (2018)","Target_switch","M_Santos(2005-2018)",1802.96786410254
"Target_switch_Santos (2018)","Target_switch","M_Santos(2005-2018)",1677.29230918468
"Target_switch_Santos (2018)","Target_switch","M_Santos(2005-2018)",1694.68417908402
"Target_switch_Santos (2018)","Target_switch","M_Santos(2005-2018)",1808.40795529238
"Target_switch_Santos (2018)","Target_switch","M_Santos(2005-2018)",1788.28938441431
"Target_switch_Santos (2018)","Target_switch","M_Santos(2005-2018)",1751.68980889551
"Target_switch_Santos (2018)","Target_switch","M_Santos(2005-2018)",1706.63759380678
"Target_switch_Santos (2018)","Target_switch","M_Santos(2005-2018)",1816.65773824676
"Target_switch_Santos (2018)","Target_switch","M_Santos(2005-2018)",1741.97070835803
"Target_switch_Santos (2018)","Target_switch","M_Santos(2005-2018)",1730.73010469714
"Target_switch_Santos (2018)","Target_switch","M_Santos(2005-2018)",1772.10565927301
"Target_switch_Santos (2018)","Target_switch","M_Santos(2005-2018)",1802.1341004884
"Target_switch_Santos (2018)","Target_switch","M_Santos(2005-2018)",1667.90049798231
"Target_switch_Santos (2018)","Target_switch","M_Santos(2005-2018)",1638.62333053905
"Target_switch_Santos (2018)","Target_switch","M_Santos(2005-2018)",1801.3198520953
"Target_switch_Santos (2018)","Target_switch","M_Santos(2005-2018)",1854.35198496612
"Target_switch_Santos (2018)","Target_switch","M_Santos(2005-2018)",1695.65009604447
"Target_switch_Santos (2018)","Target_switch","M_Santos(2005-2018)",1835.81086050532
"Target_switch_Santos (2018)","Target_switch","M_Santos(2005-2018)",1733.73725689718
"Target_switch_Santos (2018)","Target_switch","M_Santos(2005-2018)",1797.17994900394
"Target_switch_Santos (2018)","Target_switch","M_Santos(2005-2018)",1805.38212319863
"Target_switch_Santos (2018)","Target_switch","M_Santos(2005-2018)",1812.00121755488
"Target_switch_Santos (2018)","Target_switch","M_Santos(2005-2018)",1634.8189406046
"Target_switch_Santos (2018)","Target_switch","M_Santos(2005-2018)",1913.3279248882
"Target_switch_Santos (2018)","Target_switch","M_Santos(2005-2018)",1780.13816730447
"Target_switch_Santos (2018)","Target_switch","M_Santos(2005-2018)",1827.38438527076
"Target_switch_Santos (2018)","Target_switch","M_Santos(2005-2018)",1945.82956865951
"Target_switch_Santos (2018)","Target_switch","M_Santos(2005-2018)",1676.44519286909
"Target_switch_Santos (2018)","Target_switch","M_Santos(2005-2018)",1746.30344227475
"Target_switch_Santos (2018)","Target_switch","M_Santos(2005-2018)",1785.75541822824
"Target_switch_Santos (2018)","Target_switch","M_Santos(2005-2018)",1906.06487721
"Target_switch_Santos (2018)","Target_switch","M_Santos(2005-2018)",1733.64299364551
"Target_switch_Santos (2018)","Target_switch","M_Santos(2005-2018)",1661.22826192296
"Target_switch_Santos (2018)","Target_switch","M_Santos(2005-2018)",1795.69544481894
"Target_switch_Santos (2018)","Target_switch","M_Santos(2005-2018)",1921.11948691019
"Target_switch_Santos (2018)","Target_switch","M_Santos(2005-2018)",1867.73585852998
"Target_switch_Santos (2018)","Target_switch","M_Santos(2005-2018)",1675.01114083572
"Target_switch_Santos (2018)","Target_switch","M_Santos(2005-2018)",1717.09502928634
"Target_switch_Santos (2018)","Target_switch","M_Santos(2005-2018)",1799.99196023746
"Target_switch_Santos (2018)","Target_switch","M_Santos(2005-2018)",1859.02555708443
"Target_switch_Santos (2018)","Target_switch","M_Santos(2005-2018)",1813.79327372427
"Target_switch_Santos (2018)","Target_switch","M_Santos(2005-2018)",1791.4962807868
"Target_switch_Santos (2018)","Target_switch","M_Santos(2005-2018)",1755.97917938586
"Target_switch_Santos (2018)","Target_switch","M_Santos(2005-2018)",1738.19888643999
"Target_switch_Santos (2018)","Target_switch","M_Santos(2005-2018)",1798.19244252197
"Target_switch_Santos (2018)","Target_switch","M_Santos(2005-2018)",1810.84153944925
"Target_switch_Santos (2018)","Target_switch","M_Santos(2005-2018)",1848.16559983667
"Target_switch_Santos (2018)","Target_switch","M_Santos(2005-2018)",1906.94302778216
"Target_switch_Santos (2018)","Target_switch","M_Santos(2005-2018)",1472.60860509232
"Target_switch_Santos (2018)","Target_switch","M_Santos(2005-2018)",1839.8424965712
"Target_switch_Santos (2018)","Target_switch","M_Santos(2005-2018)",1758.14271252701
"Target_switch_Santos (2018)","Target_switch","M_Santos(2005-2018)",1912.8347979593
"Target_switch_Santos (2018)","Target_switch","M_Santos(2005-2018)",1897.03908308574
"Target_switch_Santos (2018)","Target_switch","M_Santos(2005-2018)",1767.69351272585
"Target_switch_Santos (2018)","Target_switch","M_Santos(2005-2018)",1858.73073663631
"Target_switch_Santos (2018)","Target_switch","M_Santos(2005-2018)",1810.29311128425
"Target_switch_Santos (2018)","Target_switch","M_Santos(2005-2018)",1821.40866626428
"Target_switch_Santos (2018)","Target_switch","M_Santos(2005-2018)",1905.29247356457
"Target_switch_Santos (2018)","Target_switch","M_Santos(2005-2018)",1804.1487229154
"Target_switch_Santos (2018)","Target_switch","M_Santos(2005-2018)",1770.29602114256
"Target_switch_Santos (2018)","Target_switch","M_Santos(2005-2018)",1723.374344015
"Target_switch_Santos (2018)","Target_switch","M_Santos(2005-2018)",1751.02243768574
"Target_switch_Santos (2018)","Target_switch","M_Santos(2005-2018)",1725.56855766802
"Target_switch_Santos (2018)","Target_switch","M_Santos(2005-2018)",1849.97810798365
"Target_switch_Santos (2018)","Target_switch","M_Santos(2005-2018)",1959.72553751723
"Target_switch_Santos (2018)","Target_switch","M_Santos(2005-2018)",1746.55689670275
"Target_switch_Santos (2018)","Target_switch","M_Santos(2005-2018)",1792.13889679663
"Target_switch_Santos (2018)","Target_switch","M_Santos(2005-2018)",1884.62559456717
"Target_switch_Santos (2018)","Target_switch","M_Santos(2005-2018)",1682.82442934587
"Target_switch_Santos (2018)","Target_switch","M_Santos(2005-2018)",1896.36232744566
"Target_switch_Santos (2018)","Target_switch","M_Santos(2005-2018)",1819.67048314594
"Target_switch_Santos (2018)","Target_switch","M_Santos(2005-2018)",1556.39777841462
"Target_switch_Santos (2018)","Target_switch","M_Santos(2005-2018)",1813.61606754585
"Target_switch_Santos (2018)","Target_switch","M_Santos(2005-2018)",1682.2742584553
"Target_switch_Santos (2018)","Target_switch","M_Santos(2005-2018)",1794.93040000468
"Target_switch_Santos (2018)","Target_switch","M_Santos(2005-2018)",1865.17194302643
"Target_switch_Santos (2018)","Target_switch","M_Santos(2005-2018)",1780.95681573676
"Target_switch_Santos (2018)","Target_switch","M_Santos(2005-2018)",1751.52760909998
"Target_switch_Santos (2018)","Target_switch","M_Santos(2005-2018)",1806.18603883262
"Target_switch_Santos (2018)","Target_switch","M_Santos(2005-2018)",1656.58366423354
"Target_switch_Santos (2018)","Target_switch","M_Santos(2005-2018)",1713.03465066448
"Target_switch_Santos (2018)","Target_switch","M_Santos(2005-2018)",1763.16575012387
"Target_switch_Santos (2018)","Target_switch","M_Santos(2005-2018)",1825.82987955073
"Target_switch_Santos (2018)","Target_switch","M_Santos(2005-2018)",1822.37377406183
"Target_switch_Santos (2018)","Target_switch","M_Santos(2005-2018)",1750.3392857506
"Target_switch_Santos (2018)","Target_switch","M_Santos(2005-2018)",1845.48342933047
"Target_switch_Santos (2018)","Target_switch","M_Santos(2005-2018)",1701.85300305451
"Target_switch_Santos (2018)","Target_switch","M_Santos(2005-2018)",1280.66825256547
"Target_switch_Santos (2018)","Target_switch","M_Santos(2005-2018)",1791.16824034643
"Target_switch_Santos (2018)","Target_switch","M_Santos(2005-2018)",1791.96095569093
"Target_switch_Santos (2018)","Target_switch","M_Santos(2005-2018)",1725.60614657839
"Target_switch_Santos (2018)","Target_switch","M_Santos(2005-2018)",1588.9832189018
"Target_switch_Santos (2018)","Target_switch","M_Santos(2005-2018)",1772.17981242093
"Target_switch_Santos (2018)","Target_switch","M_Santos(2005-2018)",1897.63057121453
"Target_switch_Santos (2018)","Target_switch","M_Santos(2005-2018)",1895.58657328349
"Target_switch_Santos (2018)","Target_switch","M_Santos(2005-2018)",1786.14492437146
"Target_switch_Santos (2018)","Target_switch","M_Santos(2005-2018)",1525.10964296011
"Target_switch_Santos (2018)","Target_switch","M_Santos(2005-2018)",1658.55848528473
"Target_switch_Santos (2018)","Target_switch","M_Santos(2005-2018)",1778.64876972912
"Target_switch_Santos (2018)","Target_switch","M_Santos(2005-2018)",1798.70480151578
"Target_switch_Santos (2018)","Target_switch","M_Santos(2005-2018)",1703.06061802623
"Target_switch_Santos (2018)","Target_switch","M_Santos(2005-2018)",1597.1474314194
"Target_switch_Santos (2018)","Target_switch","M_Santos(2005-2018)",1752.71934483924
"Target_switch_Santos (2018)","Target_switch","M_Santos(2005-2018)",1850.13553950676
"Target_switch_Santos (2018)","Target_switch","M_Santos(2005-2018)",1792.82299953387
"Target_switch_Santos (2018)","Target_switch","M_Santos(2005-2018)",1791.9642458236
"Target_switch_Santos (2018)","Target_switch","M_Santos(2005-2018)",1971.08785641097
"Target_switch_Santos (2018)","Target_switch","M_Santos(2005-2018)",1860.08849317438
"Target_switch_Santos (2018)","Target_switch","M_Santos(2005-2018)",1803.75061717631
"Target_switch_Santos (2018)","Target_switch","M_Santos(2005-2018)",1655.92867941145
"Target_switch_Santos (2018)","Target_switch","M_Santos(2005-2018)",1852.76125085385
"Target_switch_Santos (2018)","Target_switch","M_Santos(2005-2018)",1888.82636938531
"Target_switch_Santos (2018)","Target_switch","M_Santos(2005-2018)",1879.79719530755
"Target_switch_Santos (2018)","Target_switch","M_Santos(2005-2018)",1754.40037761162
"Target_switch_Santos (2018)","Target_switch","M_Santos(2005-2018)",1860.78850373319
"Target_switch_Santos (2018)","Target_switch","M_Santos(2005-2018)",1543.99635098478
"Target_switch_Santos (2018)","Target_switch","M_Santos(2005-2018)",1779.16619501594
"Target_switch_Santos (2018)","Target_switch","M_Santos(2005-2018)",1852.51489914862
"Target_switch_Santos (2018)","Target_switch","M_Santos(2005-2018)",1915.81484820947
"Target_switch_Santos (2018)","Target_switch","M_Santos(2005-2018)",1709.95798530585
"Target_switch_Santos (2018)","Target_switch","M_Santos(2005-2018)",1794.6804026011
"Target_switch_Santos (2018)","Target_switch","M_Santos(2005-2018)",1768.25988722323
"Target_switch_Santos (2018)","Target_switch","M_Santos(2005-2018)",1744.07396726761
"Target_switch_Santos (2018)","Target_switch","M_Santos(2005-2018)",1785.90155515449
"Target_switch_Santos (2018)","Target_switch","M_Santos(2005-2018)",1725.35383518413
"Target_switch_Santos (2018)","Target_switch","M_Santos(2005-2018)",1886.5723099642
"Target_switch_Santos (2018)","Target_switch","M_Santos(2005-2018)",1855.11254814076
"Target_switch_Santos (2018)","Target_switch","M_Santos(2005-2018)",1741.90724378859
"Target_switch_Santos (2018)","Target_switch","M_Santos(2005-2018)",1913.36381595894
"Target_switch_Santos (2018)","Target_switch","M_Santos(2005-2018)",1724.10735767896
"Target_switch_Santos (2018)","Target_switch","M_Santos(2005-2018)",1751.51285181356
"Target_switch_Santos (2018)","Target_switch","M_Santos(2005-2018)",1830.9292238487
"Target_switch_Santos (2018)","Target_switch","M_Santos(2005-2018)",1770.67121734435
"Target_switch_Santos (2018)","Target_switch","M_Santos(2005-2018)",1848.86460124003
"Target_switch_Santos (2018)","Target_switch","M_Santos(2005-2018)",1803.42588942979
"Target_switch_Santos (2018)","Target_switch","M_Santos(2005-2018)",1711.63218942729
"Target_switch_Santos (2018)","Target_switch","M_Santos(2005-2018)",1808.28292475473
"Target_switch_Santos (2018)","Target_switch","M_Santos(2005-2018)",1826.01789344906
"Target_switch_Santos (2018)","Target_switch","M_Santos(2005-2018)",1600.31390108123
"Target_switch_Santos (2018)","Target_switch","M_Santos(2005-2018)",1754.50952513319
"Target_switch_Santos (2018)","Target_switch","M_Santos(2005-2018)",1810.93290684328
"Target_switch_Santos (2018)","Target_switch","M_Santos(2005-2018)",1813.47335956236
"Target_switch_Santos (2018)","Target_switch","M_Santos(2005-2018)",1837.52112139677
"Target_switch_Santos (2018)","Target_switch","M_Santos(2005-2018)",1635.41272884841
"Target_switch_Santos (2018)","Target_switch","M_Santos(2005-2018)",1756.90073863735
"Target_switch_Santos (2018)","Target_switch","M_Santos(2005-2018)",1816.37924804282
"Target_switch_Santos (2018)","Target_switch","M_Santos(2005-2018)",1838.54281525756
"Target_switch_Santos (2018)","Target_switch","M_Santos(2005-2018)",1780.633485903
"Target_switch_Santos (2018)","Target_switch","M_Santos(2005-2018)",1740.31169254774
"Target_switch_Santos (2018)","Target_switch","M_Santos(2005-2018)",1719.73696775538
"Target_switch_Santos (2018)","Target_switch","M_Santos(2005-2018)",1838.54613472407
"Target_switch_Santos (2018)","Target_switch","M_Santos(2005-2018)",1778.81788288428
"Target_switch_Santos (2018)","Target_switch","M_Santos(2005-2018)",1810.26426284658
"Target_switch_Santos (2018)","Target_switch","M_Santos(2005-2018)",1694.10316896423
"Target_switch_Santos (2018)","Target_switch","M_Santos(2005-2018)",1790.00253408606
"Target_switch_Santos (2018)","Target_switch","M_Santos(2005-2018)",1875.83766800168
"Target_switch_Santos (2018)","Target_switch","M_Santos(2005-2018)",1728.85491858866
"Target_switch_Santos (2018)","Target_switch","M_Santos(2005-2018)",1646.75322249581
"Target_switch_Santos (2018)","Target_switch","M_Santos(2005-2018)",1624.14034335096
"Target_switch_Santos (2018)","Target_switch","M_Santos(2005-2018)",1688.95355254812
"Target_switch_Santos (2018)","Target_switch","M_Santos(2005-2018)",1857.87928859885
"Target_switch_Santos (2018)","Target_switch","M_Santos(2005-2018)",1918.64009332561
"Target_switch_Santos (2018)","Target_switch","M_Santos(2005-2018)",1755.25131592304
"Target_switch_Santos (2018)","Target_switch","M_Santos(2005-2018)",1794.33328576185
"Target_switch_Santos (2018)","Target_switch","M_Santos(2005-2018)",1893.78679325541
"Target_switch_Santos (2018)","Target_switch","M_Santos(2005-2018)",1852.81956530502
"Target_switch_Santos (2018)","Target_switch","M_Santos(2005-2018)",1650.3689604168
"Target_switch_Santos (2018)","Target_switch","M_Santos(2005-2018)",1695.3309729776
"Target_switch_Santos (2018)","Target_switch","M_Santos(2005-2018)",1923.89140127723
"Target_switch_Santos (2018)","Target_switch","M_Santos(2005-2018)",1813.38901354448
"Target_switch_Santos (2018)","Target_switch","M_Santos(2005-2018)",1821.6397631267
"Target_switch_Santos (2018)","Target_switch","M_Santos(2005-2018)",1825.63907343566
"Target_switch_Santos (2018)","Target_switch","M_Santos(2005-2018)",1867.10989712403
"Target_switch_Santos (2018)","Target_switch","M_Santos(2005-2018)",1736.33687304036
"Target_switch_Santos (2018)","Target_switch","M_Santos(2005-2018)",1750.56141664592
"Target_switch_Santos (2018)","Target_switch","M_Santos(2005-2018)",1653.14708678104
"Target_switch_Santos (2018)","Target_switch","M_Santos(2005-2018)",1922.97909625591
"Target_switch_Santos (2018)","Target_switch","M_Santos(2005-2018)",1766.68093728399
"Target_switch_Santos (2018)","Target_switch","M_Santos(2005-2018)",1924.43630134863
"Target_switch_Santos (2018)","Target_switch","M_Santos(2005-2018)",1957.66670830855
"Target_switch_Santos (2018)","Target_switch","M_Santos(2005-2018)",1926.62516878788
"Target_switch_Santos (2018)","Target_switch","M_Santos(2005-2018)",1514.03729706324
"Target_switch_Santos (2018)","Target_switch","M_Santos(2005-2018)",1680.95456660753
"Target_switch_Santos (2018)","Target_switch","M_Santos(2005-2018)",1616.32390272706
"Target_switch_Santos (2018)","Target_switch","M_Santos(2005-2018)",1782.72366108651
"Target_switch_Santos (2018)","Target_switch","M_Santos(2005-2018)",1645.18852094117
"Target_switch_Santos (2018)","Target_switch","M_Santos(2005-2018)",1724.87810517681
"Target_switch_Santos (2018)","Target_switch","M_Santos(2005-2018)",1462.15393203056
"Target_switch_Santos (2018)","Target_switch","M_Santos(2005-2018)",1752.54660335168
"Target_switch_Santos (2018)","Target_switch","M_Santos(2005-2018)",1577.16975651615
"Target_switch_Santos (2018)","Target_switch","M_Santos(2005-2018)",1508.19975406694
"Target_switch_Santos (2018)","Target_switch","M_Santos(2005-2018)",1778.0409955062
"Target_switch_Santos (2018)","Target_switch","M_Santos(2005-2018)",1826.49384880818
"Target_switch_Santos (2018)","Target_switch","M_Santos(2005-2018)",1772.10127853582
"Target_switch_Santos (2018)","Target_switch","M_Santos(2005-2018)",1978.05649803948
"Target_switch_Santos (2018)","Target_switch","M_Santos(2005-2018)",1864.17844272727
"Target_switch_Santos (2018)","Target_switch","M_Santos(2005-2018)",1833.77431894606
"Target_switch_Santos (2018)","Target_switch","M_Santos(2005-2018)",1771.49029142781
"Target_switch_Santos (2018)","Target_switch","M_Santos(2005-2018)",1742.16632706592
"Target_switch_Santos (2018)","Target_switch","M_Santos(2005-2018)",1712.90182368475
"Target_switch_Santos (2018)","Target_switch","M_Santos(2005-2018)",1868.13268770382
"Target_switch_Santos (2018)","Target_switch","M_Santos(2005-2018)",1817.0787032817
"Target_switch_Santos (2018)","Target_switch","M_Santos(2005-2018)",1888.53751816192
"Target_switch_Santos (2018)","Target_switch","M_Santos(2005-2018)",1861.12486283328
"Target_switch_Santos (2018)","Target_switch","M_Santos(2005-2018)",1933.59471787272
"Target_switch_Santos (2018)","Target_switch","M_Santos(2005-2018)",1822.61351112071
"Target_switch_Santos (2018)","Target_switch","M_Santos(2005-2018)",1726.34531444762
"Target_switch_Santos (2018)","Target_switch","M_Santos(2005-2018)",1892.45897915473
"Target_switch_Santos (2018)","Target_switch","M_Santos(2005-2018)",1839.15629726959
"Target_switch_Santos (2018)","Target_switch","M_Santos(2005-2018)",1727.7894864677
"Target_switch_Santos (2018)","Target_switch","M_Santos(2005-2018)",1811.94557166832
"Target_switch_Santos (2018)","Target_switch","M_Santos(2005-2018)",1820.67695200317
"Target_switch_Santos (2018)","Target_switch","M_Santos(2005-2018)",1916.21030999393
"Target_switch_Santos (2018)","Target_switch","M_Santos(2005-2018)",1765.63641135157
"Target_switch_Santos (2018)","Target_switch","M_Santos(2005-2018)",1453.65957235681
"Target_switch_Santos (2018)","Target_switch","M_Santos(2005-2018)",1943.7081612442
"Target_switch_Santos (2018)","Target_switch","M_Santos(2005-2018)",1860.69523335163
"Target_switch_Santos (2018)","Target_switch","M_Santos(2005-2018)",1849.17461687562
"Target_switch_Santos (2018)","Target_switch","M_Santos(2005-2018)",1820.55011698156
"Target_switch_Santos (2018)","Target_switch","M_Santos(2005-2018)",1860.39954547519
"Target_switch_Santos (2018)","Target_switch","M_Santos(2005-2018)",1768.14441550139
"Target_switch_Santos (2018)","Target_switch","M_Santos(2005-2018)",1879.13270554627
"Target_switch_Santos (2018)","Target_switch","M_Santos(2005-2018)",1511.48124522
"Target_switch_Santos (2018)","Target_switch","M_Santos(2005-2018)",1725.09392494742
"Target_switch_Santos (2018)","Target_switch","M_Santos(2005-2018)",1797.94107754979
"Target_switch_Santos (2018)","Target_switch","M_Santos(2005-2018)",1751.5848554555
"Target_switch_Santos (2018)","Target_switch","M_Santos(2005-2018)",1774.87937461802
"Target_switch_Santos (2018)","Target_switch","M_Santos(2005-2018)",1638.07024824018
"Target_switch_Santos (2018)","Target_switch","M_Santos(2005-2018)",1771.66300643385
"Target_switch_Santos (2018)","Target_switch","M_Santos(2005-2018)",1893.93170521734
"Target_switch_Santos (2018)","Target_switch","M_Santos(2005-2018)",1942.04647076057
"Target_switch_Santos (2018)","Target_switch","M_Santos(2005-2018)",1639.60520334261
"Target_switch_Santos (2018)","Target_switch","M_Santos(2005-2018)",1794.10439717396
"Target_switch_Santos (2018)","Target_switch","M_Santos(2005-2018)",1751.32905903561
"Target_switch_Santos (2018)","Target_switch","M_Santos(2005-2018)",1779.67720044932
"Target_switch_Santos (2018)","Target_switch","M_Santos(2005-2018)",1735.52771234307
"Target_switch_Santos (2018)","Target_switch","M_Santos(2005-2018)",1751.68270103133
"Target_switch_Santos (2018)","Target_switch","M_Santos(2005-2018)",1902.26130534032
"Target_switch_Santos (2018)","Target_switch","M_Santos(2005-2018)",1836.46388336704
"Target_switch_Santos (2018)","Target_switch","M_Santos(2005-2018)",1778.90524966802
"Target_switch_Santos (2018)","Target_switch","M_Santos(2005-2018)",1433.61083397672
"Target_switch_Santos (2018)","Target_switch","M_Santos(2005-2018)",1909.48469153697
"Target_switch_Santos (2018)","Target_switch","M_Santos(2005-2018)",1697.16603898505
"Target_switch_Santos (2018)","Target_switch","M_Santos(2005-2018)",1812.81080397985
"Target_switch_Santos (2018)","Target_switch","M_Santos(2005-2018)",1848.98533661697
"Target_switch_Santos (2018)","Target_switch","M_Santos(2005-2018)",1791.17099671774
"Target_switch_Santos (2018)","Target_switch","M_Santos(2005-2018)",1843.60100827309
"Target_switch_Santos (2018)","Target_switch","M_Santos(2005-2018)",1648.54423896343
"Target_switch_Santos (2018)","Target_switch","M_Santos(2005-2018)",1828.94242040341
"Target_switch_Santos (2018)","Target_switch","M_Santos(2005-2018)",1834.00897505048
"Target_switch_Santos (2018)","Target_switch","M_Santos(2005-2018)",1855.31350409593
"Target_switch_Santos (2018)","Target_switch","M_Santos(2005-2018)",1862.57144935491
"Target_switch_Santos (2018)","Target_switch","M_Santos(2005-2018)",1707.84013350139
"Target_switch_Santos (2018)","Target_switch","M_Santos(2005-2018)",1933.28997191219
"Target_switch_Santos (2018)","Target_switch","M_Santos(2005-2018)",1796.55649518554
"Target_switch_Santos (2018)","Target_switch","M_Santos(2005-2018)",1680.8524388305
"Target_switch_Santos (2018)","Target_switch","M_Santos(2005-2018)",1850.08941058012
"Target_switch_Santos (2018)","Target_switch","M_Santos(2005-2018)",1642.89065845679
"Target_switch_Santos (2018)","Target_switch","M_Santos(2005-2018)",1795.79398105934
"Target_switch_Santos (2018)","Target_switch","M_Santos(2005-2018)",1808.14399423753
"Target_switch_Santos (2018)","Target_switch","M_Santos(2005-2018)",1841.89243688055
"Target_switch_Santos (2018)","Target_switch","M_Santos(2005-2018)",1866.77826374317
"Target_switch_Santos (2018)","Target_switch","M_Santos(2005-2018)",1780.06065393457
"Target_switch_Santos (2018)","Target_switch","M_Santos(2005-2018)",1803.3569025545
"Target_switch_Santos (2018)","Target_switch","M_Santos(2005-2018)",1722.39556019371
"Target_switch_Santos (2018)","Target_switch","M_Santos(2005-2018)",1788.00030806502
"Target_switch_Santos (2018)","Target_switch","M_Santos(2005-2018)",1907.2376732679
"Target_switch_Santos (2018)","Target_switch","M_Santos(2005-2018)",1740.62920780413
"Target_switch_Santos (2018)","Target_switch","M_Santos(2005-2018)",1792.24097485759
"Target_switch_Santos (2018)","Target_switch","M_Santos(2005-2018)",1561.6618499435
"Target_switch_Santos (2018)","Target_switch","M_Santos(2005-2018)",1742.66728418231
"Target_switch_Santos (2018)","Target_switch","M_Santos(2005-2018)",1814.43336993927
"Target_switch_Santos (2018)","Target_switch","M_Santos(2005-2018)",1857.09068470295
"Target_switch_Santos (2018)","Target_switch","M_Santos(2005-2018)",1759.41828676979
"Target_switch_Santos (2018)","Target_switch","M_Santos(2005-2018)",1761.80618995034
"Target_switch_Santos (2018)","Target_switch","M_Santos(2005-2018)",1900.48114688929
"Target_switch_Santos (2018)","Target_switch","M_Santos(2005-2018)",1880.08780587174
"Target_switch_Santos (2018)","Target_switch","M_Santos(2005-2018)",1770.08284869203
"Target_switch_Santos (2018)","Target_switch","M_Santos(2005-2018)",1862.38812956327
"Target_switch_Santos (2018)","Target_switch","M_Santos(2005-2018)",1954.2096954567
"Target_switch_Santos (2018)","Target_switch","M_Santos(2005-2018)",1829.90674489685
"Target_switch_Santos (2018)","Target_switch","M_Santos(2005-2018)",1925.16573862615
"Target_switch_Santos (2018)","Target_switch","M_Santos(2005-2018)",1837.26583261619
"Target_switch_Santos (2018)","Target_switch","M_Santos(2005-2018)",1796.3116416251
"Target_switch_Santos (2018)","Target_switch","M_Santos(2005-2018)",1782.0584444898
"Target_switch_Santos (2018)","Target_switch","M_Santos(2005-2018)",1494.82591404807
"Target_switch_Santos (2018)","Target_switch","M_Santos(2005-2018)",1727.38244065407
"Target_switch_Santos (2018)","Target_switch","M_Santos(2005-2018)",1813.62496051499
"Target_switch_Santos (2018)","Target_switch","M_Santos(2005-2018)",1871.6078998692
"Target_switch_Santos (2018)","Target_switch","M_Santos(2005-2018)",1845.21730842429
"Target_switch_Santos (2018)","Target_switch","M_Santos(2005-2018)",1624.36875564929
"Target_switch_Santos (2018)","Target_switch","M_Santos(2005-2018)",1818.37658603458
"Target_switch_Santos (2018)","Target_switch","M_Santos(2005-2018)",1819.35427103007
"Target_switch_Santos (2018)","Target_switch","M_Santos(2005-2018)",1822.60918754881
"Target_switch_Santos (2018)","Target_switch","M_Santos(2005-2018)",1594.7449514793
"Target_switch_Santos (2018)","Target_switch","M_Santos(2005-2018)",1782.62020215197
"Target_switch_Santos (2018)","Target_switch","M_Santos(2005-2018)",1888.6274474275
"Target_switch_Santos (2018)","Target_switch","M_Santos(2005-2018)",1621.02861177543
"Target_switch_Santos (2018)","Target_switch","M_Santos(2005-2018)",1838.24362895642
"Target_switch_Santos (2018)","Target_switch","M_Santos(2005-2018)",1833.62790956004
"Target_switch_Santos (2018)","Target_switch","M_Santos(2005-2018)",1667.77029822182
"Target_switch_Santos (2018)","Target_switch","M_Santos(2005-2018)",1689.68141518752
"Target_switch_Vieira (2019)","Target_switch","M_Vieira(1988-2018)",1905.75422500343
"Target_switch_Vieira (2019)","Target_switch","M_Vieira(1988-2018)",1757.13040792032
"Target_switch_Vieira (2019)","Target_switch","M_Vieira(1988-2018)",1951.028249107
"Target_switch_Vieira (2019)","Target_switch","M_Vieira(1988-2018)",1687.51034678597
"Target_switch_Vieira (2019)","Target_switch","M_Vieira(1988-2018)",1682.26000525612
"Target_switch_Vieira (2019)","Target_switch","M_Vieira(1988-2018)",1931.1493123261
"Target_switch_Vieira (2019)","Target_switch","M_Vieira(1988-2018)",1973.63658883087
"Target_switch_Vieira (2019)","Target_switch","M_Vieira(1988-2018)",1943.23044845434
"Target_switch_Vieira (2019)","Target_switch","M_Vieira(1988-2018)",1529.67244051722
"Target_switch_Vieira (2019)","Target_switch","M_Vieira(1988-2018)",1872.52098666154
"Target_switch_Vieira (2019)","Target_switch","M_Vieira(1988-2018)",1973.46723480951
"Target_switch_Vieira (2019)","Target_switch","M_Vieira(1988-2018)",1823.84085271265
"Target_switch_Vieira (2019)","Target_switch","M_Vieira(1988-2018)",1798.63065947873
"Target_switch_Vieira (2019)","Target_switch","M_Vieira(1988-2018)",1797.16769982292
"Target_switch_Vieira (2019)","Target_switch","M_Vieira(1988-2018)",1847.54448098544
"Target_switch_Vieira (2019)","Target_switch","M_Vieira(1988-2018)",1767.51229176918
"Target_switch_Vieira (2019)","Target_switch","M_Vieira(1988-2018)",1920.68284778231
"Target_switch_Vieira (2019)","Target_switch","M_Vieira(1988-2018)",1800.98044479284
"Target_switch_Vieira (2019)","Target_switch","M_Vieira(1988-2018)",1733.21333515339
"Target_switch_Vieira (2019)","Target_switch","M_Vieira(1988-2018)",1706.29292345291
"Target_switch_Vieira (2019)","Target_switch","M_Vieira(1988-2018)",1787.7125041219
"Target_switch_Vieira (2019)","Target_switch","M_Vieira(1988-2018)",1933.2761011652
"Target_switch_Vieira (2019)","Target_switch","M_Vieira(1988-2018)",1920.56343840313
"Target_switch_Vieira (2019)","Target_switch","M_Vieira(1988-2018)",1926.42014079259
"Target_switch_Vieira (2019)","Target_switch","M_Vieira(1988-2018)",1666.62163086123
"Target_switch_Vieira (2019)","Target_switch","M_Vieira(1988-2018)",1734.35772727481
"Target_switch_Vieira (2019)","Target_switch","M_Vieira(1988-2018)",1758.97561401807
"Target_switch_Vieira (2019)","Target_switch","M_Vieira(1988-2018)",1806.59906923933
"Target_switch_Vieira (2019)","Target_switch","M_Vieira(1988-2018)",1970.63185934181
"Target_switch_Vieira (2019)","Target_switch","M_Vieira(1988-2018)",1928.27280552811
"Target_switch_Vieira (2019)","Target_switch","M_Vieira(1988-2018)",1810.09721315832
"Target_switch_Vieira (2019)","Target_switch","M_Vieira(1988-2018)",1815.39403713292
"Target_switch_Vieira (2019)","Target_switch","M_Vieira(1988-2018)",1719.04888771045
"Target_switch_Vieira (2019)","Target_switch","M_Vieira(1988-2018)",1866.08418493109
"Target_switch_Vieira (2019)","Target_switch","M_Vieira(1988-2018)",1718.43869890046
"Target_switch_Vieira (2019)","Target_switch","M_Vieira(1988-2018)",1914.19402938988
"Target_switch_Vieira (2019)","Target_switch","M_Vieira(1988-2018)",1867.7221089075
"Target_switch_Vieira (2019)","Target_switch","M_Vieira(1988-2018)",1745.06136471981
"Target_switch_Vieira (2019)","Target_switch","M_Vieira(1988-2018)",1775.23983830119
"Target_switch_Vieira (2019)","Target_switch","M_Vieira(1988-2018)",1823.12590470757
"Target_switch_Vieira (2019)","Target_switch","M_Vieira(1988-2018)",1810.83042181708
"Target_switch_Vieira (2019)","Target_switch","M_Vieira(1988-2018)",1956.10674816577
"Target_switch_Vieira (2019)","Target_switch","M_Vieira(1988-2018)",1926.37300489429
"Target_switch_Vieira (2019)","Target_switch","M_Vieira(1988-2018)",1725.22601087437
"Target_switch_Vieira (2019)","Target_switch","M_Vieira(1988-2018)",1779.55799119334
"Target_switch_Vieira (2019)","Target_switch","M_Vieira(1988-2018)",1738.6789220162
"Target_switch_Vieira (2019)","Target_switch","M_Vieira(1988-2018)",1711.26869875763
"Target_switch_Vieira (2019)","Target_switch","M_Vieira(1988-2018)",1743.38477652326
"Target_switch_Vieira (2019)","Target_switch","M_Vieira(1988-2018)",1810.15063824715
"Target_switch_Vieira (2019)","Target_switch","M_Vieira(1988-2018)",1922.11021464619
"Target_switch_Vieira (2019)","Target_switch","M_Vieira(1988-2018)",1818.55429899968
"Target_switch_Vieira (2019)","Target_switch","M_Vieira(1988-2018)",1735.50918059688
"Target_switch_Vieira (2019)","Target_switch","M_Vieira(1988-2018)",1718.06892303838
"Target_switch_Vieira (2019)","Target_switch","M_Vieira(1988-2018)",1773.14418821247
"Target_switch_Vieira (2019)","Target_switch","M_Vieira(1988-2018)",1757.31172658934
"Target_switch_Vieira (2019)","Target_switch","M_Vieira(1988-2018)",1904.67914667126
"Target_switch_Vieira (2019)","Target_switch","M_Vieira(1988-2018)",1938.21897218748
"Target_switch_Vieira (2019)","Target_switch","M_Vieira(1988-2018)",1947.57763100501
"Target_switch_Vieira (2019)","Target_switch","M_Vieira(1988-2018)",1798.51927600651
"Target_switch_Vieira (2019)","Target_switch","M_Vieira(1988-2018)",1930.65613854214
"Target_switch_Vieira (2019)","Target_switch","M_Vieira(1988-2018)",1862.38881368697
"Target_switch_Vieira (2019)","Target_switch","M_Vieira(1988-2018)",1933.16048729822
"Target_switch_Vieira (2019)","Target_switch","M_Vieira(1988-2018)",1814.21209099737
"Target_switch_Vieira (2019)","Target_switch","M_Vieira(1988-2018)",1869.57593763204
"Target_switch_Vieira (2019)","Target_switch","M_Vieira(1988-2018)",1678.81888634002
"Target_switch_Vieira (2019)","Target_switch","M_Vieira(1988-2018)",1948.30033897666
"Target_switch_Vieira (2019)","Target_switch","M_Vieira(1988-2018)",1711.40602117171
"Target_switch_Vieira (2019)","Target_switch","M_Vieira(1988-2018)",1751.18644512734
"Target_switch_Vieira (2019)","Target_switch","M_Vieira(1988-2018)",1887.0213107375
"Target_switch_Vieira (2019)","Target_switch","M_Vieira(1988-2018)",1809.95320094844
"Target_switch_Vieira (2019)","Target_switch","M_Vieira(1988-2018)",1951.44711461041
"Target_switch_Vieira (2019)","Target_switch","M_Vieira(1988-2018)",1907.29441682501
"Target_switch_Vieira (2019)","Target_switch","M_Vieira(1988-2018)",1759.47971746614
"Target_switch_Vieira (2019)","Target_switch","M_Vieira(1988-2018)",1925.44082111809
"Target_switch_Vieira (2019)","Target_switch","M_Vieira(1988-2018)",1781.72579677387
"Target_switch_Vieira (2019)","Target_switch","M_Vieira(1988-2018)",1737.67474925343
"Target_switch_Vieira (2019)","Target_switch","M_Vieira(1988-2018)",1815.27381933244
"Target_switch_Vieira (2019)","Target_switch","M_Vieira(1988-2018)",1869.23288920971
"Target_switch_Vieira (2019)","Target_switch","M_Vieira(1988-2018)",1857.96547445691
"Target_switch_Vieira (2019)","Target_switch","M_Vieira(1988-2018)",1731.49767255416
"Target_switch_Vieira (2019)","Target_switch","M_Vieira(1988-2018)",1926.00638541811
"Target_switch_Vieira (2019)","Target_switch","M_Vieira(1988-2018)",1757.21659341199
"Target_switch_Vieira (2019)","Target_switch","M_Vieira(1988-2018)",1713.17045666044
"Target_switch_Vieira (2019)","Target_switch","M_Vieira(1988-2018)",1919.65117694238
"Target_switch_Vieira (2019)","Target_switch","M_Vieira(1988-2018)",1697.9993582162
"Target_switch_Vieira (2019)","Target_switch","M_Vieira(1988-2018)",1944.19537376239
"Target_switch_Vieira (2019)","Target_switch","M_Vieira(1988-2018)",1880.06681275489
"Target_switch_Vieira (2019)","Target_switch","M_Vieira(1988-2018)",1739.01669214834
"Target_switch_Vieira (2019)","Target_switch","M_Vieira(1988-2018)",1767.83374503082
"Target_switch_Vieira (2019)","Target_switch","M_Vieira(1988-2018)",1946.93255515751
"Target_switch_Vieira (2019)","Target_switch","M_Vieira(1988-2018)",1854.82113449551
"Target_switch_Vieira (2019)","Target_switch","M_Vieira(1988-2018)",1811.49399996636
"Target_switch_Vieira (2019)","Target_switch","M_Vieira(1988-2018)",1758.00882397086
"Target_switch_Vieira (2019)","Target_switch","M_Vieira(1988-2018)",1780.61646857549
"Target_switch_Vieira (2019)","Target_switch","M_Vieira(1988-2018)",1887.24250616566
"Target_switch_Vieira (2019)","Target_switch","M_Vieira(1988-2018)",1638.19387956352
"Target_switch_Vieira (2019)","Target_switch","M_Vieira(1988-2018)",1904.99532919562
"Target_switch_Vieira (2019)","Target_switch","M_Vieira(1988-2018)",1898.45635911685
"Target_switch_Vieira (2019)","Target_switch","M_Vieira(1988-2018)",1737.32591729695
"Target_switch_Vieira (2019)","Target_switch","M_Vieira(1988-2018)",1934.52835053887
"Target_switch_Vieira (2019)","Target_switch","M_Vieira(1988-2018)",1849.69996241611
"Target_switch_Vieira (2019)","Target_switch","M_Vieira(1988-2018)",1807.31992757684
"Target_switch_Vieira (2019)","Target_switch","M_Vieira(1988-2018)",1849.57180906444
"Target_switch_Vieira (2019)","Target_switch","M_Vieira(1988-2018)",1819.89738572396
"Target_switch_Vieira (2019)","Target_switch","M_Vieira(1988-2018)",1761.92271331723
"Target_switch_Vieira (2019)","Target_switch","M_Vieira(1988-2018)",1892.27307666921
"Target_switch_Vieira (2019)","Target_switch","M_Vieira(1988-2018)",1825.06511802048
"Target_switch_Vieira (2019)","Target_switch","M_Vieira(1988-2018)",1802.23722726123
"Target_switch_Vieira (2019)","Target_switch","M_Vieira(1988-2018)",1741.06626715492
"Target_switch_Vieira (2019)","Target_switch","M_Vieira(1988-2018)",1788.04942919106
"Target_switch_Vieira (2019)","Target_switch","M_Vieira(1988-2018)",1721.58387999819
"Target_switch_Vieira (2019)","Target_switch","M_Vieira(1988-2018)",1786.11716901624
"Target_switch_Vieira (2019)","Target_switch","M_Vieira(1988-2018)",1936.05266016813
"Target_switch_Vieira (2019)","Target_switch","M_Vieira(1988-2018)",1835.89296541877
"Target_switch_Vieira (2019)","Target_switch","M_Vieira(1988-2018)",1793.18965776026
"Target_switch_Vieira (2019)","Target_switch","M_Vieira(1988-2018)",1929.33131375305
"Target_switch_Vieira (2019)","Target_switch","M_Vieira(1988-2018)",1961.48254125593
"Target_switch_Vieira (2019)","Target_switch","M_Vieira(1988-2018)",1728.9917002633
"Target_switch_Vieira (2019)","Target_switch","M_Vieira(1988-2018)",1816.81846839926
"Target_switch_Vieira (2019)","Target_switch","M_Vieira(1988-2018)",1827.72904795404
"Target_switch_Vieira (2019)","Target_switch","M_Vieira(1988-2018)",1651.58047166404
"Target_switch_Vieira (2019)","Target_switch","M_Vieira(1988-2018)",1913.92206375749
"Target_switch_Vieira (2019)","Target_switch","M_Vieira(1988-2018)",1755.66229567659
"Target_switch_Vieira (2019)","Target_switch","M_Vieira(1988-2018)",1689.54463177726
"Target_switch_Vieira (2019)","Target_switch","M_Vieira(1988-2018)",1903.50947016948
"Target_switch_Vieira (2019)","Target_switch","M_Vieira(1988-2018)",1839.44867714614
"Target_switch_Vieira (2019)","Target_switch","M_Vieira(1988-2018)",1887.38219301994
"Target_switch_Vieira (2019)","Target_switch","M_Vieira(1988-2018)",1965.53844399088
"Target_switch_Vieira (2019)","Target_switch","M_Vieira(1988-2018)",1952.78074009399
"Target_switch_Vieira (2019)","Target_switch","M_Vieira(1988-2018)",1840.97465842813
"Target_switch_Vieira (2019)","Target_switch","M_Vieira(1988-2018)",1786.91160074401
"Target_switch_Vieira (2019)","Target_switch","M_Vieira(1988-2018)",1884.83281959353
"Target_switch_Vieira (2019)","Target_switch","M_Vieira(1988-2018)",1699.01294644083
"Target_switch_Vieira (2019)","Target_switch","M_Vieira(1988-2018)",1710.37151773453
"Target_switch_Vieira (2019)","Target_switch","M_Vieira(1988-2018)",1970.00487690124
"Target_switch_Vieira (2019)","Target_switch","M_Vieira(1988-2018)",1766.07374406659
"Target_switch_Vieira (2019)","Target_switch","M_Vieira(1988-2018)",1858.57387416822
"Target_switch_Vieira (2019)","Target_switch","M_Vieira(1988-2018)",1950.74187956452
"Target_switch_Vieira (2019)","Target_switch","M_Vieira(1988-2018)",1828.73009894546
"Target_switch_Vieira (2019)","Target_switch","M_Vieira(1988-2018)",1596.24689702819
"Target_switch_Vieira (2019)","Target_switch","M_Vieira(1988-2018)",1765.45078527271
"Target_switch_Vieira (2019)","Target_switch","M_Vieira(1988-2018)",1863.42897260108
"Target_switch_Vieira (2019)","Target_switch","M_Vieira(1988-2018)",1799.53437118115
"Target_switch_Vieira (2019)","Target_switch","M_Vieira(1988-2018)",1935.97880921972
"Target_switch_Vieira (2019)","Target_switch","M_Vieira(1988-2018)",1835.13594488947
"Target_switch_Vieira (2019)","Target_switch","M_Vieira(1988-2018)",1966.5494428323
"Target_switch_Vieira (2019)","Target_switch","M_Vieira(1988-2018)",1786.84741425335
"Target_switch_Vieira (2019)","Target_switch","M_Vieira(1988-2018)",1916.79696621324
"Target_switch_Vieira (2019)","Target_switch","M_Vieira(1988-2018)",1925.796577162
"Target_switch_Vieira (2019)","Target_switch","M_Vieira(1988-2018)",1825.74730678526
"Target_switch_Vieira (2019)","Target_switch","M_Vieira(1988-2018)",1705.22249782248
"Target_switch_Vieira (2019)","Target_switch","M_Vieira(1988-2018)",1694.86244893784
"Target_switch_Vieira (2019)","Target_switch","M_Vieira(1988-2018)",1935.00799041537
"Target_switch_Vieira (2019)","Target_switch","M_Vieira(1988-2018)",1856.33451270182
"Target_switch_Vieira (2019)","Target_switch","M_Vieira(1988-2018)",1722.59279109903
"Target_switch_Vieira (2019)","Target_switch","M_Vieira(1988-2018)",1800.74515100154
"Target_switch_Vieira (2019)","Target_switch","M_Vieira(1988-2018)",1839.11404214512
"Target_switch_Vieira (2019)","Target_switch","M_Vieira(1988-2018)",1826.49141951337
"Target_switch_Vieira (2019)","Target_switch","M_Vieira(1988-2018)",1771.3077244873
"Target_switch_Vieira (2019)","Target_switch","M_Vieira(1988-2018)",1740.24272807252
"Target_switch_Vieira (2019)","Target_switch","M_Vieira(1988-2018)",1777.39916777538
"Target_switch_Vieira (2019)","Target_switch","M_Vieira(1988-2018)",1659.79632726026
"Target_switch_Vieira (2019)","Target_switch","M_Vieira(1988-2018)",1841.05072076093
"Target_switch_Vieira (2019)","Target_switch","M_Vieira(1988-2018)",1951.62845515895
"Target_switch_Vieira (2019)","Target_switch","M_Vieira(1988-2018)",1794.75270952377
"Target_switch_Vieira (2019)","Target_switch","M_Vieira(1988-2018)",1736.35120995825
"Target_switch_Vieira (2019)","Target_switch","M_Vieira(1988-2018)",1579.94058829203
"Target_switch_Vieira (2019)","Target_switch","M_Vieira(1988-2018)",1861.21407492721
"Target_switch_Vieira (2019)","Target_switch","M_Vieira(1988-2018)",1581.28172487085
"Target_switch_Vieira (2019)","Target_switch","M_Vieira(1988-2018)",1918.88381491733
"Target_switch_Vieira (2019)","Target_switch","M_Vieira(1988-2018)",1947.36506897127
"Target_switch_Vieira (2019)","Target_switch","M_Vieira(1988-2018)",1709.11417895704
"Target_switch_Vieira (2019)","Target_switch","M_Vieira(1988-2018)",1923.07245475033
"Target_switch_Vieira (2019)","Target_switch","M_Vieira(1988-2018)",1686.11455984871
"Target_switch_Vieira (2019)","Target_switch","M_Vieira(1988-2018)",1713.92591194271
"Target_switch_Vieira (2019)","Target_switch","M_Vieira(1988-2018)",1704.69975109651
"Target_switch_Vieira (2019)","Target_switch","M_Vieira(1988-2018)",1865.56665301034
"Target_switch_Vieira (2019)","Target_switch","M_Vieira(1988-2018)",1794.39878700038
"Target_switch_Vieira (2019)","Target_switch","M_Vieira(1988-2018)",1832.50036334419
"Target_switch_Vieira (2019)","Target_switch","M_Vieira(1988-2018)",1912.31547426568
"Target_switch_Vieira (2019)","Target_switch","M_Vieira(1988-2018)",1761.13889373648
"Target_switch_Vieira (2019)","Target_switch","M_Vieira(1988-2018)",1874.7528875575
"Target_switch_Vieira (2019)","Target_switch","M_Vieira(1988-2018)",1790.6448497903
"Target_switch_Vieira (2019)","Target_switch","M_Vieira(1988-2018)",1849.08551129176
"Target_switch_Vieira (2019)","Target_switch","M_Vieira(1988-2018)",1921.7291465092
"Target_switch_Vieira (2019)","Target_switch","M_Vieira(1988-2018)",1798.61409423715
"Target_switch_Vieira (2019)","Target_switch","M_Vieira(1988-2018)",1827.67223303908
"Target_switch_Vieira (2019)","Target_switch","M_Vieira(1988-2018)",1688.60150923189
"Target_switch_Vieira (2019)","Target_switch","M_Vieira(1988-2018)",1851.33207671615
"Target_switch_Vieira (2019)","Target_switch","M_Vieira(1988-2018)",1896.80962287057
"Target_switch_Vieira (2019)","Target_switch","M_Vieira(1988-2018)",1896.37113558903
"Target_switch_Vieira (2019)","Target_switch","M_Vieira(1988-2018)",1854.57255795282
"Target_switch_Vieira (2019)","Target_switch","M_Vieira(1988-2018)",1870.97338042087
"Target_switch_Vieira (2019)","Target_switch","M_Vieira(1988-2018)",1952.26326310545
"Target_switch_Vieira (2019)","Target_switch","M_Vieira(1988-2018)",1842.04283359164
"Target_switch_Vieira (2019)","Target_switch","M_Vieira(1988-2018)",1711.52809925501
"Target_switch_Vieira (2019)","Target_switch","M_Vieira(1988-2018)",1803.98177286499
"Target_switch_Vieira (2019)","Target_switch","M_Vieira(1988-2018)",1754.91584538972
"Target_switch_Vieira (2019)","Target_switch","M_Vieira(1988-2018)",1815.38018038414
"Target_switch_Vieira (2019)","Target_switch","M_Vieira(1988-2018)",1768.41329308161
"Target_switch_Vieira (2019)","Target_switch","M_Vieira(1988-2018)",1768.94926109974
"Target_switch_Vieira (2019)","Target_switch","M_Vieira(1988-2018)",1932.3403142223
"Target_switch_Vieira (2019)","Target_switch","M_Vieira(1988-2018)",1888.61770529861
"Target_switch_Vieira (2019)","Target_switch","M_Vieira(1988-2018)",1873.27807098342
"Target_switch_Vieira (2019)","Target_switch","M_Vieira(1988-2018)",1943.64962405357
"Target_switch_Vieira (2019)","Target_switch","M_Vieira(1988-2018)",1785.5906662757
"Target_switch_Vieira (2019)","Target_switch","M_Vieira(1988-2018)",1951.68210410027
"Target_switch_Vieira (2019)","Target_switch","M_Vieira(1988-2018)",1724.97256412294
"Target_switch_Vieira (2019)","Target_switch","M_Vieira(1988-2018)",1947.69631401778
"Target_switch_Vieira (2019)","Target_switch","M_Vieira(1988-2018)",1903.47791925376
"Target_switch_Vieira (2019)","Target_switch","M_Vieira(1988-2018)",1791.01248000845
"Target_switch_Vieira (2019)","Target_switch","M_Vieira(1988-2018)",1919.31395982577
"Target_switch_Vieira (2019)","Target_switch","M_Vieira(1988-2018)",1861.92302423327
"Target_switch_Vieira (2019)","Target_switch","M_Vieira(1988-2018)",1910.03965834082
"Target_switch_Vieira (2019)","Target_switch","M_Vieira(1988-2018)",1881.30863246747
"Target_switch_Vieira (2019)","Target_switch","M_Vieira(1988-2018)",1798.5208068188
"Target_switch_Vieira (2019)","Target_switch","M_Vieira(1988-2018)",1950.09733282732
"Target_switch_Vieira (2019)","Target_switch","M_Vieira(1988-2018)",1843.11203764039
"Target_switch_Vieira (2019)","Target_switch","M_Vieira(1988-2018)",1674.90253543084
"Target_switch_Vieira (2019)","Target_switch","M_Vieira(1988-2018)",1798.34052739939
"Target_switch_Vieira (2019)","Target_switch","M_Vieira(1988-2018)",1920.05830462748
"Target_switch_Vieira (2019)","Target_switch","M_Vieira(1988-2018)",1769.14482853792
"Target_switch_Vieira (2019)","Target_switch","M_Vieira(1988-2018)",1924.92667768554
"Target_switch_Vieira (2019)","Target_switch","M_Vieira(1988-2018)",1724.14434703834
"Target_switch_Vieira (2019)","Target_switch","M_Vieira(1988-2018)",1926.8366642617
"Target_switch_Vieira (2019)","Target_switch","M_Vieira(1988-2018)",1777.74115147893
"Target_switch_Vieira (2019)","Target_switch","M_Vieira(1988-2018)",1765.00511398849
"Target_switch_Vieira (2019)","Target_switch","M_Vieira(1988-2018)",1864.44249251142
"Target_switch_Vieira (2019)","Target_switch","M_Vieira(1988-2018)",1815.55718289724
"Target_switch_Vieira (2019)","Target_switch","M_Vieira(1988-2018)",1702.14516446724
"Target_switch_Vieira (2019)","Target_switch","M_Vieira(1988-2018)",1792.07727371639
"Target_switch_Vieira (2019)","Target_switch","M_Vieira(1988-2018)",1902.4269015223
"Target_switch_Vieira (2019)","Target_switch","M_Vieira(1988-2018)",1828.25837748009
"Target_switch_Vieira (2019)","Target_switch","M_Vieira(1988-2018)",1913.45844642506
"Target_switch_Vieira (2019)","Target_switch","M_Vieira(1988-2018)",1758.32926107113
"Target_switch_Vieira (2019)","Target_switch","M_Vieira(1988-2018)",1681.51295608396
"Target_switch_Vieira (2019)","Target_switch","M_Vieira(1988-2018)",1829.44591815922
"Target_switch_Vieira (2019)","Target_switch","M_Vieira(1988-2018)",1800.562608748
"Target_switch_Vieira (2019)","Target_switch","M_Vieira(1988-2018)",1765.93349844323
"Target_switch_Vieira (2019)","Target_switch","M_Vieira(1988-2018)",1639.42099941353
"Target_switch_Vieira (2019)","Target_switch","M_Vieira(1988-2018)",1862.39264983924
"Target_switch_Vieira (2019)","Target_switch","M_Vieira(1988-2018)",1927.59276396305
"Target_switch_Vieira (2019)","Target_switch","M_Vieira(1988-2018)",1803.59967612799
"Target_switch_Vieira (2019)","Target_switch","M_Vieira(1988-2018)",1869.51286777893
"Target_switch_Vieira (2019)","Target_switch","M_Vieira(1988-2018)",1641.77928651609
"Target_switch_Vieira (2019)","Target_switch","M_Vieira(1988-2018)",1741.28665412838
"Target_switch_Vieira (2019)","Target_switch","M_Vieira(1988-2018)",1804.00914738076
"Target_switch_Vieira (2019)","Target_switch","M_Vieira(1988-2018)",1887.04853688422
"Target_switch_Vieira (2019)","Target_switch","M_Vieira(1988-2018)",1959.2713447329
"Target_switch_Vieira (2019)","Target_switch","M_Vieira(1988-2018)",1766.94075980575
"Target_switch_Vieira (2019)","Target_switch","M_Vieira(1988-2018)",1815.64649241522
"Target_switch_Vieira (2019)","Target_switch","M_Vieira(1988-2018)",1763.4222578397
"Target_switch_Vieira (2019)","Target_switch","M_Vieira(1988-2018)",1958.89301304595
"Target_switch_Vieira (2019)","Target_switch","M_Vieira(1988-2018)",1802.12760089547
"Target_switch_Vieira (2019)","Target_switch","M_Vieira(1988-2018)",1775.06625577147
"Target_switch_Vieira (2019)","Target_switch","M_Vieira(1988-2018)",1830.31216485713
"Target_switch_Vieira (2019)","Target_switch","M_Vieira(1988-2018)",1791.91647506765
"Target_switch_Vieira (2019)","Target_switch","M_Vieira(1988-2018)",1929.16466634816
"Target_switch_Vieira (2019)","Target_switch","M_Vieira(1988-2018)",1645.95975921348
"Target_switch_Vieira (2019)","Target_switch","M_Vieira(1988-2018)",1812.91862406543
"Target_switch_Vieira (2019)","Target_switch","M_Vieira(1988-2018)",1841.12877669604
"Target_switch_Vieira (2019)","Target_switch","M_Vieira(1988-2018)",1738.04767686392
"Target_switch_Vieira (2019)","Target_switch","M_Vieira(1988-2018)",1778.76302363832
"Target_switch_Vieira (2019)","Target_switch","M_Vieira(1988-2018)",1809.23546466632
"Target_switch_Vieira (2019)","Target_switch","M_Vieira(1988-2018)",1777.54991055507
"Target_switch_Vieira (2019)","Target_switch","M_Vieira(1988-2018)",1911.02036884356
"Target_switch_Vieira (2019)","Target_switch","M_Vieira(1988-2018)",1852.97367803994
"Target_switch_Vieira (2019)","Target_switch","M_Vieira(1988-2018)",1774.43844883693
"Target_switch_Vieira (2019)","Target_switch","M_Vieira(1988-2018)",1817.51573651818
"Target_switch_Vieira (2019)","Target_switch","M_Vieira(1988-2018)",1878.55463196353
"Target_switch_Vieira (2019)","Target_switch","M_Vieira(1988-2018)",1679.6954580487
"Target_switch_Vieira (2019)","Target_switch","M_Vieira(1988-2018)",1830.19042638629
"Target_switch_Vieira (2019)","Target_switch","M_Vieira(1988-2018)",1844.15727670688
"Target_switch_Vieira (2019)","Target_switch","M_Vieira(1988-2018)",1967.78162312954
"Target_switch_Vieira (2019)","Target_switch","M_Vieira(1988-2018)",1828.26533223101
"Target_switch_Vieira (2019)","Target_switch","M_Vieira(1988-2018)",1825.00239864476
"Target_switch_Vieira (2019)","Target_switch","M_Vieira(1988-2018)",1827.88405236291
"Target_switch_Vieira (2019)","Target_switch","M_Vieira(1988-2018)",1785.26785298851
"Target_switch_Vieira (2019)","Target_switch","M_Vieira(1988-2018)",1886.77160485118
"Target_switch_Vieira (2019)","Target_switch","M_Vieira(1988-2018)",1705.52424712427
"Target_switch_Vieira (2019)","Target_switch","M_Vieira(1988-2018)",1872.06313560686
"Target_switch_Vieira (2019)","Target_switch","M_Vieira(1988-2018)",1813.11397152796
"Target_switch_Vieira (2019)","Target_switch","M_Vieira(1988-2018)",1792.99744457825
"Target_switch_Vieira (2019)","Target_switch","M_Vieira(1988-2018)",1821.19288175318
"Target_switch_Vieira (2019)","Target_switch","M_Vieira(1988-2018)",1869.5312381485
"Target_switch_Vieira (2019)","Target_switch","M_Vieira(1988-2018)",1750.69963977856
"Target_switch_Vieira (2019)","Target_switch","M_Vieira(1988-2018)",1871.14425754112
"Target_switch_Vieira (2019)","Target_switch","M_Vieira(1988-2018)",1717.09145524167
"Target_switch_Vieira (2019)","Target_switch","M_Vieira(1988-2018)",1763.44825671535
"Target_switch_Vieira (2019)","Target_switch","M_Vieira(1988-2018)",1844.19003268134
"Target_switch_Vieira (2019)","Target_switch","M_Vieira(1988-2018)",1947.51632805235
"Target_switch_Vieira (2019)","Target_switch","M_Vieira(1988-2018)",1812.2440257495
"Target_switch_Vieira (2019)","Target_switch","M_Vieira(1988-2018)",1801.1923459268
"Target_switch_Vieira (2019)","Target_switch","M_Vieira(1988-2018)",1802.19061020001
"Target_switch_Vieira (2019)","Target_switch","M_Vieira(1988-2018)",1831.46652409829
"Target_switch_Vieira (2019)","Target_switch","M_Vieira(1988-2018)",1715.56271283221
"Target_switch_Vieira (2019)","Target_switch","M_Vieira(1988-2018)",1726.02005371295
"Target_switch_Vieira (2019)","Target_switch","M_Vieira(1988-2018)",1848.31872909533
"Target_switch_Vieira (2019)","Target_switch","M_Vieira(1988-2018)",1897.25657381291
"Target_switch_Vieira (2019)","Target_switch","M_Vieira(1988-2018)",1932.99320769694
"Target_switch_Vieira (2019)","Target_switch","M_Vieira(1988-2018)",1778.31925713806
"Target_switch_Vieira (2019)","Target_switch","M_Vieira(1988-2018)",1933.69950266921
"Target_switch_Vieira (2019)","Target_switch","M_Vieira(1988-2018)",1823.43819007177
"Target_switch_Vieira (2019)","Target_switch","M_Vieira(1988-2018)",1718.87319836291
"Target_switch_Vieira (2019)","Target_switch","M_Vieira(1988-2018)",1980.10919453378
"Target_switch_Vieira (2019)","Target_switch","M_Vieira(1988-2018)",1754.45403719644
"Target_switch_Vieira (2019)","Target_switch","M_Vieira(1988-2018)",1624.62876475028
"Target_switch_Vieira (2019)","Target_switch","M_Vieira(1988-2018)",1387.16619570105
"Target_switch_Vieira (2019)","Target_switch","M_Vieira(1988-2018)",1834.26760828729
"Target_switch_Vieira (2019)","Target_switch","M_Vieira(1988-2018)",1838.29296646949
"Target_switch_Vieira (2019)","Target_switch","M_Vieira(1988-2018)",1978.50858912087
"Target_switch_Vieira (2019)","Target_switch","M_Vieira(1988-2018)",1872.63499294469
"Target_switch_Vieira (2019)","Target_switch","M_Vieira(1988-2018)",1759.93973253529
"Target_switch_Vieira (2019)","Target_switch","M_Vieira(1988-2018)",1888.54466033388
"Target_switch_Vieira (2019)","Target_switch","M_Vieira(1988-2018)",1880.10859989659
"Target_switch_Vieira (2019)","Target_switch","M_Vieira(1988-2018)",1785.17252560509
"Target_switch_Vieira (2019)","Target_switch","M_Vieira(1988-2018)",1845.28045987346
"Target_switch_Vieira (2019)","Target_switch","M_Vieira(1988-2018)",1917.48073850403
"Target_switch_Vieira (2019)","Target_switch","M_Vieira(1988-2018)",1706.09764459025
"Target_switch_Vieira (2019)","Target_switch","M_Vieira(1988-2018)",1834.93828801246
"Target_switch_Vieira (2019)","Target_switch","M_Vieira(1988-2018)",1790.02007827814
"Target_switch_Vieira (2019)","Target_switch","M_Vieira(1988-2018)",1956.82397395032
"Target_switch_Vieira (2019)","Target_switch","M_Vieira(1988-2018)",1744.21919155671
"Target_switch_Vieira (2019)","Target_switch","M_Vieira(1988-2018)",1856.54328710295
"Target_switch_Vieira (2019)","Target_switch","M_Vieira(1988-2018)",1834.06449124519
"Target_switch_Vieira (2019)","Target_switch","M_Vieira(1988-2018)",1886.15347945784
"Target_switch_Vieira (2019)","Target_switch","M_Vieira(1988-2018)",1747.53234576333
"Target_switch_Vieira (2019)","Target_switch","M_Vieira(1988-2018)",1847.29938380746
"Target_switch_Vieira (2019)","Target_switch","M_Vieira(1988-2018)",1899.76301751549
"Target_switch_Vieira (2019)","Target_switch","M_Vieira(1988-2018)",1926.13365210558
"Target_switch_Vieira (2019)","Target_switch","M_Vieira(1988-2018)",1801.55061823784
"Target_switch_Vieira (2019)","Target_switch","M_Vieira(1988-2018)",1830.80264068357
"Target_switch_Vieira (2019)","Target_switch","M_Vieira(1988-2018)",1906.55422576415
"Target_switch_Vieira (2019)","Target_switch","M_Vieira(1988-2018)",1842.63496370516
"Target_switch_Vieira (2019)","Target_switch","M_Vieira(1988-2018)",1913.38574119701
"Target_switch_Vieira (2019)","Target_switch","M_Vieira(1988-2018)",1778.89320482704
"Target_switch_Vieira (2019)","Target_switch","M_Vieira(1988-2018)",1667.26014368984
"Target_switch_Vieira (2019)","Target_switch","M_Vieira(1988-2018)",1764.37960727025
"Target_switch_Vieira (2019)","Target_switch","M_Vieira(1988-2018)",1920.12737039871
"Target_switch_Vieira (2019)","Target_switch","M_Vieira(1988-2018)",1564.71645889055
"Target_switch_Vieira (2019)","Target_switch","M_Vieira(1988-2018)",1931.24719178719
"Target_switch_Vieira (2019)","Target_switch","M_Vieira(1988-2018)",1810.8317242748
"Target_switch_Vieira (2019)","Target_switch","M_Vieira(1988-2018)",1770.83551956468
"Target_switch_Vieira (2019)","Target_switch","M_Vieira(1988-2018)",1901.28766207237
"Target_switch_Vieira (2019)","Target_switch","M_Vieira(1988-2018)",1896.02022980325
"Target_switch_Vieira (2019)","Target_switch","M_Vieira(1988-2018)",1920.1992985257
"Target_switch_Vieira (2019)","Target_switch","M_Vieira(1988-2018)",1758.8031489805
"Target_switch_Vieira (2019)","Target_switch","M_Vieira(1988-2018)",1804.77731470891
"Target_switch_Vieira (2019)","Target_switch","M_Vieira(1988-2018)",1792.76016710444
"Target_switch_Vieira (2019)","Target_switch","M_Vieira(1988-2018)",1795.33706388166
"Target_switch_Vieira (2019)","Target_switch","M_Vieira(1988-2018)",1925.87362948588
"Target_switch_Vieira (2019)","Target_switch","M_Vieira(1988-2018)",1894.78515333157
"Target_switch_Vieira (2019)","Target_switch","M_Vieira(1988-2018)",1745.08964291714
"Target_switch_Vieira (2019)","Target_switch","M_Vieira(1988-2018)",1860.45669926723
"Target_switch_Vieira (2019)","Target_switch","M_Vieira(1988-2018)",1904.52272021106
"Target_switch_Vieira (2019)","Target_switch","M_Vieira(1988-2018)",1833.88565410685
"Target_switch_Vieira (2019)","Target_switch","M_Vieira(1988-2018)",1761.20903454569
"Target_switch_Vieira (2019)","Target_switch","M_Vieira(1988-2018)",1705.4987583295
"Target_switch_Vieira (2019)","Target_switch","M_Vieira(1988-2018)",1893.67704336985
"Target_switch_Vieira (2019)","Target_switch","M_Vieira(1988-2018)",1542.36884787425
"Target_switch_Vieira (2019)","Target_switch","M_Vieira(1988-2018)",1889.40865566024
"Target_switch_Vieira (2019)","Target_switch","M_Vieira(1988-2018)",1835.25092665829
"Target_switch_Vieira (2019)","Target_switch","M_Vieira(1988-2018)",1877.1828171747
"Target_switch_Vieira (2019)","Target_switch","M_Vieira(1988-2018)",1924.28787633143
"Target_switch_Vieira (2019)","Target_switch","M_Vieira(1988-2018)",1872.20324755497
"Target_switch_Vieira (2019)","Target_switch","M_Vieira(1988-2018)",1896.80763471181
"Target_switch_Vieira (2019)","Target_switch","M_Vieira(1988-2018)",1929.85002724012
"Target_switch_Vieira (2019)","Target_switch","M_Vieira(1988-2018)",1789.85556659047
"Target_switch_Vieira (2019)","Target_switch","M_Vieira(1988-2018)",1735.6115389276
"Target_switch_Vieira (2019)","Target_switch","M_Vieira(1988-2018)",1823.34261515744
"Target_switch_Vieira (2019)","Target_switch","M_Vieira(1988-2018)",1755.45490112372
"Target_switch_Vieira (2019)","Target_switch","M_Vieira(1988-2018)",1821.88580264445
"Target_switch_Vieira (2019)","Target_switch","M_Vieira(1988-2018)",1796.25258708029
"Target_switch_Vieira (2019)","Target_switch","M_Vieira(1988-2018)",1797.99721628979
"Target_switch_Vieira (2019)","Target_switch","M_Vieira(1988-2018)",1511.31935833019
"Target_switch_Vieira (2019)","Target_switch","M_Vieira(1988-2018)",1870.9344131269
"Target_switch_Vieira (2019)","Target_switch","M_Vieira(1988-2018)",1823.09761389902
"Target_switch_Vieira (2019)","Target_switch","M_Vieira(1988-2018)",1886.33714154441
"Target_switch_Vieira (2019)","Target_switch","M_Vieira(1988-2018)",1779.31663055763
"Target_switch_Vieira (2019)","Target_switch","M_Vieira(1988-2018)",1811.48600980973
"Target_switch_Vieira (2019)","Target_switch","M_Vieira(1988-2018)",1892.75538703446
"Target_switch_Vieira (2019)","Target_switch","M_Vieira(1988-2018)",1990.23740128563
"Target_switch_Vieira (2019)","Target_switch","M_Vieira(1988-2018)",1851.61796429545
"Target_switch_Vieira (2019)","Target_switch","M_Vieira(1988-2018)",1858.67202460212
"Target_switch_Vieira (2019)","Target_switch","M_Vieira(1988-2018)",1783.87116046822
"Target_switch_Vieira (2019)","Target_switch","M_Vieira(1988-2018)",1776.05504271139
"Target_switch_Vieira (2019)","Target_switch","M_Vieira(1988-2018)",1894.69071929215
"Target_switch_Vieira (2019)","Target_switch","M_Vieira(1988-2018)",1837.38955806015
"Target_switch_Vieira (2019)","Target_switch","M_Vieira(1988-2018)",1602.43133578019
"Target_switch_Vieira (2019)","Target_switch","M_Vieira(1988-2018)",1707.0482362698
"Target_switch_Vieira (2019)","Target_switch","M_Vieira(1988-2018)",1818.0544928895
"Target_switch_Vieira (2019)","Target_switch","M_Vieira(1988-2018)",1941.50833913929
"Target_switch_Vieira (2019)","Target_switch","M_Vieira(1988-2018)",1837.07380336503
"Target_switch_Vieira (2019)","Target_switch","M_Vieira(1988-2018)",1690.23648982873
"Target_switch_Vieira (2019)","Target_switch","M_Vieira(1988-2018)",1771.50049567952
"Target_switch_Vieira (2019)","Target_switch","M_Vieira(1988-2018)",1747.78716443126
"Target_switch_Vieira (2019)","Target_switch","M_Vieira(1988-2018)",1931.48225808035
"Target_switch_Vieira (2019)","Target_switch","M_Vieira(1988-2018)",1869.94773985542
"Target_switch_Vieira (2019)","Target_switch","M_Vieira(1988-2018)",1802.691720177
"Target_switch_Vieira (2019)","Target_switch","M_Vieira(1988-2018)",1993.67204764824
"Target_switch_Vieira (2019)","Target_switch","M_Vieira(1988-2018)",1849.03609477024
"Target_switch_Vieira (2019)","Target_switch","M_Vieira(1988-2018)",1834.56914455968
"Target_switch_Vieira (2019)","Target_switch","M_Vieira(1988-2018)",1814.72419818325
"Target_switch_Vieira (2019)","Target_switch","M_Vieira(1988-2018)",1796.68113158679
"Target_switch_Vieira (2019)","Target_switch","M_Vieira(1988-2018)",1917.35018531571
"Target_switch_Vieira (2019)","Target_switch","M_Vieira(1988-2018)",1879.77307334886
"Target_switch_Vieira (2019)","Target_switch","M_Vieira(1988-2018)",1768.61532949294
"Target_switch_Vieira (2019)","Target_switch","M_Vieira(1988-2018)",1895.60786934796
"Target_switch_Vieira (2019)","Target_switch","M_Vieira(1988-2018)",1874.07627043873
"Target_switch_Vieira (2019)","Target_switch","M_Vieira(1988-2018)",1664.27073252102
"Target_switch_Vieira (2019)","Target_switch","M_Vieira(1988-2018)",1828.86182748399
"Target_switch_Vieira (2019)","Target_switch","M_Vieira(1988-2018)",1923.36249276851
"Target_switch_Vieira (2019)","Target_switch","M_Vieira(1988-2018)",1933.35466189497
"Target_switch_Vieira (2019)","Target_switch","M_Vieira(1988-2018)",1895.31322714787
"Target_switch_Vieira (2019)","Target_switch","M_Vieira(1988-2018)",1817.80661147452
"Target_switch_Vieira (2019)","Target_switch","M_Vieira(1988-2018)",1897.09059835073
"Target_switch_Vieira (2019)","Target_switch","M_Vieira(1988-2018)",1775.38241488388
"Target_switch_Vieira (2019)","Target_switch","M_Vieira(1988-2018)",1696.64309173369
"Target_switch_Vieira (2019)","Target_switch","M_Vieira(1988-2018)",1832.07860794438
"Target_switch_Vieira (2019)","Target_switch","M_Vieira(1988-2018)",1757.06968608486
"Target_switch_Vieira (2019)","Target_switch","M_Vieira(1988-2018)",1848.44661030589
"Target_switch_Vieira (2019)","Target_switch","M_Vieira(1988-2018)",1827.02275917166
"Target_switch_Vieira (2019)","Target_switch","M_Vieira(1988-2018)",1726.59067169929
"Target_switch_Vieira (2019)","Target_switch","M_Vieira(1988-2018)",1775.66964472251
"Target_switch_Vieira (2019)","Target_switch","M_Vieira(1988-2018)",1826.70712037822
"Target_switch_Vieira (2019)","Target_switch","M_Vieira(1988-2018)",1855.77281775081
"Target_switch_Vieira (2019)","Target_switch","M_Vieira(1988-2018)",1916.38136580825
"Target_switch_Vieira (2019)","Target_switch","M_Vieira(1988-2018)",1897.51319683495
"Target_switch_Vieira (2019)","Target_switch","M_Vieira(1988-2018)",1796.77023125147
"Target_switch_Vieira (2019)","Target_switch","M_Vieira(1988-2018)",1746.01597340935
"Target_switch_Vieira (2019)","Target_switch","M_Vieira(1988-2018)",1700.47172601186
"Target_switch_Vieira (2019)","Target_switch","M_Vieira(1988-2018)",1794.84583409492
"Target_switch_Vieira (2019)","Target_switch","M_Vieira(1988-2018)",1882.34086941224
"Target_switch_Vieira (2019)","Target_switch","M_Vieira(1988-2018)",1800.01084230651
"Target_switch_Vieira (2019)","Target_switch","M_Vieira(1988-2018)",1823.64409684217
"Target_switch_Vieira (2019)","Target_switch","M_Vieira(1988-2018)",1915.75012581004
"Target_switch_Vieira (2019)","Target_switch","M_Vieira(1988-2018)",1950.89344668821
"Target_switch_Vieira (2019)","Target_switch","M_Vieira(1988-2018)",1905.81159383776
"Target_switch_Vieira (2019)","Target_switch","M_Vieira(1988-2018)",1836.98747644303
"Target_switch_Vieira (2019)","Target_switch","M_Vieira(1988-2018)",1921.35434044595
"Target_switch_Vieira (2019)","Target_switch","M_Vieira(1988-2018)",1428.43966614823
"Target_switch_Vieira (2019)","Target_switch","M_Vieira(1988-2018)",1794.22398706556
"Target_switch_Vieira (2019)","Target_switch","M_Vieira(1988-2018)",1913.15980817571
"Target_switch_Vieira (2019)","Target_switch","M_Vieira(1988-2018)",1887.78761470251
"Target_switch_Vieira (2019)","Target_switch","M_Vieira(1988-2018)",1758.43356119338
"Target_switch_Vieira (2019)","Target_switch","M_Vieira(1988-2018)",1879.27744845784
"Target_switch_Vieira (2019)","Target_switch","M_Vieira(1988-2018)",1926.21617898731
"Target_switch_Vieira (2019)","Target_switch","M_Vieira(1988-2018)",1740.60605478059
"Target_switch_Vieira (2019)","Target_switch","M_Vieira(1988-2018)",1920.50496551754
"Target_switch_Vieira (2019)","Target_switch","M_Vieira(1988-2018)",1897.24947915073
"Target_switch_Vieira (2019)","Target_switch","M_Vieira(1988-2018)",1770.03730969835
"Target_switch_Vieira (2019)","Target_switch","M_Vieira(1988-2018)",1920.70989330907
"Target_switch_Vieira (2019)","Target_switch","M_Vieira(1988-2018)",1913.56619315219
"Target_switch_Vieira (2019)","Target_switch","M_Vieira(1988-2018)",1906.31847864996
"Target_switch_Vieira (2019)","Target_switch","M_Vieira(1988-2018)",1768.95670385901
"Target_switch_Vieira (2019)","Target_switch","M_Vieira(1988-2018)",1949.98642979975
"Target_switch_Vieira (2019)","Target_switch","M_Vieira(1988-2018)",1791.45996025232
"Target_switch_Vieira (2019)","Target_switch","M_Vieira(1988-2018)",1737.39281293234
"Target_switch_Vieira (2019)","Target_switch","M_Vieira(1988-2018)",1763.68923122161
"Target_switch_Vieira (2019)","Target_switch","M_Vieira(1988-2018)",1766.45601712631
"Target_switch_Vieira (2019)","Target_switch","M_Vieira(1988-2018)",1734.8489090025
"Target_switch_Vieira (2019)","Target_switch","M_Vieira(1988-2018)",1768.53491429821
"Target_switch_Vieira (2019)","Target_switch","M_Vieira(1988-2018)",1787.44862199333
"Target_switch_Vieira (2019)","Target_switch","M_Vieira(1988-2018)",1747.05358525643
"Target_switch_Vieira (2019)","Target_switch","M_Vieira(1988-2018)",1915.45784896332
"Target_switch_Vieira (2019)","Target_switch","M_Vieira(1988-2018)",1894.61327774588
"Target_switch_Vieira (2019)","Target_switch","M_Vieira(1988-2018)",1723.25721723408
"Target_switch_Vieira (2019)","Target_switch","M_Vieira(1988-2018)",1441.41326028276
"Target_switch_Vieira (2019)","Target_switch","M_Vieira(1988-2018)",1939.47793604143
"Target_switch_Vieira (2019)","Target_switch","M_Vieira(1988-2018)",1766.80950935011
"Target_switch_Vieira (2019)","Target_switch","M_Vieira(1988-2018)",1612.74635672491
"Target_switch_Vieira (2019)","Target_switch","M_Vieira(1988-2018)",1755.74462531275
"Target_switch_Vieira (2019)","Target_switch","M_Vieira(1988-2018)",1946.9133705093
"Target_switch_Vieira (2019)","Target_switch","M_Vieira(1988-2018)",1863.46368830535
"Target_switch_Vieira (2019)","Target_switch","M_Vieira(1988-2018)",1824.65187974483
"Target_switch_Vieira (2019)","Target_switch","M_Vieira(1988-2018)",1854.28507442778
"Target_switch_Vieira (2019)","Target_switch","M_Vieira(1988-2018)",1802.86225072179
"Target_switch_Vieira (2019)","Target_switch","M_Vieira(1988-2018)",1789.85694602699
"Target_switch_Vieira (2019)","Target_switch","M_Vieira(1988-2018)",1896.14432755832
"Target_switch_Vieira (2019)","Target_switch","M_Vieira(1988-2018)",1851.35539388519
"Target_switch_Vieira (2019)","Target_switch","M_Vieira(1988-2018)",1719.9782055271
"Target_switch_Vieira (2019)","Target_switch","M_Vieira(1988-2018)",1832.23356078202
"Target_switch_Vieira (2019)","Target_switch","M_Vieira(1988-2018)",1895.65282161218
"Target_switch_Vieira (2019)","Target_switch","M_Vieira(1988-2018)",1866.76707202287
"Target_switch_Vieira (2019)","Target_switch","M_Vieira(1988-2018)",1873.88761653773
"Target_switch_Vieira (2019)","Target_switch","M_Vieira(1988-2018)",1820.5078039519
"Target_switch_Vieira (2019)","Target_switch","M_Vieira(1988-2018)",1429.14083574413
"Target_switch_Vieira (2019)","Target_switch","M_Vieira(1988-2018)",1743.27140774578
"Target_switch_Vieira (2019)","Target_switch","M_Vieira(1988-2018)",1522.69106111408
"Target_switch_Vieira (2019)","Target_switch","M_Vieira(1988-2018)",1881.98346887679
"Target_switch_Vieira (2019)","Target_switch","M_Vieira(1988-2018)",1766.29509744532
"Target_switch_Vieira (2019)","Target_switch","M_Vieira(1988-2018)",1845.07454310995
"Target_switch_Vieira (2019)","Target_switch","M_Vieira(1988-2018)",1680.14618990494
"Target_switch_Vieira (2019)","Target_switch","M_Vieira(1988-2018)",1967.05878896381
"Target_switch_Vieira (2019)","Target_switch","M_Vieira(1988-2018)",1772.29264796275
"Target_switch_Vieira (2019)","Target_switch","M_Vieira(1988-2018)",1833.00099107982
"Target_switch_Vieira (2019)","Target_switch","M_Vieira(1988-2018)",1548.78229813305
"Target_switch_Vieira (2019)","Target_switch","M_Vieira(1988-2018)",1896.54823172864
"Target_switch_Vieira (2019)","Target_switch","M_Vieira(1988-2018)",1785.65736248983
"Target_switch_Vieira (2019)","Target_switch","M_Vieira(1988-2018)",1955.24748012561
"Target_switch_Vieira (2019)","Target_switch","M_Vieira(1988-2018)",1890.54830650368
"Target_switch_Vieira (2019)","Target_switch","M_Vieira(1988-2018)",1869.72937442371
"Target_switch_Vieira (2019)","Target_switch","M_Vieira(1988-2018)",1763.80459130744
"Target_switch_Vieira (2019)","Target_switch","M_Vieira(1988-2018)",1749.90223264127
"Target_switch_Vieira (2019)","Target_switch","M_Vieira(1988-2018)",1731.91711005891
"Target_switch_Vieira (2019)","Target_switch","M_Vieira(1988-2018)",1921.40770797313
"Target_switch_Vieira (2019)","Target_switch","M_Vieira(1988-2018)",1819.97191011317
"Target_switch_Vieira (2019)","Target_switch","M_Vieira(1988-2018)",1731.65367347931
"Target_switch_Vieira (2019)","Target_switch","M_Vieira(1988-2018)",1897.92502565525
"Target_switch_Vieira (2019)","Target_switch","M_Vieira(1988-2018)",1712.42214259791
"Target_switch_Vieira (2019)","Target_switch","M_Vieira(1988-2018)",1810.73977789813
"Target_switch_Vieira (2019)","Target_switch","M_Vieira(1988-2018)",1758.02057262091
"Target_switch_Vieira (2019)","Target_switch","M_Vieira(1988-2018)",1839.51845638666
"Target_switch_Vieira (2019)","Target_switch","M_Vieira(1988-2018)",1779.55336486183
"Target_switch_Vieira (2019)","Target_switch","M_Vieira(1988-2018)",1697.60100671258
"Target_switch_Vieira (2019)","Target_switch","M_Vieira(1988-2018)",1755.25982657318
"Target_switch_Vieira (2019)","Target_switch","M_Vieira(1988-2018)",1791.68576472024
"Target_switch_Vieira (2019)","Target_switch","M_Vieira(1988-2018)",1901.13878612474
"Target_switch_Vieira (2019)","Target_switch","M_Vieira(1988-2018)",1821.86890858875
"Target_switch_Vieira (2019)","Target_switch","M_Vieira(1988-2018)",1964.44608906966
"Target_switch_Vieira (2019)","Target_switch","M_Vieira(1988-2018)",1910.36257237037
"Target_switch_Vieira (2019)","Target_switch","M_Vieira(1988-2018)",1668.04621693808
"Target_switch_Vieira (2019)","Target_switch","M_Vieira(1988-2018)",1872.58154151025
"Target_switch_Vieira (2019)","Target_switch","M_Vieira(1988-2018)",1783.28654015934
"Target_switch_Vieira (2019)","Target_switch","M_Vieira(1988-2018)",1803.18281244141
"Target_switch_Vieira (2019)","Target_switch","M_Vieira(1988-2018)",1815.76321487503
"Target_switch_Vieira (2019)","Target_switch","M_Vieira(1988-2018)",1860.09686628768
"Target_switch_Vieira (2019)","Target_switch","M_Vieira(1988-2018)",1839.57874897373
"Target_switch_Vieira (2019)","Target_switch","M_Vieira(1988-2018)",1722.44055517051
"Target_switch_Vieira (2019)","Target_switch","M_Vieira(1988-2018)",1711.5924025694
"Target_switch_Vieira (2019)","Target_switch","M_Vieira(1988-2018)",1761.75069969843
"Target_switch_Vieira (2019)","Target_switch","M_Vieira(1988-2018)",1833.22272420021
"Target_switch_Vieira (2019)","Target_switch","M_Vieira(1988-2018)",1701.26149520237
"Target_switch_Vieira (2019)","Target_switch","M_Vieira(1988-2018)",1934.36699786628
"Target_switch_Vieira (2019)","Target_switch","M_Vieira(1988-2018)",1826.56755289993
"Target_switch_Vieira (2019)","Target_switch","M_Vieira(1988-2018)",1814.10515087699
"Target_switch_Vieira (2019)","Target_switch","M_Vieira(1988-2018)",1907.88901067881
"Target_switch_Vieira (2019)","Target_switch","M_Vieira(1988-2018)",1571.15174194222
"Target_switch_Vieira (2019)","Target_switch","M_Vieira(1988-2018)",1575.37882672053
"Target_switch_Vieira (2019)","Target_switch","M_Vieira(1988-2018)",1769.68045397112
"Target_switch_Vieira (2019)","Target_switch","M_Vieira(1988-2018)",1849.62915173444
"Target_switch_Vieira (2019)","Target_switch","M_Vieira(1988-2018)",1867.83765941295
"Target_switch_Vieira (2019)","Target_switch","M_Vieira(1988-2018)",1793.84435185401
"Target_switch_Vieira (2019)","Target_switch","M_Vieira(1988-2018)",1734.76152059295
"Target_switch_Vieira (2019)","Target_switch","M_Vieira(1988-2018)",1816.14838672769
"Target_switch_Vieira (2019)","Target_switch","M_Vieira(1988-2018)",1743.94909966774
"Target_switch_Vieira (2019)","Target_switch","M_Vieira(1988-2018)",1856.63515641793
"Target_switch_Vieira (2019)","Target_switch","M_Vieira(1988-2018)",1870.78985270996
"Target_switch_Vieira (2019)","Target_switch","M_Vieira(1988-2018)",1705.14164199522
"Target_switch_Vieira (2019)","Target_switch","M_Vieira(1988-2018)",1858.85543832617
"Target_switch_Vieira (2019)","Target_switch","M_Vieira(1988-2018)",1743.15922488874
"Target_switch_Vieira (2019)","Target_switch","M_Vieira(1988-2018)",1871.00717742387
"Target_switch_Vieira (2019)","Target_switch","M_Vieira(1988-2018)",1806.06217310509
"Target_switch_Vieira (2019)","Target_switch","M_Vieira(1988-2018)",1696.40131833894
"Target_switch_Vieira (2019)","Target_switch","M_Vieira(1988-2018)",1941.7484391425
"Target_switch_Vieira (2019)","Target_switch","M_Vieira(1988-2018)",1775.53813228608
"Target_switch_Vieira (2019)","Target_switch","M_Vieira(1988-2018)",1759.10651455929
"Target_switch_Vieira (2019)","Target_switch","M_Vieira(1988-2018)",1936.91113092788
"Target_switch_Vieira (2019)","Target_switch","M_Vieira(1988-2018)",1790.43725234538
"Target_switch_Vieira (2019)","Target_switch","M_Vieira(1988-2018)",1905.04290832002
"Target_switch_Vieira (2019)","Target_switch","M_Vieira(1988-2018)",1742.84758653469
"Target_switch_Vieira (2019)","Target_switch","M_Vieira(1988-2018)",1726.86960548633
"Target_switch_Vieira (2019)","Target_switch","M_Vieira(1988-2018)",1872.93371806138
"Target_switch_Vieira (2019)","Target_switch","M_Vieira(1988-2018)",1948.21544474182
"Target_switch_Vieira (2019)","Target_switch","M_Vieira(1988-2018)",1831.23287918955
"Target_switch_Vieira (2019)","Target_switch","M_Vieira(1988-2018)",1817.31573879262
"Target_switch_Vieira (2019)","Target_switch","M_Vieira(1988-2018)",1808.77245262317
"Target_switch_Vieira (2019)","Target_switch","M_Vieira(1988-2018)",1695.50492154645
"Target_switch_Vieira (2019)","Target_switch","M_Vieira(1988-2018)",1729.83687023364
"Target_switch_Vieira (2019)","Target_switch","M_Vieira(1988-2018)",1818.4876208233
"Target_switch_Vieira (2019)","Target_switch","M_Vieira(1988-2018)",1812.0431677321
"Target_switch_Vieira (2019)","Target_switch","M_Vieira(1988-2018)",1818.09961846686
"Target_switch_Vieira (2019)","Target_switch","M_Vieira(1988-2018)",1839.56871993533
"Target_switch_Vieira (2019)","Target_switch","M_Vieira(1988-2018)",1707.0412947026
"Target_switch_Vieira (2019)","Target_switch","M_Vieira(1988-2018)",1904.72621848778
"Target_switch_Vieira (2019)","Target_switch","M_Vieira(1988-2018)",1899.52189233325
"Target_switch_Vieira (2019)","Target_switch","M_Vieira(1988-2018)",1913.62284192403
"Target_switch_Vieira (2019)","Target_switch","M_Vieira(1988-2018)",1887.36633326649
"Target_switch_Vieira (2019)","Target_switch","M_Vieira(1988-2018)",1866.02727178468
"Target_switch_Vieira (2019)","Target_switch","M_Vieira(1988-2018)",1883.13945052879
"Target_switch_Vieira (2019)","Target_switch","M_Vieira(1988-2018)",1798.9963787681
"Target_switch_Vieira (2019)","Target_switch","M_Vieira(1988-2018)",1765.22986692747
"Target_switch_Vieira (2019)","Target_switch","M_Vieira(1988-2018)",1722.85002284987
"Target_switch_Vieira (2019)","Target_switch","M_Vieira(1988-2018)",1892.45206344252
"Target_switch_Vieira (2019)","Target_switch","M_Vieira(1988-2018)",1939.14483220421
"Target_switch_Vieira (2019)","Target_switch","M_Vieira(1988-2018)",1909.05064769193
"Target_switch_Vieira (2019)","Target_switch","M_Vieira(1988-2018)",1831.13017475464
"Target_switch_Vieira (2019)","Target_switch","M_Vieira(1988-2018)",1915.2799006742
"Target_switch_Vieira (2019)","Target_switch","M_Vieira(1988-2018)",1831.30429956082
"Target_switch_Vieira (2019)","Target_switch","M_Vieira(1988-2018)",1824.16699968333
"Target_switch_Vieira (2019)","Target_switch","M_Vieira(1988-2018)",1900.59557288318
"Target_switch_Vieira (2019)","Target_switch","M_Vieira(1988-2018)",1887.46536164655
"Target_switch_Vieira (2019)","Target_switch","M_Vieira(1988-2018)",1835.33486317988
"Target_switch_Vieira (2019)","Target_switch","M_Vieira(1988-2018)",1910.1859426795
"Uninformative_bk_Jardim (1999)","Uninformative_bk","M_Jardim(1981-1994)",1869.08305884547
"Uninformative_bk_Jardim (1999)","Uninformative_bk","M_Jardim(1981-1994)",1941.13697718563
"Uninformative_bk_Jardim (1999)","Uninformative_bk","M_Jardim(1981-1994)",1974.19531484144
"Uninformative_bk_Jardim (1999)","Uninformative_bk","M_Jardim(1981-1994)",1985.85478937418
"Uninformative_bk_Jardim (1999)","Uninformative_bk","M_Jardim(1981-1994)",1933.46346209043
"Uninformative_bk_Jardim (1999)","Uninformative_bk","M_Jardim(1981-1994)",1611.53798661617
"Uninformative_bk_Jardim (1999)","Uninformative_bk","M_Jardim(1981-1994)",1989.68977282164
"Uninformative_bk_Jardim (1999)","Uninformative_bk","M_Jardim(1981-1994)",2388.67722866623
"Uninformative_bk_Jardim (1999)","Uninformative_bk","M_Jardim(1981-1994)",2940.70129563795
"Uninformative_bk_Jardim (1999)","Uninformative_bk","M_Jardim(1981-1994)",4245.58891634778
"Uninformative_bk_Jardim (1999)","Uninformative_bk","M_Jardim(1981-1994)",2494.25238786334
"Uninformative_bk_Jardim (1999)","Uninformative_bk","M_Jardim(1981-1994)",1860.83682382744
"Uninformative_bk_Jardim (1999)","Uninformative_bk","M_Jardim(1981-1994)",2119.87408398113
"Uninformative_bk_Jardim (1999)","Uninformative_bk","M_Jardim(1981-1994)",2058.77627445034
"Uninformative_bk_Jardim (1999)","Uninformative_bk","M_Jardim(1981-1994)",2027.32980562892
"Uninformative_bk_Jardim (1999)","Uninformative_bk","M_Jardim(1981-1994)",1941.95415143443
"Uninformative_bk_Jardim (1999)","Uninformative_bk","M_Jardim(1981-1994)",1738.67593196894
"Uninformative_bk_Jardim (1999)","Uninformative_bk","M_Jardim(1981-1994)",1877.45595632114
"Uninformative_bk_Jardim (1999)","Uninformative_bk","M_Jardim(1981-1994)",2961.0856338635
"Uninformative_bk_Jardim (1999)","Uninformative_bk","M_Jardim(1981-1994)",1841.68546390166
"Uninformative_bk_Jardim (1999)","Uninformative_bk","M_Jardim(1981-1994)",1914.67789214688
"Uninformative_bk_Jardim (1999)","Uninformative_bk","M_Jardim(1981-1994)",2717.54381616328
"Uninformative_bk_Jardim (1999)","Uninformative_bk","M_Jardim(1981-1994)",1437.46451377319
"Uninformative_bk_Jardim (1999)","Uninformative_bk","M_Jardim(1981-1994)",1728.34569510101
"Uninformative_bk_Jardim (1999)","Uninformative_bk","M_Jardim(1981-1994)",1791.02246962075
"Uninformative_bk_Jardim (1999)","Uninformative_bk","M_Jardim(1981-1994)",2773.42669123358
"Uninformative_bk_Jardim (1999)","Uninformative_bk","M_Jardim(1981-1994)",1930.87691861876
"Uninformative_bk_Jardim (1999)","Uninformative_bk","M_Jardim(1981-1994)",2552.92498147229
"Uninformative_bk_Jardim (1999)","Uninformative_bk","M_Jardim(1981-1994)",1923.31590017764
"Uninformative_bk_Jardim (1999)","Uninformative_bk","M_Jardim(1981-1994)",2097.71836095039
"Uninformative_bk_Jardim (1999)","Uninformative_bk","M_Jardim(1981-1994)",2271.67076013735
"Uninformative_bk_Jardim (1999)","Uninformative_bk","M_Jardim(1981-1994)",1691.0195594533
"Uninformative_bk_Jardim (1999)","Uninformative_bk","M_Jardim(1981-1994)",1897.37982327906
"Uninformative_bk_Jardim (1999)","Uninformative_bk","M_Jardim(1981-1994)",2068.24086523331
"Uninformative_bk_Jardim (1999)","Uninformative_bk","M_Jardim(1981-1994)",2165.105844771
"Uninformative_bk_Jardim (1999)","Uninformative_bk","M_Jardim(1981-1994)",2529.97923160277
"Uninformative_bk_Jardim (1999)","Uninformative_bk","M_Jardim(1981-1994)",2492.36742480309
"Uninformative_bk_Jardim (1999)","Uninformative_bk","M_Jardim(1981-1994)",1900.44598218503
"Uninformative_bk_Jardim (1999)","Uninformative_bk","M_Jardim(1981-1994)",1743.73558513755
"Uninformative_bk_Jardim (1999)","Uninformative_bk","M_Jardim(1981-1994)",1701.05021681268
"Uninformative_bk_Jardim (1999)","Uninformative_bk","M_Jardim(1981-1994)",1764.22190211727
"Uninformative_bk_Jardim (1999)","Uninformative_bk","M_Jardim(1981-1994)",1860.44900971419
"Uninformative_bk_Jardim (1999)","Uninformative_bk","M_Jardim(1981-1994)",1960.96540412249
"Uninformative_bk_Jardim (1999)","Uninformative_bk","M_Jardim(1981-1994)",2956.68214477296
"Uninformative_bk_Jardim (1999)","Uninformative_bk","M_Jardim(1981-1994)",2016.93662018673
"Uninformative_bk_Jardim (1999)","Uninformative_bk","M_Jardim(1981-1994)",1984.60846167892
"Uninformative_bk_Jardim (1999)","Uninformative_bk","M_Jardim(1981-1994)",1994.51247877304
"Uninformative_bk_Jardim (1999)","Uninformative_bk","M_Jardim(1981-1994)",1908.67894383215
"Uninformative_bk_Jardim (1999)","Uninformative_bk","M_Jardim(1981-1994)",1855.50051727773
"Uninformative_bk_Jardim (1999)","Uninformative_bk","M_Jardim(1981-1994)",1794.66366937728
"Uninformative_bk_Jardim (1999)","Uninformative_bk","M_Jardim(1981-1994)",2462.87436885913
"Uninformative_bk_Jardim (1999)","Uninformative_bk","M_Jardim(1981-1994)",1867.8930224327
"Uninformative_bk_Jardim (1999)","Uninformative_bk","M_Jardim(1981-1994)",1761.83878498823
"Uninformative_bk_Jardim (1999)","Uninformative_bk","M_Jardim(1981-1994)",1820.3622943854
"Uninformative_bk_Jardim (1999)","Uninformative_bk","M_Jardim(1981-1994)",2888.05900520752
"Uninformative_bk_Jardim (1999)","Uninformative_bk","M_Jardim(1981-1994)",1759.94645707991
"Uninformative_bk_Jardim (1999)","Uninformative_bk","M_Jardim(1981-1994)",1842.47553335504
"Uninformative_bk_Jardim (1999)","Uninformative_bk","M_Jardim(1981-1994)",1854.32663670084
"Uninformative_bk_Jardim (1999)","Uninformative_bk","M_Jardim(1981-1994)",2453.22100631875
"Uninformative_bk_Jardim (1999)","Uninformative_bk","M_Jardim(1981-1994)",1881.65980071402
"Uninformative_bk_Jardim (1999)","Uninformative_bk","M_Jardim(1981-1994)",1965.29377041964
"Uninformative_bk_Jardim (1999)","Uninformative_bk","M_Jardim(1981-1994)",1750.03599376727
"Uninformative_bk_Jardim (1999)","Uninformative_bk","M_Jardim(1981-1994)",1825.21467891441
"Uninformative_bk_Jardim (1999)","Uninformative_bk","M_Jardim(1981-1994)",1983.82566268302
"Uninformative_bk_Jardim (1999)","Uninformative_bk","M_Jardim(1981-1994)",1928.24992516897
"Uninformative_bk_Jardim (1999)","Uninformative_bk","M_Jardim(1981-1994)",1929.23041438235
"Uninformative_bk_Jardim (1999)","Uninformative_bk","M_Jardim(1981-1994)",1968.26021843631
"Uninformative_bk_Jardim (1999)","Uninformative_bk","M_Jardim(1981-1994)",2145.48925672918
"Uninformative_bk_Jardim (1999)","Uninformative_bk","M_Jardim(1981-1994)",2202.09782775484
"Uninformative_bk_Jardim (1999)","Uninformative_bk","M_Jardim(1981-1994)",1945.9961719059
"Uninformative_bk_Jardim (1999)","Uninformative_bk","M_Jardim(1981-1994)",1694.12465185223
"Uninformative_bk_Jardim (1999)","Uninformative_bk","M_Jardim(1981-1994)",1840.29219979214
"Uninformative_bk_Jardim (1999)","Uninformative_bk","M_Jardim(1981-1994)",1909.1627293912
"Uninformative_bk_Jardim (1999)","Uninformative_bk","M_Jardim(1981-1994)",1910.54078818845
"Uninformative_bk_Jardim (1999)","Uninformative_bk","M_Jardim(1981-1994)",1846.06871521625
"Uninformative_bk_Jardim (1999)","Uninformative_bk","M_Jardim(1981-1994)",1961.12917810346
"Uninformative_bk_Jardim (1999)","Uninformative_bk","M_Jardim(1981-1994)",1953.21660451395
"Uninformative_bk_Jardim (1999)","Uninformative_bk","M_Jardim(1981-1994)",1815.41799077862
"Uninformative_bk_Jardim (1999)","Uninformative_bk","M_Jardim(1981-1994)",1796.32120029796
"Uninformative_bk_Jardim (1999)","Uninformative_bk","M_Jardim(1981-1994)",1693.76400054577
"Uninformative_bk_Jardim (1999)","Uninformative_bk","M_Jardim(1981-1994)",1995.1559839962
"Uninformative_bk_Jardim (1999)","Uninformative_bk","M_Jardim(1981-1994)",1886.611115532
"Uninformative_bk_Jardim (1999)","Uninformative_bk","M_Jardim(1981-1994)",1664.71979802617
"Uninformative_bk_Jardim (1999)","Uninformative_bk","M_Jardim(1981-1994)",3068.92871698013
"Uninformative_bk_Jardim (1999)","Uninformative_bk","M_Jardim(1981-1994)",1875.20618079243
"Uninformative_bk_Jardim (1999)","Uninformative_bk","M_Jardim(1981-1994)",1981.96679349429
"Uninformative_bk_Jardim (1999)","Uninformative_bk","M_Jardim(1981-1994)",1865.23296972134
"Uninformative_bk_Jardim (1999)","Uninformative_bk","M_Jardim(1981-1994)",1865.9047762564
"Uninformative_bk_Jardim (1999)","Uninformative_bk","M_Jardim(1981-1994)",2311.016955944
"Uninformative_bk_Jardim (1999)","Uninformative_bk","M_Jardim(1981-1994)",1909.98833003506
"Uninformative_bk_Jardim (1999)","Uninformative_bk","M_Jardim(1981-1994)",1906.51057779184
"Uninformative_bk_Jardim (1999)","Uninformative_bk","M_Jardim(1981-1994)",1886.34750195284
"Uninformative_bk_Jardim (1999)","Uninformative_bk","M_Jardim(1981-1994)",2988.71157389176
"Uninformative_bk_Jardim (1999)","Uninformative_bk","M_Jardim(1981-1994)",2164.86970989548
"Uninformative_bk_Jardim (1999)","Uninformative_bk","M_Jardim(1981-1994)",1942.53845828559
"Uninformative_bk_Jardim (1999)","Uninformative_bk","M_Jardim(1981-1994)",1771.19308627553
"Uninformative_bk_Jardim (1999)","Uninformative_bk","M_Jardim(1981-1994)",1930.28142883174
"Uninformative_bk_Jardim (1999)","Uninformative_bk","M_Jardim(1981-1994)",1910.28813917158
"Uninformative_bk_Jardim (1999)","Uninformative_bk","M_Jardim(1981-1994)",1836.49007247298
"Uninformative_bk_Jardim (1999)","Uninformative_bk","M_Jardim(1981-1994)",1888.12604045497
"Uninformative_bk_Jardim (1999)","Uninformative_bk","M_Jardim(1981-1994)",1965.41396482362
"Uninformative_bk_Jardim (1999)","Uninformative_bk","M_Jardim(1981-1994)",1905.33655765668
"Uninformative_bk_Jardim (1999)","Uninformative_bk","M_Jardim(1981-1994)",3189.38399825742
"Uninformative_bk_Jardim (1999)","Uninformative_bk","M_Jardim(1981-1994)",1991.74461009015
"Uninformative_bk_Jardim (1999)","Uninformative_bk","M_Jardim(1981-1994)",1962.87978344065
"Uninformative_bk_Jardim (1999)","Uninformative_bk","M_Jardim(1981-1994)",3465.36408484995
"Uninformative_bk_Jardim (1999)","Uninformative_bk","M_Jardim(1981-1994)",1982.71061731582
"Uninformative_bk_Jardim (1999)","Uninformative_bk","M_Jardim(1981-1994)",1908.56565596181
"Uninformative_bk_Jardim (1999)","Uninformative_bk","M_Jardim(1981-1994)",1938.7549802568
"Uninformative_bk_Jardim (1999)","Uninformative_bk","M_Jardim(1981-1994)",4163.66959618023
"Uninformative_bk_Jardim (1999)","Uninformative_bk","M_Jardim(1981-1994)",1958.80383573233
"Uninformative_bk_Jardim (1999)","Uninformative_bk","M_Jardim(1981-1994)",1943.58724067957
"Uninformative_bk_Jardim (1999)","Uninformative_bk","M_Jardim(1981-1994)",1896.65830092066
"Uninformative_bk_Jardim (1999)","Uninformative_bk","M_Jardim(1981-1994)",1975.73554984804
"Uninformative_bk_Jardim (1999)","Uninformative_bk","M_Jardim(1981-1994)",1933.51025027161
"Uninformative_bk_Jardim (1999)","Uninformative_bk","M_Jardim(1981-1994)",1977.30819747763
"Uninformative_bk_Jardim (1999)","Uninformative_bk","M_Jardim(1981-1994)",1926.84761751842
"Uninformative_bk_Jardim (1999)","Uninformative_bk","M_Jardim(1981-1994)",2396.80388357049
"Uninformative_bk_Jardim (1999)","Uninformative_bk","M_Jardim(1981-1994)",1999.1467432831
"Uninformative_bk_Jardim (1999)","Uninformative_bk","M_Jardim(1981-1994)",3874.98542135342
"Uninformative_bk_Jardim (1999)","Uninformative_bk","M_Jardim(1981-1994)",1868.87941080067
"Uninformative_bk_Jardim (1999)","Uninformative_bk","M_Jardim(1981-1994)",1850.3474183103
"Uninformative_bk_Jardim (1999)","Uninformative_bk","M_Jardim(1981-1994)",1936.88065762289
"Uninformative_bk_Jardim (1999)","Uninformative_bk","M_Jardim(1981-1994)",1927.75291661631
"Uninformative_bk_Jardim (1999)","Uninformative_bk","M_Jardim(1981-1994)",1987.59373279984
"Uninformative_bk_Jardim (1999)","Uninformative_bk","M_Jardim(1981-1994)",1976.55014974859
"Uninformative_bk_Jardim (1999)","Uninformative_bk","M_Jardim(1981-1994)",4565.78156541534
"Uninformative_bk_Jardim (1999)","Uninformative_bk","M_Jardim(1981-1994)",3371.54060666464
"Uninformative_bk_Jardim (1999)","Uninformative_bk","M_Jardim(1981-1994)",1808.88231612947
"Uninformative_bk_Jardim (1999)","Uninformative_bk","M_Jardim(1981-1994)",2207.73185539521
"Uninformative_bk_Jardim (1999)","Uninformative_bk","M_Jardim(1981-1994)",1783.97594648379
"Uninformative_bk_Jardim (1999)","Uninformative_bk","M_Jardim(1981-1994)",1917.11518347074
"Uninformative_bk_Jardim (1999)","Uninformative_bk","M_Jardim(1981-1994)",1887.22589186681
"Uninformative_bk_Jardim (1999)","Uninformative_bk","M_Jardim(1981-1994)",1939.93246481319
"Uninformative_bk_Jardim (1999)","Uninformative_bk","M_Jardim(1981-1994)",2049.50116389559
"Uninformative_bk_Jardim (1999)","Uninformative_bk","M_Jardim(1981-1994)",2234.82757182654
"Uninformative_bk_Jardim (1999)","Uninformative_bk","M_Jardim(1981-1994)",1998.67471040849
"Uninformative_bk_Jardim (1999)","Uninformative_bk","M_Jardim(1981-1994)",1830.70764304635
"Uninformative_bk_Jardim (1999)","Uninformative_bk","M_Jardim(1981-1994)",2076.3603348429
"Uninformative_bk_Jardim (1999)","Uninformative_bk","M_Jardim(1981-1994)",1785.29539557324
"Uninformative_bk_Jardim (1999)","Uninformative_bk","M_Jardim(1981-1994)",2731.24684215477
"Uninformative_bk_Jardim (1999)","Uninformative_bk","M_Jardim(1981-1994)",1891.21493945627
"Uninformative_bk_Jardim (1999)","Uninformative_bk","M_Jardim(1981-1994)",3397.55225662251
"Uninformative_bk_Jardim (1999)","Uninformative_bk","M_Jardim(1981-1994)",1791.32998570279
"Uninformative_bk_Jardim (1999)","Uninformative_bk","M_Jardim(1981-1994)",1822.41153881324
"Uninformative_bk_Jardim (1999)","Uninformative_bk","M_Jardim(1981-1994)",1968.3280978302
"Uninformative_bk_Jardim (1999)","Uninformative_bk","M_Jardim(1981-1994)",1531.21837760136
"Uninformative_bk_Jardim (1999)","Uninformative_bk","M_Jardim(1981-1994)",2057.90043596053
"Uninformative_bk_Jardim (1999)","Uninformative_bk","M_Jardim(1981-1994)",1949.8146457187
"Uninformative_bk_Jardim (1999)","Uninformative_bk","M_Jardim(1981-1994)",1928.27356887766
"Uninformative_bk_Jardim (1999)","Uninformative_bk","M_Jardim(1981-1994)",1910.67174281
"Uninformative_bk_Jardim (1999)","Uninformative_bk","M_Jardim(1981-1994)",1702.87714291379
"Uninformative_bk_Jardim (1999)","Uninformative_bk","M_Jardim(1981-1994)",2174.13586699521
"Uninformative_bk_Jardim (1999)","Uninformative_bk","M_Jardim(1981-1994)",2237.54496736952
"Uninformative_bk_Jardim (1999)","Uninformative_bk","M_Jardim(1981-1994)",2019.04265316094
"Uninformative_bk_Jardim (1999)","Uninformative_bk","M_Jardim(1981-1994)",4036.70899910063
"Uninformative_bk_Jardim (1999)","Uninformative_bk","M_Jardim(1981-1994)",1996.891685393
"Uninformative_bk_Jardim (1999)","Uninformative_bk","M_Jardim(1981-1994)",1947.54553904586
"Uninformative_bk_Jardim (1999)","Uninformative_bk","M_Jardim(1981-1994)",2085.40675356065
"Uninformative_bk_Jardim (1999)","Uninformative_bk","M_Jardim(1981-1994)",2069.02352355738
"Uninformative_bk_Jardim (1999)","Uninformative_bk","M_Jardim(1981-1994)",1908.49332346284
"Uninformative_bk_Jardim (1999)","Uninformative_bk","M_Jardim(1981-1994)",1453.61807630227
"Uninformative_bk_Jardim (1999)","Uninformative_bk","M_Jardim(1981-1994)",1769.3240968642
"Uninformative_bk_Jardim (1999)","Uninformative_bk","M_Jardim(1981-1994)",1847.43465853482
"Uninformative_bk_Jardim (1999)","Uninformative_bk","M_Jardim(1981-1994)",1931.4202243384
"Uninformative_bk_Jardim (1999)","Uninformative_bk","M_Jardim(1981-1994)",1837.79555685485
"Uninformative_bk_Jardim (1999)","Uninformative_bk","M_Jardim(1981-1994)",1928.22331699474
"Uninformative_bk_Jardim (1999)","Uninformative_bk","M_Jardim(1981-1994)",1791.44393984204
"Uninformative_bk_Jardim (1999)","Uninformative_bk","M_Jardim(1981-1994)",1968.85280848588
"Uninformative_bk_Jardim (1999)","Uninformative_bk","M_Jardim(1981-1994)",1951.61005185167
"Uninformative_bk_Jardim (1999)","Uninformative_bk","M_Jardim(1981-1994)",2057.19761943476
"Uninformative_bk_Jardim (1999)","Uninformative_bk","M_Jardim(1981-1994)",2043.41851660895
"Uninformative_bk_Jardim (1999)","Uninformative_bk","M_Jardim(1981-1994)",1890.51532911049
"Uninformative_bk_Jardim (1999)","Uninformative_bk","M_Jardim(1981-1994)",2050.08109040284
"Uninformative_bk_Jardim (1999)","Uninformative_bk","M_Jardim(1981-1994)",1906.10823750418
"Uninformative_bk_Jardim (1999)","Uninformative_bk","M_Jardim(1981-1994)",2066.32281282738
"Uninformative_bk_Jardim (1999)","Uninformative_bk","M_Jardim(1981-1994)",1887.46558778222
"Uninformative_bk_Jardim (1999)","Uninformative_bk","M_Jardim(1981-1994)",1971.80595639588
"Uninformative_bk_Jardim (1999)","Uninformative_bk","M_Jardim(1981-1994)",3376.49864285464
"Uninformative_bk_Jardim (1999)","Uninformative_bk","M_Jardim(1981-1994)",1949.8713940538
"Uninformative_bk_Jardim (1999)","Uninformative_bk","M_Jardim(1981-1994)",1919.82756298076
"Uninformative_bk_Jardim (1999)","Uninformative_bk","M_Jardim(1981-1994)",1772.88420972932
"Uninformative_bk_Jardim (1999)","Uninformative_bk","M_Jardim(1981-1994)",1832.18371782886
"Uninformative_bk_Jardim (1999)","Uninformative_bk","M_Jardim(1981-1994)",1886.04997529753
"Uninformative_bk_Jardim (1999)","Uninformative_bk","M_Jardim(1981-1994)",1867.30741213089
"Uninformative_bk_Jardim (1999)","Uninformative_bk","M_Jardim(1981-1994)",1870.91197310722
"Uninformative_bk_Jardim (1999)","Uninformative_bk","M_Jardim(1981-1994)",1872.11202229735
"Uninformative_bk_Jardim (1999)","Uninformative_bk","M_Jardim(1981-1994)",1887.05430893286
"Uninformative_bk_Jardim (1999)","Uninformative_bk","M_Jardim(1981-1994)",1892.92089591407
"Uninformative_bk_Jardim (1999)","Uninformative_bk","M_Jardim(1981-1994)",1891.21595864259
"Uninformative_bk_Jardim (1999)","Uninformative_bk","M_Jardim(1981-1994)",1824.3033091059
"Uninformative_bk_Jardim (1999)","Uninformative_bk","M_Jardim(1981-1994)",1861.46638886526
"Uninformative_bk_Jardim (1999)","Uninformative_bk","M_Jardim(1981-1994)",1821.04973638589
"Uninformative_bk_Jardim (1999)","Uninformative_bk","M_Jardim(1981-1994)",1864.34796334051
"Uninformative_bk_Jardim (1999)","Uninformative_bk","M_Jardim(1981-1994)",2343.14958896095
"Uninformative_bk_Jardim (1999)","Uninformative_bk","M_Jardim(1981-1994)",2285.16119386304
"Uninformative_bk_Jardim (1999)","Uninformative_bk","M_Jardim(1981-1994)",1973.55145862921
"Uninformative_bk_Jardim (1999)","Uninformative_bk","M_Jardim(1981-1994)",1982.17033709196
"Uninformative_bk_Jardim (1999)","Uninformative_bk","M_Jardim(1981-1994)",1899.6170843877
"Uninformative_bk_Jardim (1999)","Uninformative_bk","M_Jardim(1981-1994)",1907.01501990187
"Uninformative_bk_Jardim (1999)","Uninformative_bk","M_Jardim(1981-1994)",1957.09164867384
"Uninformative_bk_Jardim (1999)","Uninformative_bk","M_Jardim(1981-1994)",3824.6551981063
"Uninformative_bk_Jardim (1999)","Uninformative_bk","M_Jardim(1981-1994)",1990.22205322529
"Uninformative_bk_Jardim (1999)","Uninformative_bk","M_Jardim(1981-1994)",2738.07845528644
"Uninformative_bk_Jardim (1999)","Uninformative_bk","M_Jardim(1981-1994)",1867.03138939913
"Uninformative_bk_Jardim (1999)","Uninformative_bk","M_Jardim(1981-1994)",1948.46845204507
"Uninformative_bk_Jardim (1999)","Uninformative_bk","M_Jardim(1981-1994)",1913.87821085711
"Uninformative_bk_Jardim (1999)","Uninformative_bk","M_Jardim(1981-1994)",1916.42173318222
"Uninformative_bk_Jardim (1999)","Uninformative_bk","M_Jardim(1981-1994)",2577.07841169145
"Uninformative_bk_Jardim (1999)","Uninformative_bk","M_Jardim(1981-1994)",1985.31767831903
"Uninformative_bk_Jardim (1999)","Uninformative_bk","M_Jardim(1981-1994)",1888.3757116545
"Uninformative_bk_Jardim (1999)","Uninformative_bk","M_Jardim(1981-1994)",2661.20261156071
"Uninformative_bk_Jardim (1999)","Uninformative_bk","M_Jardim(1981-1994)",1891.96467161727
"Uninformative_bk_Jardim (1999)","Uninformative_bk","M_Jardim(1981-1994)",1931.80044731354
"Uninformative_bk_Jardim (1999)","Uninformative_bk","M_Jardim(1981-1994)",1869.38577825483
"Uninformative_bk_Jardim (1999)","Uninformative_bk","M_Jardim(1981-1994)",1903.63025638852
"Uninformative_bk_Jardim (1999)","Uninformative_bk","M_Jardim(1981-1994)",5525.93885057541
"Uninformative_bk_Jardim (1999)","Uninformative_bk","M_Jardim(1981-1994)",4397.94260070124
"Uninformative_bk_Jardim (1999)","Uninformative_bk","M_Jardim(1981-1994)",1712.34098372031
"Uninformative_bk_Jardim (1999)","Uninformative_bk","M_Jardim(1981-1994)",2610.93353938611
"Uninformative_bk_Jardim (1999)","Uninformative_bk","M_Jardim(1981-1994)",1950.02745805659
"Uninformative_bk_Jardim (1999)","Uninformative_bk","M_Jardim(1981-1994)",1730.36576129823
"Uninformative_bk_Jardim (1999)","Uninformative_bk","M_Jardim(1981-1994)",2072.42544967329
"Uninformative_bk_Jardim (1999)","Uninformative_bk","M_Jardim(1981-1994)",2248.78033552367
"Uninformative_bk_Jardim (1999)","Uninformative_bk","M_Jardim(1981-1994)",1840.12980327629
"Uninformative_bk_Jardim (1999)","Uninformative_bk","M_Jardim(1981-1994)",1889.27399274854
"Uninformative_bk_Jardim (1999)","Uninformative_bk","M_Jardim(1981-1994)",1985.60273478085
"Uninformative_bk_Jardim (1999)","Uninformative_bk","M_Jardim(1981-1994)",1910.45550758172
"Uninformative_bk_Jardim (1999)","Uninformative_bk","M_Jardim(1981-1994)",2044.21123748375
"Uninformative_bk_Jardim (1999)","Uninformative_bk","M_Jardim(1981-1994)",2934.74576725854
"Uninformative_bk_Jardim (1999)","Uninformative_bk","M_Jardim(1981-1994)",1717.99567050095
"Uninformative_bk_Jardim (1999)","Uninformative_bk","M_Jardim(1981-1994)",1898.51553763172
"Uninformative_bk_Jardim (1999)","Uninformative_bk","M_Jardim(1981-1994)",2235.81099357948
"Uninformative_bk_Jardim (1999)","Uninformative_bk","M_Jardim(1981-1994)",1843.76882074179
"Uninformative_bk_Jardim (1999)","Uninformative_bk","M_Jardim(1981-1994)",1688.73338814237
"Uninformative_bk_Jardim (1999)","Uninformative_bk","M_Jardim(1981-1994)",2648.0121666704
"Uninformative_bk_Jardim (1999)","Uninformative_bk","M_Jardim(1981-1994)",2058.48570617313
"Uninformative_bk_Jardim (1999)","Uninformative_bk","M_Jardim(1981-1994)",2037.90540676937
"Uninformative_bk_Jardim (1999)","Uninformative_bk","M_Jardim(1981-1994)",1816.01417252556
"Uninformative_bk_Jardim (1999)","Uninformative_bk","M_Jardim(1981-1994)",1995.85316486378
"Uninformative_bk_Jardim (1999)","Uninformative_bk","M_Jardim(1981-1994)",1939.01978866885
"Uninformative_bk_Jardim (1999)","Uninformative_bk","M_Jardim(1981-1994)",2003.32158941728
"Uninformative_bk_Jardim (1999)","Uninformative_bk","M_Jardim(1981-1994)",1903.2690196987
"Uninformative_bk_Jardim (1999)","Uninformative_bk","M_Jardim(1981-1994)",1826.18304133197
"Uninformative_bk_Jardim (1999)","Uninformative_bk","M_Jardim(1981-1994)",1847.71649769719
"Uninformative_bk_Jardim (1999)","Uninformative_bk","M_Jardim(1981-1994)",1986.04047819992
"Uninformative_bk_Jardim (1999)","Uninformative_bk","M_Jardim(1981-1994)",1949.12653187867
"Uninformative_bk_Jardim (1999)","Uninformative_bk","M_Jardim(1981-1994)",1943.75426207366
"Uninformative_bk_Jardim (1999)","Uninformative_bk","M_Jardim(1981-1994)",2784.43883040992
"Uninformative_bk_Jardim (1999)","Uninformative_bk","M_Jardim(1981-1994)",1909.00583038017
"Uninformative_bk_Jardim (1999)","Uninformative_bk","M_Jardim(1981-1994)",1983.51902713
"Uninformative_bk_Jardim (1999)","Uninformative_bk","M_Jardim(1981-1994)",1984.48781863626
"Uninformative_bk_Jardim (1999)","Uninformative_bk","M_Jardim(1981-1994)",2137.97236706262
"Uninformative_bk_Jardim (1999)","Uninformative_bk","M_Jardim(1981-1994)",1953.01353783251
"Uninformative_bk_Jardim (1999)","Uninformative_bk","M_Jardim(1981-1994)",2557.42220281861
"Uninformative_bk_Jardim (1999)","Uninformative_bk","M_Jardim(1981-1994)",2276.59423758585
"Uninformative_bk_Jardim (1999)","Uninformative_bk","M_Jardim(1981-1994)",1968.02836262641
"Uninformative_bk_Jardim (1999)","Uninformative_bk","M_Jardim(1981-1994)",2232.46971194661
"Uninformative_bk_Jardim (1999)","Uninformative_bk","M_Jardim(1981-1994)",1889.8318911661
"Uninformative_bk_Jardim (1999)","Uninformative_bk","M_Jardim(1981-1994)",1916.253569086
"Uninformative_bk_Jardim (1999)","Uninformative_bk","M_Jardim(1981-1994)",2748.71241501554
"Uninformative_bk_Jardim (1999)","Uninformative_bk","M_Jardim(1981-1994)",1764.4736422488
"Uninformative_bk_Jardim (1999)","Uninformative_bk","M_Jardim(1981-1994)",1707.44559173249
"Uninformative_bk_Jardim (1999)","Uninformative_bk","M_Jardim(1981-1994)",1947.07557214492
"Uninformative_bk_Jardim (1999)","Uninformative_bk","M_Jardim(1981-1994)",1741.75077890024
"Uninformative_bk_Jardim (1999)","Uninformative_bk","M_Jardim(1981-1994)",1848.32498984177
"Uninformative_bk_Jardim (1999)","Uninformative_bk","M_Jardim(1981-1994)",1942.26950615584
"Uninformative_bk_Jardim (1999)","Uninformative_bk","M_Jardim(1981-1994)",2089.21742348995
"Uninformative_bk_Jardim (1999)","Uninformative_bk","M_Jardim(1981-1994)",1983.90656038965
"Uninformative_bk_Jardim (1999)","Uninformative_bk","M_Jardim(1981-1994)",1783.41960700023
"Uninformative_bk_Jardim (1999)","Uninformative_bk","M_Jardim(1981-1994)",1936.39766006121
"Uninformative_bk_Jardim (1999)","Uninformative_bk","M_Jardim(1981-1994)",1941.68828443109
"Uninformative_bk_Jardim (1999)","Uninformative_bk","M_Jardim(1981-1994)",1975.98034418844
"Uninformative_bk_Jardim (1999)","Uninformative_bk","M_Jardim(1981-1994)",2164.63555930433
"Uninformative_bk_Jardim (1999)","Uninformative_bk","M_Jardim(1981-1994)",4014.72371222007
"Uninformative_bk_Jardim (1999)","Uninformative_bk","M_Jardim(1981-1994)",1820.72906510281
"Uninformative_bk_Jardim (1999)","Uninformative_bk","M_Jardim(1981-1994)",4984.81657411952
"Uninformative_bk_Jardim (1999)","Uninformative_bk","M_Jardim(1981-1994)",2906.28328864589
"Uninformative_bk_Jardim (1999)","Uninformative_bk","M_Jardim(1981-1994)",2188.77569807983
"Uninformative_bk_Jardim (1999)","Uninformative_bk","M_Jardim(1981-1994)",1933.32317742361
"Uninformative_bk_Jardim (1999)","Uninformative_bk","M_Jardim(1981-1994)",3565.26794992135
"Uninformative_bk_Jardim (1999)","Uninformative_bk","M_Jardim(1981-1994)",3174.67881403581
"Uninformative_bk_Jardim (1999)","Uninformative_bk","M_Jardim(1981-1994)",2438.1613652579
"Uninformative_bk_Jardim (1999)","Uninformative_bk","M_Jardim(1981-1994)",3582.68161573044
"Uninformative_bk_Jardim (1999)","Uninformative_bk","M_Jardim(1981-1994)",1949.50809863192
"Uninformative_bk_Jardim (1999)","Uninformative_bk","M_Jardim(1981-1994)",2458.08523620791
"Uninformative_bk_Jardim (1999)","Uninformative_bk","M_Jardim(1981-1994)",1847.90073520782
"Uninformative_bk_Jardim (1999)","Uninformative_bk","M_Jardim(1981-1994)",1900.7377037598
"Uninformative_bk_Jardim (1999)","Uninformative_bk","M_Jardim(1981-1994)",2053.09940260519
"Uninformative_bk_Jardim (1999)","Uninformative_bk","M_Jardim(1981-1994)",1881.69599872416
"Uninformative_bk_Jardim (1999)","Uninformative_bk","M_Jardim(1981-1994)",2562.00743479278
"Uninformative_bk_Jardim (1999)","Uninformative_bk","M_Jardim(1981-1994)",1802.38459015774
"Uninformative_bk_Jardim (1999)","Uninformative_bk","M_Jardim(1981-1994)",1717.9241648503
"Uninformative_bk_Jardim (1999)","Uninformative_bk","M_Jardim(1981-1994)",2455.22492541346
"Uninformative_bk_Jardim (1999)","Uninformative_bk","M_Jardim(1981-1994)",2212.07752357669
"Uninformative_bk_Jardim (1999)","Uninformative_bk","M_Jardim(1981-1994)",2719.91083785737
"Uninformative_bk_Jardim (1999)","Uninformative_bk","M_Jardim(1981-1994)",1928.20971361602
"Uninformative_bk_Jardim (1999)","Uninformative_bk","M_Jardim(1981-1994)",1807.53451535532
"Uninformative_bk_Jardim (1999)","Uninformative_bk","M_Jardim(1981-1994)",1700.90340540016
"Uninformative_bk_Jardim (1999)","Uninformative_bk","M_Jardim(1981-1994)",1846.06979015911
"Uninformative_bk_Jardim (1999)","Uninformative_bk","M_Jardim(1981-1994)",1962.61025735957
"Uninformative_bk_Jardim (1999)","Uninformative_bk","M_Jardim(1981-1994)",1846.44719077468
"Uninformative_bk_Jardim (1999)","Uninformative_bk","M_Jardim(1981-1994)",1954.17282107539
"Uninformative_bk_Jardim (1999)","Uninformative_bk","M_Jardim(1981-1994)",2134.53960501831
"Uninformative_bk_Jardim (1999)","Uninformative_bk","M_Jardim(1981-1994)",1925.0541428143
"Uninformative_bk_Jardim (1999)","Uninformative_bk","M_Jardim(1981-1994)",1949.46658842897
"Uninformative_bk_Jardim (1999)","Uninformative_bk","M_Jardim(1981-1994)",1870.35544588392
"Uninformative_bk_Jardim (1999)","Uninformative_bk","M_Jardim(1981-1994)",1949.4434080055
"Uninformative_bk_Jardim (1999)","Uninformative_bk","M_Jardim(1981-1994)",1932.92653037129
"Uninformative_bk_Jardim (1999)","Uninformative_bk","M_Jardim(1981-1994)",1915.35923151206
"Uninformative_bk_Jardim (1999)","Uninformative_bk","M_Jardim(1981-1994)",1961.6597091304
"Uninformative_bk_Jardim (1999)","Uninformative_bk","M_Jardim(1981-1994)",1887.27087908655
"Uninformative_bk_Jardim (1999)","Uninformative_bk","M_Jardim(1981-1994)",1903.03360280341
"Uninformative_bk_Jardim (1999)","Uninformative_bk","M_Jardim(1981-1994)",3611.0417401539
"Uninformative_bk_Jardim (1999)","Uninformative_bk","M_Jardim(1981-1994)",1955.43554742988
"Uninformative_bk_Jardim (1999)","Uninformative_bk","M_Jardim(1981-1994)",3951.07262164983
"Uninformative_bk_Jardim (1999)","Uninformative_bk","M_Jardim(1981-1994)",1723.74307159169
"Uninformative_bk_Jardim (1999)","Uninformative_bk","M_Jardim(1981-1994)",1870.48575345586
"Uninformative_bk_Jardim (1999)","Uninformative_bk","M_Jardim(1981-1994)",2009.98374553167
"Uninformative_bk_Jardim (1999)","Uninformative_bk","M_Jardim(1981-1994)",1941.17772759527
"Uninformative_bk_Jardim (1999)","Uninformative_bk","M_Jardim(1981-1994)",1810.99418134418
"Uninformative_bk_Jardim (1999)","Uninformative_bk","M_Jardim(1981-1994)",1931.2048147451
"Uninformative_bk_Jardim (1999)","Uninformative_bk","M_Jardim(1981-1994)",2399.06875541159
"Uninformative_bk_Jardim (1999)","Uninformative_bk","M_Jardim(1981-1994)",2113.63838902414
"Uninformative_bk_Jardim (1999)","Uninformative_bk","M_Jardim(1981-1994)",1909.64956028384
"Uninformative_bk_Jardim (1999)","Uninformative_bk","M_Jardim(1981-1994)",1926.33471119907
"Uninformative_bk_Jardim (1999)","Uninformative_bk","M_Jardim(1981-1994)",1943.46742317579
"Uninformative_bk_Jardim (1999)","Uninformative_bk","M_Jardim(1981-1994)",1918.98480249965
"Uninformative_bk_Jardim (1999)","Uninformative_bk","M_Jardim(1981-1994)",1950.66893731293
"Uninformative_bk_Jardim (1999)","Uninformative_bk","M_Jardim(1981-1994)",1938.82236315004
"Uninformative_bk_Jardim (1999)","Uninformative_bk","M_Jardim(1981-1994)",1932.14678736325
"Uninformative_bk_Jardim (1999)","Uninformative_bk","M_Jardim(1981-1994)",1977.97058851893
"Uninformative_bk_Jardim (1999)","Uninformative_bk","M_Jardim(1981-1994)",1978.97238429918
"Uninformative_bk_Jardim (1999)","Uninformative_bk","M_Jardim(1981-1994)",1941.20775157541
"Uninformative_bk_Jardim (1999)","Uninformative_bk","M_Jardim(1981-1994)",1905.73986358361
"Uninformative_bk_Jardim (1999)","Uninformative_bk","M_Jardim(1981-1994)",1811.25765702543
"Uninformative_bk_Jardim (1999)","Uninformative_bk","M_Jardim(1981-1994)",1891.40279686589
"Uninformative_bk_Jardim (1999)","Uninformative_bk","M_Jardim(1981-1994)",1932.42149860431
"Uninformative_bk_Jardim (1999)","Uninformative_bk","M_Jardim(1981-1994)",1854.42243383168
"Uninformative_bk_Jardim (1999)","Uninformative_bk","M_Jardim(1981-1994)",1793.81184938968
"Uninformative_bk_Jardim (1999)","Uninformative_bk","M_Jardim(1981-1994)",1583.63281180381
"Uninformative_bk_Jardim (1999)","Uninformative_bk","M_Jardim(1981-1994)",1788.81664678136
"Uninformative_bk_Jardim (1999)","Uninformative_bk","M_Jardim(1981-1994)",1921.22896994549
"Uninformative_bk_Jardim (1999)","Uninformative_bk","M_Jardim(1981-1994)",1779.27636033536
"Uninformative_bk_Jardim (1999)","Uninformative_bk","M_Jardim(1981-1994)",6990.6777036375
"Uninformative_bk_Jardim (1999)","Uninformative_bk","M_Jardim(1981-1994)",1899.70381750283
"Uninformative_bk_Jardim (1999)","Uninformative_bk","M_Jardim(1981-1994)",2135.89895403612
"Uninformative_bk_Jardim (1999)","Uninformative_bk","M_Jardim(1981-1994)",2434.6402601351
"Uninformative_bk_Jardim (1999)","Uninformative_bk","M_Jardim(1981-1994)",1794.7201597672
"Uninformative_bk_Jardim (1999)","Uninformative_bk","M_Jardim(1981-1994)",1702.85837761293
"Uninformative_bk_Jardim (1999)","Uninformative_bk","M_Jardim(1981-1994)",1951.57323574986
"Uninformative_bk_Jardim (1999)","Uninformative_bk","M_Jardim(1981-1994)",1885.30696417427
"Uninformative_bk_Jardim (1999)","Uninformative_bk","M_Jardim(1981-1994)",1894.18341683152
"Uninformative_bk_Jardim (1999)","Uninformative_bk","M_Jardim(1981-1994)",1853.852411961
"Uninformative_bk_Jardim (1999)","Uninformative_bk","M_Jardim(1981-1994)",2052.44711423307
"Uninformative_bk_Jardim (1999)","Uninformative_bk","M_Jardim(1981-1994)",1912.28977996955
"Uninformative_bk_Jardim (1999)","Uninformative_bk","M_Jardim(1981-1994)",2270.76450949656
"Uninformative_bk_Jardim (1999)","Uninformative_bk","M_Jardim(1981-1994)",2183.87499215274
"Uninformative_bk_Jardim (1999)","Uninformative_bk","M_Jardim(1981-1994)",1869.54496949859
"Uninformative_bk_Jardim (1999)","Uninformative_bk","M_Jardim(1981-1994)",2053.03906492794
"Uninformative_bk_Jardim (1999)","Uninformative_bk","M_Jardim(1981-1994)",2223.39343429857
"Uninformative_bk_Jardim (1999)","Uninformative_bk","M_Jardim(1981-1994)",1923.47190095947
"Uninformative_bk_Jardim (1999)","Uninformative_bk","M_Jardim(1981-1994)",1771.4078903156
"Uninformative_bk_Jardim (1999)","Uninformative_bk","M_Jardim(1981-1994)",1869.56530275311
"Uninformative_bk_Jardim (1999)","Uninformative_bk","M_Jardim(1981-1994)",1844.86462400106
"Uninformative_bk_Jardim (1999)","Uninformative_bk","M_Jardim(1981-1994)",1886.44973220255
"Uninformative_bk_Jardim (1999)","Uninformative_bk","M_Jardim(1981-1994)",2435.74207788021
"Uninformative_bk_Jardim (1999)","Uninformative_bk","M_Jardim(1981-1994)",1898.68911904502
"Uninformative_bk_Jardim (1999)","Uninformative_bk","M_Jardim(1981-1994)",2173.97487149188
"Uninformative_bk_Jardim (1999)","Uninformative_bk","M_Jardim(1981-1994)",2426.06305723649
"Uninformative_bk_Jardim (1999)","Uninformative_bk","M_Jardim(1981-1994)",1925.69807118215
"Uninformative_bk_Jardim (1999)","Uninformative_bk","M_Jardim(1981-1994)",1522.49333306451
"Uninformative_bk_Jardim (1999)","Uninformative_bk","M_Jardim(1981-1994)",2914.86762209927
"Uninformative_bk_Jardim (1999)","Uninformative_bk","M_Jardim(1981-1994)",1883.09217264055
"Uninformative_bk_Jardim (1999)","Uninformative_bk","M_Jardim(1981-1994)",1904.79471166712
"Uninformative_bk_Jardim (1999)","Uninformative_bk","M_Jardim(1981-1994)",1915.94825055945
"Uninformative_bk_Jardim (1999)","Uninformative_bk","M_Jardim(1981-1994)",1965.69374945976
"Uninformative_bk_Jardim (1999)","Uninformative_bk","M_Jardim(1981-1994)",1923.305896425
"Uninformative_bk_Jardim (1999)","Uninformative_bk","M_Jardim(1981-1994)",2073.06165504291
"Uninformative_bk_Jardim (1999)","Uninformative_bk","M_Jardim(1981-1994)",1819.74447505493
"Uninformative_bk_Jardim (1999)","Uninformative_bk","M_Jardim(1981-1994)",1774.47434361105
"Uninformative_bk_Jardim (1999)","Uninformative_bk","M_Jardim(1981-1994)",2923.96681513238
"Uninformative_bk_Jardim (1999)","Uninformative_bk","M_Jardim(1981-1994)",1892.7933770657
"Uninformative_bk_Jardim (1999)","Uninformative_bk","M_Jardim(1981-1994)",1997.63183307146
"Uninformative_bk_Jardim (1999)","Uninformative_bk","M_Jardim(1981-1994)",5526.97119159476
"Uninformative_bk_Jardim (1999)","Uninformative_bk","M_Jardim(1981-1994)",1865.839134864
"Uninformative_bk_Jardim (1999)","Uninformative_bk","M_Jardim(1981-1994)",1822.19559930939
"Uninformative_bk_Jardim (1999)","Uninformative_bk","M_Jardim(1981-1994)",2024.28517499802
"Uninformative_bk_Jardim (1999)","Uninformative_bk","M_Jardim(1981-1994)",1827.93226639806
"Uninformative_bk_Jardim (1999)","Uninformative_bk","M_Jardim(1981-1994)",1833.40409454951
"Uninformative_bk_Jardim (1999)","Uninformative_bk","M_Jardim(1981-1994)",1787.74591634118
"Uninformative_bk_Jardim (1999)","Uninformative_bk","M_Jardim(1981-1994)",1928.59284120699
"Uninformative_bk_Jardim (1999)","Uninformative_bk","M_Jardim(1981-1994)",1930.18820733939
"Uninformative_bk_Jardim (1999)","Uninformative_bk","M_Jardim(1981-1994)",1934.95399445029
"Uninformative_bk_Jardim (1999)","Uninformative_bk","M_Jardim(1981-1994)",1742.00853077801
"Uninformative_bk_Jardim (1999)","Uninformative_bk","M_Jardim(1981-1994)",1927.02571376649
"Uninformative_bk_Jardim (1999)","Uninformative_bk","M_Jardim(1981-1994)",1852.30661190577
"Uninformative_bk_Jardim (1999)","Uninformative_bk","M_Jardim(1981-1994)",2117.82323343448
"Uninformative_bk_Jardim (1999)","Uninformative_bk","M_Jardim(1981-1994)",1757.98032795146
"Uninformative_bk_Jardim (1999)","Uninformative_bk","M_Jardim(1981-1994)",2045.49018909306
"Uninformative_bk_Jardim (1999)","Uninformative_bk","M_Jardim(1981-1994)",1834.73365675381
"Uninformative_bk_Jardim (1999)","Uninformative_bk","M_Jardim(1981-1994)",2923.44367825591
"Uninformative_bk_Jardim (1999)","Uninformative_bk","M_Jardim(1981-1994)",1968.19825355886
"Uninformative_bk_Jardim (1999)","Uninformative_bk","M_Jardim(1981-1994)",4147.45354760185
"Uninformative_bk_Jardim (1999)","Uninformative_bk","M_Jardim(1981-1994)",1852.77456961307
"Uninformative_bk_Jardim (1999)","Uninformative_bk","M_Jardim(1981-1994)",1960.21347165753
"Uninformative_bk_Jardim (1999)","Uninformative_bk","M_Jardim(1981-1994)",1925.61041545438
"Uninformative_bk_Jardim (1999)","Uninformative_bk","M_Jardim(1981-1994)",1506.37528549235
"Uninformative_bk_Jardim (1999)","Uninformative_bk","M_Jardim(1981-1994)",2152.12901282983
"Uninformative_bk_Jardim (1999)","Uninformative_bk","M_Jardim(1981-1994)",1846.3312227376
"Uninformative_bk_Jardim (1999)","Uninformative_bk","M_Jardim(1981-1994)",1970.64475140248
"Uninformative_bk_Jardim (1999)","Uninformative_bk","M_Jardim(1981-1994)",1915.22648675162
"Uninformative_bk_Jardim (1999)","Uninformative_bk","M_Jardim(1981-1994)",1908.23450019731
"Uninformative_bk_Jardim (1999)","Uninformative_bk","M_Jardim(1981-1994)",1894.12815352469
"Uninformative_bk_Jardim (1999)","Uninformative_bk","M_Jardim(1981-1994)",1862.91604655309
"Uninformative_bk_Jardim (1999)","Uninformative_bk","M_Jardim(1981-1994)",1963.87391141672
"Uninformative_bk_Jardim (1999)","Uninformative_bk","M_Jardim(1981-1994)",2033.50189015395
"Uninformative_bk_Jardim (1999)","Uninformative_bk","M_Jardim(1981-1994)",1874.05204329309
"Uninformative_bk_Jardim (1999)","Uninformative_bk","M_Jardim(1981-1994)",2178.39274311755
"Uninformative_bk_Jardim (1999)","Uninformative_bk","M_Jardim(1981-1994)",2514.75248482162
"Uninformative_bk_Jardim (1999)","Uninformative_bk","M_Jardim(1981-1994)",1756.66314654032
"Uninformative_bk_Jardim (1999)","Uninformative_bk","M_Jardim(1981-1994)",1724.14231682186
"Uninformative_bk_Jardim (1999)","Uninformative_bk","M_Jardim(1981-1994)",5642.98858610391
"Uninformative_bk_Jardim (1999)","Uninformative_bk","M_Jardim(1981-1994)",1788.61476175741
"Uninformative_bk_Jardim (1999)","Uninformative_bk","M_Jardim(1981-1994)",1889.10439809023
"Uninformative_bk_Jardim (1999)","Uninformative_bk","M_Jardim(1981-1994)",1834.2951556686
"Uninformative_bk_Jardim (1999)","Uninformative_bk","M_Jardim(1981-1994)",1866.1251692544
"Uninformative_bk_Jardim (1999)","Uninformative_bk","M_Jardim(1981-1994)",1866.95380554488
"Uninformative_bk_Jardim (1999)","Uninformative_bk","M_Jardim(1981-1994)",1746.51744964243
"Uninformative_bk_Jardim (1999)","Uninformative_bk","M_Jardim(1981-1994)",1998.66542836219
"Uninformative_bk_Jardim (1999)","Uninformative_bk","M_Jardim(1981-1994)",2526.39608780262
"Uninformative_bk_Jardim (1999)","Uninformative_bk","M_Jardim(1981-1994)",1971.55337678537
"Uninformative_bk_Jardim (1999)","Uninformative_bk","M_Jardim(1981-1994)",1928.47607797298
"Uninformative_bk_Jardim (1999)","Uninformative_bk","M_Jardim(1981-1994)",1888.82186536523
"Uninformative_bk_Jardim (1999)","Uninformative_bk","M_Jardim(1981-1994)",2177.90927819784
"Uninformative_bk_Jardim (1999)","Uninformative_bk","M_Jardim(1981-1994)",1990.93287071229
"Uninformative_bk_Jardim (1999)","Uninformative_bk","M_Jardim(1981-1994)",1775.74852843988
"Uninformative_bk_Jardim (1999)","Uninformative_bk","M_Jardim(1981-1994)",2236.54784791367
"Uninformative_bk_Jardim (1999)","Uninformative_bk","M_Jardim(1981-1994)",1885.32659013121
"Uninformative_bk_Jardim (1999)","Uninformative_bk","M_Jardim(1981-1994)",1912.75606889308
"Uninformative_bk_Jardim (1999)","Uninformative_bk","M_Jardim(1981-1994)",2093.31441539274
"Uninformative_bk_Jardim (1999)","Uninformative_bk","M_Jardim(1981-1994)",1773.34319751283
"Uninformative_bk_Jardim (1999)","Uninformative_bk","M_Jardim(1981-1994)",1943.81520532228
"Uninformative_bk_Jardim (1999)","Uninformative_bk","M_Jardim(1981-1994)",1946.07554706051
"Uninformative_bk_Jardim (1999)","Uninformative_bk","M_Jardim(1981-1994)",1773.40327010221
"Uninformative_bk_Jardim (1999)","Uninformative_bk","M_Jardim(1981-1994)",3304.81066211694
"Uninformative_bk_Jardim (1999)","Uninformative_bk","M_Jardim(1981-1994)",1889.5265663357
"Uninformative_bk_Jardim (1999)","Uninformative_bk","M_Jardim(1981-1994)",1861.62123496616
"Uninformative_bk_Jardim (1999)","Uninformative_bk","M_Jardim(1981-1994)",1943.51864280173
"Uninformative_bk_Jardim (1999)","Uninformative_bk","M_Jardim(1981-1994)",1923.64832109552
"Uninformative_bk_Jardim (1999)","Uninformative_bk","M_Jardim(1981-1994)",1813.43519757046
"Uninformative_bk_Jardim (1999)","Uninformative_bk","M_Jardim(1981-1994)",1903.40795808647
"Uninformative_bk_Jardim (1999)","Uninformative_bk","M_Jardim(1981-1994)",2003.11945656482
"Uninformative_bk_Jardim (1999)","Uninformative_bk","M_Jardim(1981-1994)",2181.44068107743
"Uninformative_bk_Jardim (1999)","Uninformative_bk","M_Jardim(1981-1994)",1857.84376693775
"Uninformative_bk_Jardim (1999)","Uninformative_bk","M_Jardim(1981-1994)",1836.71337670181
"Uninformative_bk_Jardim (1999)","Uninformative_bk","M_Jardim(1981-1994)",1950.14867707905
"Uninformative_bk_Jardim (1999)","Uninformative_bk","M_Jardim(1981-1994)",1577.7890660473
"Uninformative_bk_Jardim (1999)","Uninformative_bk","M_Jardim(1981-1994)",1929.30529398888
"Uninformative_bk_Jardim (1999)","Uninformative_bk","M_Jardim(1981-1994)",1937.46607311834
"Uninformative_bk_Jardim (1999)","Uninformative_bk","M_Jardim(1981-1994)",6415.53196898994
"Uninformative_bk_Jardim (1999)","Uninformative_bk","M_Jardim(1981-1994)",2526.15345105321
"Uninformative_bk_Jardim (1999)","Uninformative_bk","M_Jardim(1981-1994)",1956.19056977589
"Uninformative_bk_Jardim (1999)","Uninformative_bk","M_Jardim(1981-1994)",1934.55280121209
"Uninformative_bk_Jardim (1999)","Uninformative_bk","M_Jardim(1981-1994)",1867.70058850971
"Uninformative_bk_Jardim (1999)","Uninformative_bk","M_Jardim(1981-1994)",1906.91172817823
"Uninformative_bk_Jardim (1999)","Uninformative_bk","M_Jardim(1981-1994)",3745.18470044218
"Uninformative_bk_Jardim (1999)","Uninformative_bk","M_Jardim(1981-1994)",1855.0804077252
"Uninformative_bk_Jardim (1999)","Uninformative_bk","M_Jardim(1981-1994)",1952.34691163753
"Uninformative_bk_Jardim (1999)","Uninformative_bk","M_Jardim(1981-1994)",1954.38140238308
"Uninformative_bk_Jardim (1999)","Uninformative_bk","M_Jardim(1981-1994)",1788.60810405735
"Uninformative_bk_Jardim (1999)","Uninformative_bk","M_Jardim(1981-1994)",1798.04057428447
"Uninformative_bk_Jardim (1999)","Uninformative_bk","M_Jardim(1981-1994)",2160.08101712801
"Uninformative_bk_Jardim (1999)","Uninformative_bk","M_Jardim(1981-1994)",1992.69303022135
"Uninformative_bk_Jardim (1999)","Uninformative_bk","M_Jardim(1981-1994)",1951.39794967154
"Uninformative_bk_Jardim (1999)","Uninformative_bk","M_Jardim(1981-1994)",1854.61160846731
"Uninformative_bk_Jardim (1999)","Uninformative_bk","M_Jardim(1981-1994)",1949.12627989909
"Uninformative_bk_Jardim (1999)","Uninformative_bk","M_Jardim(1981-1994)",1922.10059237263
"Uninformative_bk_Jardim (1999)","Uninformative_bk","M_Jardim(1981-1994)",1688.08560192297
"Uninformative_bk_Jardim (1999)","Uninformative_bk","M_Jardim(1981-1994)",2903.10765151938
"Uninformative_bk_Jardim (1999)","Uninformative_bk","M_Jardim(1981-1994)",1903.29017941697
"Uninformative_bk_Jardim (1999)","Uninformative_bk","M_Jardim(1981-1994)",1968.95879121081
"Uninformative_bk_Jardim (1999)","Uninformative_bk","M_Jardim(1981-1994)",1925.65640157919
"Uninformative_bk_Jardim (1999)","Uninformative_bk","M_Jardim(1981-1994)",1368.72771254611
"Uninformative_bk_Jardim (1999)","Uninformative_bk","M_Jardim(1981-1994)",2230.59467026246
"Uninformative_bk_Jardim (1999)","Uninformative_bk","M_Jardim(1981-1994)",1879.46469368514
"Uninformative_bk_Jardim (1999)","Uninformative_bk","M_Jardim(1981-1994)",1862.86530789354
"Uninformative_bk_Jardim (1999)","Uninformative_bk","M_Jardim(1981-1994)",1956.68389450239
"Uninformative_bk_Jardim (1999)","Uninformative_bk","M_Jardim(1981-1994)",1894.21592601813
"Uninformative_bk_Jardim (1999)","Uninformative_bk","M_Jardim(1981-1994)",1859.58253479474
"Uninformative_bk_Jardim (1999)","Uninformative_bk","M_Jardim(1981-1994)",2131.23879891478
"Uninformative_bk_Jardim (1999)","Uninformative_bk","M_Jardim(1981-1994)",1953.99101665091
"Uninformative_bk_Jardim (1999)","Uninformative_bk","M_Jardim(1981-1994)",1920.81620084893
"Uninformative_bk_Jardim (1999)","Uninformative_bk","M_Jardim(1981-1994)",1852.47523180568
"Uninformative_bk_Jardim (1999)","Uninformative_bk","M_Jardim(1981-1994)",1909.40197578184
"Uninformative_bk_Jardim (1999)","Uninformative_bk","M_Jardim(1981-1994)",1905.644941245
"Uninformative_bk_Jardim (1999)","Uninformative_bk","M_Jardim(1981-1994)",2627.89255889759
"Uninformative_bk_Jardim (1999)","Uninformative_bk","M_Jardim(1981-1994)",1843.1675775351
"Uninformative_bk_Jardim (1999)","Uninformative_bk","M_Jardim(1981-1994)",1864.63242784084
"Uninformative_bk_Jardim (1999)","Uninformative_bk","M_Jardim(1981-1994)",2006.31374899811
"Uninformative_bk_Jardim (1999)","Uninformative_bk","M_Jardim(1981-1994)",1901.28125902338
"Uninformative_bk_Jardim (1999)","Uninformative_bk","M_Jardim(1981-1994)",2007.83384957752
"Uninformative_bk_Jardim (1999)","Uninformative_bk","M_Jardim(1981-1994)",3002.45205017684
"Uninformative_bk_Jardim (1999)","Uninformative_bk","M_Jardim(1981-1994)",2045.43281134697
"Uninformative_bk_Jardim (1999)","Uninformative_bk","M_Jardim(1981-1994)",2079.10306789278
"Uninformative_bk_Jardim (1999)","Uninformative_bk","M_Jardim(1981-1994)",2005.87740422263
"Uninformative_bk_Jardim (1999)","Uninformative_bk","M_Jardim(1981-1994)",1894.62719849489
"Uninformative_bk_Jardim (1999)","Uninformative_bk","M_Jardim(1981-1994)",1511.42229343358
"Uninformative_bk_Jardim (1999)","Uninformative_bk","M_Jardim(1981-1994)",2094.61467610107
"Uninformative_bk_Jardim (1999)","Uninformative_bk","M_Jardim(1981-1994)",1952.50197284993
"Uninformative_bk_Jardim (1999)","Uninformative_bk","M_Jardim(1981-1994)",2093.30997292931
"Uninformative_bk_Jardim (1999)","Uninformative_bk","M_Jardim(1981-1994)",2209.95747164579
"Uninformative_bk_Jardim (1999)","Uninformative_bk","M_Jardim(1981-1994)",1961.4899613004
"Uninformative_bk_Jardim (1999)","Uninformative_bk","M_Jardim(1981-1994)",3103.68790783046
"Uninformative_bk_Jardim (1999)","Uninformative_bk","M_Jardim(1981-1994)",1897.99015900196
"Uninformative_bk_Jardim (1999)","Uninformative_bk","M_Jardim(1981-1994)",1966.61987708154
"Uninformative_bk_Jardim (1999)","Uninformative_bk","M_Jardim(1981-1994)",1934.11281955649
"Uninformative_bk_Jardim (1999)","Uninformative_bk","M_Jardim(1981-1994)",2343.74397350742
"Uninformative_bk_Jardim (1999)","Uninformative_bk","M_Jardim(1981-1994)",2080.57375651042
"Uninformative_bk_Jardim (1999)","Uninformative_bk","M_Jardim(1981-1994)",2274.20287052107
"Uninformative_bk_Jardim (1999)","Uninformative_bk","M_Jardim(1981-1994)",1918.33589407268
"Uninformative_bk_Jardim (1999)","Uninformative_bk","M_Jardim(1981-1994)",1913.29684704577
"Uninformative_bk_Jardim (1999)","Uninformative_bk","M_Jardim(1981-1994)",1900.79567955055
"Uninformative_bk_Jardim (1999)","Uninformative_bk","M_Jardim(1981-1994)",1814.14178694335
"Uninformative_bk_Jardim (1999)","Uninformative_bk","M_Jardim(1981-1994)",1835.29392139297
"Uninformative_bk_Jardim (1999)","Uninformative_bk","M_Jardim(1981-1994)",1612.61719284282
"Uninformative_bk_Jardim (1999)","Uninformative_bk","M_Jardim(1981-1994)",1818.02681209916
"Uninformative_bk_Jardim (1999)","Uninformative_bk","M_Jardim(1981-1994)",1927.22557522645
"Uninformative_bk_Jardim (1999)","Uninformative_bk","M_Jardim(1981-1994)",1997.63184560953
"Uninformative_bk_Jardim (1999)","Uninformative_bk","M_Jardim(1981-1994)",4763.20074753226
"Uninformative_bk_Jardim (1999)","Uninformative_bk","M_Jardim(1981-1994)",1848.01822171423
"Uninformative_bk_Jardim (1999)","Uninformative_bk","M_Jardim(1981-1994)",2691.66476799091
"Uninformative_bk_Jardim (1999)","Uninformative_bk","M_Jardim(1981-1994)",1744.46155725221
"Uninformative_bk_Jardim (1999)","Uninformative_bk","M_Jardim(1981-1994)",1827.75785869511
"Uninformative_bk_Jardim (1999)","Uninformative_bk","M_Jardim(1981-1994)",3000.87344580571
"Uninformative_bk_Jardim (1999)","Uninformative_bk","M_Jardim(1981-1994)",1872.58932023084
"Uninformative_bk_Jardim (1999)","Uninformative_bk","M_Jardim(1981-1994)",2096.1827853631
"Uninformative_bk_Jardim (1999)","Uninformative_bk","M_Jardim(1981-1994)",1933.96281404603
"Uninformative_bk_Jardim (1999)","Uninformative_bk","M_Jardim(1981-1994)",2046.31184348269
"Uninformative_bk_Jardim (1999)","Uninformative_bk","M_Jardim(1981-1994)",2223.84373610881
"Uninformative_bk_Jardim (1999)","Uninformative_bk","M_Jardim(1981-1994)",3803.11505058792
"Uninformative_bk_Jardim (1999)","Uninformative_bk","M_Jardim(1981-1994)",1992.24676592447
"Uninformative_bk_Jardim (1999)","Uninformative_bk","M_Jardim(1981-1994)",1857.5876551726
"Uninformative_bk_Jardim (1999)","Uninformative_bk","M_Jardim(1981-1994)",1894.4287584751
"Uninformative_bk_Jardim (1999)","Uninformative_bk","M_Jardim(1981-1994)",1901.95553466859
"Uninformative_bk_Jardim (1999)","Uninformative_bk","M_Jardim(1981-1994)",1980.54161902132
"Uninformative_bk_Jardim (1999)","Uninformative_bk","M_Jardim(1981-1994)",1910.49535996189
"Uninformative_bk_Jardim (1999)","Uninformative_bk","M_Jardim(1981-1994)",1957.17610594786
"Uninformative_bk_Jardim (1999)","Uninformative_bk","M_Jardim(1981-1994)",2792.94667794435
"Uninformative_bk_Jardim (1999)","Uninformative_bk","M_Jardim(1981-1994)",3942.43887492855
"Uninformative_bk_Jardim (1999)","Uninformative_bk","M_Jardim(1981-1994)",1993.44240933526
"Uninformative_bk_Jardim (1999)","Uninformative_bk","M_Jardim(1981-1994)",1923.04722744427
"Uninformative_bk_Jardim (1999)","Uninformative_bk","M_Jardim(1981-1994)",1700.42856332824
"Uninformative_bk_Jardim (1999)","Uninformative_bk","M_Jardim(1981-1994)",1828.9777225466
"Uninformative_bk_Jardim (1999)","Uninformative_bk","M_Jardim(1981-1994)",2211.85733503747
"Uninformative_bk_Jardim (1999)","Uninformative_bk","M_Jardim(1981-1994)",1844.43419468933
"Uninformative_bk_Jardim (1999)","Uninformative_bk","M_Jardim(1981-1994)",5525.23273805908
"Uninformative_bk_Jardim (1999)","Uninformative_bk","M_Jardim(1981-1994)",1864.11833489096
"Uninformative_bk_Jardim (1999)","Uninformative_bk","M_Jardim(1981-1994)",1949.93733913432
"Uninformative_bk_Jardim (1999)","Uninformative_bk","M_Jardim(1981-1994)",1941.77429576371
"Uninformative_bk_Jardim (1999)","Uninformative_bk","M_Jardim(1981-1994)",1789.75953852392
"Uninformative_bk_Jardim (1999)","Uninformative_bk","M_Jardim(1981-1994)",6696.79926379502
"Uninformative_bk_Jardim (1999)","Uninformative_bk","M_Jardim(1981-1994)",2072.13500009447
"Uninformative_bk_Jardim (1999)","Uninformative_bk","M_Jardim(1981-1994)",1931.60151555349
"Uninformative_bk_Jardim (1999)","Uninformative_bk","M_Jardim(1981-1994)",1791.08883202769
"Uninformative_bk_Jardim (1999)","Uninformative_bk","M_Jardim(1981-1994)",2013.65853501988
"Uninformative_bk_Jardim (1999)","Uninformative_bk","M_Jardim(1981-1994)",1534.48461201775
"Uninformative_bk_Jardim (1999)","Uninformative_bk","M_Jardim(1981-1994)",2007.73969729335
"Uninformative_bk_Jardim (1999)","Uninformative_bk","M_Jardim(1981-1994)",2418.37187653783
"Uninformative_bk_Jardim (1999)","Uninformative_bk","M_Jardim(1981-1994)",2091.43047410628
"Uninformative_bk_Jardim (1999)","Uninformative_bk","M_Jardim(1981-1994)",1872.24995064611
"Uninformative_bk_Jardim (1999)","Uninformative_bk","M_Jardim(1981-1994)",2024.77592166811
"Uninformative_bk_Jardim (1999)","Uninformative_bk","M_Jardim(1981-1994)",1939.57813451755
"Uninformative_bk_Jardim (1999)","Uninformative_bk","M_Jardim(1981-1994)",1810.98820251455
"Uninformative_bk_Jardim (1999)","Uninformative_bk","M_Jardim(1981-1994)",1787.15725252072
"Uninformative_bk_Jardim (1999)","Uninformative_bk","M_Jardim(1981-1994)",2475.87307845099
"Uninformative_bk_Jardim (1999)","Uninformative_bk","M_Jardim(1981-1994)",1946.59171513719
"Uninformative_bk_Jardim (1999)","Uninformative_bk","M_Jardim(1981-1994)",2049.19315277136
"Uninformative_bk_Jardim (1999)","Uninformative_bk","M_Jardim(1981-1994)",1756.44306917602
"Uninformative_bk_Jardim (1999)","Uninformative_bk","M_Jardim(1981-1994)",1878.87733319474
"Uninformative_bk_Jardim (1999)","Uninformative_bk","M_Jardim(1981-1994)",1945.33868901189
"Uninformative_bk_Jardim (1999)","Uninformative_bk","M_Jardim(1981-1994)",2044.20225159079
"Uninformative_bk_Jardim (1999)","Uninformative_bk","M_Jardim(1981-1994)",1678.39671004941
"Uninformative_bk_Jardim (1999)","Uninformative_bk","M_Jardim(1981-1994)",2068.22749114408
"Uninformative_bk_Jardim (1999)","Uninformative_bk","M_Jardim(1981-1994)",1716.74234785399
"Uninformative_bk_Jardim (1999)","Uninformative_bk","M_Jardim(1981-1994)",1936.95184660528
"Uninformative_bk_Jardim (1999)","Uninformative_bk","M_Jardim(1981-1994)",1861.29657443773
"Uninformative_bk_Jardim (1999)","Uninformative_bk","M_Jardim(1981-1994)",2641.17214366597
"Uninformative_bk_Jardim (1999)","Uninformative_bk","M_Jardim(1981-1994)",1856.4032997073
"Uninformative_bk_Jardim (1999)","Uninformative_bk","M_Jardim(1981-1994)",3074.27938734763
"Uninformative_bk_Jardim (1999)","Uninformative_bk","M_Jardim(1981-1994)",1891.32644708291
"Uninformative_bk_Jardim (1999)","Uninformative_bk","M_Jardim(1981-1994)",1907.72669307718
"Uninformative_bk_Jardim (1999)","Uninformative_bk","M_Jardim(1981-1994)",1971.68608305404
"Uninformative_bk_Jardim (1999)","Uninformative_bk","M_Jardim(1981-1994)",1978.2246733157
"Uninformative_bk_Jardim (1999)","Uninformative_bk","M_Jardim(1981-1994)",1879.64390472438
"Uninformative_bk_Jardim (1999)","Uninformative_bk","M_Jardim(1981-1994)",2090.74502409012
"Uninformative_bk_Jardim (1999)","Uninformative_bk","M_Jardim(1981-1994)",1938.53136242927
"Uninformative_bk_Jardim (1999)","Uninformative_bk","M_Jardim(1981-1994)",1919.66152624338
"Uninformative_bk_Jardim (1999)","Uninformative_bk","M_Jardim(1981-1994)",2234.74186264811
"Uninformative_bk_Jardim (1999)","Uninformative_bk","M_Jardim(1981-1994)",1977.44137533709
"Uninformative_bk_Jardim (1999)","Uninformative_bk","M_Jardim(1981-1994)",1905.57747365819
"Uninformative_bk_Jardim (1999)","Uninformative_bk","M_Jardim(1981-1994)",2692.63958398044
"Uninformative_bk_Jardim (1999)","Uninformative_bk","M_Jardim(1981-1994)",1877.52194635058
"Uninformative_bk_Jardim (1999)","Uninformative_bk","M_Jardim(1981-1994)",2195.43764156655
"Uninformative_bk_Jardim (1999)","Uninformative_bk","M_Jardim(1981-1994)",1943.24920197056
"Uninformative_bk_Jardim (1999)","Uninformative_bk","M_Jardim(1981-1994)",2023.87839938054
"Uninformative_bk_Jardim (1999)","Uninformative_bk","M_Jardim(1981-1994)",1889.36710644006
"Uninformative_bk_Jardim (1999)","Uninformative_bk","M_Jardim(1981-1994)",1968.80739220687
"Uninformative_bk_Jardim (1999)","Uninformative_bk","M_Jardim(1981-1994)",1863.69952753719
"Uninformative_bk_Jardim (1999)","Uninformative_bk","M_Jardim(1981-1994)",1996.7997888115
"Uninformative_bk_Jardim (1999)","Uninformative_bk","M_Jardim(1981-1994)",1916.85572424905
"Uninformative_bk_Jardim (1999)","Uninformative_bk","M_Jardim(1981-1994)",2009.71866699941
"Uninformative_bk_Jardim (1999)","Uninformative_bk","M_Jardim(1981-1994)",1857.60881565093
"Uninformative_bk_Jardim (1999)","Uninformative_bk","M_Jardim(1981-1994)",1961.32941653467
"Uninformative_bk_Jardim (1999)","Uninformative_bk","M_Jardim(1981-1994)",1932.20141795687
"Uninformative_bk_Jardim (1999)","Uninformative_bk","M_Jardim(1981-1994)",2002.74070172258
"Uninformative_bk_Jardim (1999)","Uninformative_bk","M_Jardim(1981-1994)",2056.8839166385
"Uninformative_bk_Jardim (1999)","Uninformative_bk","M_Jardim(1981-1994)",1943.96323123888
"Uninformative_bk_Jardim (1999)","Uninformative_bk","M_Jardim(1981-1994)",1881.40658565708
"Uninformative_bk_Jardim (1999)","Uninformative_bk","M_Jardim(1981-1994)",1778.54568544311
"Uninformative_bk_Jardim (1999)","Uninformative_bk","M_Jardim(1981-1994)",1793.94801485365
"Uninformative_bk_Jardim (1999)","Uninformative_bk","M_Jardim(1981-1994)",1755.83859452129
"Uninformative_bk_Jardim (1999)","Uninformative_bk","M_Jardim(1981-1994)",6544.56866157942
"Uninformative_bk_Jardim (1999)","Uninformative_bk","M_Jardim(1981-1994)",1920.4595085291
"Uninformative_bk_Jardim (1999)","Uninformative_bk","M_Jardim(1981-1994)",1917.61789498238
"Uninformative_bk_Jardim (1999)","Uninformative_bk","M_Jardim(1981-1994)",1854.64184243529
"Uninformative_bk_Jardim (1999)","Uninformative_bk","M_Jardim(1981-1994)",1876.7903511464
"Uninformative_bk_Jardim (1999)","Uninformative_bk","M_Jardim(1981-1994)",1776.563057352
"Uninformative_bk_Jardim (1999)","Uninformative_bk","M_Jardim(1981-1994)",1990.17252241644
"Uninformative_bk_Jardim (1999)","Uninformative_bk","M_Jardim(1981-1994)",1944.41377093431
"Uninformative_bk_Jardim (1999)","Uninformative_bk","M_Jardim(1981-1994)",1979.41255560436
"Uninformative_bk_Jardim (1999)","Uninformative_bk","M_Jardim(1981-1994)",5444.79899678368
"Uninformative_bk_Jardim (1999)","Uninformative_bk","M_Jardim(1981-1994)",1906.75405336763
"Uninformative_bk_Jardim (1999)","Uninformative_bk","M_Jardim(1981-1994)",1931.89691629404
"Uninformative_bk_Jardim (1999)","Uninformative_bk","M_Jardim(1981-1994)",1971.02654772035
"Uninformative_bk_Jardim (1999)","Uninformative_bk","M_Jardim(1981-1994)",1970.32133890596
"Uninformative_bk_Jardim (1999)","Uninformative_bk","M_Jardim(1981-1994)",1982.92060082871
"Uninformative_bk_Jardim (1999)","Uninformative_bk","M_Jardim(1981-1994)",1920.88157272188
"Uninformative_bk_Jardim (1999)","Uninformative_bk","M_Jardim(1981-1994)",1930.78921467319
"Uninformative_bk_Jardim (1999)","Uninformative_bk","M_Jardim(1981-1994)",1835.21036255965
"Uninformative_bk_Jardim (1999)","Uninformative_bk","M_Jardim(1981-1994)",1863.06570021715
"Uninformative_bk_Jardim (1999)","Uninformative_bk","M_Jardim(1981-1994)",1979.63360854499
"Uninformative_bk_Jardim (1999)","Uninformative_bk","M_Jardim(1981-1994)",1764.35242178101
"Uninformative_bk_Jardim (1999)","Uninformative_bk","M_Jardim(1981-1994)",1812.10727326814
"Uninformative_bk_Jardim (1999)","Uninformative_bk","M_Jardim(1981-1994)",1918.89990759901
"Uninformative_bk_Jardim (1999)","Uninformative_bk","M_Jardim(1981-1994)",3194.12470818971
"Uninformative_bk_Jardim (1999)","Uninformative_bk","M_Jardim(1981-1994)",3438.76046665758
"Uninformative_bk_Jardim (1999)","Uninformative_bk","M_Jardim(1981-1994)",2406.82898007094
"Uninformative_bk_Jardim (1999)","Uninformative_bk","M_Jardim(1981-1994)",1985.99882486509
"Uninformative_bk_Jardim (1999)","Uninformative_bk","M_Jardim(1981-1994)",2000.62944931767
"Uninformative_bk_Jardim (1999)","Uninformative_bk","M_Jardim(1981-1994)",2018.32126944731
"Uninformative_bk_Jardim (1999)","Uninformative_bk","M_Jardim(1981-1994)",2111.20762893125
"Uninformative_bk_Jardim (1999)","Uninformative_bk","M_Jardim(1981-1994)",1965.41351380593
"Uninformative_bk_Jardim (1999)","Uninformative_bk","M_Jardim(1981-1994)",4528.21230806662
"Uninformative_bk_Jardim (1999)","Uninformative_bk","M_Jardim(1981-1994)",2207.56220020882
"Uninformative_bk_Jardim (1999)","Uninformative_bk","M_Jardim(1981-1994)",1814.00579217072
"Uninformative_bk_Jardim (1999)","Uninformative_bk","M_Jardim(1981-1994)",1806.08979631251
"Uninformative_bk_Jardim (1999)","Uninformative_bk","M_Jardim(1981-1994)",1907.93743388391
"Uninformative_bk_Jardim (1999)","Uninformative_bk","M_Jardim(1981-1994)",1920.80235534324
"Uninformative_bk_Jardim (1999)","Uninformative_bk","M_Jardim(1981-1994)",1897.26127482661
"Uninformative_bk_Jardim (1999)","Uninformative_bk","M_Jardim(1981-1994)",1931.50390365498
"Uninformative_bk_Jardim (1999)","Uninformative_bk","M_Jardim(1981-1994)",1839.03690620476
"Uninformative_bk_Jardim (1999)","Uninformative_bk","M_Jardim(1981-1994)",5081.37450273306
"Uninformative_bk_Jardim (1999)","Uninformative_bk","M_Jardim(1981-1994)",1899.92051175059
"Uninformative_bk_Jardim (1999)","Uninformative_bk","M_Jardim(1981-1994)",1931.04849064624
"Uninformative_bk_Jardim (1999)","Uninformative_bk","M_Jardim(1981-1994)",1860.85648202745
"Uninformative_bk_Jardim (1999)","Uninformative_bk","M_Jardim(1981-1994)",2007.89302240567
"Uninformative_bk_Jardim (1999)","Uninformative_bk","M_Jardim(1981-1994)",1984.52919808595
"Uninformative_bk_Jardim (1999)","Uninformative_bk","M_Jardim(1981-1994)",1974.20404009357
"Uninformative_bk_Jardim (1999)","Uninformative_bk","M_Jardim(1981-1994)",2974.23394385271
"Uninformative_bk_Jardim (1999)","Uninformative_bk","M_Jardim(1981-1994)",1958.18597077943
"Uninformative_bk_Jardim (1999)","Uninformative_bk","M_Jardim(1981-1994)",1917.20548886462
"Uninformative_bk_Jardim (1999)","Uninformative_bk","M_Jardim(1981-1994)",1934.70064077562
"Uninformative_bk_Jardim (1999)","Uninformative_bk","M_Jardim(1981-1994)",1977.78857496862
"Uninformative_bk_Jardim (1999)","Uninformative_bk","M_Jardim(1981-1994)",1993.95160649645
"Uninformative_bk_Jardim (1999)","Uninformative_bk","M_Jardim(1981-1994)",2070.31455762524
"Uninformative_bk_Jardim (1999)","Uninformative_bk","M_Jardim(1981-1994)",1929.64105781353
"Uninformative_bk_Jardim (1999)","Uninformative_bk","M_Jardim(1981-1994)",1976.37557197467
"Uninformative_bk_Jardim (1999)","Uninformative_bk","M_Jardim(1981-1994)",1916.9285937051
"Uninformative_bk_Jardim (1999)","Uninformative_bk","M_Jardim(1981-1994)",1824.31581674604
"Uninformative_bk_Jardim (1999)","Uninformative_bk","M_Jardim(1981-1994)",1941.47814824135
"Uninformative_bk_Jardim (1999)","Uninformative_bk","M_Jardim(1981-1994)",1985.7059104949
"Uninformative_bk_Jardim (1999)","Uninformative_bk","M_Jardim(1981-1994)",1869.13971056918
"Uninformative_bk_Jardim (1999)","Uninformative_bk","M_Jardim(1981-1994)",1914.16012817522
"Uninformative_bk_Jardim (1999)","Uninformative_bk","M_Jardim(1981-1994)",1735.47876008207
"Uninformative_bk_Jardim (1999)","Uninformative_bk","M_Jardim(1981-1994)",2352.28743524619
"Uninformative_bk_Jardim (1999)","Uninformative_bk","M_Jardim(1981-1994)",1964.52047616347
"Uninformative_bk_Jardim (1999)","Uninformative_bk","M_Jardim(1981-1994)",1989.64619584859
"Uninformative_bk_Jardim (1999)","Uninformative_bk","M_Jardim(1981-1994)",1933.5940547726
"Uninformative_bk_Jardim (1999)","Uninformative_bk","M_Jardim(1981-1994)",2032.18623695504
"Uninformative_bk_Jardim (1999)","Uninformative_bk","M_Jardim(1981-1994)",1857.88581790478
"Uninformative_bk_Jardim (1999)","Uninformative_bk","M_Jardim(1981-1994)",1975.75505182529
"Uninformative_bk_Jardim (1999)","Uninformative_bk","M_Jardim(1981-1994)",1867.38959845506
"Uninformative_bk_Jardim (1999)","Uninformative_bk","M_Jardim(1981-1994)",1953.37842352997
"Uninformative_bk_Jardim (1999)","Uninformative_bk","M_Jardim(1981-1994)",2221.63980832315
"Uninformative_bk_Jardim (1999)","Uninformative_bk","M_Jardim(1981-1994)",1841.81945473244
"Uninformative_bk_Jardim (1999)","Uninformative_bk","M_Jardim(1981-1994)",1707.32389959356
"Uninformative_bk_Jardim (1999)","Uninformative_bk","M_Jardim(1981-1994)",2020.62298494522
"Uninformative_bk_Jardim (1999)","Uninformative_bk","M_Jardim(1981-1994)",2116.21694273423
"Uninformative_bk_Jardim (1999)","Uninformative_bk","M_Jardim(1981-1994)",2022.12566657348
"Uninformative_bk_Jardim (1999)","Uninformative_bk","M_Jardim(1981-1994)",2465.45357401642
"Uninformative_bk_Jardim (1999)","Uninformative_bk","M_Jardim(1981-1994)",1972.76791206262
"Uninformative_bk_Jardim (1999)","Uninformative_bk","M_Jardim(1981-1994)",1726.20387565728
"Uninformative_bk_Jardim (1999)","Uninformative_bk","M_Jardim(1981-1994)",1716.10668564163
"Uninformative_bk_Jardim (1999)","Uninformative_bk","M_Jardim(1981-1994)",1916.53557615834
"Uninformative_bk_Jardim (1999)","Uninformative_bk","M_Jardim(1981-1994)",1829.10431509662
"Uninformative_bk_Jardim (1999)","Uninformative_bk","M_Jardim(1981-1994)",3874.45527311875
"Uninformative_bk_Jardim (1999)","Uninformative_bk","M_Jardim(1981-1994)",1991.68602922857
"Uninformative_bk_Jardim (1999)","Uninformative_bk","M_Jardim(1981-1994)",1854.38872939982
"Uninformative_bk_Jardim (1999)","Uninformative_bk","M_Jardim(1981-1994)",2242.9800981048
"Uninformative_bk_Jardim (1999)","Uninformative_bk","M_Jardim(1981-1994)",2022.61842649483
"Uninformative_bk_Jardim (1999)","Uninformative_bk","M_Jardim(1981-1994)",1909.5346267836
"Uninformative_bk_Jardim (1999)","Uninformative_bk","M_Jardim(1981-1994)",2972.6827243749
"Uninformative_bk_Jardim (1999)","Uninformative_bk","M_Jardim(1981-1994)",1809.69101920867
"Uninformative_bk_Jardim (1999)","Uninformative_bk","M_Jardim(1981-1994)",1951.19491297651
"Uninformative_bk_Jardim (1999)","Uninformative_bk","M_Jardim(1981-1994)",2470.83858889317
"Uninformative_bk_Jardim (1999)","Uninformative_bk","M_Jardim(1981-1994)",1959.81683800492
"Uninformative_bk_Jardim (1999)","Uninformative_bk","M_Jardim(1981-1994)",1941.7689598221
"Uninformative_bk_Jardim (1999)","Uninformative_bk","M_Jardim(1981-1994)",3757.09157951964
"Uninformative_bk_Jardim (1999)","Uninformative_bk","M_Jardim(1981-1994)",1942.43943150512
"Uninformative_bk_Jardim (1999)","Uninformative_bk","M_Jardim(1981-1994)",1802.34110418288
"Uninformative_bk_Jardim (1999)","Uninformative_bk","M_Jardim(1981-1994)",1861.2863719913
"Uninformative_bk_Jardim (1999)","Uninformative_bk","M_Jardim(1981-1994)",1936.49722134627
"Uninformative_bk_Jardim (1999)","Uninformative_bk","M_Jardim(1981-1994)",1947.50365138407
"Uninformative_bk_Jardim (1999)","Uninformative_bk","M_Jardim(1981-1994)",2021.7589638552
"Uninformative_bk_Jardim (1999)","Uninformative_bk","M_Jardim(1981-1994)",1797.36896632176
"Uninformative_bk_Jardim (1999)","Uninformative_bk","M_Jardim(1981-1994)",1442.44572916163
"Uninformative_bk_Jardim (1999)","Uninformative_bk","M_Jardim(1981-1994)",2863.62943727876
"Uninformative_bk_Jardim (1999)","Uninformative_bk","M_Jardim(1981-1994)",1847.23518263181
"Uninformative_bk_Jardim (1999)","Uninformative_bk","M_Jardim(1981-1994)",2377.81828458598
"Uninformative_bk_Jardim (1999)","Uninformative_bk","M_Jardim(1981-1994)",1895.02250255026
"Uninformative_bk_Jardim (1999)","Uninformative_bk","M_Jardim(1981-1994)",1944.34517576632
"Uninformative_bk_Jardim (1999)","Uninformative_bk","M_Jardim(1981-1994)",1836.0218786587
"Uninformative_bk_Jardim (1999)","Uninformative_bk","M_Jardim(1981-1994)",1913.76287130147
"Uninformative_bk_Jardim (1999)","Uninformative_bk","M_Jardim(1981-1994)",2025.13878127466
"Uninformative_bk_Jardim (1999)","Uninformative_bk","M_Jardim(1981-1994)",1867.2142689329
"Uninformative_bk_Jardim (1999)","Uninformative_bk","M_Jardim(1981-1994)",2245.35938090249
"Uninformative_bk_Jardim (1999)","Uninformative_bk","M_Jardim(1981-1994)",1838.75238471964
"Uninformative_bk_Jardim (1999)","Uninformative_bk","M_Jardim(1981-1994)",1994.95983197879
"Uninformative_bk_Jardim (1999)","Uninformative_bk","M_Jardim(1981-1994)",1859.62844748922
"Uninformative_bk_Jardim (1999)","Uninformative_bk","M_Jardim(1981-1994)",1902.06169756975
"Uninformative_bk_Jardim (1999)","Uninformative_bk","M_Jardim(1981-1994)",1896.82873134233
"Uninformative_bk_Jardim (1999)","Uninformative_bk","M_Jardim(1981-1994)",2510.4263170837
"Uninformative_bk_Jardim (1999)","Uninformative_bk","M_Jardim(1981-1994)",1966.99742790492
"Uninformative_bk_Jardim (1999)","Uninformative_bk","M_Jardim(1981-1994)",1982.44166071307
"Uninformative_bk_Jardim (1999)","Uninformative_bk","M_Jardim(1981-1994)",1882.75761957619
"Uninformative_bk_Jardim (1999)","Uninformative_bk","M_Jardim(1981-1994)",1988.53105795635
"Uninformative_bk_Jardim (1999)","Uninformative_bk","M_Jardim(1981-1994)",1750.88336630507
"Uninformative_bk_Jardim (1999)","Uninformative_bk","M_Jardim(1981-1994)",1830.52209800936
"Uninformative_bk_Jardim (1999)","Uninformative_bk","M_Jardim(1981-1994)",1976.64683400647
"Uninformative_bk_Jardim (1999)","Uninformative_bk","M_Jardim(1981-1994)",1515.63477716092
"Uninformative_bk_Jardim (1999)","Uninformative_bk","M_Jardim(1981-1994)",1983.95175334845
"Uninformative_bk_Jardim (1999)","Uninformative_bk","M_Jardim(1981-1994)",2030.4515341478
"Uninformative_bk_Jardim (1999)","Uninformative_bk","M_Jardim(1981-1994)",3523.03470810766
"Uninformative_bk_Jardim (1999)","Uninformative_bk","M_Jardim(1981-1994)",1905.40783755732
"Uninformative_bk_Jardim (1999)","Uninformative_bk","M_Jardim(1981-1994)",1925.18714626464
"Uninformative_bk_Jardim (1999)","Uninformative_bk","M_Jardim(1981-1994)",1893.5150879862
"Uninformative_bk_Jardim (1999)","Uninformative_bk","M_Jardim(1981-1994)",1916.19791609827
"Uninformative_bk_Jardim (1999)","Uninformative_bk","M_Jardim(1981-1994)",1870.59163884094
"Uninformative_bk_Jardim (1999)","Uninformative_bk","M_Jardim(1981-1994)",1889.6637495202
"Uninformative_bk_Jardim (1999)","Uninformative_bk","M_Jardim(1981-1994)",1918.97283569606
"Uninformative_bk_Jardim (1999)","Uninformative_bk","M_Jardim(1981-1994)",1998.33213694052
"Uninformative_bk_Jardim (1999)","Uninformative_bk","M_Jardim(1981-1994)",2147.64707995439
"Uninformative_bk_Jardim (1999)","Uninformative_bk","M_Jardim(1981-1994)",2440.47535624378
"Uninformative_bk_Jardim (1999)","Uninformative_bk","M_Jardim(1981-1994)",1922.53550875987
"Uninformative_bk_Jardim (1999)","Uninformative_bk","M_Jardim(1981-1994)",1968.77191406785
"Uninformative_bk_Jardim (1999)","Uninformative_bk","M_Jardim(1981-1994)",1855.30458559988
"Uninformative_bk_Jardim (1999)","Uninformative_bk","M_Jardim(1981-1994)",2399.07430434783
"Uninformative_bk_Jardim (1999)","Uninformative_bk","M_Jardim(1981-1994)",1890.55267817118
"Uninformative_bk_Jardim (1999)","Uninformative_bk","M_Jardim(1981-1994)",2092.71042554932
"Uninformative_bk_Jardim (1999)","Uninformative_bk","M_Jardim(1981-1994)",1958.68005962538
"Uninformative_bk_Jardim (1999)","Uninformative_bk","M_Jardim(1981-1994)",1929.79853953289
"Uninformative_bk_Jardim (1999)","Uninformative_bk","M_Jardim(1981-1994)",1954.26371523766
"Uninformative_bk_Jardim (1999)","Uninformative_bk","M_Jardim(1981-1994)",1986.49795864905
"Uninformative_bk_Jardim (1999)","Uninformative_bk","M_Jardim(1981-1994)",1952.11813716953
"Uninformative_bk_Jardim (1999)","Uninformative_bk","M_Jardim(1981-1994)",1923.24783338472
"Uninformative_bk_Jardim (1999)","Uninformative_bk","M_Jardim(1981-1994)",2781.41516652778
"Uninformative_bk_Jardim (1999)","Uninformative_bk","M_Jardim(1981-1994)",1991.75634318494
"Uninformative_bk_Jardim (1999)","Uninformative_bk","M_Jardim(1981-1994)",2242.4894560652
"Uninformative_bk_Jardim (1999)","Uninformative_bk","M_Jardim(1981-1994)",2006.51447944046
"Uninformative_bk_Jardim (1999)","Uninformative_bk","M_Jardim(1981-1994)",1961.79012531151
"Uninformative_bk_Jardim (1999)","Uninformative_bk","M_Jardim(1981-1994)",1725.9390948504
"Uninformative_bk_Jardim (1999)","Uninformative_bk","M_Jardim(1981-1994)",2011.41209875745
"Uninformative_bk_Jardim (1999)","Uninformative_bk","M_Jardim(1981-1994)",2066.76146381197
"Uninformative_bk_Jardim (1999)","Uninformative_bk","M_Jardim(1981-1994)",5651.11518254849
"Uninformative_bk_Jardim (1999)","Uninformative_bk","M_Jardim(1981-1994)",1787.32149447728
"Uninformative_bk_Jardim (1999)","Uninformative_bk","M_Jardim(1981-1994)",1952.48765986559
"Uninformative_bk_Jardim (1999)","Uninformative_bk","M_Jardim(1981-1994)",1881.66940121909
"Uninformative_bk_Jardim (1999)","Uninformative_bk","M_Jardim(1981-1994)",1922.92236901132
"Uninformative_bk_Jardim (1999)","Uninformative_bk","M_Jardim(1981-1994)",1918.52117567024
"Uninformative_bk_Jardim (1999)","Uninformative_bk","M_Jardim(1981-1994)",1885.44454996761
"Uninformative_bk_Jardim (1999)","Uninformative_bk","M_Jardim(1981-1994)",1621.02508591813
"Uninformative_bk_Jardim (1999)","Uninformative_bk","M_Jardim(1981-1994)",1837.40394306236
"Uninformative_bk_Jardim (1999)","Uninformative_bk","M_Jardim(1981-1994)",1938.55721455477
"Uninformative_bk_Jardim (1999)","Uninformative_bk","M_Jardim(1981-1994)",1903.42539610512
"Uninformative_bk_Jardim (1999)","Uninformative_bk","M_Jardim(1981-1994)",1998.78129067835
"Uninformative_bk_Jardim (1999)","Uninformative_bk","M_Jardim(1981-1994)",1810.48836520244
"Uninformative_bk_Jardim (1999)","Uninformative_bk","M_Jardim(1981-1994)",1955.05017895862
"Uninformative_bk_Jardim (1999)","Uninformative_bk","M_Jardim(1981-1994)",1836.19305669759
"Uninformative_bk_Jardim (1999)","Uninformative_bk","M_Jardim(1981-1994)",1945.65415698968
"Uninformative_bk_Jardim (1999)","Uninformative_bk","M_Jardim(1981-1994)",2516.78936303163
"Uninformative_bk_Jardim (1999)","Uninformative_bk","M_Jardim(1981-1994)",2515.65793958995
"Uninformative_bk_Jardim (1999)","Uninformative_bk","M_Jardim(1981-1994)",1956.89925551362
"Uninformative_bk_Jardim (1999)","Uninformative_bk","M_Jardim(1981-1994)",2349.97698200528
"Uninformative_bk_Jardim (1999)","Uninformative_bk","M_Jardim(1981-1994)",1973.23216828385
"Uninformative_bk_Jardim (1999)","Uninformative_bk","M_Jardim(1981-1994)",1760.20989078568
"Uninformative_bk_Jardim (1999)","Uninformative_bk","M_Jardim(1981-1994)",1793.48594087098
"Uninformative_bk_Jardim (1999)","Uninformative_bk","M_Jardim(1981-1994)",2742.50726318443
"Uninformative_bk_Jardim (1999)","Uninformative_bk","M_Jardim(1981-1994)",4221.5315321635
"Uninformative_bk_Jardim (1999)","Uninformative_bk","M_Jardim(1981-1994)",1714.96610832088
"Uninformative_bk_Jardim (1999)","Uninformative_bk","M_Jardim(1981-1994)",6121.8536909659
"Uninformative_bk_Jardim (1999)","Uninformative_bk","M_Jardim(1981-1994)",2134.93185792322
"Uninformative_bk_Jardim (1999)","Uninformative_bk","M_Jardim(1981-1994)",2001.43416118234
"Uninformative_bk_Jardim (1999)","Uninformative_bk","M_Jardim(1981-1994)",2068.02785976076
"Uninformative_bk_Jardim (1999)","Uninformative_bk","M_Jardim(1981-1994)",1936.0833048628
"Uninformative_bk_Jardim (1999)","Uninformative_bk","M_Jardim(1981-1994)",1950.09861407908
"Uninformative_bk_Jardim (1999)","Uninformative_bk","M_Jardim(1981-1994)",1912.15512163989
"Uninformative_bk_Jardim (1999)","Uninformative_bk","M_Jardim(1981-1994)",1823.03016784795
"Uninformative_bk_Jardim (1999)","Uninformative_bk","M_Jardim(1981-1994)",2315.08215744773
"Uninformative_bk_Jardim (1999)","Uninformative_bk","M_Jardim(1981-1994)",2124.49332938102
"Uninformative_bk_Jardim (1999)","Uninformative_bk","M_Jardim(1981-1994)",1970.49596425589
"Uninformative_bk_Jardim (1999)","Uninformative_bk","M_Jardim(1981-1994)",2216.65462378523
"Uninformative_bk_Jardim (1999)","Uninformative_bk","M_Jardim(1981-1994)",1933.86254497306
"Uninformative_bk_Jardim (1999)","Uninformative_bk","M_Jardim(1981-1994)",1827.01697649855
"Uninformative_bk_Jardim (1999)","Uninformative_bk","M_Jardim(1981-1994)",2937.17906462276
"Uninformative_bk_Jardim (1999)","Uninformative_bk","M_Jardim(1981-1994)",1717.28400905051
"Uninformative_bk_Jardim (1999)","Uninformative_bk","M_Jardim(1981-1994)",1798.129737973
"Uninformative_bk_Jardim (1999)","Uninformative_bk","M_Jardim(1981-1994)",1869.9965313872
"Uninformative_bk_Jardim (1999)","Uninformative_bk","M_Jardim(1981-1994)",2438.99237124363
"Uninformative_bk_Jardim (1999)","Uninformative_bk","M_Jardim(1981-1994)",1837.07831857866
"Uninformative_bk_Jardim (1999)","Uninformative_bk","M_Jardim(1981-1994)",4405.4731589972
"Uninformative_bk_Jardim (1999)","Uninformative_bk","M_Jardim(1981-1994)",1961.919711157
"Uninformative_bk_Jardim (1999)","Uninformative_bk","M_Jardim(1981-1994)",1908.48682682165
"Uninformative_bk_Jardim (1999)","Uninformative_bk","M_Jardim(1981-1994)",2591.60347564032
"Uninformative_bk_Jardim (1999)","Uninformative_bk","M_Jardim(1981-1994)",1756.38976608688
"Uninformative_bk_Jardim (1999)","Uninformative_bk","M_Jardim(1981-1994)",1932.04294880851
"Uninformative_bk_Jardim (1999)","Uninformative_bk","M_Jardim(1981-1994)",1830.63723115214
"Uninformative_bk_Jardim (1999)","Uninformative_bk","M_Jardim(1981-1994)",1910.42193870701
"Uninformative_bk_Jardim (1999)","Uninformative_bk","M_Jardim(1981-1994)",2517.65391321666
"Uninformative_bk_Jardim (1999)","Uninformative_bk","M_Jardim(1981-1994)",1969.44732976883
"Uninformative_bk_Jardim (1999)","Uninformative_bk","M_Jardim(1981-1994)",2021.90285568427
"Uninformative_bk_Jardim (1999)","Uninformative_bk","M_Jardim(1981-1994)",4397.73219629908
"Uninformative_bk_Jardim (1999)","Uninformative_bk","M_Jardim(1981-1994)",1939.93339699079
"Uninformative_bk_Jardim (1999)","Uninformative_bk","M_Jardim(1981-1994)",5195.24071484807
"Uninformative_bk_Jardim (1999)","Uninformative_bk","M_Jardim(1981-1994)",1492.86367185259
"Uninformative_bk_Jardim (1999)","Uninformative_bk","M_Jardim(1981-1994)",1965.02133098821
"Uninformative_bk_Jardim (1999)","Uninformative_bk","M_Jardim(1981-1994)",1867.22652574482
"Uninformative_bk_Jardim (1999)","Uninformative_bk","M_Jardim(1981-1994)",2567.15809087146
"Uninformative_bk_Jardim (1999)","Uninformative_bk","M_Jardim(1981-1994)",1921.89522517844
"Uninformative_bk_Jardim (1999)","Uninformative_bk","M_Jardim(1981-1994)",1920.33908181143
"Uninformative_bk_Jardim (1999)","Uninformative_bk","M_Jardim(1981-1994)",1922.46861442264
"Uninformative_bk_Jardim (1999)","Uninformative_bk","M_Jardim(1981-1994)",1843.41277745119
"Uninformative_bk_Jardim (1999)","Uninformative_bk","M_Jardim(1981-1994)",1959.68261900367
"Uninformative_bk_Jardim (1999)","Uninformative_bk","M_Jardim(1981-1994)",1963.94778239582
"Uninformative_bk_Jardim (1999)","Uninformative_bk","M_Jardim(1981-1994)",3899.76826259182
"Uninformative_bk_Jardim (1999)","Uninformative_bk","M_Jardim(1981-1994)",2000.36915723435
"Uninformative_bk_Jardim (1999)","Uninformative_bk","M_Jardim(1981-1994)",1852.46222605759
"Uninformative_bk_Jardim (1999)","Uninformative_bk","M_Jardim(1981-1994)",1915.26921402613
"Uninformative_bk_Jardim (1999)","Uninformative_bk","M_Jardim(1981-1994)",1827.0225867042
"Uninformative_bk_Jardim (1999)","Uninformative_bk","M_Jardim(1981-1994)",1923.62588877119
"Uninformative_bk_Jardim (1999)","Uninformative_bk","M_Jardim(1981-1994)",1933.27662600179
"Uninformative_bk_Jardim (1999)","Uninformative_bk","M_Jardim(1981-1994)",1953.28171950226
"Uninformative_bk_Jardim (1999)","Uninformative_bk","M_Jardim(1981-1994)",1796.25411609386
"Uninformative_bk_Jardim (1999)","Uninformative_bk","M_Jardim(1981-1994)",1956.7895075581
"Uninformative_bk_Jardim (1999)","Uninformative_bk","M_Jardim(1981-1994)",3020.39509013603
"Uninformative_bk_Jardim (1999)","Uninformative_bk","M_Jardim(1981-1994)",1822.55845080797
"Uninformative_bk_Jardim (1999)","Uninformative_bk","M_Jardim(1981-1994)",1775.06381778429
"Uninformative_bk_Jardim (1999)","Uninformative_bk","M_Jardim(1981-1994)",2186.80692940216
"Uninformative_bk_Jardim (1999)","Uninformative_bk","M_Jardim(1981-1994)",1947.06174229716
"Uninformative_bk_Jardim (1999)","Uninformative_bk","M_Jardim(1981-1994)",1916.67889119008
"Uninformative_bk_Jardim (1999)","Uninformative_bk","M_Jardim(1981-1994)",1709.08815706371
"Uninformative_bk_Jardim (1999)","Uninformative_bk","M_Jardim(1981-1994)",3038.13496028771
"Uninformative_bk_Jardim (1999)","Uninformative_bk","M_Jardim(1981-1994)",2014.41190574428
"Uninformative_bk_Jardim (1999)","Uninformative_bk","M_Jardim(1981-1994)",1874.47058403521
"Uninformative_bk_Jardim (1999)","Uninformative_bk","M_Jardim(1981-1994)",1885.89239705415
"Uninformative_bk_Jardim (1999)","Uninformative_bk","M_Jardim(1981-1994)",1906.99176748139
"Uninformative_bk_Jardim (1999)","Uninformative_bk","M_Jardim(1981-1994)",1932.96805890889
"Uninformative_bk_Jardim (1999)","Uninformative_bk","M_Jardim(1981-1994)",1898.13725380442
"Uninformative_bk_Jardim (1999)","Uninformative_bk","M_Jardim(1981-1994)",1962.08064800258
"Uninformative_bk_Jardim (1999)","Uninformative_bk","M_Jardim(1981-1994)",1922.63779710028
"Uninformative_bk_Jardim (1999)","Uninformative_bk","M_Jardim(1981-1994)",1995.63413995189
"Uninformative_bk_Jardim (1999)","Uninformative_bk","M_Jardim(1981-1994)",1987.07425906102
"Uninformative_bk_Jardim (1999)","Uninformative_bk","M_Jardim(1981-1994)",1987.12375862566
"Uninformative_bk_Jardim (1999)","Uninformative_bk","M_Jardim(1981-1994)",1987.80200675164
"Uninformative_bk_Jardim (1999)","Uninformative_bk","M_Jardim(1981-1994)",1876.74929765512
"Uninformative_bk_Jardim (1999)","Uninformative_bk","M_Jardim(1981-1994)",1981.07308087982
"Uninformative_bk_Jardim (1999)","Uninformative_bk","M_Jardim(1981-1994)",2529.15013214228
"Uninformative_bk_Jardim (1999)","Uninformative_bk","M_Jardim(1981-1994)",1876.89389733576
"Uninformative_bk_Jardim (1999)","Uninformative_bk","M_Jardim(1981-1994)",1792.66956395889
"Uninformative_bk_Jardim (1999)","Uninformative_bk","M_Jardim(1981-1994)",2188.20845355621
"Uninformative_bk_Jardim (1999)","Uninformative_bk","M_Jardim(1981-1994)",1846.28200130233
"Uninformative_bk_Jardim (1999)","Uninformative_bk","M_Jardim(1981-1994)",1876.36913363738
"Uninformative_bk_Jardim (1999)","Uninformative_bk","M_Jardim(1981-1994)",2533.77984299932
"Uninformative_bk_Jardim (1999)","Uninformative_bk","M_Jardim(1981-1994)",1902.62170450385
"Uninformative_bk_Jardim (1999)","Uninformative_bk","M_Jardim(1981-1994)",2056.94233067864
"Uninformative_bk_Jardim (1999)","Uninformative_bk","M_Jardim(1981-1994)",2259.00169128534
"Uninformative_bk_Jardim (1999)","Uninformative_bk","M_Jardim(1981-1994)",2248.85931882279
"Uninformative_bk_Jardim (1999)","Uninformative_bk","M_Jardim(1981-1994)",4051.79439643905
"Uninformative_bk_Jardim (1999)","Uninformative_bk","M_Jardim(1981-1994)",1808.44514482722
"Uninformative_bk_Jardim (1999)","Uninformative_bk","M_Jardim(1981-1994)",1886.68810378717
"Uninformative_bk_Jardim (1999)","Uninformative_bk","M_Jardim(1981-1994)",1950.5871198425
"Uninformative_bk_Jardim (1999)","Uninformative_bk","M_Jardim(1981-1994)",2682.57247827222
"Uninformative_bk_Jardim (1999)","Uninformative_bk","M_Jardim(1981-1994)",5546.68787423181
"Uninformative_bk_Jardim (1999)","Uninformative_bk","M_Jardim(1981-1994)",1887.90942151008
"Uninformative_bk_Jardim (1999)","Uninformative_bk","M_Jardim(1981-1994)",1891.02611014128
"Uninformative_bk_Jardim (1999)","Uninformative_bk","M_Jardim(1981-1994)",1939.91338195621
"Uninformative_bk_Jardim (1999)","Uninformative_bk","M_Jardim(1981-1994)",1924.14122070589
"Uninformative_bk_Jardim (1999)","Uninformative_bk","M_Jardim(1981-1994)",1907.20706012556
"Uninformative_bk_Jardim (1999)","Uninformative_bk","M_Jardim(1981-1994)",1936.73377502646
"Uninformative_bk_Jardim (1999)","Uninformative_bk","M_Jardim(1981-1994)",2025.45723822537
"Uninformative_bk_Jardim (1999)","Uninformative_bk","M_Jardim(1981-1994)",2105.60566336334
"Uninformative_bk_Jardim (1999)","Uninformative_bk","M_Jardim(1981-1994)",1915.92219097027
"Uninformative_bk_Jardim (1999)","Uninformative_bk","M_Jardim(1981-1994)",1915.98476359472
"Uninformative_bk_Jardim (1999)","Uninformative_bk","M_Jardim(1981-1994)",1977.92721889985
"Uninformative_bk_Jardim (1999)","Uninformative_bk","M_Jardim(1981-1994)",1680.20093140641
"Uninformative_bk_Jardim (1999)","Uninformative_bk","M_Jardim(1981-1994)",1917.40300372365
"Uninformative_bk_Jardim (1999)","Uninformative_bk","M_Jardim(1981-1994)",1775.89267302051
"Uninformative_bk_Jardim (1999)","Uninformative_bk","M_Jardim(1981-1994)",2033.81160707553
"Uninformative_bk_Jardim (1999)","Uninformative_bk","M_Jardim(1981-1994)",1908.98127964559
"Uninformative_bk_Jardim (1999)","Uninformative_bk","M_Jardim(1981-1994)",4041.68143862066
"Uninformative_bk_Jardim (1999)","Uninformative_bk","M_Jardim(1981-1994)",2104.18956003138
"Uninformative_bk_Jardim (1999)","Uninformative_bk","M_Jardim(1981-1994)",1855.76726310292
"Uninformative_bk_Jardim (1999)","Uninformative_bk","M_Jardim(1981-1994)",3152.60968749357
"Uninformative_bk_Jardim (1999)","Uninformative_bk","M_Jardim(1981-1994)",1900.84217611116
"Uninformative_bk_Jardim (1999)","Uninformative_bk","M_Jardim(1981-1994)",1876.99986827418
"Uninformative_bk_Jardim (1999)","Uninformative_bk","M_Jardim(1981-1994)",2011.2014764096
"Uninformative_bk_Jardim (1999)","Uninformative_bk","M_Jardim(1981-1994)",2357.68783467489
"Uninformative_bk_Jardim (1999)","Uninformative_bk","M_Jardim(1981-1994)",1997.86180926631
"Uninformative_bk_Jardim (1999)","Uninformative_bk","M_Jardim(1981-1994)",1783.76856109321
"Uninformative_bk_Jardim (1999)","Uninformative_bk","M_Jardim(1981-1994)",2113.71623177035
"Uninformative_bk_Jardim (1999)","Uninformative_bk","M_Jardim(1981-1994)",1829.9393810371
"Uninformative_bk_Jardim (1999)","Uninformative_bk","M_Jardim(1981-1994)",1939.14657279363
"Uninformative_bk_Jardim (1999)","Uninformative_bk","M_Jardim(1981-1994)",2206.75288413208
"Uninformative_bk_Jardim (1999)","Uninformative_bk","M_Jardim(1981-1994)",1924.54394229925
"Uninformative_bk_Jardim (1999)","Uninformative_bk","M_Jardim(1981-1994)",1961.64864588107
"Uninformative_bk_Jardim (1999)","Uninformative_bk","M_Jardim(1981-1994)",2170.27470926014
"Uninformative_bk_Jardim (1999)","Uninformative_bk","M_Jardim(1981-1994)",2103.09447783783
"Uninformative_bk_Jardim (1999)","Uninformative_bk","M_Jardim(1981-1994)",1851.82003164898
"Uninformative_bk_Jardim (1999)","Uninformative_bk","M_Jardim(1981-1994)",1955.36809823832
"Uninformative_bk_Jardim (1999)","Uninformative_bk","M_Jardim(1981-1994)",1888.30723802327
"Uninformative_bk_Jardim (1999)","Uninformative_bk","M_Jardim(1981-1994)",1985.59382650583
"Uninformative_bk_Jardim (1999)","Uninformative_bk","M_Jardim(1981-1994)",1769.9010488538
"Uninformative_bk_Jardim (1999)","Uninformative_bk","M_Jardim(1981-1994)",1935.2081270333
"Uninformative_bk_Jardim (1999)","Uninformative_bk","M_Jardim(1981-1994)",4408.77649062523
"Uninformative_bk_Jardim (1999)","Uninformative_bk","M_Jardim(1981-1994)",1771.6703416433
"Uninformative_bk_Jardim (1999)","Uninformative_bk","M_Jardim(1981-1994)",2406.72977865831
"Uninformative_bk_Jardim (1999)","Uninformative_bk","M_Jardim(1981-1994)",1941.75099126487
"Uninformative_bk_Jardim (1999)","Uninformative_bk","M_Jardim(1981-1994)",5278.39354557594
"Uninformative_bk_Jardim (1999)","Uninformative_bk","M_Jardim(1981-1994)",1935.40362570792
"Uninformative_bk_Jardim (1999)","Uninformative_bk","M_Jardim(1981-1994)",2113.3425820841
"Uninformative_bk_Jardim (1999)","Uninformative_bk","M_Jardim(1981-1994)",2548.23615683898
"Uninformative_bk_Jardim (1999)","Uninformative_bk","M_Jardim(1981-1994)",1985.96082421941
"Uninformative_bk_Jardim (1999)","Uninformative_bk","M_Jardim(1981-1994)",2006.43245021439
"Uninformative_bk_Jardim (1999)","Uninformative_bk","M_Jardim(1981-1994)",1913.66881488344
"Uninformative_bk_Jardim (1999)","Uninformative_bk","M_Jardim(1981-1994)",1763.69751553461
"Uninformative_bk_Jardim (1999)","Uninformative_bk","M_Jardim(1981-1994)",2339.47393584105
"Uninformative_bk_Jardim (1999)","Uninformative_bk","M_Jardim(1981-1994)",1769.08502403445
"Uninformative_bk_Jardim (1999)","Uninformative_bk","M_Jardim(1981-1994)",1771.90578142314
"Uninformative_bk_Jardim (1999)","Uninformative_bk","M_Jardim(1981-1994)",1918.1080582215
"Uninformative_bk_Jardim (1999)","Uninformative_bk","M_Jardim(1981-1994)",1831.55382937803
"Uninformative_bk_Jardim (1999)","Uninformative_bk","M_Jardim(1981-1994)",1783.34058433426
"Uninformative_bk_Jardim (1999)","Uninformative_bk","M_Jardim(1981-1994)",1490.28209994567
"Uninformative_bk_Jardim (1999)","Uninformative_bk","M_Jardim(1981-1994)",2081.55296847246
"Uninformative_bk_Jardim (1999)","Uninformative_bk","M_Jardim(1981-1994)",1901.8870550198
"Uninformative_bk_Jardim (1999)","Uninformative_bk","M_Jardim(1981-1994)",1788.10061720838
"Uninformative_bk_Jardim (1999)","Uninformative_bk","M_Jardim(1981-1994)",1751.95456724661
"Uninformative_bk_Jardim (1999)","Uninformative_bk","M_Jardim(1981-1994)",4386.67453721558
"Uninformative_bk_Jardim (1999)","Uninformative_bk","M_Jardim(1981-1994)",1848.84259102945
"Uninformative_bk_Jardim (1999)","Uninformative_bk","M_Jardim(1981-1994)",2303.12317095018
"Uninformative_bk_Jardim (1999)","Uninformative_bk","M_Jardim(1981-1994)",1922.66274995587
"Uninformative_bk_Jardim (1999)","Uninformative_bk","M_Jardim(1981-1994)",1990.28040372049
"Uninformative_bk_Jardim (1999)","Uninformative_bk","M_Jardim(1981-1994)",2062.5482299307
"Uninformative_bk_Jardim (1999)","Uninformative_bk","M_Jardim(1981-1994)",1915.96708128306
"Uninformative_bk_Jardim (1999)","Uninformative_bk","M_Jardim(1981-1994)",1875.07105940905
"Uninformative_bk_Jardim (1999)","Uninformative_bk","M_Jardim(1981-1994)",1802.21741398391
"Uninformative_bk_Jardim (1999)","Uninformative_bk","M_Jardim(1981-1994)",1642.22524605549
"Uninformative_bk_Jardim (1999)","Uninformative_bk","M_Jardim(1981-1994)",1903.83516008267
"Uninformative_bk_Jardim (1999)","Uninformative_bk","M_Jardim(1981-1994)",2767.18844921145
"Uninformative_bk_Jardim (1999)","Uninformative_bk","M_Jardim(1981-1994)",1924.23774377991
"Uninformative_bk_Jardim (1999)","Uninformative_bk","M_Jardim(1981-1994)",1838.07107549811
"Uninformative_bk_Jardim (1999)","Uninformative_bk","M_Jardim(1981-1994)",1889.36667048223
"Uninformative_bk_Jardim (1999)","Uninformative_bk","M_Jardim(1981-1994)",1897.20431796289
"Uninformative_bk_Jardim (1999)","Uninformative_bk","M_Jardim(1981-1994)",1910.44153953761
"Uninformative_bk_Jardim (1999)","Uninformative_bk","M_Jardim(1981-1994)",4247.01187585585
"Uninformative_bk_Jardim (1999)","Uninformative_bk","M_Jardim(1981-1994)",1958.66689698469
"Uninformative_bk_Jardim (1999)","Uninformative_bk","M_Jardim(1981-1994)",1736.93540413701
"Uninformative_bk_Jardim (1999)","Uninformative_bk","M_Jardim(1981-1994)",1907.73638368219
"Uninformative_bk_Jardim (1999)","Uninformative_bk","M_Jardim(1981-1994)",1961.21484297714
"Uninformative_bk_Jardim (1999)","Uninformative_bk","M_Jardim(1981-1994)",2440.84647912059
"Uninformative_bk_Jardim (1999)","Uninformative_bk","M_Jardim(1981-1994)",1848.23678729368
"Uninformative_bk_Jardim (1999)","Uninformative_bk","M_Jardim(1981-1994)",1939.20341148571
"Uninformative_bk_Jardim (1999)","Uninformative_bk","M_Jardim(1981-1994)",1919.40904037747
"Uninformative_bk_Jardim (1999)","Uninformative_bk","M_Jardim(1981-1994)",1950.97871224685
"Uninformative_bk_Jardim (1999)","Uninformative_bk","M_Jardim(1981-1994)",1988.22565137895
"Uninformative_bk_Jardim (1999)","Uninformative_bk","M_Jardim(1981-1994)",1816.56569322027
"Uninformative_bk_Jardim (1999)","Uninformative_bk","M_Jardim(1981-1994)",1741.53195241794
"Uninformative_bk_Jardim (1999)","Uninformative_bk","M_Jardim(1981-1994)",1930.17803718076
"Uninformative_bk_Jardim (1999)","Uninformative_bk","M_Jardim(1981-1994)",2164.2799049893
"Uninformative_bk_Jardim (1999)","Uninformative_bk","M_Jardim(1981-1994)",1929.72119815601
"Uninformative_bk_Jardim (1999)","Uninformative_bk","M_Jardim(1981-1994)",2049.34412325388
"Uninformative_bk_Jardim (1999)","Uninformative_bk","M_Jardim(1981-1994)",1808.08882040737
"Uninformative_bk_Jardim (1999)","Uninformative_bk","M_Jardim(1981-1994)",2315.05011585179
"Uninformative_bk_Jardim (1999)","Uninformative_bk","M_Jardim(1981-1994)",2032.66589658085
"Uninformative_bk_Jardim (1999)","Uninformative_bk","M_Jardim(1981-1994)",1873.48385045
"Uninformative_bk_Jardim (1999)","Uninformative_bk","M_Jardim(1981-1994)",1870.18529765722
"Uninformative_bk_Jardim (1999)","Uninformative_bk","M_Jardim(1981-1994)",3150.63890336207
"Uninformative_bk_Jardim (1999)","Uninformative_bk","M_Jardim(1981-1994)",2069.19807122413
"Uninformative_bk_Jardim (1999)","Uninformative_bk","M_Jardim(1981-1994)",1980.60652526035
"Uninformative_bk_Jardim (1999)","Uninformative_bk","M_Jardim(1981-1994)",2162.15793591462
"Uninformative_bk_Jardim (1999)","Uninformative_bk","M_Jardim(1981-1994)",2009.96901543033
"Uninformative_bk_Jardim (1999)","Uninformative_bk","M_Jardim(1981-1994)",4016.24052265706
"Uninformative_bk_Jardim (1999)","Uninformative_bk","M_Jardim(1981-1994)",2393.25153247083
"Uninformative_bk_Jardim (1999)","Uninformative_bk","M_Jardim(1981-1994)",2077.4587366201
"Uninformative_bk_Jardim (1999)","Uninformative_bk","M_Jardim(1981-1994)",1862.92410655762
"Uninformative_bk_Jardim (1999)","Uninformative_bk","M_Jardim(1981-1994)",1904.28450724425
"Uninformative_bk_Jardim (1999)","Uninformative_bk","M_Jardim(1981-1994)",1914.53632577864
"Uninformative_bk_Jardim (1999)","Uninformative_bk","M_Jardim(1981-1994)",1865.84355327266
"Uninformative_bk_Jardim (1999)","Uninformative_bk","M_Jardim(1981-1994)",1882.17261329838
"Uninformative_bk_Jardim (1999)","Uninformative_bk","M_Jardim(1981-1994)",1930.54292084399
"Uninformative_bk_Jardim (1999)","Uninformative_bk","M_Jardim(1981-1994)",1468.79693524365
"Uninformative_bk_Jardim (1999)","Uninformative_bk","M_Jardim(1981-1994)",2105.29378164341
"Uninformative_bk_Jardim (1999)","Uninformative_bk","M_Jardim(1981-1994)",1735.00876453632
"Uninformative_bk_Jardim (1999)","Uninformative_bk","M_Jardim(1981-1994)",1875.86617934759
"Uninformative_bk_Jardim (1999)","Uninformative_bk","M_Jardim(1981-1994)",1741.27364123351
"Uninformative_bk_Jardim (1999)","Uninformative_bk","M_Jardim(1981-1994)",1935.95220636485
"Uninformative_bk_Jardim (1999)","Uninformative_bk","M_Jardim(1981-1994)",1919.23649315325
"Uninformative_bk_Jardim (1999)","Uninformative_bk","M_Jardim(1981-1994)",1720.24073141636
"Uninformative_bk_Jardim (1999)","Uninformative_bk","M_Jardim(1981-1994)",2030.75680087589
"Uninformative_bk_Jardim (1999)","Uninformative_bk","M_Jardim(1981-1994)",1526.80947923116
"Uninformative_bk_Jardim (1999)","Uninformative_bk","M_Jardim(1981-1994)",1922.75460263911
"Uninformative_bk_Jardim (1999)","Uninformative_bk","M_Jardim(1981-1994)",1817.69581764261
"Uninformative_bk_Jardim (1999)","Uninformative_bk","M_Jardim(1981-1994)",2002.43381459721
"Uninformative_bk_Jardim (1999)","Uninformative_bk","M_Jardim(1981-1994)",2167.1435815492
"Uninformative_bk_Jardim (1999)","Uninformative_bk","M_Jardim(1981-1994)",1884.22209514259
"Uninformative_bk_Jardim (1999)","Uninformative_bk","M_Jardim(1981-1994)",1719.09502697961
"Uninformative_bk_Jardim (1999)","Uninformative_bk","M_Jardim(1981-1994)",1975.60865507936
"Uninformative_bk_Jardim (1999)","Uninformative_bk","M_Jardim(1981-1994)",1899.07927192509
"Uninformative_bk_Jardim (1999)","Uninformative_bk","M_Jardim(1981-1994)",1847.53577026306
"Uninformative_bk_Jardim (1999)","Uninformative_bk","M_Jardim(1981-1994)",1693.24191940728
"Uninformative_bk_Jardim (1999)","Uninformative_bk","M_Jardim(1981-1994)",1807.50720643792
"Uninformative_bk_Jardim (1999)","Uninformative_bk","M_Jardim(1981-1994)",2047.60989163214
"Uninformative_bk_Jardim (1999)","Uninformative_bk","M_Jardim(1981-1994)",1508.79906231079
"Uninformative_bk_Jardim (1999)","Uninformative_bk","M_Jardim(1981-1994)",1977.74044993333
"Uninformative_bk_Jardim (1999)","Uninformative_bk","M_Jardim(1981-1994)",1918.78136741446
"Uninformative_bk_Jardim (1999)","Uninformative_bk","M_Jardim(1981-1994)",2258.48331418177
"Uninformative_bk_Jardim (1999)","Uninformative_bk","M_Jardim(1981-1994)",1889.8306908878
"Uninformative_bk_Jardim (1999)","Uninformative_bk","M_Jardim(1981-1994)",3775.10069316335
"Uninformative_bk_Jardim (1999)","Uninformative_bk","M_Jardim(1981-1994)",2157.60175102624
"Uninformative_bk_Jardim (1999)","Uninformative_bk","M_Jardim(1981-1994)",1823.99533403122
"Uninformative_bk_Jardim (1999)","Uninformative_bk","M_Jardim(1981-1994)",1738.97459745175
"Uninformative_bk_Jardim (1999)","Uninformative_bk","M_Jardim(1981-1994)",1965.97471688341
"Uninformative_bk_Jardim (1999)","Uninformative_bk","M_Jardim(1981-1994)",1864.64391797505
"Uninformative_bk_Jardim (1999)","Uninformative_bk","M_Jardim(1981-1994)",1740.71720311848
"Uninformative_bk_Jardim (1999)","Uninformative_bk","M_Jardim(1981-1994)",1919.42714188744
"Uninformative_bk_Jardim (1999)","Uninformative_bk","M_Jardim(1981-1994)",2086.41849183069
"Uninformative_bk_Jardim (1999)","Uninformative_bk","M_Jardim(1981-1994)",4941.07954883035
"Uninformative_bk_Jardim (1999)","Uninformative_bk","M_Jardim(1981-1994)",2708.31828482284
"Uninformative_bk_Jardim (1999)","Uninformative_bk","M_Jardim(1981-1994)",1915.28555432327
"Uninformative_bk_Jardim (1999)","Uninformative_bk","M_Jardim(1981-1994)",1842.17040669963
"Uninformative_bk_Jardim (1999)","Uninformative_bk","M_Jardim(1981-1994)",2327.7017558719
"Uninformative_bk_Jardim (1999)","Uninformative_bk","M_Jardim(1981-1994)",1797.89084775923
"Uninformative_bk_Jardim (1999)","Uninformative_bk","M_Jardim(1981-1994)",2087.56203995642
"Uninformative_bk_Jardim (1999)","Uninformative_bk","M_Jardim(1981-1994)",2064.5253628715
"Uninformative_bk_Jardim (1999)","Uninformative_bk","M_Jardim(1981-1994)",2821.74725160829
"Uninformative_bk_Jardim (1999)","Uninformative_bk","M_Jardim(1981-1994)",2980.9132363615
"Uninformative_bk_Jardim (1999)","Uninformative_bk","M_Jardim(1981-1994)",2135.58819159605
"Uninformative_bk_Jardim (1999)","Uninformative_bk","M_Jardim(1981-1994)",1884.62645558492
"Uninformative_bk_Jardim (1999)","Uninformative_bk","M_Jardim(1981-1994)",1862.48767772253
"Uninformative_bk_Jardim (1999)","Uninformative_bk","M_Jardim(1981-1994)",1999.20574004034
"Uninformative_bk_Jardim (1999)","Uninformative_bk","M_Jardim(1981-1994)",1817.09188594333
"Uninformative_bk_Jardim (1999)","Uninformative_bk","M_Jardim(1981-1994)",1889.78252890989
"Uninformative_bk_Jardim (1999)","Uninformative_bk","M_Jardim(1981-1994)",1979.85338317982
"Uninformative_bk_Jardim (1999)","Uninformative_bk","M_Jardim(1981-1994)",1953.69887758188
"Uninformative_bk_Jardim (1999)","Uninformative_bk","M_Jardim(1981-1994)",1836.46874802586
"Uninformative_bk_Jardim (1999)","Uninformative_bk","M_Jardim(1981-1994)",1965.21701616082
"Uninformative_bk_Jardim (1999)","Uninformative_bk","M_Jardim(1981-1994)",2055.99778937413
"Uninformative_bk_Jardim (1999)","Uninformative_bk","M_Jardim(1981-1994)",1715.28740552699
"Uninformative_bk_Jardim (1999)","Uninformative_bk","M_Jardim(1981-1994)",1833.83691191728
"Uninformative_bk_Jardim (1999)","Uninformative_bk","M_Jardim(1981-1994)",2389.10035193198
"Uninformative_bk_Jardim (1999)","Uninformative_bk","M_Jardim(1981-1994)",1520.13912796679
"Uninformative_bk_Jardim (1999)","Uninformative_bk","M_Jardim(1981-1994)",1805.51035661887
"Uninformative_bk_Jardim (1999)","Uninformative_bk","M_Jardim(1981-1994)",1865.21713838273
"Uninformative_bk_Jardim (1999)","Uninformative_bk","M_Jardim(1981-1994)",1771.89644538012
"Uninformative_bk_Jardim (1999)","Uninformative_bk","M_Jardim(1981-1994)",1707.57697327635
"Uninformative_bk_Jardim (1999)","Uninformative_bk","M_Jardim(1981-1994)",1993.32161846632
"Uninformative_bk_Jardim (1999)","Uninformative_bk","M_Jardim(1981-1994)",1648.33997855095
"Uninformative_bk_Jardim (1999)","Uninformative_bk","M_Jardim(1981-1994)",2012.11119176553
"Uninformative_bk_Jardim (1999)","Uninformative_bk","M_Jardim(1981-1994)",1839.66095449062
"Uninformative_bk_Jardim (1999)","Uninformative_bk","M_Jardim(1981-1994)",3169.69442084066
"Uninformative_bk_Jardim (1999)","Uninformative_bk","M_Jardim(1981-1994)",1954.69354744152
"Uninformative_bk_Jardim (1999)","Uninformative_bk","M_Jardim(1981-1994)",1960.56979784236
"Uninformative_bk_Jardim (1999)","Uninformative_bk","M_Jardim(1981-1994)",1983.41702332882
"Uninformative_bk_Jardim (1999)","Uninformative_bk","M_Jardim(1981-1994)",1793.86541574858
"Uninformative_bk_Jardim (1999)","Uninformative_bk","M_Jardim(1981-1994)",1919.31452912023
"Uninformative_bk_Jardim (1999)","Uninformative_bk","M_Jardim(1981-1994)",1715.32159786628
"Uninformative_bk_Jardim (1999)","Uninformative_bk","M_Jardim(1981-1994)",2334.61754323617
"Uninformative_bk_Jardim (1999)","Uninformative_bk","M_Jardim(1981-1994)",1974.60348592042
"Uninformative_bk_Jardim (1999)","Uninformative_bk","M_Jardim(1981-1994)",4816.65231824805
"Uninformative_bk_Jardim (1999)","Uninformative_bk","M_Jardim(1981-1994)",1869.68133485961
"Uninformative_bk_Jardim (1999)","Uninformative_bk","M_Jardim(1981-1994)",2115.22522790182
"Uninformative_bk_Jardim (1999)","Uninformative_bk","M_Jardim(1981-1994)",1937.82752933053
"Uninformative_bk_Jardim (1999)","Uninformative_bk","M_Jardim(1981-1994)",2910.60203721774
"Uninformative_bk_Jardim (1999)","Uninformative_bk","M_Jardim(1981-1994)",1783.23392366621
"Uninformative_bk_Jardim (1999)","Uninformative_bk","M_Jardim(1981-1994)",1841.57062373229
"Uninformative_bk_Jardim (1999)","Uninformative_bk","M_Jardim(1981-1994)",2132.50607112297
"Uninformative_bk_Jardim (1999)","Uninformative_bk","M_Jardim(1981-1994)",1654.93302409181
"Uninformative_bk_Jardim (1999)","Uninformative_bk","M_Jardim(1981-1994)",1985.95705341577
"Uninformative_bk_Jardim (1999)","Uninformative_bk","M_Jardim(1981-1994)",1934.00065248441
"Uninformative_bk_Jardim (1999)","Uninformative_bk","M_Jardim(1981-1994)",1963.09286908946
"Uninformative_bk_Jardim (1999)","Uninformative_bk","M_Jardim(1981-1994)",1985.71379982383
"Uninformative_bk_Jardim (1999)","Uninformative_bk","M_Jardim(1981-1994)",1917.6245325625
"Uninformative_bk_Jardim (1999)","Uninformative_bk","M_Jardim(1981-1994)",1975.37385480878
"Uninformative_bk_Jardim (1999)","Uninformative_bk","M_Jardim(1981-1994)",2138.02293963583
"Uninformative_bk_Jardim (1999)","Uninformative_bk","M_Jardim(1981-1994)",1844.80156591093
"Uninformative_bk_Jardim (1999)","Uninformative_bk","M_Jardim(1981-1994)",1920.66057803916
"Uninformative_bk_Jardim (1999)","Uninformative_bk","M_Jardim(1981-1994)",1851.25969364062
"Uninformative_bk_Jardim (1999)","Uninformative_bk","M_Jardim(1981-1994)",1990.1157392143
"Uninformative_bk_Jardim (1999)","Uninformative_bk","M_Jardim(1981-1994)",1898.424108183
"Uninformative_bk_Jardim (1999)","Uninformative_bk","M_Jardim(1981-1994)",3067.65202137775
"Uninformative_bk_Jardim (1999)","Uninformative_bk","M_Jardim(1981-1994)",1846.60749564342
"Uninformative_bk_Jardim (1999)","Uninformative_bk","M_Jardim(1981-1994)",1815.26830590783
"Uninformative_bk_Jardim (1999)","Uninformative_bk","M_Jardim(1981-1994)",1977.98473372264
"Uninformative_bk_Jardim (1999)","Uninformative_bk","M_Jardim(1981-1994)",1704.78521134564
"Uninformative_bk_Jardim (1999)","Uninformative_bk","M_Jardim(1981-1994)",1422.18442022486
"Uninformative_bk_Jardim (1999)","Uninformative_bk","M_Jardim(1981-1994)",1936.12630423016
"Uninformative_bk_Jardim (1999)","Uninformative_bk","M_Jardim(1981-1994)",2172.22117602818
"Uninformative_bk_Jardim (1999)","Uninformative_bk","M_Jardim(1981-1994)",1887.37958410373
"Uninformative_bk_Jardim (1999)","Uninformative_bk","M_Jardim(1981-1994)",1726.84640365974
"Uninformative_bk_Jardim (1999)","Uninformative_bk","M_Jardim(1981-1994)",1942.37290309283
"Uninformative_bk_Jardim (1999)","Uninformative_bk","M_Jardim(1981-1994)",2118.62738971251
"Uninformative_bk_Jardim (1999)","Uninformative_bk","M_Jardim(1981-1994)",1963.2771117837
"Uninformative_bk_Jardim (1999)","Uninformative_bk","M_Jardim(1981-1994)",1948.49991942165
"Uninformative_bk_Jardim (1999)","Uninformative_bk","M_Jardim(1981-1994)",1936.98270401006
"Uninformative_bk_Jardim (1999)","Uninformative_bk","M_Jardim(1981-1994)",1918.39693306654
"Uninformative_bk_Jardim (1999)","Uninformative_bk","M_Jardim(1981-1994)",1965.50357170963
"Uninformative_bk_Jardim (1999)","Uninformative_bk","M_Jardim(1981-1994)",3296.6947004048
"Uninformative_bk_Jardim (1999)","Uninformative_bk","M_Jardim(1981-1994)",1958.14125490614
"Uninformative_bk_Jardim (1999)","Uninformative_bk","M_Jardim(1981-1994)",1925.15151129769
"Uninformative_bk_Jardim (1999)","Uninformative_bk","M_Jardim(1981-1994)",1999.71818335591
"Uninformative_bk_Jardim (1999)","Uninformative_bk","M_Jardim(1981-1994)",1909.96496291992
"Uninformative_bk_Jardim (1999)","Uninformative_bk","M_Jardim(1981-1994)",1980.90740424556
"Uninformative_bk_Jardim (1999)","Uninformative_bk","M_Jardim(1981-1994)",1730.82313582227
"Uninformative_bk_Jardim (1999)","Uninformative_bk","M_Jardim(1981-1994)",1982.93779358576
"Uninformative_bk_Jardim (1999)","Uninformative_bk","M_Jardim(1981-1994)",1876.42527971171
"Uninformative_bk_Jardim (1999)","Uninformative_bk","M_Jardim(1981-1994)",2396.51816231793
"Uninformative_bk_Jardim (1999)","Uninformative_bk","M_Jardim(1981-1994)",2716.56830384577
"Uninformative_bk_Jardim (1999)","Uninformative_bk","M_Jardim(1981-1994)",2635.12580095973
"Uninformative_bk_Jardim (1999)","Uninformative_bk","M_Jardim(1981-1994)",1918.51394674594
"Uninformative_bk_Jardim (1999)","Uninformative_bk","M_Jardim(1981-1994)",2001.12701752302
"Uninformative_bk_Jardim (1999)","Uninformative_bk","M_Jardim(1981-1994)",4732.15025237653
"Uninformative_bk_Jardim (1999)","Uninformative_bk","M_Jardim(1981-1994)",1938.5020201161
"Uninformative_bk_Jardim (1999)","Uninformative_bk","M_Jardim(1981-1994)",1853.48210438655
"Uninformative_bk_Jardim (1999)","Uninformative_bk","M_Jardim(1981-1994)",2014.38640853869
"Uninformative_bk_Jardim (1999)","Uninformative_bk","M_Jardim(1981-1994)",2867.75919519954
"Uninformative_bk_Jardim (1999)","Uninformative_bk","M_Jardim(1981-1994)",1989.72923061727
"Uninformative_bk_Jardim (1999)","Uninformative_bk","M_Jardim(1981-1994)",1788.45259642856
"Uninformative_bk_Jardim (1999)","Uninformative_bk","M_Jardim(1981-1994)",2868.58444088043
"Uninformative_bk_Jardim (1999)","Uninformative_bk","M_Jardim(1981-1994)",1913.17717521011
"Uninformative_bk_Jardim (1999)","Uninformative_bk","M_Jardim(1981-1994)",1621.3444215967
"Uninformative_bk_Jardim (1999)","Uninformative_bk","M_Jardim(1981-1994)",1923.66534852941
"Uninformative_bk_Jardim (1999)","Uninformative_bk","M_Jardim(1981-1994)",2594.05059306505
"Uninformative_bk_Jardim (1999)","Uninformative_bk","M_Jardim(1981-1994)",1837.10848924414
"Uninformative_bk_Jardim (1999)","Uninformative_bk","M_Jardim(1981-1994)",3142.88059295296
"Uninformative_bk_Jardim (1999)","Uninformative_bk","M_Jardim(1981-1994)",1956.86541901308
"Uninformative_bk_Jardim (1999)","Uninformative_bk","M_Jardim(1981-1994)",1828.89540577163
"Uninformative_bk_Jardim (1999)","Uninformative_bk","M_Jardim(1981-1994)",1960.07568922797
"Uninformative_bk_Jardim (1999)","Uninformative_bk","M_Jardim(1981-1994)",1935.94670787521
"Uninformative_bk_Jardim (1999)","Uninformative_bk","M_Jardim(1981-1994)",6439.79955979097
"Uninformative_bk_Jardim (1999)","Uninformative_bk","M_Jardim(1981-1994)",4756.87107150826
"Uninformative_bk_Jardim (1999)","Uninformative_bk","M_Jardim(1981-1994)",1948.51503569401
"Uninformative_bk_Jardim (1999)","Uninformative_bk","M_Jardim(1981-1994)",1863.47287684225
"Uninformative_bk_Jardim (1999)","Uninformative_bk","M_Jardim(1981-1994)",1990.18778842481
"Uninformative_bk_Jardim (1999)","Uninformative_bk","M_Jardim(1981-1994)",1998.49254029372
"Uninformative_bk_Jardim (1999)","Uninformative_bk","M_Jardim(1981-1994)",2279.85152816278
"Uninformative_bk_Jardim (1999)","Uninformative_bk","M_Jardim(1981-1994)",1850.25449915828
"Uninformative_bk_Jardim (1999)","Uninformative_bk","M_Jardim(1981-1994)",1802.88920537096
"Uninformative_bk_Jardim (1999)","Uninformative_bk","M_Jardim(1981-1994)",1763.8482531914
"Uninformative_bk_Jardim (1999)","Uninformative_bk","M_Jardim(1981-1994)",2372.61383260328
"Uninformative_bk_Jardim (1999)","Uninformative_bk","M_Jardim(1981-1994)",1912.65417701371
"Uninformative_bk_Jardim (1999)","Uninformative_bk","M_Jardim(1981-1994)",1930.75604048969
"Uninformative_bk_Jardim (1999)","Uninformative_bk","M_Jardim(1981-1994)",1812.70599366105
"Uninformative_bk_Jardim (1999)","Uninformative_bk","M_Jardim(1981-1994)",2343.86662881458
"Uninformative_bk_Jardim (1999)","Uninformative_bk","M_Jardim(1981-1994)",2696.84499068673
"Uninformative_bk_Jardim (1999)","Uninformative_bk","M_Jardim(1981-1994)",1716.83630909905
"Uninformative_bk_Jardim (1999)","Uninformative_bk","M_Jardim(1981-1994)",3924.09287564493
"Uninformative_bk_Jardim (1999)","Uninformative_bk","M_Jardim(1981-1994)",1989.37102128083
"Uninformative_bk_Jardim (1999)","Uninformative_bk","M_Jardim(1981-1994)",1853.53398418641
"Uninformative_bk_Jardim (1999)","Uninformative_bk","M_Jardim(1981-1994)",1946.78435520552
"Uninformative_bk_Jardim (1999)","Uninformative_bk","M_Jardim(1981-1994)",1920.14542725628
"Uninformative_bk_Jardim (1999)","Uninformative_bk","M_Jardim(1981-1994)",2338.06794173165
"Uninformative_bk_Jardim (1999)","Uninformative_bk","M_Jardim(1981-1994)",1994.40053905162
"Uninformative_bk_Jardim (1999)","Uninformative_bk","M_Jardim(1981-1994)",1890.76310269367
"Uninformative_bk_Jardim (1999)","Uninformative_bk","M_Jardim(1981-1994)",1745.75427128037
"Uninformative_bk_Jardim (1999)","Uninformative_bk","M_Jardim(1981-1994)",4553.2450616833
"Uninformative_bk_Jardim (1999)","Uninformative_bk","M_Jardim(1981-1994)",1934.75686284464
"Uninformative_bk_Jardim (1999)","Uninformative_bk","M_Jardim(1981-1994)",2016.2834298123
"Uninformative_bk_Jardim (1999)","Uninformative_bk","M_Jardim(1981-1994)",2181.58692171481
"Uninformative_bk_Jardim (1999)","Uninformative_bk","M_Jardim(1981-1994)",1741.13505444211
"Uninformative_bk_Jardim (1999)","Uninformative_bk","M_Jardim(1981-1994)",3207.8901771829
"Uninformative_bk_Jardim (1999)","Uninformative_bk","M_Jardim(1981-1994)",1954.58291479203
"Uninformative_bk_Jardim (1999)","Uninformative_bk","M_Jardim(1981-1994)",1985.37539123676
"Uninformative_bk_Jardim (1999)","Uninformative_bk","M_Jardim(1981-1994)",2018.45163094497
"Uninformative_bk_Jardim (1999)","Uninformative_bk","M_Jardim(1981-1994)",1985.05394801756
"Uninformative_bk_Jardim (1999)","Uninformative_bk","M_Jardim(1981-1994)",1930.08353703755
"Uninformative_bk_Jardim (1999)","Uninformative_bk","M_Jardim(1981-1994)",1961.75121815424
"Uninformative_bk_Jardim (1999)","Uninformative_bk","M_Jardim(1981-1994)",1875.4771247537
"Uninformative_bk_Jardim (1999)","Uninformative_bk","M_Jardim(1981-1994)",1822.69267961484
"Uninformative_bk_Jardim (1999)","Uninformative_bk","M_Jardim(1981-1994)",2299.40336113513
"Uninformative_bk_Jardim (1999)","Uninformative_bk","M_Jardim(1981-1994)",1983.24490223063
"Uninformative_bk_Jardim (1999)","Uninformative_bk","M_Jardim(1981-1994)",1879.18302077651
"Uninformative_bk_Jardim (1999)","Uninformative_bk","M_Jardim(1981-1994)",3372.80541845329
"Uninformative_bk_Jardim (1999)","Uninformative_bk","M_Jardim(1981-1994)",2265.87552438088
"Uninformative_bk_Jardim (1999)","Uninformative_bk","M_Jardim(1981-1994)",1976.61270380961
"Uninformative_bk_Jardim (1999)","Uninformative_bk","M_Jardim(1981-1994)",1959.56829651131
"Uninformative_bk_Jardim (1999)","Uninformative_bk","M_Jardim(1981-1994)",1977.30562314024
"Uninformative_bk_Jardim (1999)","Uninformative_bk","M_Jardim(1981-1994)",2124.28009981827
"Uninformative_bk_Jardim (1999)","Uninformative_bk","M_Jardim(1981-1994)",2085.48782990563
"Uninformative_bk_Jardim (1999)","Uninformative_bk","M_Jardim(1981-1994)",3857.37071279739
"Uninformative_bk_Jardim (1999)","Uninformative_bk","M_Jardim(1981-1994)",2032.20415852172
"Uninformative_bk_Jardim (1999)","Uninformative_bk","M_Jardim(1981-1994)",1852.43938097159
"Uninformative_bk_Jardim (1999)","Uninformative_bk","M_Jardim(1981-1994)",1917.39850298414
"Uninformative_bk_Jardim (1999)","Uninformative_bk","M_Jardim(1981-1994)",1898.20872345118
"Uninformative_bk_Jardim (1999)","Uninformative_bk","M_Jardim(1981-1994)",1808.57242433625
"Uninformative_bk_Jardim (1999)","Uninformative_bk","M_Jardim(1981-1994)",1903.2467895803
"Uninformative_bk_Jardim (1999)","Uninformative_bk","M_Jardim(1981-1994)",2325.6513105362
"Uninformative_bk_Jardim (1999)","Uninformative_bk","M_Jardim(1981-1994)",1941.1115080468
"Uninformative_bk_Jardim (1999)","Uninformative_bk","M_Jardim(1981-1994)",1990.4780205584
"Uninformative_bk_Jardim (1999)","Uninformative_bk","M_Jardim(1981-1994)",1917.1488422024
"Uninformative_bk_Jardim (1999)","Uninformative_bk","M_Jardim(1981-1994)",2191.31463301998
"Uninformative_bk_Jardim (1999)","Uninformative_bk","M_Jardim(1981-1994)",1799.10579141615
"Uninformative_bk_Jardim (1999)","Uninformative_bk","M_Jardim(1981-1994)",2012.19221899827
"Uninformative_bk_Jardim (1999)","Uninformative_bk","M_Jardim(1981-1994)",1830.36667561283
"Uninformative_bk_Jardim (1999)","Uninformative_bk","M_Jardim(1981-1994)",1910.68105008403
"Uninformative_bk_Jardim (1999)","Uninformative_bk","M_Jardim(1981-1994)",2063.46471837773
"Uninformative_bk_Jardim (1999)","Uninformative_bk","M_Jardim(1981-1994)",1929.32164910941
"Uninformative_bk_Jardim (1999)","Uninformative_bk","M_Jardim(1981-1994)",1758.60322541508
"Uninformative_bk_Jardim (1999)","Uninformative_bk","M_Jardim(1981-1994)",2219.8827098953
"Uninformative_bk_Jardim (1999)","Uninformative_bk","M_Jardim(1981-1994)",1876.45725277874
"Uninformative_bk_Jardim (1999)","Uninformative_bk","M_Jardim(1981-1994)",2674.72855543677
"Uninformative_bk_Jardim (1999)","Uninformative_bk","M_Jardim(1981-1994)",2031.12137038796
"Uninformative_bk_Jardim (1999)","Uninformative_bk","M_Jardim(1981-1994)",1897.68751866509
"Uninformative_bk_Jardim (1999)","Uninformative_bk","M_Jardim(1981-1994)",1984.66380349056
"Uninformative_bk_Jardim (1999)","Uninformative_bk","M_Jardim(1981-1994)",2366.33417397976
"Uninformative_bk_Jardim (1999)","Uninformative_bk","M_Jardim(1981-1994)",1821.21453838129
"Uninformative_bk_Jardim (1999)","Uninformative_bk","M_Jardim(1981-1994)",1935.25274613134
"Uninformative_bk_Jardim (1999)","Uninformative_bk","M_Jardim(1981-1994)",1647.69022782021
"Uninformative_bk_Jardim (1999)","Uninformative_bk","M_Jardim(1981-1994)",1985.47916024674
"Uninformative_bk_Jardim (1999)","Uninformative_bk","M_Jardim(1981-1994)",2268.41578360738
"Uninformative_bk_Jardim (1999)","Uninformative_bk","M_Jardim(1981-1994)",1889.58262821005
"Uninformative_bk_Jardim (1999)","Uninformative_bk","M_Jardim(1981-1994)",2390.50965873087
"Uninformative_bk_Jardim (1999)","Uninformative_bk","M_Jardim(1981-1994)",1908.04343906955
"Uninformative_bk_Jardim (1999)","Uninformative_bk","M_Jardim(1981-1994)",2162.59734525231
"Uninformative_bk_Jardim (1999)","Uninformative_bk","M_Jardim(1981-1994)",2296.40024166632
"Uninformative_bk_Jardim (1999)","Uninformative_bk","M_Jardim(1981-1994)",1996.69642272442
"Uninformative_bk_Jardim (1999)","Uninformative_bk","M_Jardim(1981-1994)",2084.32056750249
"Uninformative_bk_Jardim (1999)","Uninformative_bk","M_Jardim(1981-1994)",1783.15137882674
"Uninformative_bk_Jardim (1999)","Uninformative_bk","M_Jardim(1981-1994)",1969.34360038196
"Uninformative_bk_Jardim (1999)","Uninformative_bk","M_Jardim(1981-1994)",1974.32813540576
"Uninformative_bk_Jardim (1999)","Uninformative_bk","M_Jardim(1981-1994)",2113.87066516205
"Uninformative_bk_Jardim (1999)","Uninformative_bk","M_Jardim(1981-1994)",1712.83513042705
"Uninformative_bk_Jardim (1999)","Uninformative_bk","M_Jardim(1981-1994)",1756.82198316207
"Uninformative_bk_Jardim (1999)","Uninformative_bk","M_Jardim(1981-1994)",1919.78247062672
"Uninformative_bk_Jardim (1999)","Uninformative_bk","M_Jardim(1981-1994)",2281.3547914077
"Uninformative_bk_Jardim (1999)","Uninformative_bk","M_Jardim(1981-1994)",2671.61112718072
"Uninformative_bk_Jardim (1999)","Uninformative_bk","M_Jardim(1981-1994)",2027.97352343932
"Uninformative_bk_Jardim (1999)","Uninformative_bk","M_Jardim(1981-1994)",1964.36200327588
"Uninformative_bk_Jardim (1999)","Uninformative_bk","M_Jardim(1981-1994)",1994.60586845305
"Uninformative_bk_Jardim (1999)","Uninformative_bk","M_Jardim(1981-1994)",2042.28980821483
"Uninformative_bk_Jardim (1999)","Uninformative_bk","M_Jardim(1981-1994)",2525.86562331957
"Uninformative_bk_Jardim (1999)","Uninformative_bk","M_Jardim(1981-1994)",1892.88060863017
"Uninformative_bk_Jardim (1999)","Uninformative_bk","M_Jardim(1981-1994)",1958.02732935652
"Uninformative_bk_Jardim (1999)","Uninformative_bk","M_Jardim(1981-1994)",1977.86572967623
"Uninformative_bk_Jardim (1999)","Uninformative_bk","M_Jardim(1981-1994)",2129.66671157916
"Uninformative_bk_Jardim (1999)","Uninformative_bk","M_Jardim(1981-1994)",1763.25917949345
"Uninformative_bk_Jardim (1999)","Uninformative_bk","M_Jardim(1981-1994)",1994.733161607
"Uninformative_bk_Jardim (1999)","Uninformative_bk","M_Jardim(1981-1994)",1733.80155538563
"Uninformative_bk_Jardim (1999)","Uninformative_bk","M_Jardim(1981-1994)",1982.69513566286
"Uninformative_bk_Jardim (1999)","Uninformative_bk","M_Jardim(1981-1994)",1822.91074348937
"Uninformative_bk_Jardim (1999)","Uninformative_bk","M_Jardim(1981-1994)",1852.56901199785
"Uninformative_bk_Jardim (1999)","Uninformative_bk","M_Jardim(1981-1994)",1898.15694197702
"Uninformative_bk_Jardim (1999)","Uninformative_bk","M_Jardim(1981-1994)",1829.99484526208
"Uninformative_bk_Jardim (1999)","Uninformative_bk","M_Jardim(1981-1994)",1408.14889673877
"Uninformative_bk_Jardim (1999)","Uninformative_bk","M_Jardim(1981-1994)",2070.1931806501
"Uninformative_bk_Jardim (1999)","Uninformative_bk","M_Jardim(1981-1994)",1812.88107158149
"Uninformative_bk_Jardim (1999)","Uninformative_bk","M_Jardim(1981-1994)",1845.38786312855
"Uninformative_bk_Jardim (1999)","Uninformative_bk","M_Jardim(1981-1994)",1919.51266308882
"Uninformative_bk_Jardim (1999)","Uninformative_bk","M_Jardim(1981-1994)",1970.97906763722
"Uninformative_bk_Jardim (1999)","Uninformative_bk","M_Jardim(1981-1994)",1893.19843445684
"Uninformative_bk_Jardim (1999)","Uninformative_bk","M_Jardim(1981-1994)",2355.29550212637
"Uninformative_bk_Jardim (1999)","Uninformative_bk","M_Jardim(1981-1994)",1781.32484615938
"Uninformative_bk_Jardim (1999)","Uninformative_bk","M_Jardim(1981-1994)",1951.61250117281
"Uninformative_bk_Jardim (1999)","Uninformative_bk","M_Jardim(1981-1994)",1967.53605678646
"Uninformative_bk_Jardim (1999)","Uninformative_bk","M_Jardim(1981-1994)",1316.5298955079
"Uninformative_bk_Jardim (1999)","Uninformative_bk","M_Jardim(1981-1994)",1871.77366174616
"Uninformative_bk_Jardim (1999)","Uninformative_bk","M_Jardim(1981-1994)",1941.04549366897
"Uninformative_bk_Jardim (1999)","Uninformative_bk","M_Jardim(1981-1994)",2178.11888876909
"Uninformative_bk_Jardim (1999)","Uninformative_bk","M_Jardim(1981-1994)",2123.92777821133
"Uninformative_bk_Jardim (1999)","Uninformative_bk","M_Jardim(1981-1994)",1730.80446730418
"Uninformative_bk_Jardim (1999)","Uninformative_bk","M_Jardim(1981-1994)",1919.89431798221
"Uninformative_bk_Jardim (1999)","Uninformative_bk","M_Jardim(1981-1994)",1943.25667347897
"Uninformative_bk_Jardim (1999)","Uninformative_bk","M_Jardim(1981-1994)",2812.08856375292
"Uninformative_bk_Jardim (1999)","Uninformative_bk","M_Jardim(1981-1994)",1845.56087932388
"Uninformative_bk_Jardim (1999)","Uninformative_bk","M_Jardim(1981-1994)",1879.97418816009
"Uninformative_bk_Jardim (1999)","Uninformative_bk","M_Jardim(1981-1994)",1845.5172921448
"Uninformative_bk_Jardim (1999)","Uninformative_bk","M_Jardim(1981-1994)",1935.11767236116
"Uninformative_bk_Jardim (1999)","Uninformative_bk","M_Jardim(1981-1994)",1782.28745630222
"Uninformative_bk_Jardim (1999)","Uninformative_bk","M_Jardim(1981-1994)",1783.97114605061
"Uninformative_bk_Jardim (1999)","Uninformative_bk","M_Jardim(1981-1994)",1905.70017811797
"Uninformative_bk_Jardim (1999)","Uninformative_bk","M_Jardim(1981-1994)",2673.0155849898
"Uninformative_bk_Jardim (1999)","Uninformative_bk","M_Jardim(1981-1994)",1938.4719053733
"Uninformative_bk_Jardim (1999)","Uninformative_bk","M_Jardim(1981-1994)",1532.83020481928
"Uninformative_bk_Jardim (1999)","Uninformative_bk","M_Jardim(1981-1994)",1950.74441674481
"Uninformative_bk_Jardim (1999)","Uninformative_bk","M_Jardim(1981-1994)",2095.79879946669
"Uninformative_bk_Jardim (1999)","Uninformative_bk","M_Jardim(1981-1994)",2396.61471475817
"Uninformative_bk_Jardim (1999)","Uninformative_bk","M_Jardim(1981-1994)",1828.41518520176
"Uninformative_bk_Jardim (1999)","Uninformative_bk","M_Jardim(1981-1994)",1812.85564970323
"Uninformative_bk_Jardim (1999)","Uninformative_bk","M_Jardim(1981-1994)",1885.62422721158
"Uninformative_bk_Jardim (1999)","Uninformative_bk","M_Jardim(1981-1994)",1923.1646285944
"Uninformative_bk_Jardim (1999)","Uninformative_bk","M_Jardim(1981-1994)",1985.9341331809
"Uninformative_bk_Jardim (1999)","Uninformative_bk","M_Jardim(1981-1994)",2241.98605281419
"Uninformative_bk_Jardim (1999)","Uninformative_bk","M_Jardim(1981-1994)",1962.54457033333
"Uninformative_bk_Jardim (1999)","Uninformative_bk","M_Jardim(1981-1994)",1823.63784611481
"Uninformative_bk_Jardim (1999)","Uninformative_bk","M_Jardim(1981-1994)",1934.91924321614
"Uninformative_bk_Jardim (1999)","Uninformative_bk","M_Jardim(1981-1994)",2768.48978330129
"Uninformative_bk_Jardim (1999)","Uninformative_bk","M_Jardim(1981-1994)",1907.71396585788
"Uninformative_bk_Jardim (1999)","Uninformative_bk","M_Jardim(1981-1994)",2004.16816189978
"Uninformative_bk_Jardim (1999)","Uninformative_bk","M_Jardim(1981-1994)",1949.39813328619
"Uninformative_bk_Jardim (1999)","Uninformative_bk","M_Jardim(1981-1994)",1914.28212899521
"Uninformative_bk_Jardim (1999)","Uninformative_bk","M_Jardim(1981-1994)",1949.70254531686
"Uninformative_bk_Jardim (1999)","Uninformative_bk","M_Jardim(1981-1994)",2180.85407853614
"Uninformative_bk_Jardim (1999)","Uninformative_bk","M_Jardim(1981-1994)",1786.39833232593
"Uninformative_bk_Jardim (1999)","Uninformative_bk","M_Jardim(1981-1994)",2091.36110016194
"Uninformative_bk_Jardim (1999)","Uninformative_bk","M_Jardim(1981-1994)",1918.96193535242
"Uninformative_bk_Jardim (1999)","Uninformative_bk","M_Jardim(1981-1994)",1757.26462486258
"Uninformative_bk_Jardim (1999)","Uninformative_bk","M_Jardim(1981-1994)",2027.80753096709
"Uninformative_bk_Jardim (1999)","Uninformative_bk","M_Jardim(1981-1994)",2065.99062731301
"Uninformative_bk_Jardim (1999)","Uninformative_bk","M_Jardim(1981-1994)",6206.637922762
"Uninformative_bk_Jardim (1999)","Uninformative_bk","M_Jardim(1981-1994)",1922.84125399376
"Uninformative_bk_Jardim (1999)","Uninformative_bk","M_Jardim(1981-1994)",1746.66927809149
"Uninformative_bk_Jardim (1999)","Uninformative_bk","M_Jardim(1981-1994)",2005.41024558388
"Uninformative_bk_Jardim (1999)","Uninformative_bk","M_Jardim(1981-1994)",1920.78974963067
"Uninformative_bk_Jardim (1999)","Uninformative_bk","M_Jardim(1981-1994)",2494.28024542937
"Uninformative_bk_Jardim (1999)","Uninformative_bk","M_Jardim(1981-1994)",2175.23317178833
"Uninformative_bk_Jardim (1999)","Uninformative_bk","M_Jardim(1981-1994)",1910.24472648319
"Uninformative_bk_Jardim (1999)","Uninformative_bk","M_Jardim(1981-1994)",1942.92893404785
"Uninformative_bk_Jardim (1999)","Uninformative_bk","M_Jardim(1981-1994)",2136.79201763485
"Uninformative_bk_Jardim (1999)","Uninformative_bk","M_Jardim(1981-1994)",1766.79558255558
"Uninformative_bk_Jardim (1999)","Uninformative_bk","M_Jardim(1981-1994)",2068.00610075225
"Uninformative_bk_Jardim (1999)","Uninformative_bk","M_Jardim(1981-1994)",1807.06209695548
"Uninformative_bk_Jardim (1999)","Uninformative_bk","M_Jardim(1981-1994)",1989.33623644741
"Uninformative_bk_Jardim (1999)","Uninformative_bk","M_Jardim(1981-1994)",1687.8561014537
"Uninformative_bk_Jardim (1999)","Uninformative_bk","M_Jardim(1981-1994)",1941.56104006792
"Uninformative_bk_Jardim (1999)","Uninformative_bk","M_Jardim(1981-1994)",1804.45734116215
"Uninformative_bk_Jardim (1999)","Uninformative_bk","M_Jardim(1981-1994)",1793.00801871457
"Uninformative_bk_Jardim (1999)","Uninformative_bk","M_Jardim(1981-1994)",1896.46252262508
"Uninformative_bk_Jardim (1999)","Uninformative_bk","M_Jardim(1981-1994)",1708.2567266202
"Uninformative_bk_Jardim (1999)","Uninformative_bk","M_Jardim(1981-1994)",3305.00256420341
"Uninformative_bk_Jardim (1999)","Uninformative_bk","M_Jardim(1981-1994)",1892.43265125984
"Uninformative_bk_Jardim (1999)","Uninformative_bk","M_Jardim(1981-1994)",3604.44369186368
"Uninformative_bk_Jardim (1999)","Uninformative_bk","M_Jardim(1981-1994)",1900.89681057938
"Uninformative_bk_Jardim (1999)","Uninformative_bk","M_Jardim(1981-1994)",1948.35782109682
"Uninformative_bk_Jardim (1999)","Uninformative_bk","M_Jardim(1981-1994)",1968.76156897228
"Uninformative_bk_Jardim (1999)","Uninformative_bk","M_Jardim(1981-1994)",1934.1907626632
"Uninformative_bk_Jardim (1999)","Uninformative_bk","M_Jardim(1981-1994)",3176.74096331044
"Uninformative_bk_Jardim (1999)","Uninformative_bk","M_Jardim(1981-1994)",1886.76336615502
"Uninformative_bk_Jardim (1999)","Uninformative_bk","M_Jardim(1981-1994)",1911.53644920366
"Uninformative_bk_Jardim (1999)","Uninformative_bk","M_Jardim(1981-1994)",2068.74345569587
"Uninformative_bk_Jardim (1999)","Uninformative_bk","M_Jardim(1981-1994)",1909.61218295743
"Uninformative_bk_Jardim (1999)","Uninformative_bk","M_Jardim(1981-1994)",1839.34082870677
"Uninformative_bk_Jardim (1999)","Uninformative_bk","M_Jardim(1981-1994)",1806.88094100018
"Uninformative_bk_Jardim (1999)","Uninformative_bk","M_Jardim(1981-1994)",1739.83994449847
"Uninformative_bk_Jardim (1999)","Uninformative_bk","M_Jardim(1981-1994)",1835.59394408398
"Uninformative_bk_Jardim (1999)","Uninformative_bk","M_Jardim(1981-1994)",1713.76857573227
"Uninformative_bk_Jardim (1999)","Uninformative_bk","M_Jardim(1981-1994)",1773.96674806481
"Uninformative_bk_Jardim (1999)","Uninformative_bk","M_Jardim(1981-1994)",1818.15456932018
"Uninformative_bk_Jardim (1999)","Uninformative_bk","M_Jardim(1981-1994)",1805.67974576497
"Uninformative_bk_Jardim (1999)","Uninformative_bk","M_Jardim(1981-1994)",1770.61251204513
"Uninformative_bk_Jardim (1999)","Uninformative_bk","M_Jardim(1981-1994)",2134.89092846462
"Uninformative_bk_Jardim (1999)","Uninformative_bk","M_Jardim(1981-1994)",1938.904238602
"Uninformative_bk_Jardim (1999)","Uninformative_bk","M_Jardim(1981-1994)",1983.88105466553
"Uninformative_bk_Jardim (1999)","Uninformative_bk","M_Jardim(1981-1994)",1801.20296762431
"Uninformative_bk_Jardim (1999)","Uninformative_bk","M_Jardim(1981-1994)",1984.25428881267
"Uninformative_bk_Jardim (1999)","Uninformative_bk","M_Jardim(1981-1994)",2146.33813284917
"Uninformative_bk_Jardim (1999)","Uninformative_bk","M_Jardim(1981-1994)",2012.48809298596
"Uninformative_bk_Jardim (1999)","Uninformative_bk","M_Jardim(1981-1994)",1886.56436795118
"Uninformative_bk_Jardim (1999)","Uninformative_bk","M_Jardim(1981-1994)",1865.20868086772
"Uninformative_bk_Jardim (1999)","Uninformative_bk","M_Jardim(1981-1994)",1828.61862920499
"Uninformative_bk_Jardim (1999)","Uninformative_bk","M_Jardim(1981-1994)",2007.97272589818
"Uninformative_bk_Jardim (1999)","Uninformative_bk","M_Jardim(1981-1994)",1845.56375207
"Uninformative_bk_Jardim (1999)","Uninformative_bk","M_Jardim(1981-1994)",1753.63204498002
"Uninformative_bk_Jardim (1999)","Uninformative_bk","M_Jardim(1981-1994)",2028.4704757909
"Uninformative_bk_Jardim (1999)","Uninformative_bk","M_Jardim(1981-1994)",1916.04416441585
"Uninformative_bk_Jardim (1999)","Uninformative_bk","M_Jardim(1981-1994)",2068.28102478224
"Uninformative_bk_Jardim (1999)","Uninformative_bk","M_Jardim(1981-1994)",1792.13507026363
"Uninformative_bk_Jardim (1999)","Uninformative_bk","M_Jardim(1981-1994)",2516.0084627335
"Uninformative_bk_Jardim (1999)","Uninformative_bk","M_Jardim(1981-1994)",3551.46274655961
"Uninformative_bk_Jardim (1999)","Uninformative_bk","M_Jardim(1981-1994)",1841.22877860399
"Uninformative_bk_Jardim (1999)","Uninformative_bk","M_Jardim(1981-1994)",1929.85861032454
"Uninformative_bk_Jardim (1999)","Uninformative_bk","M_Jardim(1981-1994)",1952.91812101315
"Uninformative_bk_Jardim (1999)","Uninformative_bk","M_Jardim(1981-1994)",1839.56983226485
"Uninformative_bk_Jardim (1999)","Uninformative_bk","M_Jardim(1981-1994)",1821.63335890257
"Uninformative_bk_Jardim (1999)","Uninformative_bk","M_Jardim(1981-1994)",1805.46578204508
"Uninformative_bk_Jardim (1999)","Uninformative_bk","M_Jardim(1981-1994)",1639.84727339099
"Uninformative_bk_Jardim (1999)","Uninformative_bk","M_Jardim(1981-1994)",1957.06775560614
"Uninformative_bk_Jardim (1999)","Uninformative_bk","M_Jardim(1981-1994)",1947.98503388802
"Uninformative_bk_Jardim (1999)","Uninformative_bk","M_Jardim(1981-1994)",2295.46664527283
"Uninformative_bk_Jardim (1999)","Uninformative_bk","M_Jardim(1981-1994)",1872.80244438171
"Uninformative_bk_Jardim (1999)","Uninformative_bk","M_Jardim(1981-1994)",1713.82116225496
"Uninformative_bk_Jardim (1999)","Uninformative_bk","M_Jardim(1981-1994)",2031.6143252998
"Uninformative_bk_Jardim (1999)","Uninformative_bk","M_Jardim(1981-1994)",1973.9488705491
"Uninformative_bk_Jardim (1999)","Uninformative_bk","M_Jardim(1981-1994)",1917.27998625117
"Uninformative_bk_Jardim (1999)","Uninformative_bk","M_Jardim(1981-1994)",1868.13459538961
"Uninformative_bk_Jardim (1999)","Uninformative_bk","M_Jardim(1981-1994)",1921.62247902184
"Uninformative_bk_Jardim (1999)","Uninformative_bk","M_Jardim(1981-1994)",1860.59425351057
"Uninformative_bk_Jardim (1999)","Uninformative_bk","M_Jardim(1981-1994)",2027.67850274616
"Uninformative_bk_Jardim (1999)","Uninformative_bk","M_Jardim(1981-1994)",1708.29432978972
"Uninformative_bk_Jardim (1999)","Uninformative_bk","M_Jardim(1981-1994)",2192.03504072388
"Uninformative_bk_Jardim (1999)","Uninformative_bk","M_Jardim(1981-1994)",2029.69752215793
"Uninformative_bk_Jardim (1999)","Uninformative_bk","M_Jardim(1981-1994)",1857.1871272445
"Uninformative_bk_Jardim (1999)","Uninformative_bk","M_Jardim(1981-1994)",2006.71291694426
"Uninformative_bk_Jardim (1999)","Uninformative_bk","M_Jardim(1981-1994)",1803.34147692351
"Uninformative_bk_Jardim (1999)","Uninformative_bk","M_Jardim(1981-1994)",1953.69341367394
"Uninformative_bk_Jardim (1999)","Uninformative_bk","M_Jardim(1981-1994)",1956.26931637413
"Uninformative_bk_Jardim (1999)","Uninformative_bk","M_Jardim(1981-1994)",2000.17649502515
"Uninformative_bk_Jardim (1999)","Uninformative_bk","M_Jardim(1981-1994)",1941.12072656558
"Uninformative_bk_Jardim (1999)","Uninformative_bk","M_Jardim(1981-1994)",1868.85051032683
"Uninformative_bk_Jardim (1999)","Uninformative_bk","M_Jardim(1981-1994)",2037.01460043366
"Uninformative_bk_Jardim (1999)","Uninformative_bk","M_Jardim(1981-1994)",1958.85488571519
"Uninformative_bk_Jardim (1999)","Uninformative_bk","M_Jardim(1981-1994)",1908.63342034753
"Uninformative_bk_Jardim (1999)","Uninformative_bk","M_Jardim(1981-1994)",1825.86731655046
"Uninformative_bk_Jardim (1999)","Uninformative_bk","M_Jardim(1981-1994)",1853.59178145099
"Uninformative_bk_Jardim (1999)","Uninformative_bk","M_Jardim(1981-1994)",1694.82601191958
"Uninformative_bk_Jardim (1999)","Uninformative_bk","M_Jardim(1981-1994)",1956.84651365962
"Uninformative_bk_Jardim (1999)","Uninformative_bk","M_Jardim(1981-1994)",2475.35576838117
"Uninformative_bk_Jardim (1999)","Uninformative_bk","M_Jardim(1981-1994)",1921.67120749108
"Uninformative_bk_Jardim (1999)","Uninformative_bk","M_Jardim(1981-1994)",1924.68536101563
"Uninformative_bk_Jardim (1999)","Uninformative_bk","M_Jardim(1981-1994)",3351.83764899251
"Uninformative_bk_Jardim (1999)","Uninformative_bk","M_Jardim(1981-1994)",1690.00046378527
"Uninformative_bk_Jardim (1999)","Uninformative_bk","M_Jardim(1981-1994)",1930.43549933628
"Uninformative_bk_Jardim (1999)","Uninformative_bk","M_Jardim(1981-1994)",1793.46871408124
"Uninformative_bk_Jardim (1999)","Uninformative_bk","M_Jardim(1981-1994)",2352.15623496522
"Uninformative_bk_Jardim (1999)","Uninformative_bk","M_Jardim(1981-1994)",2078.65370780244
"Uninformative_bk_Jardim (1999)","Uninformative_bk","M_Jardim(1981-1994)",1975.92461761845
"Uninformative_bk_Jardim (1999)","Uninformative_bk","M_Jardim(1981-1994)",1981.84339254388
"Uninformative_bk_Jardim (1999)","Uninformative_bk","M_Jardim(1981-1994)",2522.8475261195
"Uninformative_bk_Jardim (1999)","Uninformative_bk","M_Jardim(1981-1994)",2237.44697607882
"Uninformative_bk_Jardim (1999)","Uninformative_bk","M_Jardim(1981-1994)",3296.98450351276
"Uninformative_bk_Jardim (1999)","Uninformative_bk","M_Jardim(1981-1994)",1825.46658399681
"Uninformative_bk_Jardim (1999)","Uninformative_bk","M_Jardim(1981-1994)",1944.49974032528
"Uninformative_bk_Jardim (1999)","Uninformative_bk","M_Jardim(1981-1994)",2204.34884307575
"Uninformative_bk_Jardim (1999)","Uninformative_bk","M_Jardim(1981-1994)",1938.84737465694
"Uninformative_bk_Jardim (1999)","Uninformative_bk","M_Jardim(1981-1994)",2253.75003209116
"Uninformative_bk_Jardim (1999)","Uninformative_bk","M_Jardim(1981-1994)",1835.00443887027
"Uninformative_bk_Jardim (1999)","Uninformative_bk","M_Jardim(1981-1994)",1934.99548334113
"Uninformative_bk_Jardim (1999)","Uninformative_bk","M_Jardim(1981-1994)",1834.17140097892
"Uninformative_bk_Jardim (1999)","Uninformative_bk","M_Jardim(1981-1994)",1894.30278727623
"Uninformative_bk_Jardim (1999)","Uninformative_bk","M_Jardim(1981-1994)",1815.03628689533
"Uninformative_bk_Jardim (1999)","Uninformative_bk","M_Jardim(1981-1994)",1905.55571250813
"Uninformative_bk_Jardim (1999)","Uninformative_bk","M_Jardim(1981-1994)",2082.23689735753
"Uninformative_bk_Jardim (1999)","Uninformative_bk","M_Jardim(1981-1994)",2791.95566640895
"Uninformative_bk_Jardim (1999)","Uninformative_bk","M_Jardim(1981-1994)",1699.39618860963
"Uninformative_bk_Jardim (1999)","Uninformative_bk","M_Jardim(1981-1994)",2016.70498033929
"Uninformative_bk_Jardim (1999)","Uninformative_bk","M_Jardim(1981-1994)",1766.16593444585
"Uninformative_bk_Jardim (1999)","Uninformative_bk","M_Jardim(1981-1994)",1923.98338731154
"Uninformative_bk_Jardim (1999)","Uninformative_bk","M_Jardim(1981-1994)",6977.08223918543
"Uninformative_bk_Jardim (1999)","Uninformative_bk","M_Jardim(1981-1994)",1907.95320927327
"Uninformative_bk_Jardim (1999)","Uninformative_bk","M_Jardim(1981-1994)",2755.1606325543
"Uninformative_bk_Jardim (1999)","Uninformative_bk","M_Jardim(1981-1994)",1733.64730000825
"Uninformative_bk_Jardim (1999)","Uninformative_bk","M_Jardim(1981-1994)",2013.58357543664
"Uninformative_bk_Jardim (1999)","Uninformative_bk","M_Jardim(1981-1994)",1812.66166049957
"Uninformative_bk_Jardim (1999)","Uninformative_bk","M_Jardim(1981-1994)",1791.86488637196
"Uninformative_bk_Jardim (1999)","Uninformative_bk","M_Jardim(1981-1994)",1859.36549194794
"Uninformative_bk_Jardim (1999)","Uninformative_bk","M_Jardim(1981-1994)",1887.4273494098
"Uninformative_bk_Jardim (1999)","Uninformative_bk","M_Jardim(1981-1994)",3752.4723516312
"Uninformative_bk_Jardim (1999)","Uninformative_bk","M_Jardim(1981-1994)",2127.25328749891
"Uninformative_bk_Jardim (1999)","Uninformative_bk","M_Jardim(1981-1994)",2250.34870334715
"Uninformative_bk_Jardim (1999)","Uninformative_bk","M_Jardim(1981-1994)",1995.96628430467
"Uninformative_bk_Jardim (1999)","Uninformative_bk","M_Jardim(1981-1994)",2430.3229068217
"Uninformative_bk_Jardim (1999)","Uninformative_bk","M_Jardim(1981-1994)",1858.65465289566
"Uninformative_bk_Jardim (1999)","Uninformative_bk","M_Jardim(1981-1994)",1836.08233876982
"Uninformative_bk_Jardim (1999)","Uninformative_bk","M_Jardim(1981-1994)",1978.26972820208
"Uninformative_bk_Jardim (1999)","Uninformative_bk","M_Jardim(1981-1994)",1949.17304142531
"Uninformative_bk_Jardim (1999)","Uninformative_bk","M_Jardim(1981-1994)",1922.78252728533
"Uninformative_bk_Jardim (1999)","Uninformative_bk","M_Jardim(1981-1994)",2134.55938801638
"Uninformative_bk_Jardim (1999)","Uninformative_bk","M_Jardim(1981-1994)",1961.40270353701
"Uninformative_bk_Jardim (1999)","Uninformative_bk","M_Jardim(1981-1994)",1954.62803756451
"Uninformative_bk_Jardim (1999)","Uninformative_bk","M_Jardim(1981-1994)",1914.36896071511
"Uninformative_bk_Jardim (1999)","Uninformative_bk","M_Jardim(1981-1994)",1980.88203002728
"Uninformative_bk_Jardim (1999)","Uninformative_bk","M_Jardim(1981-1994)",1692.59588829418
"Uninformative_bk_Jardim (1999)","Uninformative_bk","M_Jardim(1981-1994)",1958.90223792984
"Uninformative_bk_Jardim (1999)","Uninformative_bk","M_Jardim(1981-1994)",1976.04111255055
"Uninformative_bk_Jardim (1999)","Uninformative_bk","M_Jardim(1981-1994)",2489.13058565786
"Uninformative_bk_Jardim (1999)","Uninformative_bk","M_Jardim(1981-1994)",1801.09121316985
"Uninformative_bk_Jardim (1999)","Uninformative_bk","M_Jardim(1981-1994)",1889.55250145563
"Uninformative_bk_Jardim (1999)","Uninformative_bk","M_Jardim(1981-1994)",2292.00305311916
"Uninformative_bk_Jardim (1999)","Uninformative_bk","M_Jardim(1981-1994)",1851.57611872832
"Uninformative_bk_Jardim (1999)","Uninformative_bk","M_Jardim(1981-1994)",1913.99522146895
"Uninformative_bk_Jardim (1999)","Uninformative_bk","M_Jardim(1981-1994)",2296.0476179217
"Uninformative_bk_Jardim (1999)","Uninformative_bk","M_Jardim(1981-1994)",1897.69810994194
"Uninformative_bk_Jardim (1999)","Uninformative_bk","M_Jardim(1981-1994)",2568.84822864511
"Uninformative_bk_Jardim (1999)","Uninformative_bk","M_Jardim(1981-1994)",1848.68472667365
"Uninformative_bk_Jardim (1999)","Uninformative_bk","M_Jardim(1981-1994)",1933.03688515961
"Uninformative_bk_Jardim (1999)","Uninformative_bk","M_Jardim(1981-1994)",2570.25048525779
"Uninformative_bk_Jardim (1999)","Uninformative_bk","M_Jardim(1981-1994)",2472.63160745089
"Uninformative_bk_Jardim (1999)","Uninformative_bk","M_Jardim(1981-1994)",1988.75423027737
"Uninformative_bk_Jardim (1999)","Uninformative_bk","M_Jardim(1981-1994)",3371.67412165908
"Uninformative_bk_Jardim (1999)","Uninformative_bk","M_Jardim(1981-1994)",1977.15730794293
"Uninformative_bk_Jardim (1999)","Uninformative_bk","M_Jardim(1981-1994)",1939.73656760329
"Uninformative_bk_Jardim (1999)","Uninformative_bk","M_Jardim(1981-1994)",1859.49085756483
"Uninformative_bk_Jardim (1999)","Uninformative_bk","M_Jardim(1981-1994)",1830.42182774112
"Uninformative_bk_Jardim (1999)","Uninformative_bk","M_Jardim(1981-1994)",2215.03654584828
"Uninformative_bk_Jardim (1999)","Uninformative_bk","M_Jardim(1981-1994)",1910.70280809413
"Uninformative_bk_Jardim (1999)","Uninformative_bk","M_Jardim(1981-1994)",1862.76357598087
"Uninformative_bk_Jardim (1999)","Uninformative_bk","M_Jardim(1981-1994)",1969.98447776846
"Uninformative_bk_Jardim (1999)","Uninformative_bk","M_Jardim(1981-1994)",1960.80706853602
"Uninformative_bk_Jardim (1999)","Uninformative_bk","M_Jardim(1981-1994)",2964.8770565084
"Uninformative_bk_Jardim (1999)","Uninformative_bk","M_Jardim(1981-1994)",1924.08155117605
"Uninformative_bk_Jardim (1999)","Uninformative_bk","M_Jardim(1981-1994)",1888.47249711924
"Uninformative_bk_Jardim (1999)","Uninformative_bk","M_Jardim(1981-1994)",2006.29749444819
"Uninformative_bk_Jardim (1999)","Uninformative_bk","M_Jardim(1981-1994)",2136.32249164851
"Uninformative_bk_Jardim (1999)","Uninformative_bk","M_Jardim(1981-1994)",1922.63648119947
"Uninformative_bk_Jardim (1999)","Uninformative_bk","M_Jardim(1981-1994)",2049.00517835271
"Uninformative_bk_Jardim (1999)","Uninformative_bk","M_Jardim(1981-1994)",3396.0369788416
"Uninformative_bk_Jardim (1999)","Uninformative_bk","M_Jardim(1981-1994)",1947.62359178576
"Uninformative_bk_Jardim (1999)","Uninformative_bk","M_Jardim(1981-1994)",1769.70263301996
"Uninformative_bk_Jardim (1999)","Uninformative_bk","M_Jardim(1981-1994)",1873.47423759592
"Uninformative_bk_Jardim (1999)","Uninformative_bk","M_Jardim(1981-1994)",4201.81067449136
"Uninformative_bk_Jardim (1999)","Uninformative_bk","M_Jardim(1981-1994)",2199.42692328524
"Uninformative_bk_Jardim (1999)","Uninformative_bk","M_Jardim(1981-1994)",1924.31235083773
"Uninformative_bk_Jardim (1999)","Uninformative_bk","M_Jardim(1981-1994)",2200.31388581814
"Uninformative_bk_Jardim (1999)","Uninformative_bk","M_Jardim(1981-1994)",2109.37836634464
"Uninformative_bk_Jardim (1999)","Uninformative_bk","M_Jardim(1981-1994)",1890.56325521617
"Uninformative_bk_Jardim (1999)","Uninformative_bk","M_Jardim(1981-1994)",1888.1570696817
"Uninformative_bk_Jardim (1999)","Uninformative_bk","M_Jardim(1981-1994)",1917.83768837839
"Uninformative_bk_Jardim (1999)","Uninformative_bk","M_Jardim(1981-1994)",1909.21820187981
"Uninformative_bk_Jardim (1999)","Uninformative_bk","M_Jardim(1981-1994)",1760.50702676504
"Uninformative_bk_Jardim (1999)","Uninformative_bk","M_Jardim(1981-1994)",2020.60701468782
"Uninformative_bk_Jardim (1999)","Uninformative_bk","M_Jardim(1981-1994)",1966.44545613629
"Uninformative_bk_Jardim (1999)","Uninformative_bk","M_Jardim(1981-1994)",2366.2468924807
"Uninformative_bk_Jardim (1999)","Uninformative_bk","M_Jardim(1981-1994)",1877.32496985847
"Uninformative_bk_Jardim (1999)","Uninformative_bk","M_Jardim(1981-1994)",1850.11781805069
"Uninformative_bk_Jardim (1999)","Uninformative_bk","M_Jardim(1981-1994)",1955.76054015071
"Uninformative_bk_Jardim (1999)","Uninformative_bk","M_Jardim(1981-1994)",3530.67047512931
"Uninformative_bk_Jardim (1999)","Uninformative_bk","M_Jardim(1981-1994)",1961.85331010935
"Uninformative_bk_Jardim (1999)","Uninformative_bk","M_Jardim(1981-1994)",1876.68591921946
"Uninformative_bk_Jardim (1999)","Uninformative_bk","M_Jardim(1981-1994)",2768.22892151482
"Uninformative_bk_Jardim (1999)","Uninformative_bk","M_Jardim(1981-1994)",1994.70131055784
"Uninformative_bk_Jardim (1999)","Uninformative_bk","M_Jardim(1981-1994)",1872.2121648023
"Uninformative_bk_Jardim (1999)","Uninformative_bk","M_Jardim(1981-1994)",1933.9830283833
"Uninformative_bk_Jardim (1999)","Uninformative_bk","M_Jardim(1981-1994)",1954.14697937317
"Uninformative_bk_Jardim (1999)","Uninformative_bk","M_Jardim(1981-1994)",1855.5528839138
"Uninformative_bk_Jardim (1999)","Uninformative_bk","M_Jardim(1981-1994)",1970.6729229676
"Uninformative_bk_Jardim (1999)","Uninformative_bk","M_Jardim(1981-1994)",1810.58698193026
"Uninformative_bk_Jardim (1999)","Uninformative_bk","M_Jardim(1981-1994)",1893.76222288686
"Uninformative_bk_Jardim (1999)","Uninformative_bk","M_Jardim(1981-1994)",1964.30653273252
"Uninformative_bk_Jardim (1999)","Uninformative_bk","M_Jardim(1981-1994)",1838.21606793421
"Uninformative_bk_Jardim (1999)","Uninformative_bk","M_Jardim(1981-1994)",1949.83784403437
"Uninformative_bk_Jardim (1999)","Uninformative_bk","M_Jardim(1981-1994)",1776.54125379682
"Uninformative_bk_Jardim (1999)","Uninformative_bk","M_Jardim(1981-1994)",1994.41823024256
"Uninformative_bk_Jardim (1999)","Uninformative_bk","M_Jardim(1981-1994)",2668.01988262357
"Uninformative_bk_Jardim (1999)","Uninformative_bk","M_Jardim(1981-1994)",2002.77282398953
"Uninformative_bk_Jardim (1999)","Uninformative_bk","M_Jardim(1981-1994)",1898.84760048699
"Uninformative_bk_Jardim (1999)","Uninformative_bk","M_Jardim(1981-1994)",1924.69700348928
"Uninformative_bk_Jardim (1999)","Uninformative_bk","M_Jardim(1981-1994)",1732.52094652704
"Uninformative_bk_Jardim (1999)","Uninformative_bk","M_Jardim(1981-1994)",1996.67129966065
"Uninformative_bk_Jardim (1999)","Uninformative_bk","M_Jardim(1981-1994)",1830.58554736829
"Uninformative_bk_Jardim (1999)","Uninformative_bk","M_Jardim(1981-1994)",1881.35713337206
"Uninformative_bk_Jardim (1999)","Uninformative_bk","M_Jardim(1981-1994)",1797.08557474786
"Uninformative_bk_Jardim (1999)","Uninformative_bk","M_Jardim(1981-1994)",2207.28417625099
"Uninformative_bk_Jardim (1999)","Uninformative_bk","M_Jardim(1981-1994)",1740.47647986392
"Uninformative_bk_Jardim (1999)","Uninformative_bk","M_Jardim(1981-1994)",1898.81994803186
"Uninformative_bk_Jardim (1999)","Uninformative_bk","M_Jardim(1981-1994)",1813.09566589791
"Uninformative_bk_Jardim (1999)","Uninformative_bk","M_Jardim(1981-1994)",1993.69007219731
"Uninformative_bk_Jardim (1999)","Uninformative_bk","M_Jardim(1981-1994)",2011.72154576127
"Uninformative_bk_Jardim (1999)","Uninformative_bk","M_Jardim(1981-1994)",1941.9142568288
"Uninformative_bk_Jardim (1999)","Uninformative_bk","M_Jardim(1981-1994)",2287.40916963483
"Uninformative_bk_Jardim (1999)","Uninformative_bk","M_Jardim(1981-1994)",3717.51534370537
"Uninformative_bk_Jardim (1999)","Uninformative_bk","M_Jardim(1981-1994)",1841.59293600797
"Uninformative_bk_Jardim (1999)","Uninformative_bk","M_Jardim(1981-1994)",1920.25999762292
"Uninformative_bk_Jardim (1999)","Uninformative_bk","M_Jardim(1981-1994)",1851.91917816798
"Uninformative_bk_Jardim (1999)","Uninformative_bk","M_Jardim(1981-1994)",2460.95489631604
"Uninformative_bk_Jardim (1999)","Uninformative_bk","M_Jardim(1981-1994)",1900.07894863394
"Uninformative_bk_Jardim (1999)","Uninformative_bk","M_Jardim(1981-1994)",2013.28998281377
"Uninformative_bk_Jardim (1999)","Uninformative_bk","M_Jardim(1981-1994)",1804.88116061462
"Uninformative_bk_Jardim (1999)","Uninformative_bk","M_Jardim(1981-1994)",1921.74028745886
"Uninformative_bk_Jardim (1999)","Uninformative_bk","M_Jardim(1981-1994)",1892.57311190233
"Uninformative_bk_Jardim (1999)","Uninformative_bk","M_Jardim(1981-1994)",2875.8401125936
"Uninformative_bk_Jardim (1999)","Uninformative_bk","M_Jardim(1981-1994)",1900.6516332282
"Uninformative_bk_Jardim (1999)","Uninformative_bk","M_Jardim(1981-1994)",2049.36899450056
"Uninformative_bk_Jardim (1999)","Uninformative_bk","M_Jardim(1981-1994)",2506.78238582475
"Uninformative_bk_Jardim (1999)","Uninformative_bk","M_Jardim(1981-1994)",2149.76407066398
"Uninformative_bk_Jardim (1999)","Uninformative_bk","M_Jardim(1981-1994)",1896.20008532695
"Uninformative_bk_Jardim (1999)","Uninformative_bk","M_Jardim(1981-1994)",1998.61048446417
"Uninformative_bk_Jardim (1999)","Uninformative_bk","M_Jardim(1981-1994)",1861.02878668469
"Uninformative_bk_Jardim (1999)","Uninformative_bk","M_Jardim(1981-1994)",1898.43085084015
"Uninformative_bk_Jardim (1999)","Uninformative_bk","M_Jardim(1981-1994)",2007.17506850257
"Uninformative_bk_Jardim (1999)","Uninformative_bk","M_Jardim(1981-1994)",2777.01516854356
"Uninformative_bk_Jardim (1999)","Uninformative_bk","M_Jardim(1981-1994)",1895.5625828945
"Uninformative_bk_Jardim (1999)","Uninformative_bk","M_Jardim(1981-1994)",1918.00914656922
"Uninformative_bk_Jardim (1999)","Uninformative_bk","M_Jardim(1981-1994)",1778.74053654573
"Uninformative_bk_Jardim (1999)","Uninformative_bk","M_Jardim(1981-1994)",1934.60116545304
"Uninformative_bk_Jardim (1999)","Uninformative_bk","M_Jardim(1981-1994)",1908.49253011089
"Uninformative_bk_Jardim (1999)","Uninformative_bk","M_Jardim(1981-1994)",1941.58788339793
"Uninformative_bk_Jardim (1999)","Uninformative_bk","M_Jardim(1981-1994)",2257.69578485055
"Uninformative_bk_Jardim (1999)","Uninformative_bk","M_Jardim(1981-1994)",1879.82250397139
"Uninformative_bk_Jardim (1999)","Uninformative_bk","M_Jardim(1981-1994)",1860.04152933947
"Uninformative_bk_Jardim (1999)","Uninformative_bk","M_Jardim(1981-1994)",1897.91447874092
"Uninformative_bk_Jardim (1999)","Uninformative_bk","M_Jardim(1981-1994)",1949.83693313582
"Uninformative_bk_Jardim (1999)","Uninformative_bk","M_Jardim(1981-1994)",3389.94993149515
"Uninformative_bk_Jardim (1999)","Uninformative_bk","M_Jardim(1981-1994)",3532.55119293668
"Uninformative_bk_Jardim (1999)","Uninformative_bk","M_Jardim(1981-1994)",2001.48552159234
"Uninformative_bk_Jardim (1999)","Uninformative_bk","M_Jardim(1981-1994)",1863.04208884468
"Uninformative_bk_Jardim (1999)","Uninformative_bk","M_Jardim(1981-1994)",2109.77444338843
"Uninformative_bk_Jardim (1999)","Uninformative_bk","M_Jardim(1981-1994)",1954.75328106803
"Uninformative_bk_Jardim (1999)","Uninformative_bk","M_Jardim(1981-1994)",2115.62263056324
"Uninformative_bk_Jardim (1999)","Uninformative_bk","M_Jardim(1981-1994)",1930.52036726985
"Uninformative_bk_Jardim (1999)","Uninformative_bk","M_Jardim(1981-1994)",2370.10333955591
"Uninformative_bk_Jardim (1999)","Uninformative_bk","M_Jardim(1981-1994)",2032.51441529324
"Uninformative_bk_Jardim (1999)","Uninformative_bk","M_Jardim(1981-1994)",2416.40038183746
"Uninformative_bk_Jardim (1999)","Uninformative_bk","M_Jardim(1981-1994)",2006.6142972359
"Uninformative_bk_Jardim (1999)","Uninformative_bk","M_Jardim(1981-1994)",1800.2063503014
"Uninformative_bk_Jardim (1999)","Uninformative_bk","M_Jardim(1981-1994)",1771.27626694957
"Uninformative_bk_Jardim (1999)","Uninformative_bk","M_Jardim(1981-1994)",2767.02950408919
"Uninformative_bk_Jardim (1999)","Uninformative_bk","M_Jardim(1981-1994)",1863.62797743307
"Uninformative_bk_Jardim (1999)","Uninformative_bk","M_Jardim(1981-1994)",2102.5221148641
"Uninformative_bk_Jardim (1999)","Uninformative_bk","M_Jardim(1981-1994)",1835.7274707293
"Uninformative_bk_Jardim (1999)","Uninformative_bk","M_Jardim(1981-1994)",2367.03241762861
"Uninformative_bk_Jardim (1999)","Uninformative_bk","M_Jardim(1981-1994)",1738.85906273567
"Uninformative_bk_Jardim (1999)","Uninformative_bk","M_Jardim(1981-1994)",2549.32417065999
"Uninformative_bk_Jardim (1999)","Uninformative_bk","M_Jardim(1981-1994)",1775.78604197414
"Uninformative_bk_Jardim (1999)","Uninformative_bk","M_Jardim(1981-1994)",2085.71383315552
"Uninformative_bk_Jardim (1999)","Uninformative_bk","M_Jardim(1981-1994)",2811.96890893333
"Uninformative_bk_Jardim (1999)","Uninformative_bk","M_Jardim(1981-1994)",2127.21220589947
"Uninformative_bk_Jardim (1999)","Uninformative_bk","M_Jardim(1981-1994)",1970.78919568188
"Uninformative_bk_Jardim (1999)","Uninformative_bk","M_Jardim(1981-1994)",1837.04344647502
"Uninformative_bk_Jardim (1999)","Uninformative_bk","M_Jardim(1981-1994)",1981.86903269217
"Uninformative_bk_Jardim (1999)","Uninformative_bk","M_Jardim(1981-1994)",2250.80757704376
"Uninformative_bk_Jardim (1999)","Uninformative_bk","M_Jardim(1981-1994)",1872.19358369079
"Uninformative_bk_Jardim (1999)","Uninformative_bk","M_Jardim(1981-1994)",2283.86769827494
"Uninformative_bk_Jardim (1999)","Uninformative_bk","M_Jardim(1981-1994)",1888.48587523414
"Uninformative_bk_Jardim (1999)","Uninformative_bk","M_Jardim(1981-1994)",1855.21752455475
"Uninformative_bk_Jardim (1999)","Uninformative_bk","M_Jardim(1981-1994)",1820.51493171914
"Uninformative_bk_Jardim (1999)","Uninformative_bk","M_Jardim(1981-1994)",1819.14868833527
"Uninformative_bk_Jardim (1999)","Uninformative_bk","M_Jardim(1981-1994)",2196.55369898585
"Uninformative_bk_Jardim (1999)","Uninformative_bk","M_Jardim(1981-1994)",2054.36889840283
"Uninformative_bk_Jardim (1999)","Uninformative_bk","M_Jardim(1981-1994)",1936.70133538509
"Uninformative_bk_Jardim (1999)","Uninformative_bk","M_Jardim(1981-1994)",2347.32945746294
"Uninformative_bk_Jardim (1999)","Uninformative_bk","M_Jardim(1981-1994)",2000.91583254004
"Uninformative_bk_Jardim (1999)","Uninformative_bk","M_Jardim(1981-1994)",1836.53499412622
"Uninformative_bk_Jardim (1999)","Uninformative_bk","M_Jardim(1981-1994)",1869.10237421063
"Uninformative_bk_Jardim (1999)","Uninformative_bk","M_Jardim(1981-1994)",1855.37241208714
"Uninformative_bk_Jardim (1999)","Uninformative_bk","M_Jardim(1981-1994)",1791.83718922376
"Uninformative_bk_Jardim (1999)","Uninformative_bk","M_Jardim(1981-1994)",2041.01239861674
"Uninformative_bk_Jardim (1999)","Uninformative_bk","M_Jardim(1981-1994)",2010.2851450758
"Uninformative_bk_Jardim (1999)","Uninformative_bk","M_Jardim(1981-1994)",1924.69953913887
"Uninformative_bk_Jardim (1999)","Uninformative_bk","M_Jardim(1981-1994)",1946.54743268181
"Uninformative_bk_Jardim (1999)","Uninformative_bk","M_Jardim(1981-1994)",1840.40502602107
"Uninformative_bk_Jardim (1999)","Uninformative_bk","M_Jardim(1981-1994)",1993.84088688302
"Uninformative_bk_Jardim (1999)","Uninformative_bk","M_Jardim(1981-1994)",1937.08331119914
"Uninformative_bk_Jardim (1999)","Uninformative_bk","M_Jardim(1981-1994)",1779.02946589804
"Uninformative_bk_Jardim (1999)","Uninformative_bk","M_Jardim(1981-1994)",1887.79411239301
"Uninformative_bk_Jardim (1999)","Uninformative_bk","M_Jardim(1981-1994)",2163.21949660041
"Uninformative_bk_Jardim (1999)","Uninformative_bk","M_Jardim(1981-1994)",1870.73922775693
"Uninformative_bk_Jardim (1999)","Uninformative_bk","M_Jardim(1981-1994)",1785.55805354982
"Uninformative_bk_Jardim (1999)","Uninformative_bk","M_Jardim(1981-1994)",1982.58168021193
"Uninformative_bk_Jardim (1999)","Uninformative_bk","M_Jardim(1981-1994)",3539.58277914088
"Uninformative_bk_Jardim (1999)","Uninformative_bk","M_Jardim(1981-1994)",1910.35630150993
"Uninformative_bk_Jardim (1999)","Uninformative_bk","M_Jardim(1981-1994)",1993.32582898828
"Uninformative_bk_Jardim (1999)","Uninformative_bk","M_Jardim(1981-1994)",2175.71950693991
"Uninformative_bk_Jardim (1999)","Uninformative_bk","M_Jardim(1981-1994)",1900.56132399747
"Uninformative_bk_Jardim (1999)","Uninformative_bk","M_Jardim(1981-1994)",2147.63950665651
"Uninformative_bk_Jardim (1999)","Uninformative_bk","M_Jardim(1981-1994)",1799.20777734546
"Uninformative_bk_Jardim (1999)","Uninformative_bk","M_Jardim(1981-1994)",1882.9122996804
"Uninformative_bk_Jardim (1999)","Uninformative_bk","M_Jardim(1981-1994)",2631.48727475875
"Uninformative_bk_Jardim (1999)","Uninformative_bk","M_Jardim(1981-1994)",1857.57265568704
"Uninformative_bk_Jardim (1999)","Uninformative_bk","M_Jardim(1981-1994)",1866.00957961367
"Uninformative_bk_Jardim (1999)","Uninformative_bk","M_Jardim(1981-1994)",1896.94023025359
"Uninformative_bk_Jardim (1999)","Uninformative_bk","M_Jardim(1981-1994)",1946.49118278954
"Uninformative_bk_Jardim (1999)","Uninformative_bk","M_Jardim(1981-1994)",2264.23330891977
"Uninformative_bk_Jardim (1999)","Uninformative_bk","M_Jardim(1981-1994)",1880.43362612095
"Uninformative_bk_Jardim (1999)","Uninformative_bk","M_Jardim(1981-1994)",1879.51558294987
"Uninformative_bk_Jardim (1999)","Uninformative_bk","M_Jardim(1981-1994)",2856.20994551532
"Uninformative_bk_Jardim (1999)","Uninformative_bk","M_Jardim(1981-1994)",1988.37693897279
"Uninformative_bk_Jardim (1999)","Uninformative_bk","M_Jardim(1981-1994)",1736.03276296883
"Uninformative_bk_Jardim (1999)","Uninformative_bk","M_Jardim(1981-1994)",2240.96824109488
"Uninformative_bk_Jardim (1999)","Uninformative_bk","M_Jardim(1981-1994)",1821.37066473557
"Uninformative_bk_Jardim (1999)","Uninformative_bk","M_Jardim(1981-1994)",2019.5362626678
"Uninformative_bk_Jardim (1999)","Uninformative_bk","M_Jardim(1981-1994)",1899.27144005971
"Uninformative_bk_Jardim (1999)","Uninformative_bk","M_Jardim(1981-1994)",1933.57096320745
"Uninformative_bk_Jardim (1999)","Uninformative_bk","M_Jardim(1981-1994)",1751.86896915851
"Uninformative_bk_Jardim (1999)","Uninformative_bk","M_Jardim(1981-1994)",1922.70247872412
"Uninformative_bk_Jardim (1999)","Uninformative_bk","M_Jardim(1981-1994)",1909.32860773469
"Uninformative_bk_Jardim (1999)","Uninformative_bk","M_Jardim(1981-1994)",2066.69408961862
"Uninformative_bk_Jardim (1999)","Uninformative_bk","M_Jardim(1981-1994)",1990.4274357469
"Uninformative_bk_Jardim (1999)","Uninformative_bk","M_Jardim(1981-1994)",1775.74186279967
"Uninformative_bk_Jardim (1999)","Uninformative_bk","M_Jardim(1981-1994)",1976.17483202701
"Uninformative_bk_Jardim (1999)","Uninformative_bk","M_Jardim(1981-1994)",1720.44139591627
"Uninformative_bk_Jardim (1999)","Uninformative_bk","M_Jardim(1981-1994)",1937.97023762577
"Uninformative_bk_Jardim (1999)","Uninformative_bk","M_Jardim(1981-1994)",2001.48558616719
"Uninformative_bk_Jardim (1999)","Uninformative_bk","M_Jardim(1981-1994)",1775.93160014366
"Uninformative_bk_Jardim (1999)","Uninformative_bk","M_Jardim(1981-1994)",2255.29456999818
"Uninformative_bk_Jardim (1999)","Uninformative_bk","M_Jardim(1981-1994)",1938.61631729106
"Uninformative_bk_Jardim (1999)","Uninformative_bk","M_Jardim(1981-1994)",1955.50000026581
"Uninformative_bk_Jardim (1999)","Uninformative_bk","M_Jardim(1981-1994)",1801.92695943035
"Uninformative_bk_Jardim (1999)","Uninformative_bk","M_Jardim(1981-1994)",2032.92813741832
"Uninformative_bk_Jardim (1999)","Uninformative_bk","M_Jardim(1981-1994)",2537.77237515368
"Uninformative_bk_Jardim (1999)","Uninformative_bk","M_Jardim(1981-1994)",2115.87827534913
"Uninformative_bk_Jardim (1999)","Uninformative_bk","M_Jardim(1981-1994)",1932.90953646661
"Uninformative_bk_Jardim (1999)","Uninformative_bk","M_Jardim(1981-1994)",1910.84334057811
"Uninformative_bk_Jardim (1999)","Uninformative_bk","M_Jardim(1981-1994)",2005.52830461832
"Uninformative_bk_Jardim (1999)","Uninformative_bk","M_Jardim(1981-1994)",1888.89784135086
"Uninformative_bk_Jardim (1999)","Uninformative_bk","M_Jardim(1981-1994)",1828.82625190879
"Uninformative_bk_Jardim (1999)","Uninformative_bk","M_Jardim(1981-1994)",1931.10176949989
"Uninformative_bk_Jardim (1999)","Uninformative_bk","M_Jardim(1981-1994)",1966.09894918441
"Uninformative_bk_Jardim (1999)","Uninformative_bk","M_Jardim(1981-1994)",2290.52158779495
"Uninformative_bk_Jardim (1999)","Uninformative_bk","M_Jardim(1981-1994)",2017.96284019671
"Uninformative_bk_Jardim (1999)","Uninformative_bk","M_Jardim(1981-1994)",1941.63132446623
"Uninformative_bk_Jardim (1999)","Uninformative_bk","M_Jardim(1981-1994)",1886.70531437173
"Uninformative_bk_Jardim (1999)","Uninformative_bk","M_Jardim(1981-1994)",1785.17939435318
"Uninformative_bk_Jardim (1999)","Uninformative_bk","M_Jardim(1981-1994)",1951.44073209279
"Uninformative_bk_Jardim (1999)","Uninformative_bk","M_Jardim(1981-1994)",2109.45000084029
"Uninformative_bk_Jardim (1999)","Uninformative_bk","M_Jardim(1981-1994)",1992.12018128698
"Uninformative_bk_Jardim (1999)","Uninformative_bk","M_Jardim(1981-1994)",1904.34782043461
"Uninformative_bk_Jardim (1999)","Uninformative_bk","M_Jardim(1981-1994)",1852.30381922638
"Uninformative_bk_Jardim (1999)","Uninformative_bk","M_Jardim(1981-1994)",2064.10078522586
"Uninformative_bk_Jardim (1999)","Uninformative_bk","M_Jardim(1981-1994)",1658.55074441449
"Uninformative_bk_Jardim (1999)","Uninformative_bk","M_Jardim(1981-1994)",1811.63593285191
"Uninformative_bk_Jardim (1999)","Uninformative_bk","M_Jardim(1981-1994)",1731.30292361398
"Uninformative_bk_Jardim (1999)","Uninformative_bk","M_Jardim(1981-1994)",1923.12953484757
"Uninformative_bk_Jardim (1999)","Uninformative_bk","M_Jardim(1981-1994)",1949.47461981385
"Uninformative_bk_Jardim (1999)","Uninformative_bk","M_Jardim(1981-1994)",1907.21112777088
"Uninformative_bk_Jardim (1999)","Uninformative_bk","M_Jardim(1981-1994)",1858.39739029302
"Uninformative_bk_Jardim (1999)","Uninformative_bk","M_Jardim(1981-1994)",3027.27564229557
"Uninformative_bk_Jardim (1999)","Uninformative_bk","M_Jardim(1981-1994)",1882.77023323096
"Uninformative_bk_Jardim (1999)","Uninformative_bk","M_Jardim(1981-1994)",1995.80442344268
"Uninformative_bk_Jardim (1999)","Uninformative_bk","M_Jardim(1981-1994)",1822.70919497712
"Uninformative_bk_Jardim (1999)","Uninformative_bk","M_Jardim(1981-1994)",1916.74476603435
"Uninformative_bk_Jardim (1999)","Uninformative_bk","M_Jardim(1981-1994)",1982.43295290239
"Uninformative_bk_Jardim (1999)","Uninformative_bk","M_Jardim(1981-1994)",3006.67762295117
"Uninformative_bk_Jardim (1999)","Uninformative_bk","M_Jardim(1981-1994)",1894.39032434198
"Uninformative_bk_Jardim (1999)","Uninformative_bk","M_Jardim(1981-1994)",1803.11387132059
"Uninformative_bk_Jardim (1999)","Uninformative_bk","M_Jardim(1981-1994)",1833.96197309904
"Uninformative_bk_Jardim (1999)","Uninformative_bk","M_Jardim(1981-1994)",1896.68009113534
"Uninformative_bk_Jardim (1999)","Uninformative_bk","M_Jardim(1981-1994)",2823.53533264782
"Uninformative_bk_Jardim (1999)","Uninformative_bk","M_Jardim(1981-1994)",1953.53459191165
"Uninformative_bk_Jardim (1999)","Uninformative_bk","M_Jardim(1981-1994)",2196.80690112742
"Uninformative_bk_Jardim (1999)","Uninformative_bk","M_Jardim(1981-1994)",2015.76363251372
"Uninformative_bk_Jardim (1999)","Uninformative_bk","M_Jardim(1981-1994)",2277.06127080964
"Uninformative_bk_Jardim (1999)","Uninformative_bk","M_Jardim(1981-1994)",1987.25609125636
"Uninformative_bk_Jardim (1999)","Uninformative_bk","M_Jardim(1981-1994)",2176.27602711229
"Uninformative_bk_Jardim (1999)","Uninformative_bk","M_Jardim(1981-1994)",1551.57612290232
"Uninformative_bk_Jardim (1999)","Uninformative_bk","M_Jardim(1981-1994)",1991.59028184549
"Uninformative_bk_Jardim (1999)","Uninformative_bk","M_Jardim(1981-1994)",1930.6592534383
"Uninformative_bk_Jardim (1999)","Uninformative_bk","M_Jardim(1981-1994)",1950.31855201957
"Uninformative_bk_Jardim (1999)","Uninformative_bk","M_Jardim(1981-1994)",3225.99300976351
"Uninformative_bk_Jardim (1999)","Uninformative_bk","M_Jardim(1981-1994)",1748.03855105003
"Uninformative_bk_Jardim (1999)","Uninformative_bk","M_Jardim(1981-1994)",2016.21562300063
"Uninformative_bk_Jardim (1999)","Uninformative_bk","M_Jardim(1981-1994)",3262.42406627681
"Uninformative_bk_Jardim (1999)","Uninformative_bk","M_Jardim(1981-1994)",1930.4882787105
"Uninformative_bk_Jardim (1999)","Uninformative_bk","M_Jardim(1981-1994)",1966.47776870054
"Uninformative_bk_Jardim (1999)","Uninformative_bk","M_Jardim(1981-1994)",1885.85698004133
"Uninformative_bk_Jardim (1999)","Uninformative_bk","M_Jardim(1981-1994)",1719.40890140384
"Uninformative_bk_Jardim (1999)","Uninformative_bk","M_Jardim(1981-1994)",2060.86502572938
"Uninformative_bk_Jardim (1999)","Uninformative_bk","M_Jardim(1981-1994)",1873.19608184679
"Uninformative_bk_Jardim (1999)","Uninformative_bk","M_Jardim(1981-1994)",1777.85886014156
"Uninformative_bk_Jardim (1999)","Uninformative_bk","M_Jardim(1981-1994)",2040.53511777004
"Uninformative_bk_Jardim (1999)","Uninformative_bk","M_Jardim(1981-1994)",2206.37083742899
"Uninformative_bk_Jardim (1999)","Uninformative_bk","M_Jardim(1981-1994)",1833.58526286802
"Uninformative_bk_Jardim (1999)","Uninformative_bk","M_Jardim(1981-1994)",2214.32919485772
"Uninformative_bk_Jardim (1999)","Uninformative_bk","M_Jardim(1981-1994)",1765.42987227049
"Uninformative_bk_Jardim (1999)","Uninformative_bk","M_Jardim(1981-1994)",1770.51075474655
"Uninformative_bk_Jardim (1999)","Uninformative_bk","M_Jardim(1981-1994)",1902.45212928573
"Uninformative_bk_Jardim (1999)","Uninformative_bk","M_Jardim(1981-1994)",1796.44600864457
"Uninformative_bk_Jardim (1999)","Uninformative_bk","M_Jardim(1981-1994)",2130.72688857995
"Uninformative_bk_Jardim (1999)","Uninformative_bk","M_Jardim(1981-1994)",2366.29137594557
"Uninformative_bk_Jardim (1999)","Uninformative_bk","M_Jardim(1981-1994)",1832.90474341802
"Uninformative_bk_Jardim (1999)","Uninformative_bk","M_Jardim(1981-1994)",2640.53589469509
"Uninformative_bk_Jardim (1999)","Uninformative_bk","M_Jardim(1981-1994)",1958.35199094978
"Uninformative_bk_Jardim (1999)","Uninformative_bk","M_Jardim(1981-1994)",1822.25368326744
"Uninformative_bk_Jardim (1999)","Uninformative_bk","M_Jardim(1981-1994)",1935.55459949608
"Uninformative_bk_Jardim (1999)","Uninformative_bk","M_Jardim(1981-1994)",1819.75727286577
"Uninformative_bk_Jardim (1999)","Uninformative_bk","M_Jardim(1981-1994)",2064.87810697585
"Uninformative_bk_Jardim (1999)","Uninformative_bk","M_Jardim(1981-1994)",1861.89318030339
"Uninformative_bk_Jardim (1999)","Uninformative_bk","M_Jardim(1981-1994)",2065.17282146884
"Uninformative_bk_Jardim (1999)","Uninformative_bk","M_Jardim(1981-1994)",1763.21881383822
"Uninformative_bk_Jardim (1999)","Uninformative_bk","M_Jardim(1981-1994)",2170.73228653983
"Uninformative_bk_Jardim (1999)","Uninformative_bk","M_Jardim(1981-1994)",1956.61520591465
"Uninformative_bk_Jardim (1999)","Uninformative_bk","M_Jardim(1981-1994)",1921.94742631068
"Uninformative_bk_Jardim (1999)","Uninformative_bk","M_Jardim(1981-1994)",2079.73285748338
"Uninformative_bk_Jardim (1999)","Uninformative_bk","M_Jardim(1981-1994)",2150.05629029214
"Uninformative_bk_Jardim (1999)","Uninformative_bk","M_Jardim(1981-1994)",1922.95316771081
"Uninformative_bk_Jardim (1999)","Uninformative_bk","M_Jardim(1981-1994)",1945.71507035395
"Uninformative_bk_Jardim (1999)","Uninformative_bk","M_Jardim(1981-1994)",2048.66919321354
"Uninformative_bk_Jardim (1999)","Uninformative_bk","M_Jardim(1981-1994)",2170.68626816738
"Uninformative_bk_Jardim (1999)","Uninformative_bk","M_Jardim(1981-1994)",1879.87100835691
"Uninformative_bk_Jardim (1999)","Uninformative_bk","M_Jardim(1981-1994)",1990.44360068755
"Uninformative_bk_Jardim (1999)","Uninformative_bk","M_Jardim(1981-1994)",1891.33521318663
"Uninformative_bk_Jardim (1999)","Uninformative_bk","M_Jardim(1981-1994)",1989.62433448226
"Uninformative_bk_Jardim (1999)","Uninformative_bk","M_Jardim(1981-1994)",2563.68924752846
"Uninformative_bk_Jardim (1999)","Uninformative_bk","M_Jardim(1981-1994)",1883.93911513393
"Uninformative_bk_Jardim (1999)","Uninformative_bk","M_Jardim(1981-1994)",2470.98620334048
"Uninformative_bk_Jardim (1999)","Uninformative_bk","M_Jardim(1981-1994)",1896.99670272087
"Uninformative_bk_Jardim (1999)","Uninformative_bk","M_Jardim(1981-1994)",3986.70639971786
"Uninformative_bk_Jardim (1999)","Uninformative_bk","M_Jardim(1981-1994)",1944.33191035671
"Uninformative_bk_Jardim (1999)","Uninformative_bk","M_Jardim(1981-1994)",2024.4489676673
"Uninformative_bk_Jardim (1999)","Uninformative_bk","M_Jardim(1981-1994)",1881.40713211941
"Uninformative_bk_Jardim (1999)","Uninformative_bk","M_Jardim(1981-1994)",1964.2842698725
"Uninformative_bk_Jardim (1999)","Uninformative_bk","M_Jardim(1981-1994)",1944.32288954711
"Uninformative_bk_Jardim (1999)","Uninformative_bk","M_Jardim(1981-1994)",1949.9615610401
"Uninformative_bk_Jardim (1999)","Uninformative_bk","M_Jardim(1981-1994)",1960.35966403111
"Uninformative_bk_Jardim (1999)","Uninformative_bk","M_Jardim(1981-1994)",1893.08062058884
"Uninformative_bk_Jardim (1999)","Uninformative_bk","M_Jardim(1981-1994)",1851.19950141385
"Uninformative_bk_Jardim (1999)","Uninformative_bk","M_Jardim(1981-1994)",1852.98083863084
"Uninformative_bk_Jardim (1999)","Uninformative_bk","M_Jardim(1981-1994)",5173.60872049327
"Uninformative_bk_Jardim (1999)","Uninformative_bk","M_Jardim(1981-1994)",2704.53524142389
"Uninformative_bk_Jardim (1999)","Uninformative_bk","M_Jardim(1981-1994)",5602.43461986822
"Uninformative_bk_Jardim (1999)","Uninformative_bk","M_Jardim(1981-1994)",2041.66795622394
"Uninformative_bk_Jardim (1999)","Uninformative_bk","M_Jardim(1981-1994)",1854.40539628715
"Uninformative_bk_Jardim (1999)","Uninformative_bk","M_Jardim(1981-1994)",1895.48135529053
"Uninformative_bk_Jardim (1999)","Uninformative_bk","M_Jardim(1981-1994)",1914.87490326025
"Uninformative_bk_Jardim (1999)","Uninformative_bk","M_Jardim(1981-1994)",1949.54553991062
"Uninformative_bk_Jardim (1999)","Uninformative_bk","M_Jardim(1981-1994)",1951.85077083434
"Uninformative_bk_Jardim (1999)","Uninformative_bk","M_Jardim(1981-1994)",1929.1401607265
"Uninformative_bk_Jardim (1999)","Uninformative_bk","M_Jardim(1981-1994)",1917.00673668702
"Uninformative_bk_Jardim (1999)","Uninformative_bk","M_Jardim(1981-1994)",1684.00887875978
"Uninformative_bk_Jardim (1999)","Uninformative_bk","M_Jardim(1981-1994)",1958.73345885971
"Uninformative_bk_Jardim (1999)","Uninformative_bk","M_Jardim(1981-1994)",2489.63122946982
"Uninformative_bk_Jardim (1999)","Uninformative_bk","M_Jardim(1981-1994)",1853.64237973534
"Uninformative_bk_Jardim (1999)","Uninformative_bk","M_Jardim(1981-1994)",2410.92233159019
"Uninformative_bk_Jardim (1999)","Uninformative_bk","M_Jardim(1981-1994)",2002.70889025611
"Uninformative_bk_Jardim (1999)","Uninformative_bk","M_Jardim(1981-1994)",1801.23845624956
"Uninformative_bk_Jardim (1999)","Uninformative_bk","M_Jardim(1981-1994)",1933.40501136603
"Uninformative_bk_Jardim (1999)","Uninformative_bk","M_Jardim(1981-1994)",2695.78472205917
"Uninformative_bk_Jardim (1999)","Uninformative_bk","M_Jardim(1981-1994)",1998.27226581932
"Uninformative_bk_Jardim (1999)","Uninformative_bk","M_Jardim(1981-1994)",1860.36435095749
"Uninformative_bk_Jardim (1999)","Uninformative_bk","M_Jardim(1981-1994)",1999.10754968221
"Uninformative_bk_Jardim (1999)","Uninformative_bk","M_Jardim(1981-1994)",2175.77847676664
"Uninformative_bk_Jardim (1999)","Uninformative_bk","M_Jardim(1981-1994)",2021.63732973495
"Uninformative_bk_Jardim (1999)","Uninformative_bk","M_Jardim(1981-1994)",1563.855996342
"Uninformative_bk_Jardim (1999)","Uninformative_bk","M_Jardim(1981-1994)",1731.91944614337
"Uninformative_bk_Jardim (1999)","Uninformative_bk","M_Jardim(1981-1994)",1988.38000918771
"Uninformative_bk_Jardim (1999)","Uninformative_bk","M_Jardim(1981-1994)",1995.2626829125
"Uninformative_bk_Jardim (1999)","Uninformative_bk","M_Jardim(1981-1994)",2047.54663774305
"Uninformative_bk_Jardim (1999)","Uninformative_bk","M_Jardim(1981-1994)",2000.04224183607
"Uninformative_bk_Jardim (1999)","Uninformative_bk","M_Jardim(1981-1994)",2148.0697524932
"Uninformative_bk_Jardim (1999)","Uninformative_bk","M_Jardim(1981-1994)",1773.58559631837
"Uninformative_bk_Jardim (1999)","Uninformative_bk","M_Jardim(1981-1994)",1909.89995503379
"Uninformative_bk_Jardim (1999)","Uninformative_bk","M_Jardim(1981-1994)",1935.46287350953
"Uninformative_bk_Jardim (1999)","Uninformative_bk","M_Jardim(1981-1994)",1955.11143890603
"Uninformative_bk_Jardim (1999)","Uninformative_bk","M_Jardim(1981-1994)",2070.31787384248
"Uninformative_bk_Jardim (1999)","Uninformative_bk","M_Jardim(1981-1994)",1831.00905679938
"Uninformative_bk_Jardim (1999)","Uninformative_bk","M_Jardim(1981-1994)",1718.48736029102
"Uninformative_bk_Jardim (1999)","Uninformative_bk","M_Jardim(1981-1994)",1943.4142788049
"Uninformative_bk_Jardim (1999)","Uninformative_bk","M_Jardim(1981-1994)",1979.58299253595
"Uninformative_bk_Jardim (1999)","Uninformative_bk","M_Jardim(1981-1994)",1981.39567173326
"Uninformative_bk_Jardim (1999)","Uninformative_bk","M_Jardim(1981-1994)",2017.08993907989
"Uninformative_bk_Jardim (1999)","Uninformative_bk","M_Jardim(1981-1994)",1955.90899835133
"Uninformative_bk_Jardim (1999)","Uninformative_bk","M_Jardim(1981-1994)",2378.51602226069
"Uninformative_bk_Jardim (1999)","Uninformative_bk","M_Jardim(1981-1994)",1822.59164388785
"Uninformative_bk_Jardim (1999)","Uninformative_bk","M_Jardim(1981-1994)",1885.22662141648
"Uninformative_bk_Jardim (1999)","Uninformative_bk","M_Jardim(1981-1994)",1958.89038396624
"Uninformative_bk_Jardim (1999)","Uninformative_bk","M_Jardim(1981-1994)",2509.59511870188
"Uninformative_bk_Jardim (1999)","Uninformative_bk","M_Jardim(1981-1994)",1929.3233304976
"Uninformative_bk_Jardim (1999)","Uninformative_bk","M_Jardim(1981-1994)",2195.14333957223
"Uninformative_bk_Jardim (1999)","Uninformative_bk","M_Jardim(1981-1994)",1966.71872273453
"Uninformative_bk_Jardim (1999)","Uninformative_bk","M_Jardim(1981-1994)",2027.20129754591
"Uninformative_bk_Jardim (1999)","Uninformative_bk","M_Jardim(1981-1994)",1312.87989424999
"Uninformative_bk_Jardim (1999)","Uninformative_bk","M_Jardim(1981-1994)",1680.66313350684
"Uninformative_bk_Jardim (1999)","Uninformative_bk","M_Jardim(1981-1994)",1939.39113242236
"Uninformative_bk_Jardim (1999)","Uninformative_bk","M_Jardim(1981-1994)",2674.03107603641
"Uninformative_bk_Jardim (1999)","Uninformative_bk","M_Jardim(1981-1994)",2018.54305005883
"Uninformative_bk_Jardim (1999)","Uninformative_bk","M_Jardim(1981-1994)",1931.54332816017
"Uninformative_bk_Jardim (1999)","Uninformative_bk","M_Jardim(1981-1994)",1902.0472970579
"Uninformative_bk_Jardim (1999)","Uninformative_bk","M_Jardim(1981-1994)",3164.63051074412
"Uninformative_bk_Jardim (1999)","Uninformative_bk","M_Jardim(1981-1994)",2541.75887727051
"Uninformative_bk_Jardim (1999)","Uninformative_bk","M_Jardim(1981-1994)",1813.22601290762
"Uninformative_bk_Jardim (1999)","Uninformative_bk","M_Jardim(1981-1994)",1934.76554973054
"Uninformative_bk_Jardim (1999)","Uninformative_bk","M_Jardim(1981-1994)",1936.87334014838
"Uninformative_bk_Jardim (1999)","Uninformative_bk","M_Jardim(1981-1994)",1365.30718832098
"Uninformative_bk_Jardim (1999)","Uninformative_bk","M_Jardim(1981-1994)",3560.07186724991
"Uninformative_bk_Jardim (1999)","Uninformative_bk","M_Jardim(1981-1994)",2059.92286089645
"Uninformative_bk_Jardim (1999)","Uninformative_bk","M_Jardim(1981-1994)",1928.00470128603
"Uninformative_bk_Jardim (1999)","Uninformative_bk","M_Jardim(1981-1994)",1849.50849330184
"Uninformative_bk_Jardim (1999)","Uninformative_bk","M_Jardim(1981-1994)",2233.56499993407
"Uninformative_bk_Jardim (1999)","Uninformative_bk","M_Jardim(1981-1994)",1858.52609949421
"Uninformative_bk_Jardim (1999)","Uninformative_bk","M_Jardim(1981-1994)",5335.43829353797
"Uninformative_bk_Jardim (1999)","Uninformative_bk","M_Jardim(1981-1994)",1996.22721456135
"Uninformative_bk_Jardim (1999)","Uninformative_bk","M_Jardim(1981-1994)",1997.34309143112
"Uninformative_bk_Jardim (1999)","Uninformative_bk","M_Jardim(1981-1994)",1823.86793226395
"Uninformative_bk_Jardim (1999)","Uninformative_bk","M_Jardim(1981-1994)",1911.90759730457
"Uninformative_bk_Jardim (1999)","Uninformative_bk","M_Jardim(1981-1994)",1934.96184432494
"Uninformative_bk_Jardim (1999)","Uninformative_bk","M_Jardim(1981-1994)",2040.7250091091
"Uninformative_bk_Jardim (1999)","Uninformative_bk","M_Jardim(1981-1994)",4809.63980677588
"Uninformative_bk_Jardim (1999)","Uninformative_bk","M_Jardim(1981-1994)",1759.57017989056
"Uninformative_bk_Jardim (1999)","Uninformative_bk","M_Jardim(1981-1994)",5252.06917819888
"Uninformative_bk_Jardim (1999)","Uninformative_bk","M_Jardim(1981-1994)",1914.60453360591
"Uninformative_bk_Jardim (1999)","Uninformative_bk","M_Jardim(1981-1994)",1944.68301642246
"Uninformative_bk_Jardim (1999)","Uninformative_bk","M_Jardim(1981-1994)",1917.24193963773
"Uninformative_bk_Jardim (1999)","Uninformative_bk","M_Jardim(1981-1994)",1940.97960596817
"Uninformative_bk_Jardim (1999)","Uninformative_bk","M_Jardim(1981-1994)",3170.56576572316
"Uninformative_bk_Jardim (1999)","Uninformative_bk","M_Jardim(1981-1994)",1821.91361508956
"Uninformative_bk_Jardim (1999)","Uninformative_bk","M_Jardim(1981-1994)",1873.73698447472
"Uninformative_bk_Jardim (1999)","Uninformative_bk","M_Jardim(1981-1994)",3010.25528211881
"Uninformative_bk_Jardim (1999)","Uninformative_bk","M_Jardim(1981-1994)",1953.87554670222
"Uninformative_bk_Jardim (1999)","Uninformative_bk","M_Jardim(1981-1994)",2024.39029925747
"Uninformative_bk_Jardim (1999)","Uninformative_bk","M_Jardim(1981-1994)",1808.48999953106
"Uninformative_bk_Jardim (1999)","Uninformative_bk","M_Jardim(1981-1994)",1947.80350390272
"Uninformative_bk_Jardim (1999)","Uninformative_bk","M_Jardim(1981-1994)",1871.08251739273
"Uninformative_bk_Jardim (1999)","Uninformative_bk","M_Jardim(1981-1994)",2423.94668793935
"Uninformative_bk_Jardim (1999)","Uninformative_bk","M_Jardim(1981-1994)",1881.7547089002
"Uninformative_bk_Jardim (1999)","Uninformative_bk","M_Jardim(1981-1994)",1800.4992315823
"Uninformative_bk_Jardim (1999)","Uninformative_bk","M_Jardim(1981-1994)",1947.47245212807
"Uninformative_bk_Jardim (1999)","Uninformative_bk","M_Jardim(1981-1994)",2008.31558445173
"Uninformative_bk_Jardim (1999)","Uninformative_bk","M_Jardim(1981-1994)",1930.96163937012
"Uninformative_bk_Jardim (1999)","Uninformative_bk","M_Jardim(1981-1994)",2276.80535350651
"Uninformative_bk_Jardim (1999)","Uninformative_bk","M_Jardim(1981-1994)",1878.0725794972
"Uninformative_bk_Jardim (1999)","Uninformative_bk","M_Jardim(1981-1994)",1904.78422095684
"Uninformative_bk_Jardim (1999)","Uninformative_bk","M_Jardim(1981-1994)",2656.29024543601
"Uninformative_bk_Jardim (1999)","Uninformative_bk","M_Jardim(1981-1994)",1802.4872304211
"Uninformative_bk_Jardim (1999)","Uninformative_bk","M_Jardim(1981-1994)",1538.62186775361
"Uninformative_bk_Jardim (1999)","Uninformative_bk","M_Jardim(1981-1994)",2143.88631888756
"Uninformative_bk_Jardim (1999)","Uninformative_bk","M_Jardim(1981-1994)",2012.66861586024
"Uninformative_bk_Jardim (1999)","Uninformative_bk","M_Jardim(1981-1994)",1864.98773460798
"Uninformative_bk_Jardim (1999)","Uninformative_bk","M_Jardim(1981-1994)",2087.61375666664
"Uninformative_bk_Jardim (1999)","Uninformative_bk","M_Jardim(1981-1994)",1931.6847842041
"Uninformative_bk_Jardim (1999)","Uninformative_bk","M_Jardim(1981-1994)",1738.03250529007
"Uninformative_bk_Jardim (1999)","Uninformative_bk","M_Jardim(1981-1994)",1940.05371466709
"Uninformative_bk_Jardim (1999)","Uninformative_bk","M_Jardim(1981-1994)",1922.1525454104
"Uninformative_bk_Jardim (1999)","Uninformative_bk","M_Jardim(1981-1994)",1815.73935942926
"Uninformative_bk_Jardim (1999)","Uninformative_bk","M_Jardim(1981-1994)",1867.02404407787
"Uninformative_bk_Jardim (1999)","Uninformative_bk","M_Jardim(1981-1994)",1839.06961321424
"Uninformative_bk_Jardim (1999)","Uninformative_bk","M_Jardim(1981-1994)",1712.45376892474
"Uninformative_bk_Jardim (1999)","Uninformative_bk","M_Jardim(1981-1994)",1988.30296539753
"Uninformative_bk_Jardim (1999)","Uninformative_bk","M_Jardim(1981-1994)",2000.41917022123
"Uninformative_bk_Jardim (1999)","Uninformative_bk","M_Jardim(1981-1994)",1867.4645612368
"Uninformative_bk_Jardim (1999)","Uninformative_bk","M_Jardim(1981-1994)",1723.57844377312
"Uninformative_bk_Jardim (1999)","Uninformative_bk","M_Jardim(1981-1994)",1970.23927137525
"Uninformative_bk_Jardim (1999)","Uninformative_bk","M_Jardim(1981-1994)",2406.98030342177
"Uninformative_bk_Jardim (1999)","Uninformative_bk","M_Jardim(1981-1994)",1807.71748585236
"Uninformative_bk_Jardim (1999)","Uninformative_bk","M_Jardim(1981-1994)",1907.90012000338
"Uninformative_bk_Jardim (1999)","Uninformative_bk","M_Jardim(1981-1994)",1996.62087667855
"Uninformative_bk_Jardim (1999)","Uninformative_bk","M_Jardim(1981-1994)",2527.29016948428
"Uninformative_bk_Jardim (1999)","Uninformative_bk","M_Jardim(1981-1994)",1922.97194183787
"Uninformative_bk_Jardim (1999)","Uninformative_bk","M_Jardim(1981-1994)",1938.72770230398
"Uninformative_bk_Jardim (1999)","Uninformative_bk","M_Jardim(1981-1994)",2004.39333798158
"Uninformative_bk_Jardim (1999)","Uninformative_bk","M_Jardim(1981-1994)",4066.81388641971
"Uninformative_bk_Jardim (1999)","Uninformative_bk","M_Jardim(1981-1994)",1198.06122168462
"Uninformative_bk_Jardim (1999)","Uninformative_bk","M_Jardim(1981-1994)",1901.52118166898
"Uninformative_bk_Jardim (1999)","Uninformative_bk","M_Jardim(1981-1994)",1933.86845975229
"Uninformative_bk_Jardim (1999)","Uninformative_bk","M_Jardim(1981-1994)",4772.82791117327
"Uninformative_bk_Jardim (1999)","Uninformative_bk","M_Jardim(1981-1994)",1855.12118531388
"Uninformative_bk_Jardim (1999)","Uninformative_bk","M_Jardim(1981-1994)",3450.7127161082
"Uninformative_bk_Jardim (1999)","Uninformative_bk","M_Jardim(1981-1994)",1780.521425363
"Uninformative_bk_Jardim (1999)","Uninformative_bk","M_Jardim(1981-1994)",1978.20642130092
"Uninformative_bk_Jardim (1999)","Uninformative_bk","M_Jardim(1981-1994)",2332.39710808536
"Uninformative_bk_Jardim (1999)","Uninformative_bk","M_Jardim(1981-1994)",2154.8959943145
"Uninformative_bk_Jardim (1999)","Uninformative_bk","M_Jardim(1981-1994)",1962.20296819179
"Uninformative_bk_Jardim (1999)","Uninformative_bk","M_Jardim(1981-1994)",2583.00875742027
"Uninformative_bk_Jardim (1999)","Uninformative_bk","M_Jardim(1981-1994)",2245.09922258673
"Uninformative_bk_Jardim (1999)","Uninformative_bk","M_Jardim(1981-1994)",1909.90954453211
"Uninformative_bk_Jardim (1999)","Uninformative_bk","M_Jardim(1981-1994)",1925.51212611209
"Uninformative_bk_Jardim (1999)","Uninformative_bk","M_Jardim(1981-1994)",1938.99496652764
"Uninformative_bk_Jardim (1999)","Uninformative_bk","M_Jardim(1981-1994)",1978.00651232124
"Uninformative_bk_Jardim (1999)","Uninformative_bk","M_Jardim(1981-1994)",1771.91248222368
"Uninformative_bk_Jardim (1999)","Uninformative_bk","M_Jardim(1981-1994)",1883.48066236463
"Uninformative_bk_Jardim (1999)","Uninformative_bk","M_Jardim(1981-1994)",2027.51973509855
"Uninformative_bk_Jardim (1999)","Uninformative_bk","M_Jardim(1981-1994)",1917.1680999751
"Uninformative_bk_Jardim (1999)","Uninformative_bk","M_Jardim(1981-1994)",1850.61226984859
"Uninformative_bk_Jardim (1999)","Uninformative_bk","M_Jardim(1981-1994)",1776.917885424
"Uninformative_bk_Jardim (1999)","Uninformative_bk","M_Jardim(1981-1994)",1902.95848970566
"Uninformative_bk_Jardim (1999)","Uninformative_bk","M_Jardim(1981-1994)",1916.34169486835
"Uninformative_bk_Jardim (1999)","Uninformative_bk","M_Jardim(1981-1994)",1952.81561919632
"Uninformative_bk_Jardim (1999)","Uninformative_bk","M_Jardim(1981-1994)",2263.96307062696
"Uninformative_bk_Jardim (1999)","Uninformative_bk","M_Jardim(1981-1994)",1930.9455218422
"Uninformative_bk_Jardim (1999)","Uninformative_bk","M_Jardim(1981-1994)",1951.98754957785
"Uninformative_bk_Jardim (1999)","Uninformative_bk","M_Jardim(1981-1994)",4012.24022285676
"Uninformative_bk_Jardim (1999)","Uninformative_bk","M_Jardim(1981-1994)",2545.42890498207
"Uninformative_bk_Jardim (1999)","Uninformative_bk","M_Jardim(1981-1994)",2206.29291101737
"Uninformative_bk_Jardim (1999)","Uninformative_bk","M_Jardim(1981-1994)",1854.46617278562
"Uninformative_bk_Jardim (1999)","Uninformative_bk","M_Jardim(1981-1994)",1963.5894324342
"Uninformative_bk_Jardim (1999)","Uninformative_bk","M_Jardim(1981-1994)",1932.81860700295
"Uninformative_bk_Jardim (1999)","Uninformative_bk","M_Jardim(1981-1994)",1846.54357560188
"Uninformative_bk_Jardim (1999)","Uninformative_bk","M_Jardim(1981-1994)",1905.98496918412
"Uninformative_bk_Jardim (1999)","Uninformative_bk","M_Jardim(1981-1994)",1717.09329297495
"Uninformative_bk_Jardim (1999)","Uninformative_bk","M_Jardim(1981-1994)",3104.88098864477
"Uninformative_bk_Jardim (1999)","Uninformative_bk","M_Jardim(1981-1994)",1919.51052536949
"Uninformative_bk_Jardim (1999)","Uninformative_bk","M_Jardim(1981-1994)",2031.08686568671
"Uninformative_bk_Jardim (1999)","Uninformative_bk","M_Jardim(1981-1994)",2976.22173565145
"Uninformative_bk_Jardim (1999)","Uninformative_bk","M_Jardim(1981-1994)",3565.9577290512
"Uninformative_bk_Jardim (1999)","Uninformative_bk","M_Jardim(1981-1994)",4160.81344460869
"Uninformative_bk_Jardim (1999)","Uninformative_bk","M_Jardim(1981-1994)",1964.48384215415
"Uninformative_bk_Jardim (1999)","Uninformative_bk","M_Jardim(1981-1994)",1908.261401835
"Uninformative_bk_Jardim (1999)","Uninformative_bk","M_Jardim(1981-1994)",1880.75172915277
"Uninformative_bk_Jardim (1999)","Uninformative_bk","M_Jardim(1981-1994)",7261.00470767901
"Uninformative_bk_Jardim (1999)","Uninformative_bk","M_Jardim(1981-1994)",1673.24314547497
"Uninformative_bk_Jardim (1999)","Uninformative_bk","M_Jardim(1981-1994)",2042.85832915087
"Uninformative_bk_Jardim (1999)","Uninformative_bk","M_Jardim(1981-1994)",1958.41773615264
"Uninformative_bk_Jardim (1999)","Uninformative_bk","M_Jardim(1981-1994)",4278.31747558402
"Uninformative_bk_Jardim (1999)","Uninformative_bk","M_Jardim(1981-1994)",1829.50028942
"Uninformative_bk_Jardim (1999)","Uninformative_bk","M_Jardim(1981-1994)",1965.32032233934
"Uninformative_bk_Jardim (1999)","Uninformative_bk","M_Jardim(1981-1994)",2004.79377994069
"Uninformative_bk_Jardim (1999)","Uninformative_bk","M_Jardim(1981-1994)",1991.39288876294
"Uninformative_bk_Jardim (1999)","Uninformative_bk","M_Jardim(1981-1994)",1908.01567870252
"Uninformative_bk_Jardim (1999)","Uninformative_bk","M_Jardim(1981-1994)",1883.36702296023
"Uninformative_bk_Jardim (1999)","Uninformative_bk","M_Jardim(1981-1994)",2406.39779724688
"Uninformative_bk_Jardim (1999)","Uninformative_bk","M_Jardim(1981-1994)",1949.00002257197
"Uninformative_bk_Jardim (1999)","Uninformative_bk","M_Jardim(1981-1994)",3282.59093483508
"Uninformative_bk_Jardim (1999)","Uninformative_bk","M_Jardim(1981-1994)",1903.0710883601
"Uninformative_bk_Jardim (1999)","Uninformative_bk","M_Jardim(1981-1994)",5528.82776820138
"Uninformative_bk_Jardim (1999)","Uninformative_bk","M_Jardim(1981-1994)",2028.27784943247
"Uninformative_bk_Jardim (1999)","Uninformative_bk","M_Jardim(1981-1994)",1773.46443119292
"Uninformative_bk_Jardim (1999)","Uninformative_bk","M_Jardim(1981-1994)",2130.44719025911
"Uninformative_bk_Jardim (1999)","Uninformative_bk","M_Jardim(1981-1994)",3725.42859995942
"Uninformative_bk_Jardim (1999)","Uninformative_bk","M_Jardim(1981-1994)",1695.83121504968
"Uninformative_bk_Jardim (1999)","Uninformative_bk","M_Jardim(1981-1994)",2557.63791234613
"Uninformative_bk_Jardim (1999)","Uninformative_bk","M_Jardim(1981-1994)",1972.2973091656
"Uninformative_bk_Jardim (1999)","Uninformative_bk","M_Jardim(1981-1994)",1935.18233190729
"Uninformative_bk_Jardim (1999)","Uninformative_bk","M_Jardim(1981-1994)",1863.22148392472
"Uninformative_bk_Jardim (1999)","Uninformative_bk","M_Jardim(1981-1994)",1945.00450613656
"Uninformative_bk_Jardim (1999)","Uninformative_bk","M_Jardim(1981-1994)",1565.27661333698
"Uninformative_bk_Jardim (1999)","Uninformative_bk","M_Jardim(1981-1994)",3188.0171241546
"Uninformative_bk_Jardim (1999)","Uninformative_bk","M_Jardim(1981-1994)",4183.92900996972
"Uninformative_bk_Jardim (1999)","Uninformative_bk","M_Jardim(1981-1994)",2008.3653853367
"Uninformative_bk_Jardim (1999)","Uninformative_bk","M_Jardim(1981-1994)",2142.82830072269
"Uninformative_bk_Jardim (1999)","Uninformative_bk","M_Jardim(1981-1994)",2260.93238228109
"Uninformative_bk_Jardim (1999)","Uninformative_bk","M_Jardim(1981-1994)",1932.21222095962
"Uninformative_bk_Jardim (1999)","Uninformative_bk","M_Jardim(1981-1994)",1765.31119017083
"Uninformative_bk_Jardim (1999)","Uninformative_bk","M_Jardim(1981-1994)",1702.26411561781
"Uninformative_bk_Jardim (1999)","Uninformative_bk","M_Jardim(1981-1994)",1650.29575495541
"Uninformative_bk_Jardim (1999)","Uninformative_bk","M_Jardim(1981-1994)",2036.03244566948
"Uninformative_bk_Jardim (1999)","Uninformative_bk","M_Jardim(1981-1994)",1829.04404737771
"Uninformative_bk_Jardim (1999)","Uninformative_bk","M_Jardim(1981-1994)",1830.02493392943
"Uninformative_bk_Jardim (1999)","Uninformative_bk","M_Jardim(1981-1994)",1855.46226962768
"Uninformative_bk_Jardim (1999)","Uninformative_bk","M_Jardim(1981-1994)",2404.3037087105
"Uninformative_bk_Jardim (1999)","Uninformative_bk","M_Jardim(1981-1994)",1910.17553232861
"Uninformative_bk_Jardim (1999)","Uninformative_bk","M_Jardim(1981-1994)",3647.57011008029
"Uninformative_bk_Jardim (1999)","Uninformative_bk","M_Jardim(1981-1994)",1898.50268247992
"Uninformative_bk_Jardim (1999)","Uninformative_bk","M_Jardim(1981-1994)",1877.35059447437
"Uninformative_bk_Jardim (1999)","Uninformative_bk","M_Jardim(1981-1994)",1893.32797206217
"Uninformative_bk_Jardim (1999)","Uninformative_bk","M_Jardim(1981-1994)",2645.6173466389
"Uninformative_bk_Jardim (1999)","Uninformative_bk","M_Jardim(1981-1994)",1894.87573384157
"Uninformative_bk_Jardim (1999)","Uninformative_bk","M_Jardim(1981-1994)",1888.02848787892
"Uninformative_bk_Jardim (1999)","Uninformative_bk","M_Jardim(1981-1994)",1797.20572632721
"Uninformative_bk_Jardim (1999)","Uninformative_bk","M_Jardim(1981-1994)",2902.01456372245
"Uninformative_bk_Jardim (1999)","Uninformative_bk","M_Jardim(1981-1994)",2029.45624264793
"Uninformative_bk_Jardim (1999)","Uninformative_bk","M_Jardim(1981-1994)",2485.72629440815
"Uninformative_bk_Jardim (1999)","Uninformative_bk","M_Jardim(1981-1994)",1917.07168687987
"Uninformative_bk_Jardim (1999)","Uninformative_bk","M_Jardim(1981-1994)",1871.313673738
"Uninformative_bk_Jardim (1999)","Uninformative_bk","M_Jardim(1981-1994)",2052.84324842236
"Uninformative_bk_Jardim (1999)","Uninformative_bk","M_Jardim(1981-1994)",1990.83544669802
"Uninformative_bk_Jardim (1999)","Uninformative_bk","M_Jardim(1981-1994)",1839.63396532988
"Uninformative_bk_Jardim (1999)","Uninformative_bk","M_Jardim(1981-1994)",2773.46167072622
"Uninformative_bk_Jardim (1999)","Uninformative_bk","M_Jardim(1981-1994)",4559.35317231908
"Uninformative_bk_Jardim (1999)","Uninformative_bk","M_Jardim(1981-1994)",2289.27323733594
"Uninformative_bk_Jardim (1999)","Uninformative_bk","M_Jardim(1981-1994)",3223.71061278364
"Uninformative_bk_Jardim (1999)","Uninformative_bk","M_Jardim(1981-1994)",2038.47882675111
"Uninformative_bk_Jardim (1999)","Uninformative_bk","M_Jardim(1981-1994)",2107.58549437751
"Uninformative_bk_Jardim (1999)","Uninformative_bk","M_Jardim(1981-1994)",1913.87786766183
"Uninformative_bk_Jardim (1999)","Uninformative_bk","M_Jardim(1981-1994)",1906.59763054602
"Uninformative_bk_Jardim (1999)","Uninformative_bk","M_Jardim(1981-1994)",1909.09948990847
"Uninformative_bk_Jardim (1999)","Uninformative_bk","M_Jardim(1981-1994)",2031.43753293062
"Uninformative_bk_Jardim (1999)","Uninformative_bk","M_Jardim(1981-1994)",1844.08804516838
"Uninformative_bk_Jardim (1999)","Uninformative_bk","M_Jardim(1981-1994)",1713.36652355999
"Uninformative_bk_Jardim (1999)","Uninformative_bk","M_Jardim(1981-1994)",1902.39179546606
"Uninformative_bk_Jardim (1999)","Uninformative_bk","M_Jardim(1981-1994)",2028.31328994615
"Uninformative_bk_Jardim (1999)","Uninformative_bk","M_Jardim(1981-1994)",1908.54852216728
"Uninformative_bk_Jardim (1999)","Uninformative_bk","M_Jardim(1981-1994)",1887.62120020529
"Uninformative_bk_Jardim (1999)","Uninformative_bk","M_Jardim(1981-1994)",2103.26162105926
"Uninformative_bk_Jardim (1999)","Uninformative_bk","M_Jardim(1981-1994)",1912.66714447946
"Uninformative_bk_Jardim (1999)","Uninformative_bk","M_Jardim(1981-1994)",1746.65072335021
"Uninformative_bk_Jardim (1999)","Uninformative_bk","M_Jardim(1981-1994)",1864.21318038954
"Uninformative_bk_Jardim (1999)","Uninformative_bk","M_Jardim(1981-1994)",2416.77939156652
"Uninformative_bk_Jardim (1999)","Uninformative_bk","M_Jardim(1981-1994)",3007.76589435336
"Uninformative_bk_Jardim (1999)","Uninformative_bk","M_Jardim(1981-1994)",1749.48508464946
"Uninformative_bk_Jardim (1999)","Uninformative_bk","M_Jardim(1981-1994)",5257.55012154499
"Uninformative_bk_Jardim (1999)","Uninformative_bk","M_Jardim(1981-1994)",1978.68127100271
"Uninformative_bk_Jardim (1999)","Uninformative_bk","M_Jardim(1981-1994)",1867.55720232999
"Uninformative_bk_Jardim (1999)","Uninformative_bk","M_Jardim(1981-1994)",1976.95161283479
"Uninformative_bk_Jardim (1999)","Uninformative_bk","M_Jardim(1981-1994)",1905.12840640772
"Uninformative_bk_Jardim (1999)","Uninformative_bk","M_Jardim(1981-1994)",2124.57170568516
"Uninformative_bk_Jardim (1999)","Uninformative_bk","M_Jardim(1981-1994)",2189.00490958908
"Uninformative_bk_Jardim (1999)","Uninformative_bk","M_Jardim(1981-1994)",1780.45352955513
"Uninformative_bk_Jardim (1999)","Uninformative_bk","M_Jardim(1981-1994)",1834.35362813781
"Uninformative_bk_Jardim (1999)","Uninformative_bk","M_Jardim(1981-1994)",5303.27468958433
"Uninformative_bk_Jardim (1999)","Uninformative_bk","M_Jardim(1981-1994)",1994.95955352963
"Uninformative_bk_Jardim (1999)","Uninformative_bk","M_Jardim(1981-1994)",1813.98881279619
"Uninformative_bk_Jardim (1999)","Uninformative_bk","M_Jardim(1981-1994)",1874.41606431228
"Uninformative_bk_Jardim (1999)","Uninformative_bk","M_Jardim(1981-1994)",1865.04915098043
"Uninformative_bk_Jardim (1999)","Uninformative_bk","M_Jardim(1981-1994)",1931.26616032406
"Uninformative_bk_Jardim (1999)","Uninformative_bk","M_Jardim(1981-1994)",1897.65982250309
"Uninformative_bk_Jardim (1999)","Uninformative_bk","M_Jardim(1981-1994)",1825.02202785055
"Uninformative_bk_Jardim (1999)","Uninformative_bk","M_Jardim(1981-1994)",1923.60624650149
"Uninformative_bk_Jardim (1999)","Uninformative_bk","M_Jardim(1981-1994)",1882.77609121029
"Uninformative_bk_Jardim (1999)","Uninformative_bk","M_Jardim(1981-1994)",2100.15369359172
"Uninformative_bk_Jardim (1999)","Uninformative_bk","M_Jardim(1981-1994)",1887.16076255015
"Uninformative_bk_Jardim (1999)","Uninformative_bk","M_Jardim(1981-1994)",1918.48434144427
"Uninformative_bk_Jardim (1999)","Uninformative_bk","M_Jardim(1981-1994)",1769.62224280248
"Uninformative_bk_Jardim (1999)","Uninformative_bk","M_Jardim(1981-1994)",1972.77747412419
"Uninformative_bk_Jardim (1999)","Uninformative_bk","M_Jardim(1981-1994)",1550.30098951133
"Uninformative_bk_Jardim (1999)","Uninformative_bk","M_Jardim(1981-1994)",1736.0838225306
"Uninformative_bk_Jardim (1999)","Uninformative_bk","M_Jardim(1981-1994)",1894.34860993878
"Uninformative_bk_Jardim (1999)","Uninformative_bk","M_Jardim(1981-1994)",1781.79437263166
"Uninformative_bk_Jardim (1999)","Uninformative_bk","M_Jardim(1981-1994)",2110.58884659272
"Uninformative_bk_Jardim (1999)","Uninformative_bk","M_Jardim(1981-1994)",1715.98149560715
"Uninformative_bk_Jardim (1999)","Uninformative_bk","M_Jardim(1981-1994)",1960.54430286418
"Uninformative_bk_Jardim (1999)","Uninformative_bk","M_Jardim(1981-1994)",1882.44783055269
"Uninformative_bk_Jardim (1999)","Uninformative_bk","M_Jardim(1981-1994)",2023.38696171597
"Uninformative_bk_Jardim (1999)","Uninformative_bk","M_Jardim(1981-1994)",1880.14737280358
"Uninformative_bk_Jardim (1999)","Uninformative_bk","M_Jardim(1981-1994)",2830.78556746389
"Uninformative_bk_Jardim (1999)","Uninformative_bk","M_Jardim(1981-1994)",1722.18156637804
"Uninformative_bk_Jardim (1999)","Uninformative_bk","M_Jardim(1981-1994)",1951.02710232825
"Uninformative_bk_Jardim (1999)","Uninformative_bk","M_Jardim(1981-1994)",1928.1064509618
"Uninformative_bk_Jardim (1999)","Uninformative_bk","M_Jardim(1981-1994)",1909.07955107619
"Uninformative_bk_Jardim (1999)","Uninformative_bk","M_Jardim(1981-1994)",3315.58181033035
"Uninformative_bk_Jardim (1999)","Uninformative_bk","M_Jardim(1981-1994)",1905.98048110006
"Uninformative_bk_Jardim (1999)","Uninformative_bk","M_Jardim(1981-1994)",1977.2000525435
"Uninformative_bk_Jardim (1999)","Uninformative_bk","M_Jardim(1981-1994)",1867.04908125066
"Uninformative_bk_Jardim (1999)","Uninformative_bk","M_Jardim(1981-1994)",1841.82267223025
"Uninformative_bk_Jardim (1999)","Uninformative_bk","M_Jardim(1981-1994)",1911.4095161613
"Uninformative_bk_Jardim (1999)","Uninformative_bk","M_Jardim(1981-1994)",1893.26347581426
"Uninformative_bk_Jardim (1999)","Uninformative_bk","M_Jardim(1981-1994)",1984.49279646155
"Uninformative_bk_Jardim (1999)","Uninformative_bk","M_Jardim(1981-1994)",2215.47336543571
"Uninformative_bk_Jardim (1999)","Uninformative_bk","M_Jardim(1981-1994)",1781.26761052032
"Uninformative_bk_Jardim (1999)","Uninformative_bk","M_Jardim(1981-1994)",2349.43511771564
"Uninformative_bk_Jardim (1999)","Uninformative_bk","M_Jardim(1981-1994)",1951.40524766001
"Uninformative_bk_Jardim (1999)","Uninformative_bk","M_Jardim(1981-1994)",1791.17786404437
"Uninformative_bk_Jardim (1999)","Uninformative_bk","M_Jardim(1981-1994)",3634.08518570106
"Uninformative_bk_Jardim (1999)","Uninformative_bk","M_Jardim(1981-1994)",2020.81291622503
"Uninformative_bk_Jardim (1999)","Uninformative_bk","M_Jardim(1981-1994)",3005.30816203379
"Uninformative_bk_Jardim (1999)","Uninformative_bk","M_Jardim(1981-1994)",1942.19354743655
"Uninformative_bk_Jardim (1999)","Uninformative_bk","M_Jardim(1981-1994)",1904.33299697958
"Uninformative_bk_Jardim (1999)","Uninformative_bk","M_Jardim(1981-1994)",1882.02985841251
"Uninformative_bk_Jardim (1999)","Uninformative_bk","M_Jardim(1981-1994)",2876.07748703114
"Uninformative_bk_Jardim (1999)","Uninformative_bk","M_Jardim(1981-1994)",1851.54676609416
"Uninformative_bk_Jardim (1999)","Uninformative_bk","M_Jardim(1981-1994)",2041.49977339256
"Uninformative_bk_Jardim (1999)","Uninformative_bk","M_Jardim(1981-1994)",1722.47300107
"Uninformative_bk_Jardim (1999)","Uninformative_bk","M_Jardim(1981-1994)",5430.73120943631
"Uninformative_bk_Jardim (1999)","Uninformative_bk","M_Jardim(1981-1994)",2026.06150530557
"Uninformative_bk_Jardim (1999)","Uninformative_bk","M_Jardim(1981-1994)",1914.92914044201
"Uninformative_bk_Jardim (1999)","Uninformative_bk","M_Jardim(1981-1994)",1791.91222327863
"Uninformative_bk_Jardim (1999)","Uninformative_bk","M_Jardim(1981-1994)",1892.51062146832
"Uninformative_bk_Jardim (1999)","Uninformative_bk","M_Jardim(1981-1994)",1798.78564489952
"Uninformative_bk_Jardim (1999)","Uninformative_bk","M_Jardim(1981-1994)",2074.63426671484
"Uninformative_bk_Jardim (1999)","Uninformative_bk","M_Jardim(1981-1994)",1847.43432166461
"Uninformative_bk_Jardim (1999)","Uninformative_bk","M_Jardim(1981-1994)",1874.34427272692
"Uninformative_bk_Jardim (1999)","Uninformative_bk","M_Jardim(1981-1994)",2361.56381920947
"Uninformative_bk_Jardim (1999)","Uninformative_bk","M_Jardim(1981-1994)",1932.41499850928
"Uninformative_bk_Jardim (1999)","Uninformative_bk","M_Jardim(1981-1994)",1782.71045441087
"Uninformative_bk_Jardim (1999)","Uninformative_bk","M_Jardim(1981-1994)",1912.24994825595
"Uninformative_bk_Jardim (1999)","Uninformative_bk","M_Jardim(1981-1994)",6129.4976328
"Uninformative_bk_Jardim (1999)","Uninformative_bk","M_Jardim(1981-1994)",2014.36560903881
"Uninformative_bk_Jardim (1999)","Uninformative_bk","M_Jardim(1981-1994)",1954.19654678129
"Uninformative_bk_Jardim (1999)","Uninformative_bk","M_Jardim(1981-1994)",1928.83910308461
"Uninformative_bk_Jardim (1999)","Uninformative_bk","M_Jardim(1981-1994)",2940.71554023259
"Uninformative_bk_Jardim (1999)","Uninformative_bk","M_Jardim(1981-1994)",2014.06961491744
"Uninformative_bk_Jardim (1999)","Uninformative_bk","M_Jardim(1981-1994)",1822.06793071551
"Uninformative_bk_Jardim (1999)","Uninformative_bk","M_Jardim(1981-1994)",1726.72501240018
"Uninformative_bk_Jardim (1999)","Uninformative_bk","M_Jardim(1981-1994)",1973.15818711416
"Uninformative_bk_Jardim (1999)","Uninformative_bk","M_Jardim(1981-1994)",1874.80922856032
"Uninformative_bk_Jardim (1999)","Uninformative_bk","M_Jardim(1981-1994)",1906.37637184799
"Uninformative_bk_Jardim (1999)","Uninformative_bk","M_Jardim(1981-1994)",2109.21988403191
"Uninformative_bk_Jardim (1999)","Uninformative_bk","M_Jardim(1981-1994)",1877.47149068786
"Uninformative_bk_Jardim (1999)","Uninformative_bk","M_Jardim(1981-1994)",2741.94087917516
"Uninformative_bk_Jardim (1999)","Uninformative_bk","M_Jardim(1981-1994)",1747.55038848202
"Uninformative_bk_Jardim (1999)","Uninformative_bk","M_Jardim(1981-1994)",1868.07577936258
"Uninformative_bk_Jardim (1999)","Uninformative_bk","M_Jardim(1981-1994)",2539.37803123048
"Uninformative_bk_Jardim (1999)","Uninformative_bk","M_Jardim(1981-1994)",1682.38178270165
"Uninformative_bk_Jardim (1999)","Uninformative_bk","M_Jardim(1981-1994)",2138.56283396181
"Uninformative_bk_Jardim (1999)","Uninformative_bk","M_Jardim(1981-1994)",1939.60625545544
"Uninformative_bk_Jardim (1999)","Uninformative_bk","M_Jardim(1981-1994)",1947.85392061258
"Uninformative_bk_Jardim (1999)","Uninformative_bk","M_Jardim(1981-1994)",1986.70088236804
"Uninformative_bk_Jardim (1999)","Uninformative_bk","M_Jardim(1981-1994)",1890.11369203259
"Uninformative_bk_Jardim (1999)","Uninformative_bk","M_Jardim(1981-1994)",1763.30713245594
"Uninformative_bk_Jardim (1999)","Uninformative_bk","M_Jardim(1981-1994)",1216.08859098975
"Uninformative_bk_Jardim (1999)","Uninformative_bk","M_Jardim(1981-1994)",5290.740837273
"Uninformative_bk_Jardim (1999)","Uninformative_bk","M_Jardim(1981-1994)",1824.29585984843
"Uninformative_bk_Jardim (1999)","Uninformative_bk","M_Jardim(1981-1994)",2118.2536425344
"Uninformative_bk_Jardim (1999)","Uninformative_bk","M_Jardim(1981-1994)",1907.54380268633
"Uninformative_bk_Jardim (1999)","Uninformative_bk","M_Jardim(1981-1994)",2603.27109665203
"Uninformative_bk_Jardim (1999)","Uninformative_bk","M_Jardim(1981-1994)",2817.27638607597
"Uninformative_bk_Jardim (1999)","Uninformative_bk","M_Jardim(1981-1994)",1938.69101939862
"Uninformative_bk_Jardim (1999)","Uninformative_bk","M_Jardim(1981-1994)",1913.27898031204
"Uninformative_bk_Jardim (1999)","Uninformative_bk","M_Jardim(1981-1994)",1580.26783200659
"Uninformative_bk_Jardim (1999)","Uninformative_bk","M_Jardim(1981-1994)",1793.62136070674
"Uninformative_bk_Jardim (1999)","Uninformative_bk","M_Jardim(1981-1994)",1874.05118813917
"Uninformative_bk_Jardim (1999)","Uninformative_bk","M_Jardim(1981-1994)",1990.05614345533
"Uninformative_bk_Jardim (1999)","Uninformative_bk","M_Jardim(1981-1994)",1920.44599186841
"Uninformative_bk_Jardim (1999)","Uninformative_bk","M_Jardim(1981-1994)",3322.85280718395
"Uninformative_bk_Jardim (1999)","Uninformative_bk","M_Jardim(1981-1994)",1998.87879517604
"Uninformative_bk_Jardim (1999)","Uninformative_bk","M_Jardim(1981-1994)",1854.99790154144
"Uninformative_bk_Jardim (1999)","Uninformative_bk","M_Jardim(1981-1994)",1880.43748172883
"Uninformative_bk_Jardim (1999)","Uninformative_bk","M_Jardim(1981-1994)",1760.62758009899
"Uninformative_bk_Jardim (1999)","Uninformative_bk","M_Jardim(1981-1994)",2289.13892786044
"Uninformative_bk_Jardim (1999)","Uninformative_bk","M_Jardim(1981-1994)",1741.55735117328
"Uninformative_bk_Jardim (1999)","Uninformative_bk","M_Jardim(1981-1994)",1890.36025913718
"Uninformative_bk_Jardim (1999)","Uninformative_bk","M_Jardim(1981-1994)",4543.90584025956
"Uninformative_bk_Jardim (1999)","Uninformative_bk","M_Jardim(1981-1994)",1937.40792545421
"Uninformative_bk_Jardim (1999)","Uninformative_bk","M_Jardim(1981-1994)",2293.23418456092
"Uninformative_bk_Jardim (1999)","Uninformative_bk","M_Jardim(1981-1994)",2053.6768329473
"Uninformative_bk_Jardim (1999)","Uninformative_bk","M_Jardim(1981-1994)",1917.98054437274
"Uninformative_bk_Jardim (1999)","Uninformative_bk","M_Jardim(1981-1994)",2041.90385195012
"Uninformative_bk_Jardim (1999)","Uninformative_bk","M_Jardim(1981-1994)",2174.63024178691
"Uninformative_bk_Jardim (1999)","Uninformative_bk","M_Jardim(1981-1994)",1953.5000536812
"Uninformative_bk_Jardim (1999)","Uninformative_bk","M_Jardim(1981-1994)",2065.26872883006
"Uninformative_bk_Jardim (1999)","Uninformative_bk","M_Jardim(1981-1994)",1991.14321641871
"Uninformative_bk_Jardim (1999)","Uninformative_bk","M_Jardim(1981-1994)",1856.1942193776
"Uninformative_bk_Jardim (1999)","Uninformative_bk","M_Jardim(1981-1994)",2844.79548817334
"Uninformative_bk_Jardim (1999)","Uninformative_bk","M_Jardim(1981-1994)",1804.82258142232
"Uninformative_bk_Jardim (1999)","Uninformative_bk","M_Jardim(1981-1994)",1895.89768168416
"Uninformative_bk_Jardim (1999)","Uninformative_bk","M_Jardim(1981-1994)",2071.44690156158
"Uninformative_bk_Jardim (1999)","Uninformative_bk","M_Jardim(1981-1994)",1898.63311756077
"Uninformative_bk_Jardim (1999)","Uninformative_bk","M_Jardim(1981-1994)",1887.80670438639
"Uninformative_bk_Jardim (1999)","Uninformative_bk","M_Jardim(1981-1994)",1906.72309088584
"Uninformative_bk_Jardim (1999)","Uninformative_bk","M_Jardim(1981-1994)",1852.68371636432
"Uninformative_bk_Jardim (1999)","Uninformative_bk","M_Jardim(1981-1994)",2525.46492506925
"Uninformative_bk_Jardim (1999)","Uninformative_bk","M_Jardim(1981-1994)",1914.84654347209
"Uninformative_bk_Jardim (1999)","Uninformative_bk","M_Jardim(1981-1994)",2857.1890557566
"Uninformative_bk_Jardim (1999)","Uninformative_bk","M_Jardim(1981-1994)",2550.79475858963
"Uninformative_bk_Jardim (1999)","Uninformative_bk","M_Jardim(1981-1994)",1867.2809506555
"Uninformative_bk_Jardim (1999)","Uninformative_bk","M_Jardim(1981-1994)",2281.38728432278
"Uninformative_bk_Jardim (1999)","Uninformative_bk","M_Jardim(1981-1994)",2061.1727782245
"Uninformative_bk_Jardim (1999)","Uninformative_bk","M_Jardim(1981-1994)",2634.01937027282
"Uninformative_bk_Jardim (1999)","Uninformative_bk","M_Jardim(1981-1994)",2358.17713415976
"Uninformative_bk_Jardim (1999)","Uninformative_bk","M_Jardim(1981-1994)",1949.77191931536
"Uninformative_bk_Jardim (1999)","Uninformative_bk","M_Jardim(1981-1994)",1931.45446331611
"Uninformative_bk_Jardim (1999)","Uninformative_bk","M_Jardim(1981-1994)",2238.9762462559
"Uninformative_bk_Jardim (1999)","Uninformative_bk","M_Jardim(1981-1994)",2215.24962402007
"Uninformative_bk_Jardim (1999)","Uninformative_bk","M_Jardim(1981-1994)",1992.92249721279
"Uninformative_bk_Jardim (1999)","Uninformative_bk","M_Jardim(1981-1994)",1802.88473235032
"Uninformative_bk_Jardim (1999)","Uninformative_bk","M_Jardim(1981-1994)",1932.36331406209
"Uninformative_bk_Jardim (1999)","Uninformative_bk","M_Jardim(1981-1994)",1747.45328890828
"Uninformative_bk_Jardim (1999)","Uninformative_bk","M_Jardim(1981-1994)",1944.76685366678
"Uninformative_bk_Jardim (1999)","Uninformative_bk","M_Jardim(1981-1994)",1803.6980445111
"Uninformative_bk_Jardim (1999)","Uninformative_bk","M_Jardim(1981-1994)",1845.19570051513
"Uninformative_bk_Jardim (1999)","Uninformative_bk","M_Jardim(1981-1994)",1909.75195433367
"Uninformative_bk_Jardim (1999)","Uninformative_bk","M_Jardim(1981-1994)",1757.07998597947
"Uninformative_bk_Jardim (1999)","Uninformative_bk","M_Jardim(1981-1994)",1977.69622223402
"Uninformative_bk_Jardim (1999)","Uninformative_bk","M_Jardim(1981-1994)",1978.23912924424
"Uninformative_bk_Jardim (1999)","Uninformative_bk","M_Jardim(1981-1994)",1941.40260237036
"Uninformative_bk_Jardim (1999)","Uninformative_bk","M_Jardim(1981-1994)",1924.64104408877
"Uninformative_bk_Jardim (1999)","Uninformative_bk","M_Jardim(1981-1994)",1872.68090796852
"Uninformative_bk_Jardim (1999)","Uninformative_bk","M_Jardim(1981-1994)",2031.62625814856
"Uninformative_bk_Jardim (1999)","Uninformative_bk","M_Jardim(1981-1994)",1931.77388079437
"Uninformative_bk_Jardim (1999)","Uninformative_bk","M_Jardim(1981-1994)",1926.83461080263
"Uninformative_bk_Jardim (1999)","Uninformative_bk","M_Jardim(1981-1994)",1812.52973340577
"Uninformative_bk_Jardim (1999)","Uninformative_bk","M_Jardim(1981-1994)",1821.61679922908
"Uninformative_bk_Jardim (1999)","Uninformative_bk","M_Jardim(1981-1994)",2752.06905537696
"Uninformative_bk_Jardim (1999)","Uninformative_bk","M_Jardim(1981-1994)",1904.34836922045
"Uninformative_bk_Jardim (1999)","Uninformative_bk","M_Jardim(1981-1994)",1945.66356677453
"Uninformative_bk_Jardim (1999)","Uninformative_bk","M_Jardim(1981-1994)",1849.33945942149
"Uninformative_bk_Jardim (1999)","Uninformative_bk","M_Jardim(1981-1994)",1985.7017034388
"Uninformative_bk_Jardim (1999)","Uninformative_bk","M_Jardim(1981-1994)",1962.13404387276
"Uninformative_bk_Jardim (1999)","Uninformative_bk","M_Jardim(1981-1994)",1548.12227057051
"Uninformative_bk_Jardim (1999)","Uninformative_bk","M_Jardim(1981-1994)",1967.38471259876
"Uninformative_bk_Jardim (1999)","Uninformative_bk","M_Jardim(1981-1994)",2072.7316622002
"Uninformative_bk_Jardim (1999)","Uninformative_bk","M_Jardim(1981-1994)",2088.67493337567
"Uninformative_bk_Jardim (1999)","Uninformative_bk","M_Jardim(1981-1994)",1832.01714300855
"Uninformative_bk_Jardim (1999)","Uninformative_bk","M_Jardim(1981-1994)",2350.34443183604
"Uninformative_bk_Jardim (1999)","Uninformative_bk","M_Jardim(1981-1994)",1918.82600264909
"Uninformative_bk_Jardim (1999)","Uninformative_bk","M_Jardim(1981-1994)",2786.12686693436
"Uninformative_bk_Jardim (1999)","Uninformative_bk","M_Jardim(1981-1994)",1898.55605807455
"Uninformative_bk_Jardim (1999)","Uninformative_bk","M_Jardim(1981-1994)",1490.98265989742
"Uninformative_bk_Jardim (1999)","Uninformative_bk","M_Jardim(1981-1994)",1860.35668125946
"Uninformative_bk_Jardim (1999)","Uninformative_bk","M_Jardim(1981-1994)",1916.12137473349
"Uninformative_bk_Jardim (1999)","Uninformative_bk","M_Jardim(1981-1994)",1877.67857922955
"Uninformative_bk_Jardim (1999)","Uninformative_bk","M_Jardim(1981-1994)",1870.08397256022
"Uninformative_bk_Jardim (1999)","Uninformative_bk","M_Jardim(1981-1994)",1899.33407080574
"Uninformative_bk_Jardim (1999)","Uninformative_bk","M_Jardim(1981-1994)",1928.85942514276
"Uninformative_bk_Jardim (1999)","Uninformative_bk","M_Jardim(1981-1994)",1952.18802732691
"Uninformative_bk_Jardim (1999)","Uninformative_bk","M_Jardim(1981-1994)",1685.34259188622
"Uninformative_bk_Jardim (1999)","Uninformative_bk","M_Jardim(1981-1994)",1582.40970420476
"Uninformative_bk_Jardim (1999)","Uninformative_bk","M_Jardim(1981-1994)",1936.59294298644
"Uninformative_bk_Jardim (1999)","Uninformative_bk","M_Jardim(1981-1994)",1977.8710569806
"Uninformative_bk_Jardim (1999)","Uninformative_bk","M_Jardim(1981-1994)",1935.76606069099
"Uninformative_bk_Jardim (1999)","Uninformative_bk","M_Jardim(1981-1994)",1866.44383845683
"Uninformative_bk_Jardim (1999)","Uninformative_bk","M_Jardim(1981-1994)",1931.25355464291
"Uninformative_bk_Jardim (1999)","Uninformative_bk","M_Jardim(1981-1994)",2354.15306902892
"Uninformative_bk_Jardim (1999)","Uninformative_bk","M_Jardim(1981-1994)",2096.58247042185
"Uninformative_bk_Jardim (1999)","Uninformative_bk","M_Jardim(1981-1994)",2160.2739946184
"Uninformative_bk_Jardim (1999)","Uninformative_bk","M_Jardim(1981-1994)",1568.00200768065
"Uninformative_bk_Jardim (1999)","Uninformative_bk","M_Jardim(1981-1994)",1856.36182559429
"Uninformative_bk_Jardim (1999)","Uninformative_bk","M_Jardim(1981-1994)",1929.11154176631
"Uninformative_bk_Jardim (1999)","Uninformative_bk","M_Jardim(1981-1994)",1875.92854556353
"Uninformative_bk_Jardim (1999)","Uninformative_bk","M_Jardim(1981-1994)",3092.41649199456
"Uninformative_bk_Jardim (1999)","Uninformative_bk","M_Jardim(1981-1994)",1644.24039657742
"Uninformative_bk_Jardim (1999)","Uninformative_bk","M_Jardim(1981-1994)",1903.66931792216
"Uninformative_bk_Jardim (1999)","Uninformative_bk","M_Jardim(1981-1994)",1927.55481166558
"Uninformative_bk_Jardim (1999)","Uninformative_bk","M_Jardim(1981-1994)",2007.57171891341
"Uninformative_bk_Jardim (1999)","Uninformative_bk","M_Jardim(1981-1994)",1875.58840556687
"Uninformative_bk_Jardim (1999)","Uninformative_bk","M_Jardim(1981-1994)",1918.82242012814
"Uninformative_bk_Jardim (1999)","Uninformative_bk","M_Jardim(1981-1994)",1949.69563277368
"Uninformative_bk_Jardim (1999)","Uninformative_bk","M_Jardim(1981-1994)",1997.66309800396
"Uninformative_bk_Jardim (1999)","Uninformative_bk","M_Jardim(1981-1994)",1865.88628245858
"Uninformative_bk_Jardim (1999)","Uninformative_bk","M_Jardim(1981-1994)",2038.4508964165
"Uninformative_bk_Jardim (1999)","Uninformative_bk","M_Jardim(1981-1994)",2608.08857203749
"Uninformative_bk_Jardim (1999)","Uninformative_bk","M_Jardim(1981-1994)",1896.56062748809
"Uninformative_bk_Jardim (1999)","Uninformative_bk","M_Jardim(1981-1994)",1912.966088251
"Uninformative_bk_Jardim (1999)","Uninformative_bk","M_Jardim(1981-1994)",2891.20067000176
"Uninformative_bk_Jardim (1999)","Uninformative_bk","M_Jardim(1981-1994)",1826.30232326168
"Uninformative_bk_Jardim (1999)","Uninformative_bk","M_Jardim(1981-1994)",2671.23119034822
"Uninformative_bk_Jardim (1999)","Uninformative_bk","M_Jardim(1981-1994)",1904.98464448478
"Uninformative_bk_Jardim (1999)","Uninformative_bk","M_Jardim(1981-1994)",2039.94350333129
"Uninformative_bk_Jardim (1999)","Uninformative_bk","M_Jardim(1981-1994)",1874.82158745258
"Uninformative_bk_Jardim (1999)","Uninformative_bk","M_Jardim(1981-1994)",1700.60562361756
"Uninformative_bk_Jardim (1999)","Uninformative_bk","M_Jardim(1981-1994)",1910.25566623877
"Uninformative_bk_Jardim (1999)","Uninformative_bk","M_Jardim(1981-1994)",1937.70101872491
"Uninformative_bk_Jardim (1999)","Uninformative_bk","M_Jardim(1981-1994)",1895.03242197377
"Uninformative_bk_Jardim (1999)","Uninformative_bk","M_Jardim(1981-1994)",1671.50721487523
"Uninformative_bk_Jardim (1999)","Uninformative_bk","M_Jardim(1981-1994)",4548.27589521611
"Uninformative_bk_Jardim (1999)","Uninformative_bk","M_Jardim(1981-1994)",1886.31187597784
"Uninformative_bk_Jardim (1999)","Uninformative_bk","M_Jardim(1981-1994)",1852.81757390637
"Uninformative_bk_Jardim (1999)","Uninformative_bk","M_Jardim(1981-1994)",1751.59506230783
"Uninformative_bk_Jardim (1999)","Uninformative_bk","M_Jardim(1981-1994)",1841.71290041897
"Uninformative_bk_Jardim (1999)","Uninformative_bk","M_Jardim(1981-1994)",1864.70504882687
"Uninformative_bk_Jardim (1999)","Uninformative_bk","M_Jardim(1981-1994)",2060.31085061666
"Uninformative_bk_Jardim (1999)","Uninformative_bk","M_Jardim(1981-1994)",1977.91528104672
"Uninformative_bk_Jardim (1999)","Uninformative_bk","M_Jardim(1981-1994)",1916.93077550264
"Uninformative_bk_Jardim (1999)","Uninformative_bk","M_Jardim(1981-1994)",2450.97924404821
"Uninformative_bk_Jardim (1999)","Uninformative_bk","M_Jardim(1981-1994)",1878.71808485536
"Uninformative_bk_Jardim (1999)","Uninformative_bk","M_Jardim(1981-1994)",1953.94654914936
"Uninformative_bk_Jardim (1999)","Uninformative_bk","M_Jardim(1981-1994)",1790.7022302803
"Uninformative_bk_Jardim (1999)","Uninformative_bk","M_Jardim(1981-1994)",1977.50438371495
"Uninformative_bk_Jardim (1999)","Uninformative_bk","M_Jardim(1981-1994)",1927.07911767402
"Uninformative_bk_Jardim (1999)","Uninformative_bk","M_Jardim(1981-1994)",1899.74124850819
"Uninformative_bk_Jardim (1999)","Uninformative_bk","M_Jardim(1981-1994)",2008.99998032254
"Uninformative_bk_Jardim (1999)","Uninformative_bk","M_Jardim(1981-1994)",1992.26897401004
"Uninformative_bk_Jardim (1999)","Uninformative_bk","M_Jardim(1981-1994)",1760.90579899725
"Uninformative_bk_Jardim (1999)","Uninformative_bk","M_Jardim(1981-1994)",1964.49944601639
"Uninformative_bk_Jardim (1999)","Uninformative_bk","M_Jardim(1981-1994)",2169.56153984246
"Uninformative_bk_Jardim (1999)","Uninformative_bk","M_Jardim(1981-1994)",1798.19358644891
"Uninformative_bk_Jardim (1999)","Uninformative_bk","M_Jardim(1981-1994)",1885.2493747774
"Uninformative_bk_Jardim (1999)","Uninformative_bk","M_Jardim(1981-1994)",1687.41254152031
"Uninformative_bk_Jardim (1999)","Uninformative_bk","M_Jardim(1981-1994)",1972.9475227029
"Uninformative_bk_Jardim (1999)","Uninformative_bk","M_Jardim(1981-1994)",1910.03304393195
"Uninformative_bk_Jardim (1999)","Uninformative_bk","M_Jardim(1981-1994)",1993.41344851917
"Uninformative_bk_Jardim (1999)","Uninformative_bk","M_Jardim(1981-1994)",1976.79227034852
"Uninformative_bk_Jardim (1999)","Uninformative_bk","M_Jardim(1981-1994)",1954.33912225261
"Uninformative_bk_Jardim (1999)","Uninformative_bk","M_Jardim(1981-1994)",1960.82675666115
"Uninformative_bk_Jardim (1999)","Uninformative_bk","M_Jardim(1981-1994)",1795.10551835158
"Uninformative_bk_Jardim (1999)","Uninformative_bk","M_Jardim(1981-1994)",1849.44329943488
"Uninformative_bk_Jardim (1999)","Uninformative_bk","M_Jardim(1981-1994)",2108.79206974869
"Uninformative_bk_Jardim (1999)","Uninformative_bk","M_Jardim(1981-1994)",2383.00098824333
"Uninformative_bk_Jardim (1999)","Uninformative_bk","M_Jardim(1981-1994)",2893.84233624432
"Uninformative_bk_Jardim (1999)","Uninformative_bk","M_Jardim(1981-1994)",3051.11501030461
"Uninformative_bk_Jardim (1999)","Uninformative_bk","M_Jardim(1981-1994)",1976.14068034999
"Uninformative_bk_Jardim (1999)","Uninformative_bk","M_Jardim(1981-1994)",1768.14974965832
"Uninformative_bk_Jardim (1999)","Uninformative_bk","M_Jardim(1981-1994)",2165.82992117255
"Uninformative_bk_Jardim (1999)","Uninformative_bk","M_Jardim(1981-1994)",6043.89287559896
"Uninformative_bk_Jardim (1999)","Uninformative_bk","M_Jardim(1981-1994)",1888.01049681635
"Uninformative_bk_Jardim (1999)","Uninformative_bk","M_Jardim(1981-1994)",1969.13916643278
"Uninformative_bk_Jardim (1999)","Uninformative_bk","M_Jardim(1981-1994)",2160.21345888862
"Uninformative_bk_Jardim (1999)","Uninformative_bk","M_Jardim(1981-1994)",1718.35861688348
"Uninformative_bk_Jardim (1999)","Uninformative_bk","M_Jardim(1981-1994)",1935.00650294831
"Uninformative_bk_Jardim (1999)","Uninformative_bk","M_Jardim(1981-1994)",2100.34143729578
"Uninformative_bk_Jardim (1999)","Uninformative_bk","M_Jardim(1981-1994)",2071.92146841499
"Uninformative_bk_Jardim (1999)","Uninformative_bk","M_Jardim(1981-1994)",1999.22615994885
"Uninformative_bk_Jardim (1999)","Uninformative_bk","M_Jardim(1981-1994)",1774.91572757905
"Uninformative_bk_Jardim (1999)","Uninformative_bk","M_Jardim(1981-1994)",1850.45417113025
"Uninformative_bk_Jardim (1999)","Uninformative_bk","M_Jardim(1981-1994)",1911.17598542689
"Uninformative_bk_Jardim (1999)","Uninformative_bk","M_Jardim(1981-1994)",1951.09853602117
"Uninformative_bk_Jardim (1999)","Uninformative_bk","M_Jardim(1981-1994)",1860.06066712065
"Uninformative_bk_Jardim (1999)","Uninformative_bk","M_Jardim(1981-1994)",1686.74493207832
"Uninformative_bk_Jardim (1999)","Uninformative_bk","M_Jardim(1981-1994)",2863.74883766112
"Uninformative_bk_Jardim (1999)","Uninformative_bk","M_Jardim(1981-1994)",1998.16215094142
"Uninformative_bk_Jardim (1999)","Uninformative_bk","M_Jardim(1981-1994)",1909.39716489508
"Uninformative_bk_Jardim (1999)","Uninformative_bk","M_Jardim(1981-1994)",2073.56905824581
"Uninformative_bk_Jardim (1999)","Uninformative_bk","M_Jardim(1981-1994)",1773.38676220001
"Uninformative_bk_Jardim (1999)","Uninformative_bk","M_Jardim(1981-1994)",1911.86136762593
"Uninformative_bk_Jardim (1999)","Uninformative_bk","M_Jardim(1981-1994)",1886.8842866409
"Uninformative_bk_Jardim (1999)","Uninformative_bk","M_Jardim(1981-1994)",6228.46650388115
"Uninformative_bk_Jardim (1999)","Uninformative_bk","M_Jardim(1981-1994)",1964.24385152778
"Uninformative_bk_Jardim (1999)","Uninformative_bk","M_Jardim(1981-1994)",2021.10764947129
"Uninformative_bk_Jardim (1999)","Uninformative_bk","M_Jardim(1981-1994)",1835.61106273914
"Uninformative_bk_Jardim (1999)","Uninformative_bk","M_Jardim(1981-1994)",1775.73776356011
"Uninformative_bk_Jardim (1999)","Uninformative_bk","M_Jardim(1981-1994)",3087.66440852102
"Uninformative_bk_Jardim (1999)","Uninformative_bk","M_Jardim(1981-1994)",1487.98874858274
"Uninformative_bk_Jardim (1999)","Uninformative_bk","M_Jardim(1981-1994)",1741.34824655508
"Uninformative_bk_Jardim (1999)","Uninformative_bk","M_Jardim(1981-1994)",1906.89623321181
"Uninformative_bk_Jardim (1999)","Uninformative_bk","M_Jardim(1981-1994)",1689.27344879759
"Uninformative_bk_Jardim (1999)","Uninformative_bk","M_Jardim(1981-1994)",1927.83036620835
"Uninformative_bk_Jardim (1999)","Uninformative_bk","M_Jardim(1981-1994)",2021.05068381225
"Uninformative_bk_Jardim (1999)","Uninformative_bk","M_Jardim(1981-1994)",1798.90177937554
"Uninformative_bk_Jardim (1999)","Uninformative_bk","M_Jardim(1981-1994)",1780.1164486381
"Uninformative_bk_Jardim (1999)","Uninformative_bk","M_Jardim(1981-1994)",1844.27196805433
"Uninformative_bk_Jardim (1999)","Uninformative_bk","M_Jardim(1981-1994)",2420.93472091275
"Uninformative_bk_Jardim (1999)","Uninformative_bk","M_Jardim(1981-1994)",2101.29685623667
"Uninformative_bk_Jardim (1999)","Uninformative_bk","M_Jardim(1981-1994)",1908.73239062893
"Uninformative_bk_Jardim (1999)","Uninformative_bk","M_Jardim(1981-1994)",1873.23204652454
"Uninformative_bk_Jardim (1999)","Uninformative_bk","M_Jardim(1981-1994)",1922.7047501149
"Uninformative_bk_Jardim (1999)","Uninformative_bk","M_Jardim(1981-1994)",1953.84557893947
"Uninformative_bk_Jardim (1999)","Uninformative_bk","M_Jardim(1981-1994)",4027.86352103894
"Uninformative_bk_Jardim (1999)","Uninformative_bk","M_Jardim(1981-1994)",2128.19312254478
"Uninformative_bk_Jardim (1999)","Uninformative_bk","M_Jardim(1981-1994)",1916.50655921664
"Uninformative_bk_Jardim (1999)","Uninformative_bk","M_Jardim(1981-1994)",3584.09763988066
"Uninformative_bk_Jardim (1999)","Uninformative_bk","M_Jardim(1981-1994)",2140.19290129637
"Uninformative_bk_Jardim (1999)","Uninformative_bk","M_Jardim(1981-1994)",1585.27887690243
"Uninformative_bk_Jardim (1999)","Uninformative_bk","M_Jardim(1981-1994)",1883.16587369537
"Uninformative_bk_Jardim (1999)","Uninformative_bk","M_Jardim(1981-1994)",1759.73717422022
"Uninformative_bk_Jardim (1999)","Uninformative_bk","M_Jardim(1981-1994)",6982.25475431198
"Uninformative_bk_Jardim (1999)","Uninformative_bk","M_Jardim(1981-1994)",1774.96368329924
"Uninformative_bk_Jardim (1999)","Uninformative_bk","M_Jardim(1981-1994)",1947.83502238688
"Uninformative_bk_Jardim (1999)","Uninformative_bk","M_Jardim(1981-1994)",1791.80941470081
"Uninformative_bk_Jardim (1999)","Uninformative_bk","M_Jardim(1981-1994)",2739.74147242964
"Uninformative_bk_Jardim (1999)","Uninformative_bk","M_Jardim(1981-1994)",1965.14638706119
"Uninformative_bk_Jardim (1999)","Uninformative_bk","M_Jardim(1981-1994)",1922.2821718117
"Uninformative_bk_Jardim (1999)","Uninformative_bk","M_Jardim(1981-1994)",2113.69578622045
"Uninformative_bk_Jardim (1999)","Uninformative_bk","M_Jardim(1981-1994)",1886.31991757738
"Uninformative_bk_Jardim (1999)","Uninformative_bk","M_Jardim(1981-1994)",1918.80453481451
"Uninformative_bk_Jardim (1999)","Uninformative_bk","M_Jardim(1981-1994)",1986.0026960295
"Uninformative_bk_Jardim (1999)","Uninformative_bk","M_Jardim(1981-1994)",1875.73497850321
"Uninformative_bk_Jardim (1999)","Uninformative_bk","M_Jardim(1981-1994)",1930.62143664971
"Uninformative_bk_Jardim (1999)","Uninformative_bk","M_Jardim(1981-1994)",1856.76497910147
"Uninformative_bk_Jardim (1999)","Uninformative_bk","M_Jardim(1981-1994)",1884.21775159762
"Uninformative_bk_Jardim (1999)","Uninformative_bk","M_Jardim(1981-1994)",1771.64001935857
"Uninformative_bk_Jardim (1999)","Uninformative_bk","M_Jardim(1981-1994)",1819.98467328724
"Uninformative_bk_Jardim (1999)","Uninformative_bk","M_Jardim(1981-1994)",1903.32780858632
"Uninformative_bk_Jardim (1999)","Uninformative_bk","M_Jardim(1981-1994)",1928.29523862214
"Uninformative_bk_Jardim (1999)","Uninformative_bk","M_Jardim(1981-1994)",1875.48304091616
"Uninformative_bk_Jardim (1999)","Uninformative_bk","M_Jardim(1981-1994)",2244.02768129699
"Uninformative_bk_Jardim (1999)","Uninformative_bk","M_Jardim(1981-1994)",1997.14270330558
"Uninformative_bk_Jardim (1999)","Uninformative_bk","M_Jardim(1981-1994)",1893.78328104813
"Uninformative_bk_Jardim (1999)","Uninformative_bk","M_Jardim(1981-1994)",1535.78354703301
"Uninformative_bk_Jardim (1999)","Uninformative_bk","M_Jardim(1981-1994)",2370.65010012024
"Uninformative_bk_Jardim (1999)","Uninformative_bk","M_Jardim(1981-1994)",1827.83197915328
"Uninformative_bk_Jardim (1999)","Uninformative_bk","M_Jardim(1981-1994)",2020.35206192712
"Uninformative_bk_Jardim (1999)","Uninformative_bk","M_Jardim(1981-1994)",1947.13281261506
"Uninformative_bk_Jardim (1999)","Uninformative_bk","M_Jardim(1981-1994)",1968.80981722479
"Uninformative_bk_Jardim (1999)","Uninformative_bk","M_Jardim(1981-1994)",1948.15646189032
"Uninformative_bk_Jardim (1999)","Uninformative_bk","M_Jardim(1981-1994)",1853.4495892379
"Uninformative_bk_Jardim (1999)","Uninformative_bk","M_Jardim(1981-1994)",1935.4549844761
"Uninformative_bk_Jardim (1999)","Uninformative_bk","M_Jardim(1981-1994)",1984.62713996563
"Uninformative_bk_Jardim (1999)","Uninformative_bk","M_Jardim(1981-1994)",6475.08001589309
"Uninformative_bk_Jardim (1999)","Uninformative_bk","M_Jardim(1981-1994)",1966.01943054789
"Uninformative_bk_Jardim (1999)","Uninformative_bk","M_Jardim(1981-1994)",2691.28979416004
"Uninformative_bk_Jardim (1999)","Uninformative_bk","M_Jardim(1981-1994)",2566.76682653911
"Uninformative_bk_Jardim (1999)","Uninformative_bk","M_Jardim(1981-1994)",1906.4538195245
"Uninformative_bk_Jardim (1999)","Uninformative_bk","M_Jardim(1981-1994)",1802.19119275607
"Uninformative_bk_Jardim (1999)","Uninformative_bk","M_Jardim(1981-1994)",1940.77713034639
"Uninformative_bk_Jardim (1999)","Uninformative_bk","M_Jardim(1981-1994)",1965.84935845567
"Uninformative_bk_Jardim (1999)","Uninformative_bk","M_Jardim(1981-1994)",1841.80352614849
"Uninformative_bk_Jardim (1999)","Uninformative_bk","M_Jardim(1981-1994)",1728.52659369869
"Uninformative_bk_Jardim (1999)","Uninformative_bk","M_Jardim(1981-1994)",2000.96670506907
"Uninformative_bk_Jardim (1999)","Uninformative_bk","M_Jardim(1981-1994)",1784.54413540368
"Uninformative_bk_Jardim (1999)","Uninformative_bk","M_Jardim(1981-1994)",1656.81380138966
"Uninformative_bk_Jardim (1999)","Uninformative_bk","M_Jardim(1981-1994)",1926.09147443305
"Uninformative_bk_Jardim (1999)","Uninformative_bk","M_Jardim(1981-1994)",1791.36054837565
"Uninformative_bk_Jardim (1999)","Uninformative_bk","M_Jardim(1981-1994)",1955.78323760602
"Uninformative_bk_Jardim (1999)","Uninformative_bk","M_Jardim(1981-1994)",1961.73733309011
"Uninformative_bk_Jardim (1999)","Uninformative_bk","M_Jardim(1981-1994)",2704.12150199262
"Uninformative_bk_Jardim (1999)","Uninformative_bk","M_Jardim(1981-1994)",1828.46043134133
"Uninformative_bk_Jardim (1999)","Uninformative_bk","M_Jardim(1981-1994)",1862.13727637275
"Uninformative_bk_Jardim (1999)","Uninformative_bk","M_Jardim(1981-1994)",1864.52231980618
"Uninformative_bk_Jardim (1999)","Uninformative_bk","M_Jardim(1981-1994)",1798.21869300924
"Uninformative_bk_Jardim (1999)","Uninformative_bk","M_Jardim(1981-1994)",1941.07839394047
"Uninformative_bk_Jardim (1999)","Uninformative_bk","M_Jardim(1981-1994)",1886.6615225223
"Uninformative_bk_Jardim (1999)","Uninformative_bk","M_Jardim(1981-1994)",1752.43330869589
"Uninformative_bk_Jardim (1999)","Uninformative_bk","M_Jardim(1981-1994)",1861.26741406634
"Uninformative_bk_Jardim (1999)","Uninformative_bk","M_Jardim(1981-1994)",2014.95534471187
"Uninformative_bk_Jardim (1999)","Uninformative_bk","M_Jardim(1981-1994)",1912.05465151182
"Uninformative_bk_Jardim (1999)","Uninformative_bk","M_Jardim(1981-1994)",3433.4620096
"Uninformative_bk_Jardim (1999)","Uninformative_bk","M_Jardim(1981-1994)",1872.37308657897
"Uninformative_bk_Jardim (1999)","Uninformative_bk","M_Jardim(1981-1994)",1878.43525088002
"Uninformative_bk_Jardim (1999)","Uninformative_bk","M_Jardim(1981-1994)",4394.56640107101
"Uninformative_bk_Jardim (1999)","Uninformative_bk","M_Jardim(1981-1994)",1808.92220417591
"Uninformative_bk_Jardim (1999)","Uninformative_bk","M_Jardim(1981-1994)",1950.53872034555
"Uninformative_bk_Jardim (1999)","Uninformative_bk","M_Jardim(1981-1994)",1911.60014367207
"Uninformative_bk_Jardim (1999)","Uninformative_bk","M_Jardim(1981-1994)",1956.23381982891
"Uninformative_bk_Jardim (1999)","Uninformative_bk","M_Jardim(1981-1994)",2012.03374276007
"Uninformative_bk_Jardim (1999)","Uninformative_bk","M_Jardim(1981-1994)",2903.8401743752
"Uninformative_bk_Jardim (1999)","Uninformative_bk","M_Jardim(1981-1994)",1911.10874958169
"Uninformative_bk_Jardim (1999)","Uninformative_bk","M_Jardim(1981-1994)",1739.90242000586
"Uninformative_bk_Jardim (1999)","Uninformative_bk","M_Jardim(1981-1994)",1847.06697920311
"Uninformative_bk_Jardim (1999)","Uninformative_bk","M_Jardim(1981-1994)",1962.47056782929
"Uninformative_bk_Jardim (1999)","Uninformative_bk","M_Jardim(1981-1994)",1891.09149277429
"Uninformative_bk_Jardim (1999)","Uninformative_bk","M_Jardim(1981-1994)",2033.42296764148
"Uninformative_bk_Jardim (1999)","Uninformative_bk","M_Jardim(1981-1994)",1991.76195999939
"Uninformative_bk_Jardim (1999)","Uninformative_bk","M_Jardim(1981-1994)",1972.81433665393
"Uninformative_bk_Jardim (1999)","Uninformative_bk","M_Jardim(1981-1994)",1994.51187380169
"Uninformative_bk_Jardim (1999)","Uninformative_bk","M_Jardim(1981-1994)",1972.47364369104
"Uninformative_bk_Jardim (1999)","Uninformative_bk","M_Jardim(1981-1994)",1933.89826577397
"Uninformative_bk_Jardim (1999)","Uninformative_bk","M_Jardim(1981-1994)",1907.36992390314
"Uninformative_bk_Jardim (1999)","Uninformative_bk","M_Jardim(1981-1994)",1935.03615074631
"Uninformative_bk_Jardim (1999)","Uninformative_bk","M_Jardim(1981-1994)",1670.33102928874
"Uninformative_bk_Jardim (1999)","Uninformative_bk","M_Jardim(1981-1994)",1837.30523731904
"Uninformative_bk_Jardim (1999)","Uninformative_bk","M_Jardim(1981-1994)",1946.38982328787
"Uninformative_bk_Jardim (1999)","Uninformative_bk","M_Jardim(1981-1994)",3248.78787310005
"Uninformative_bk_Jardim (1999)","Uninformative_bk","M_Jardim(1981-1994)",1795.75679249349
"Uninformative_bk_Jardim (1999)","Uninformative_bk","M_Jardim(1981-1994)",1923.58342980825
"Uninformative_bk_Jardim (1999)","Uninformative_bk","M_Jardim(1981-1994)",3635.49293312631
"Uninformative_bk_Jardim (1999)","Uninformative_bk","M_Jardim(1981-1994)",6068.5385449286
"Uninformative_bk_Jardim (1999)","Uninformative_bk","M_Jardim(1981-1994)",2671.0253615229
"Uninformative_bk_Jardim (1999)","Uninformative_bk","M_Jardim(1981-1994)",1864.91057190312
"Uninformative_bk_Jardim (1999)","Uninformative_bk","M_Jardim(1981-1994)",2006.22286693056
"Uninformative_bk_Jardim (1999)","Uninformative_bk","M_Jardim(1981-1994)",2126.46945798813
"Uninformative_bk_Jardim (1999)","Uninformative_bk","M_Jardim(1981-1994)",3389.35174917237
"Uninformative_bk_Jardim (1999)","Uninformative_bk","M_Jardim(1981-1994)",1977.08799075438
"Uninformative_bk_Jardim (1999)","Uninformative_bk","M_Jardim(1981-1994)",2797.42733305956
"Uninformative_bk_Jardim (1999)","Uninformative_bk","M_Jardim(1981-1994)",1996.97042134857
"Uninformative_bk_Jardim (1999)","Uninformative_bk","M_Jardim(1981-1994)",1901.57087292851
"Uninformative_bk_Jardim (1999)","Uninformative_bk","M_Jardim(1981-1994)",1834.49316229257
"Uninformative_bk_Jardim (1999)","Uninformative_bk","M_Jardim(1981-1994)",1973.57446442687
"Uninformative_bk_Jardim (1999)","Uninformative_bk","M_Jardim(1981-1994)",2095.40004591935
"Uninformative_bk_Jardim (1999)","Uninformative_bk","M_Jardim(1981-1994)",1770.567100533
"Uninformative_bk_Jardim (1999)","Uninformative_bk","M_Jardim(1981-1994)",2205.28856456783
"Uninformative_bk_Jardim (1999)","Uninformative_bk","M_Jardim(1981-1994)",1855.29253762537
"Uninformative_bk_Jardim (1999)","Uninformative_bk","M_Jardim(1981-1994)",1939.08236248929
"Uninformative_bk_Jardim (1999)","Uninformative_bk","M_Jardim(1981-1994)",2008.39575189306
"Uninformative_bk_Jardim (1999)","Uninformative_bk","M_Jardim(1981-1994)",1908.18455037971
"Uninformative_bk_Jardim (1999)","Uninformative_bk","M_Jardim(1981-1994)",1725.09549317872
"Uninformative_bk_Jardim (1999)","Uninformative_bk","M_Jardim(1981-1994)",1885.42721207689
"Uninformative_bk_Jardim (1999)","Uninformative_bk","M_Jardim(1981-1994)",2387.02298103374
"Uninformative_bk_Jardim (1999)","Uninformative_bk","M_Jardim(1981-1994)",2676.11864079183
"Uninformative_bk_Jardim (1999)","Uninformative_bk","M_Jardim(1981-1994)",1946.50094049119
"Uninformative_bk_Jardim (1999)","Uninformative_bk","M_Jardim(1981-1994)",1899.99791384531
"Uninformative_bk_Jardim (1999)","Uninformative_bk","M_Jardim(1981-1994)",2025.00295404947
"Uninformative_bk_Jardim (1999)","Uninformative_bk","M_Jardim(1981-1994)",1964.23661047606
"Uninformative_bk_Jardim (1999)","Uninformative_bk","M_Jardim(1981-1994)",1895.55515278194
"Uninformative_bk_Jardim (1999)","Uninformative_bk","M_Jardim(1981-1994)",2928.26474018883
"Uninformative_bk_Jardim (1999)","Uninformative_bk","M_Jardim(1981-1994)",1956.2173997927
"Uninformative_bk_Jardim (1999)","Uninformative_bk","M_Jardim(1981-1994)",2103.78775340929
"Uninformative_bk_Jardim (1999)","Uninformative_bk","M_Jardim(1981-1994)",1882.2471233569
"Uninformative_bk_Jardim (1999)","Uninformative_bk","M_Jardim(1981-1994)",2065.86854823273
"Uninformative_bk_Jardim (1999)","Uninformative_bk","M_Jardim(1981-1994)",3014.60915856597
"Uninformative_bk_Jardim (1999)","Uninformative_bk","M_Jardim(1981-1994)",1910.36162456677
"Uninformative_bk_Jardim (1999)","Uninformative_bk","M_Jardim(1981-1994)",1896.0030317474
"Uninformative_bk_Jardim (1999)","Uninformative_bk","M_Jardim(1981-1994)",1837.18141344082
"Uninformative_bk_Jardim (1999)","Uninformative_bk","M_Jardim(1981-1994)",4726.99767908701
"Uninformative_bk_Jardim (1999)","Uninformative_bk","M_Jardim(1981-1994)",1923.41048659821
"Uninformative_bk_Jardim (1999)","Uninformative_bk","M_Jardim(1981-1994)",1921.95075761941
"Uninformative_bk_Jardim (1999)","Uninformative_bk","M_Jardim(1981-1994)",2534.72195893109
"Uninformative_bk_Jardim (1999)","Uninformative_bk","M_Jardim(1981-1994)",5258.00714667794
"Uninformative_bk_Jardim (1999)","Uninformative_bk","M_Jardim(1981-1994)",1832.38679803579
"Uninformative_bk_Jardim (1999)","Uninformative_bk","M_Jardim(1981-1994)",1894.27460215722
"Uninformative_bk_Jardim (1999)","Uninformative_bk","M_Jardim(1981-1994)",1919.70801384838
"Uninformative_bk_Jardim (1999)","Uninformative_bk","M_Jardim(1981-1994)",1947.72902857249
"Uninformative_bk_Jardim (1999)","Uninformative_bk","M_Jardim(1981-1994)",5553.66048405421
"Uninformative_bk_Jardim (1999)","Uninformative_bk","M_Jardim(1981-1994)",2181.77027334137
"Uninformative_bk_Jardim (1999)","Uninformative_bk","M_Jardim(1981-1994)",1898.08914985952
"Uninformative_bk_Jardim (1999)","Uninformative_bk","M_Jardim(1981-1994)",2105.74803520505
"Uninformative_bk_Jardim (1999)","Uninformative_bk","M_Jardim(1981-1994)",1901.96403189268
"Uninformative_bk_Jardim (1999)","Uninformative_bk","M_Jardim(1981-1994)",1973.10671862558
"Uninformative_bk_Jardim (1999)","Uninformative_bk","M_Jardim(1981-1994)",1993.57074089711
"Uninformative_bk_Jardim (1999)","Uninformative_bk","M_Jardim(1981-1994)",1990.09838007324
"Uninformative_bk_Jardim (1999)","Uninformative_bk","M_Jardim(1981-1994)",1996.88505317612
"Uninformative_bk_Jardim (1999)","Uninformative_bk","M_Jardim(1981-1994)",1841.3127191614
"Uninformative_bk_Jardim (1999)","Uninformative_bk","M_Jardim(1981-1994)",1985.29980966759
"Uninformative_bk_Jardim (1999)","Uninformative_bk","M_Jardim(1981-1994)",1827.09839477145
"Uninformative_bk_Jardim (1999)","Uninformative_bk","M_Jardim(1981-1994)",2159.65735826229
"Uninformative_bk_Jardim (1999)","Uninformative_bk","M_Jardim(1981-1994)",1975.61000709636
"Uninformative_bk_Jardim (1999)","Uninformative_bk","M_Jardim(1981-1994)",2167.29262637753
"Uninformative_bk_Jardim (1999)","Uninformative_bk","M_Jardim(1981-1994)",1974.76698621007
"Uninformative_bk_Jardim (1999)","Uninformative_bk","M_Jardim(1981-1994)",1928.16318493147
"Uninformative_bk_Jardim (1999)","Uninformative_bk","M_Jardim(1981-1994)",1987.85833461931
"Uninformative_bk_Jardim (1999)","Uninformative_bk","M_Jardim(1981-1994)",1644.76350426036
"Uninformative_bk_Jardim (1999)","Uninformative_bk","M_Jardim(1981-1994)",2001.39731516091
"Uninformative_bk_Jardim (1999)","Uninformative_bk","M_Jardim(1981-1994)",1811.33760341131
"Uninformative_bk_Jardim (1999)","Uninformative_bk","M_Jardim(1981-1994)",1972.98111105138
"Uninformative_bk_Jardim (1999)","Uninformative_bk","M_Jardim(1981-1994)",1749.58460575846
"Uninformative_bk_Jardim (1999)","Uninformative_bk","M_Jardim(1981-1994)",1963.82137344171
"Uninformative_bk_Jardim (1999)","Uninformative_bk","M_Jardim(1981-1994)",1823.81501873518
"Uninformative_bk_Jardim (1999)","Uninformative_bk","M_Jardim(1981-1994)",1899.55825341002
"Uninformative_bk_Jardim (1999)","Uninformative_bk","M_Jardim(1981-1994)",1893.96741109284
"Uninformative_bk_Jardim (1999)","Uninformative_bk","M_Jardim(1981-1994)",1930.17082904569
"Uninformative_bk_Jardim (1999)","Uninformative_bk","M_Jardim(1981-1994)",4062.48476692114
"Uninformative_bk_Jardim (1999)","Uninformative_bk","M_Jardim(1981-1994)",1933.22270265868
"Uninformative_bk_Jardim (1999)","Uninformative_bk","M_Jardim(1981-1994)",2069.55540008255
"Uninformative_bk_Jardim (1999)","Uninformative_bk","M_Jardim(1981-1994)",1838.47514471758
"Uninformative_bk_Jardim (1999)","Uninformative_bk","M_Jardim(1981-1994)",1939.96332875984
"Uninformative_bk_Jardim (1999)","Uninformative_bk","M_Jardim(1981-1994)",2578.13958325443
"Uninformative_bk_Jardim (1999)","Uninformative_bk","M_Jardim(1981-1994)",2923.61659588545
"Uninformative_bk_Jardim (1999)","Uninformative_bk","M_Jardim(1981-1994)",2174.27010248323
"Uninformative_bk_Jardim (1999)","Uninformative_bk","M_Jardim(1981-1994)",1908.94199406852
"Uninformative_bk_Jardim (1999)","Uninformative_bk","M_Jardim(1981-1994)",2101.47700272204
"Uninformative_bk_Jardim (1999)","Uninformative_bk","M_Jardim(1981-1994)",1937.71561862794
"Uninformative_bk_Jardim (1999)","Uninformative_bk","M_Jardim(1981-1994)",1789.45454493351
"Uninformative_bk_Jardim (1999)","Uninformative_bk","M_Jardim(1981-1994)",1731.6499787358
"Uninformative_bk_Jardim (1999)","Uninformative_bk","M_Jardim(1981-1994)",1910.51911821273
"Uninformative_bk_Jardim (1999)","Uninformative_bk","M_Jardim(1981-1994)",1925.50841113429
"Uninformative_bk_Jardim (1999)","Uninformative_bk","M_Jardim(1981-1994)",3383.9965212946
"Uninformative_bk_Jardim (1999)","Uninformative_bk","M_Jardim(1981-1994)",1890.86788365409
"Uninformative_bk_Jardim (1999)","Uninformative_bk","M_Jardim(1981-1994)",2125.24260828717
"Uninformative_bk_Jardim (1999)","Uninformative_bk","M_Jardim(1981-1994)",2451.40382209095
"Uninformative_bk_Jardim (1999)","Uninformative_bk","M_Jardim(1981-1994)",1922.59865409755
"Uninformative_bk_Jardim (1999)","Uninformative_bk","M_Jardim(1981-1994)",1699.17266655231
"Uninformative_bk_Jardim (1999)","Uninformative_bk","M_Jardim(1981-1994)",1970.55139017574
"Uninformative_bk_Jardim (1999)","Uninformative_bk","M_Jardim(1981-1994)",1990.15374821539
"Uninformative_bk_Jardim (1999)","Uninformative_bk","M_Jardim(1981-1994)",1934.4213422744
"Uninformative_bk_Jardim (1999)","Uninformative_bk","M_Jardim(1981-1994)",1998.95634869705
"Uninformative_bk_Jardim (1999)","Uninformative_bk","M_Jardim(1981-1994)",1817.0629682483
"Uninformative_bk_Jardim (1999)","Uninformative_bk","M_Jardim(1981-1994)",1902.41091165978
"Uninformative_bk_Jardim (1999)","Uninformative_bk","M_Jardim(1981-1994)",1899.71389716989
"Uninformative_bk_Jardim (1999)","Uninformative_bk","M_Jardim(1981-1994)",2258.72340132013
"Uninformative_bk_Jardim (1999)","Uninformative_bk","M_Jardim(1981-1994)",1878.12747183542
"Uninformative_bk_Jardim (1999)","Uninformative_bk","M_Jardim(1981-1994)",1838.8433556426
"Uninformative_bk_Jardim (1999)","Uninformative_bk","M_Jardim(1981-1994)",1915.20678262274
"Uninformative_bk_Jardim (1999)","Uninformative_bk","M_Jardim(1981-1994)",1938.67690650478
"Uninformative_bk_Jardim (1999)","Uninformative_bk","M_Jardim(1981-1994)",2012.35802326203
"Uninformative_bk_Jardim (1999)","Uninformative_bk","M_Jardim(1981-1994)",2791.10440058528
"Uninformative_bk_Jardim (1999)","Uninformative_bk","M_Jardim(1981-1994)",6083.56931833189
"Uninformative_bk_Jardim (1999)","Uninformative_bk","M_Jardim(1981-1994)",1899.43630101795
"Uninformative_bk_Jardim (1999)","Uninformative_bk","M_Jardim(1981-1994)",1935.34137980904
"Uninformative_bk_Jardim (1999)","Uninformative_bk","M_Jardim(1981-1994)",1908.37359438664
"Uninformative_bk_Jardim (1999)","Uninformative_bk","M_Jardim(1981-1994)",1928.92867163629
"Uninformative_bk_Jardim (1999)","Uninformative_bk","M_Jardim(1981-1994)",1802.82216674175
"Uninformative_bk_Jardim (1999)","Uninformative_bk","M_Jardim(1981-1994)",2849.37235954097
"Uninformative_bk_Jardim (1999)","Uninformative_bk","M_Jardim(1981-1994)",1919.79726765678
"Uninformative_bk_Jardim (1999)","Uninformative_bk","M_Jardim(1981-1994)",1981.4220557715
"Uninformative_bk_Jardim (1999)","Uninformative_bk","M_Jardim(1981-1994)",1808.16117667833
"Uninformative_bk_Jardim (1999)","Uninformative_bk","M_Jardim(1981-1994)",1827.48386128176
"Uninformative_bk_Jardim (1999)","Uninformative_bk","M_Jardim(1981-1994)",1907.23432757159
"Uninformative_bk_Jardim (1999)","Uninformative_bk","M_Jardim(1981-1994)",2315.74925650621
"Uninformative_bk_Jardim (1999)","Uninformative_bk","M_Jardim(1981-1994)",1997.96787330282
"Uninformative_bk_Jardim (1999)","Uninformative_bk","M_Jardim(1981-1994)",1990.44469913711
"Uninformative_bk_Jardim (1999)","Uninformative_bk","M_Jardim(1981-1994)",1665.47632411523
"Uninformative_bk_Jardim (1999)","Uninformative_bk","M_Jardim(1981-1994)",1926.99010965489
"Uninformative_bk_Jardim (1999)","Uninformative_bk","M_Jardim(1981-1994)",1966.69059898881
"Uninformative_bk_Jardim (1999)","Uninformative_bk","M_Jardim(1981-1994)",1945.73771452701
"Uninformative_bk_Jardim (1999)","Uninformative_bk","M_Jardim(1981-1994)",2366.16033595745
"Uninformative_bk_Jardim (1999)","Uninformative_bk","M_Jardim(1981-1994)",1948.39264747528
"Uninformative_bk_Jardim (1999)","Uninformative_bk","M_Jardim(1981-1994)",1895.53092027162
"Uninformative_bk_Jardim (1999)","Uninformative_bk","M_Jardim(1981-1994)",1880.11368248044
"Uninformative_bk_Jardim (1999)","Uninformative_bk","M_Jardim(1981-1994)",1919.47495030614
"Uninformative_bk_Jardim (1999)","Uninformative_bk","M_Jardim(1981-1994)",1569.59573527425
"Uninformative_bk_Jardim (1999)","Uninformative_bk","M_Jardim(1981-1994)",1788.98672369564
"Uninformative_bk_Jardim (1999)","Uninformative_bk","M_Jardim(1981-1994)",1781.85442063516
"Uninformative_bk_Jardim (1999)","Uninformative_bk","M_Jardim(1981-1994)",1888.7892443958
"Uninformative_bk_Jardim (1999)","Uninformative_bk","M_Jardim(1981-1994)",2065.42618915643
"Uninformative_bk_Jardim (1999)","Uninformative_bk","M_Jardim(1981-1994)",2081.5785574055
"Uninformative_bk_Jardim (1999)","Uninformative_bk","M_Jardim(1981-1994)",1810.87966255457
"Uninformative_bk_Jardim (1999)","Uninformative_bk","M_Jardim(1981-1994)",2019.29600870126
"Uninformative_bk_Jardim (1999)","Uninformative_bk","M_Jardim(1981-1994)",2500.19244847269
"Uninformative_bk_Jardim (1999)","Uninformative_bk","M_Jardim(1981-1994)",1937.60246582174
"Uninformative_bk_Jardim (1999)","Uninformative_bk","M_Jardim(1981-1994)",1955.33870026364
"Uninformative_bk_Jardim (1999)","Uninformative_bk","M_Jardim(1981-1994)",2024.14071335068
"Uninformative_bk_Jardim (1999)","Uninformative_bk","M_Jardim(1981-1994)",2025.36356181594
"Uninformative_bk_Jardim (1999)","Uninformative_bk","M_Jardim(1981-1994)",1986.8398977712
"Uninformative_bk_Jardim (1999)","Uninformative_bk","M_Jardim(1981-1994)",1883.32116276301
"Uninformative_bk_Jardim (1999)","Uninformative_bk","M_Jardim(1981-1994)",1789.99217478882
"Uninformative_bk_Jardim (1999)","Uninformative_bk","M_Jardim(1981-1994)",2810.89415889602
"Uninformative_bk_Jardim (1999)","Uninformative_bk","M_Jardim(1981-1994)",2097.81383112345
"Uninformative_bk_Jardim (1999)","Uninformative_bk","M_Jardim(1981-1994)",1957.5164169688
"Uninformative_bk_Jardim (1999)","Uninformative_bk","M_Jardim(1981-1994)",1666.42314603098
"Uninformative_bk_Santos (2018)","Uninformative_bk","M_Santos(2005-2018)",2072.11127053581
"Uninformative_bk_Santos (2018)","Uninformative_bk","M_Santos(2005-2018)",1847.02966167284
"Uninformative_bk_Santos (2018)","Uninformative_bk","M_Santos(2005-2018)",1950.26099273498
"Uninformative_bk_Santos (2018)","Uninformative_bk","M_Santos(2005-2018)",1730.5941207326
"Uninformative_bk_Santos (2018)","Uninformative_bk","M_Santos(2005-2018)",1915.21561554502
"Uninformative_bk_Santos (2018)","Uninformative_bk","M_Santos(2005-2018)",1911.30429125012
"Uninformative_bk_Santos (2018)","Uninformative_bk","M_Santos(2005-2018)",1883.90881181894
"Uninformative_bk_Santos (2018)","Uninformative_bk","M_Santos(2005-2018)",1846.77023409717
"Uninformative_bk_Santos (2018)","Uninformative_bk","M_Santos(2005-2018)",1922.18827631671
"Uninformative_bk_Santos (2018)","Uninformative_bk","M_Santos(2005-2018)",1614.86720223996
"Uninformative_bk_Santos (2018)","Uninformative_bk","M_Santos(2005-2018)",1954.74143684298
"Uninformative_bk_Santos (2018)","Uninformative_bk","M_Santos(2005-2018)",1836.18574748092
"Uninformative_bk_Santos (2018)","Uninformative_bk","M_Santos(2005-2018)",1778.61687476864
"Uninformative_bk_Santos (2018)","Uninformative_bk","M_Santos(2005-2018)",3338.0498709726
"Uninformative_bk_Santos (2018)","Uninformative_bk","M_Santos(2005-2018)",1898.85774356262
"Uninformative_bk_Santos (2018)","Uninformative_bk","M_Santos(2005-2018)",2000.29795225568
"Uninformative_bk_Santos (2018)","Uninformative_bk","M_Santos(2005-2018)",1938.80754328419
"Uninformative_bk_Santos (2018)","Uninformative_bk","M_Santos(2005-2018)",2194.06415874584
"Uninformative_bk_Santos (2018)","Uninformative_bk","M_Santos(2005-2018)",5389.32639880972
"Uninformative_bk_Santos (2018)","Uninformative_bk","M_Santos(2005-2018)",2132.92317774577
"Uninformative_bk_Santos (2018)","Uninformative_bk","M_Santos(2005-2018)",2014.77300520072
"Uninformative_bk_Santos (2018)","Uninformative_bk","M_Santos(2005-2018)",1913.14956249622
"Uninformative_bk_Santos (2018)","Uninformative_bk","M_Santos(2005-2018)",1954.62260058486
"Uninformative_bk_Santos (2018)","Uninformative_bk","M_Santos(2005-2018)",2179.61337013444
"Uninformative_bk_Santos (2018)","Uninformative_bk","M_Santos(2005-2018)",1972.37630636531
"Uninformative_bk_Santos (2018)","Uninformative_bk","M_Santos(2005-2018)",1982.31573066763
"Uninformative_bk_Santos (2018)","Uninformative_bk","M_Santos(2005-2018)",2253.21773040499
"Uninformative_bk_Santos (2018)","Uninformative_bk","M_Santos(2005-2018)",2010.08594612666
"Uninformative_bk_Santos (2018)","Uninformative_bk","M_Santos(2005-2018)",1965.4023530506
"Uninformative_bk_Santos (2018)","Uninformative_bk","M_Santos(2005-2018)",1921.16276960279
"Uninformative_bk_Santos (2018)","Uninformative_bk","M_Santos(2005-2018)",1815.31790883165
"Uninformative_bk_Santos (2018)","Uninformative_bk","M_Santos(2005-2018)",1883.44725508935
"Uninformative_bk_Santos (2018)","Uninformative_bk","M_Santos(2005-2018)",2087.84107647017
"Uninformative_bk_Santos (2018)","Uninformative_bk","M_Santos(2005-2018)",2682.23365391616
"Uninformative_bk_Santos (2018)","Uninformative_bk","M_Santos(2005-2018)",1977.21283908242
"Uninformative_bk_Santos (2018)","Uninformative_bk","M_Santos(2005-2018)",1955.58725688321
"Uninformative_bk_Santos (2018)","Uninformative_bk","M_Santos(2005-2018)",1971.50661805955
"Uninformative_bk_Santos (2018)","Uninformative_bk","M_Santos(2005-2018)",1968.31082036291
"Uninformative_bk_Santos (2018)","Uninformative_bk","M_Santos(2005-2018)",1780.09710732058
"Uninformative_bk_Santos (2018)","Uninformative_bk","M_Santos(2005-2018)",1955.51392975685
"Uninformative_bk_Santos (2018)","Uninformative_bk","M_Santos(2005-2018)",2286.09079931934
"Uninformative_bk_Santos (2018)","Uninformative_bk","M_Santos(2005-2018)",2075.70938133879
"Uninformative_bk_Santos (2018)","Uninformative_bk","M_Santos(2005-2018)",1743.09049565367
"Uninformative_bk_Santos (2018)","Uninformative_bk","M_Santos(2005-2018)",2464.99245401075
"Uninformative_bk_Santos (2018)","Uninformative_bk","M_Santos(2005-2018)",3690.6706614116
"Uninformative_bk_Santos (2018)","Uninformative_bk","M_Santos(2005-2018)",1780.08311919188
"Uninformative_bk_Santos (2018)","Uninformative_bk","M_Santos(2005-2018)",3780.35819164885
"Uninformative_bk_Santos (2018)","Uninformative_bk","M_Santos(2005-2018)",3459.15327894255
"Uninformative_bk_Santos (2018)","Uninformative_bk","M_Santos(2005-2018)",1927.48443706382
"Uninformative_bk_Santos (2018)","Uninformative_bk","M_Santos(2005-2018)",1910.22074835145
"Uninformative_bk_Santos (2018)","Uninformative_bk","M_Santos(2005-2018)",2043.48993500149
"Uninformative_bk_Santos (2018)","Uninformative_bk","M_Santos(2005-2018)",5170.81104378141
"Uninformative_bk_Santos (2018)","Uninformative_bk","M_Santos(2005-2018)",3082.60933475045
"Uninformative_bk_Santos (2018)","Uninformative_bk","M_Santos(2005-2018)",2015.29743614587
"Uninformative_bk_Santos (2018)","Uninformative_bk","M_Santos(2005-2018)",1871.72533299861
"Uninformative_bk_Santos (2018)","Uninformative_bk","M_Santos(2005-2018)",1756.05701519704
"Uninformative_bk_Santos (2018)","Uninformative_bk","M_Santos(2005-2018)",1848.18415647708
"Uninformative_bk_Santos (2018)","Uninformative_bk","M_Santos(2005-2018)",2915.97716148403
"Uninformative_bk_Santos (2018)","Uninformative_bk","M_Santos(2005-2018)",1810.11412418028
"Uninformative_bk_Santos (2018)","Uninformative_bk","M_Santos(2005-2018)",1971.52932552337
"Uninformative_bk_Santos (2018)","Uninformative_bk","M_Santos(2005-2018)",1950.33721571391
"Uninformative_bk_Santos (2018)","Uninformative_bk","M_Santos(2005-2018)",2018.4053246323
"Uninformative_bk_Santos (2018)","Uninformative_bk","M_Santos(2005-2018)",2484.50688223827
"Uninformative_bk_Santos (2018)","Uninformative_bk","M_Santos(2005-2018)",1704.67827674223
"Uninformative_bk_Santos (2018)","Uninformative_bk","M_Santos(2005-2018)",1944.48642730006
"Uninformative_bk_Santos (2018)","Uninformative_bk","M_Santos(2005-2018)",1757.35674674063
"Uninformative_bk_Santos (2018)","Uninformative_bk","M_Santos(2005-2018)",1932.80762190868
"Uninformative_bk_Santos (2018)","Uninformative_bk","M_Santos(2005-2018)",1985.51294777426
"Uninformative_bk_Santos (2018)","Uninformative_bk","M_Santos(2005-2018)",2084.09602041513
"Uninformative_bk_Santos (2018)","Uninformative_bk","M_Santos(2005-2018)",2048.60757262146
"Uninformative_bk_Santos (2018)","Uninformative_bk","M_Santos(2005-2018)",1996.6357422199
"Uninformative_bk_Santos (2018)","Uninformative_bk","M_Santos(2005-2018)",1952.86618595172
"Uninformative_bk_Santos (2018)","Uninformative_bk","M_Santos(2005-2018)",1973.04672877584
"Uninformative_bk_Santos (2018)","Uninformative_bk","M_Santos(2005-2018)",1765.21978717195
"Uninformative_bk_Santos (2018)","Uninformative_bk","M_Santos(2005-2018)",3063.9669216955
"Uninformative_bk_Santos (2018)","Uninformative_bk","M_Santos(2005-2018)",1974.4929839813
"Uninformative_bk_Santos (2018)","Uninformative_bk","M_Santos(2005-2018)",1823.19250604404
"Uninformative_bk_Santos (2018)","Uninformative_bk","M_Santos(2005-2018)",1828.91323770498
"Uninformative_bk_Santos (2018)","Uninformative_bk","M_Santos(2005-2018)",1884.99803702802
"Uninformative_bk_Santos (2018)","Uninformative_bk","M_Santos(2005-2018)",1858.39225213141
"Uninformative_bk_Santos (2018)","Uninformative_bk","M_Santos(2005-2018)",2196.78323163254
"Uninformative_bk_Santos (2018)","Uninformative_bk","M_Santos(2005-2018)",2459.27424296351
"Uninformative_bk_Santos (2018)","Uninformative_bk","M_Santos(2005-2018)",1939.86052084589
"Uninformative_bk_Santos (2018)","Uninformative_bk","M_Santos(2005-2018)",1791.34423470223
"Uninformative_bk_Santos (2018)","Uninformative_bk","M_Santos(2005-2018)",1865.54861272544
"Uninformative_bk_Santos (2018)","Uninformative_bk","M_Santos(2005-2018)",1868.88811131189
"Uninformative_bk_Santos (2018)","Uninformative_bk","M_Santos(2005-2018)",1799.35535131731
"Uninformative_bk_Santos (2018)","Uninformative_bk","M_Santos(2005-2018)",2110.93722364332
"Uninformative_bk_Santos (2018)","Uninformative_bk","M_Santos(2005-2018)",1877.5421894532
"Uninformative_bk_Santos (2018)","Uninformative_bk","M_Santos(2005-2018)",1968.29094073462
"Uninformative_bk_Santos (2018)","Uninformative_bk","M_Santos(2005-2018)",1961.51687745782
"Uninformative_bk_Santos (2018)","Uninformative_bk","M_Santos(2005-2018)",1907.98891137903
"Uninformative_bk_Santos (2018)","Uninformative_bk","M_Santos(2005-2018)",1906.79086853717
"Uninformative_bk_Santos (2018)","Uninformative_bk","M_Santos(2005-2018)",3586.37934368108
"Uninformative_bk_Santos (2018)","Uninformative_bk","M_Santos(2005-2018)",2017.87612574228
"Uninformative_bk_Santos (2018)","Uninformative_bk","M_Santos(2005-2018)",1991.5834269717
"Uninformative_bk_Santos (2018)","Uninformative_bk","M_Santos(2005-2018)",1959.91603357467
"Uninformative_bk_Santos (2018)","Uninformative_bk","M_Santos(2005-2018)",2571.96198915967
"Uninformative_bk_Santos (2018)","Uninformative_bk","M_Santos(2005-2018)",1923.61279269182
"Uninformative_bk_Santos (2018)","Uninformative_bk","M_Santos(2005-2018)",2827.14650865268
"Uninformative_bk_Santos (2018)","Uninformative_bk","M_Santos(2005-2018)",2030.12533170189
"Uninformative_bk_Santos (2018)","Uninformative_bk","M_Santos(2005-2018)",2411.34814455034
"Uninformative_bk_Santos (2018)","Uninformative_bk","M_Santos(2005-2018)",1971.60122206427
"Uninformative_bk_Santos (2018)","Uninformative_bk","M_Santos(2005-2018)",1887.30584602876
"Uninformative_bk_Santos (2018)","Uninformative_bk","M_Santos(2005-2018)",1994.51101978388
"Uninformative_bk_Santos (2018)","Uninformative_bk","M_Santos(2005-2018)",1630.92543495223
"Uninformative_bk_Santos (2018)","Uninformative_bk","M_Santos(2005-2018)",1918.74050014729
"Uninformative_bk_Santos (2018)","Uninformative_bk","M_Santos(2005-2018)",1821.71825931498
"Uninformative_bk_Santos (2018)","Uninformative_bk","M_Santos(2005-2018)",1798.86490983898
"Uninformative_bk_Santos (2018)","Uninformative_bk","M_Santos(2005-2018)",1920.00925691533
"Uninformative_bk_Santos (2018)","Uninformative_bk","M_Santos(2005-2018)",4739.72100918331
"Uninformative_bk_Santos (2018)","Uninformative_bk","M_Santos(2005-2018)",1984.10902307436
"Uninformative_bk_Santos (2018)","Uninformative_bk","M_Santos(2005-2018)",1916.62847393502
"Uninformative_bk_Santos (2018)","Uninformative_bk","M_Santos(2005-2018)",2426.52804916958
"Uninformative_bk_Santos (2018)","Uninformative_bk","M_Santos(2005-2018)",1903.21533876664
"Uninformative_bk_Santos (2018)","Uninformative_bk","M_Santos(2005-2018)",1685.91241400071
"Uninformative_bk_Santos (2018)","Uninformative_bk","M_Santos(2005-2018)",2188.74328154763
"Uninformative_bk_Santos (2018)","Uninformative_bk","M_Santos(2005-2018)",2181.49227036995
"Uninformative_bk_Santos (2018)","Uninformative_bk","M_Santos(2005-2018)",1928.73434833498
"Uninformative_bk_Santos (2018)","Uninformative_bk","M_Santos(2005-2018)",1907.90661764542
"Uninformative_bk_Santos (2018)","Uninformative_bk","M_Santos(2005-2018)",1947.17738838871
"Uninformative_bk_Santos (2018)","Uninformative_bk","M_Santos(2005-2018)",2177.44296974199
"Uninformative_bk_Santos (2018)","Uninformative_bk","M_Santos(2005-2018)",1870.841083559
"Uninformative_bk_Santos (2018)","Uninformative_bk","M_Santos(2005-2018)",2447.74689719758
"Uninformative_bk_Santos (2018)","Uninformative_bk","M_Santos(2005-2018)",1943.57269788323
"Uninformative_bk_Santos (2018)","Uninformative_bk","M_Santos(2005-2018)",2710.79790165395
"Uninformative_bk_Santos (2018)","Uninformative_bk","M_Santos(2005-2018)",2476.27438916582
"Uninformative_bk_Santos (2018)","Uninformative_bk","M_Santos(2005-2018)",1854.57224103449
"Uninformative_bk_Santos (2018)","Uninformative_bk","M_Santos(2005-2018)",1917.48891549403
"Uninformative_bk_Santos (2018)","Uninformative_bk","M_Santos(2005-2018)",1950.52356290159
"Uninformative_bk_Santos (2018)","Uninformative_bk","M_Santos(2005-2018)",1808.04158980548
"Uninformative_bk_Santos (2018)","Uninformative_bk","M_Santos(2005-2018)",1923.35097047371
"Uninformative_bk_Santos (2018)","Uninformative_bk","M_Santos(2005-2018)",2387.617746056
"Uninformative_bk_Santos (2018)","Uninformative_bk","M_Santos(2005-2018)",1933.22967916221
"Uninformative_bk_Santos (2018)","Uninformative_bk","M_Santos(2005-2018)",1895.89060304157
"Uninformative_bk_Santos (2018)","Uninformative_bk","M_Santos(2005-2018)",2097.2592976973
"Uninformative_bk_Santos (2018)","Uninformative_bk","M_Santos(2005-2018)",2041.76848263574
"Uninformative_bk_Santos (2018)","Uninformative_bk","M_Santos(2005-2018)",1960.66958570813
"Uninformative_bk_Santos (2018)","Uninformative_bk","M_Santos(2005-2018)",1663.53566235133
"Uninformative_bk_Santos (2018)","Uninformative_bk","M_Santos(2005-2018)",1819.99586640651
"Uninformative_bk_Santos (2018)","Uninformative_bk","M_Santos(2005-2018)",1912.45576435046
"Uninformative_bk_Santos (2018)","Uninformative_bk","M_Santos(2005-2018)",2472.03990937305
"Uninformative_bk_Santos (2018)","Uninformative_bk","M_Santos(2005-2018)",2064.4608006303
"Uninformative_bk_Santos (2018)","Uninformative_bk","M_Santos(2005-2018)",1654.85214563258
"Uninformative_bk_Santos (2018)","Uninformative_bk","M_Santos(2005-2018)",1777.77954650173
"Uninformative_bk_Santos (2018)","Uninformative_bk","M_Santos(2005-2018)",1902.29732199609
"Uninformative_bk_Santos (2018)","Uninformative_bk","M_Santos(2005-2018)",1759.75380628573
"Uninformative_bk_Santos (2018)","Uninformative_bk","M_Santos(2005-2018)",2003.92664599223
"Uninformative_bk_Santos (2018)","Uninformative_bk","M_Santos(2005-2018)",1767.38866676112
"Uninformative_bk_Santos (2018)","Uninformative_bk","M_Santos(2005-2018)",3286.91789440822
"Uninformative_bk_Santos (2018)","Uninformative_bk","M_Santos(2005-2018)",1885.12238072667
"Uninformative_bk_Santos (2018)","Uninformative_bk","M_Santos(2005-2018)",4034.40918848487
"Uninformative_bk_Santos (2018)","Uninformative_bk","M_Santos(2005-2018)",2806.01931372666
"Uninformative_bk_Santos (2018)","Uninformative_bk","M_Santos(2005-2018)",2633.35942496534
"Uninformative_bk_Santos (2018)","Uninformative_bk","M_Santos(2005-2018)",1884.08565058132
"Uninformative_bk_Santos (2018)","Uninformative_bk","M_Santos(2005-2018)",1718.8693820169
"Uninformative_bk_Santos (2018)","Uninformative_bk","M_Santos(2005-2018)",2166.60151139905
"Uninformative_bk_Santos (2018)","Uninformative_bk","M_Santos(2005-2018)",1995.09484180032
"Uninformative_bk_Santos (2018)","Uninformative_bk","M_Santos(2005-2018)",2015.36537506195
"Uninformative_bk_Santos (2018)","Uninformative_bk","M_Santos(2005-2018)",1915.88507508374
"Uninformative_bk_Santos (2018)","Uninformative_bk","M_Santos(2005-2018)",1844.38968834035
"Uninformative_bk_Santos (2018)","Uninformative_bk","M_Santos(2005-2018)",1860.34813291757
"Uninformative_bk_Santos (2018)","Uninformative_bk","M_Santos(2005-2018)",1851.51671638643
"Uninformative_bk_Santos (2018)","Uninformative_bk","M_Santos(2005-2018)",2051.56511588784
"Uninformative_bk_Santos (2018)","Uninformative_bk","M_Santos(2005-2018)",1903.18486113838
"Uninformative_bk_Santos (2018)","Uninformative_bk","M_Santos(2005-2018)",1988.84209694548
"Uninformative_bk_Santos (2018)","Uninformative_bk","M_Santos(2005-2018)",1973.9174593731
"Uninformative_bk_Santos (2018)","Uninformative_bk","M_Santos(2005-2018)",1910.66666734898
"Uninformative_bk_Santos (2018)","Uninformative_bk","M_Santos(2005-2018)",1900.89023087792
"Uninformative_bk_Santos (2018)","Uninformative_bk","M_Santos(2005-2018)",1936.44430568759
"Uninformative_bk_Santos (2018)","Uninformative_bk","M_Santos(2005-2018)",1877.54262740046
"Uninformative_bk_Santos (2018)","Uninformative_bk","M_Santos(2005-2018)",2692.08109697157
"Uninformative_bk_Santos (2018)","Uninformative_bk","M_Santos(2005-2018)",1715.75276497638
"Uninformative_bk_Santos (2018)","Uninformative_bk","M_Santos(2005-2018)",2015.90120268694
"Uninformative_bk_Santos (2018)","Uninformative_bk","M_Santos(2005-2018)",1902.1511859913
"Uninformative_bk_Santos (2018)","Uninformative_bk","M_Santos(2005-2018)",2067.65003644699
"Uninformative_bk_Santos (2018)","Uninformative_bk","M_Santos(2005-2018)",2200.57484023042
"Uninformative_bk_Santos (2018)","Uninformative_bk","M_Santos(2005-2018)",1891.25830788082
"Uninformative_bk_Santos (2018)","Uninformative_bk","M_Santos(2005-2018)",2135.39384550299
"Uninformative_bk_Santos (2018)","Uninformative_bk","M_Santos(2005-2018)",1978.22381425706
"Uninformative_bk_Santos (2018)","Uninformative_bk","M_Santos(2005-2018)",1916.77110213381
"Uninformative_bk_Santos (2018)","Uninformative_bk","M_Santos(2005-2018)",2000.36022394501
"Uninformative_bk_Santos (2018)","Uninformative_bk","M_Santos(2005-2018)",1968.52741083825
"Uninformative_bk_Santos (2018)","Uninformative_bk","M_Santos(2005-2018)",1960.29420850537
"Uninformative_bk_Santos (2018)","Uninformative_bk","M_Santos(2005-2018)",2411.18895456854
"Uninformative_bk_Santos (2018)","Uninformative_bk","M_Santos(2005-2018)",1961.93930254711
"Uninformative_bk_Santos (2018)","Uninformative_bk","M_Santos(2005-2018)",1903.50762493013
"Uninformative_bk_Santos (2018)","Uninformative_bk","M_Santos(2005-2018)",1802.8880738874
"Uninformative_bk_Santos (2018)","Uninformative_bk","M_Santos(2005-2018)",1929.24797435192
"Uninformative_bk_Santos (2018)","Uninformative_bk","M_Santos(2005-2018)",2159.01713529686
"Uninformative_bk_Santos (2018)","Uninformative_bk","M_Santos(2005-2018)",2238.71543644328
"Uninformative_bk_Santos (2018)","Uninformative_bk","M_Santos(2005-2018)",3163.25545360112
"Uninformative_bk_Santos (2018)","Uninformative_bk","M_Santos(2005-2018)",1877.28641274814
"Uninformative_bk_Santos (2018)","Uninformative_bk","M_Santos(2005-2018)",1978.44850660067
"Uninformative_bk_Santos (2018)","Uninformative_bk","M_Santos(2005-2018)",3463.02419826392
"Uninformative_bk_Santos (2018)","Uninformative_bk","M_Santos(2005-2018)",1893.71835377839
"Uninformative_bk_Santos (2018)","Uninformative_bk","M_Santos(2005-2018)",1707.64087077762
"Uninformative_bk_Santos (2018)","Uninformative_bk","M_Santos(2005-2018)",1885.86357513595
"Uninformative_bk_Santos (2018)","Uninformative_bk","M_Santos(2005-2018)",3084.88694578981
"Uninformative_bk_Santos (2018)","Uninformative_bk","M_Santos(2005-2018)",1976.41413213076
"Uninformative_bk_Santos (2018)","Uninformative_bk","M_Santos(2005-2018)",1932.1461268968
"Uninformative_bk_Santos (2018)","Uninformative_bk","M_Santos(2005-2018)",2066.94893949119
"Uninformative_bk_Santos (2018)","Uninformative_bk","M_Santos(2005-2018)",2171.46728135788
"Uninformative_bk_Santos (2018)","Uninformative_bk","M_Santos(2005-2018)",1916.71487086332
"Uninformative_bk_Santos (2018)","Uninformative_bk","M_Santos(2005-2018)",1820.37197511937
"Uninformative_bk_Santos (2018)","Uninformative_bk","M_Santos(2005-2018)",2693.45498124469
"Uninformative_bk_Santos (2018)","Uninformative_bk","M_Santos(2005-2018)",1889.42097645765
"Uninformative_bk_Santos (2018)","Uninformative_bk","M_Santos(2005-2018)",1714.57719810594
"Uninformative_bk_Santos (2018)","Uninformative_bk","M_Santos(2005-2018)",3554.22132953494
"Uninformative_bk_Santos (2018)","Uninformative_bk","M_Santos(2005-2018)",2170.50676754335
"Uninformative_bk_Santos (2018)","Uninformative_bk","M_Santos(2005-2018)",3112.25918552176
"Uninformative_bk_Santos (2018)","Uninformative_bk","M_Santos(2005-2018)",1827.05145651899
"Uninformative_bk_Santos (2018)","Uninformative_bk","M_Santos(2005-2018)",1838.38953738838
"Uninformative_bk_Santos (2018)","Uninformative_bk","M_Santos(2005-2018)",1680.35192764689
"Uninformative_bk_Santos (2018)","Uninformative_bk","M_Santos(2005-2018)",1854.07847895033
"Uninformative_bk_Santos (2018)","Uninformative_bk","M_Santos(2005-2018)",2522.14351137787
"Uninformative_bk_Santos (2018)","Uninformative_bk","M_Santos(2005-2018)",3611.74420224937
"Uninformative_bk_Santos (2018)","Uninformative_bk","M_Santos(2005-2018)",1951.55579029711
"Uninformative_bk_Santos (2018)","Uninformative_bk","M_Santos(2005-2018)",2631.39488659755
"Uninformative_bk_Santos (2018)","Uninformative_bk","M_Santos(2005-2018)",1847.90533914848
"Uninformative_bk_Santos (2018)","Uninformative_bk","M_Santos(2005-2018)",1873.90775062312
"Uninformative_bk_Santos (2018)","Uninformative_bk","M_Santos(2005-2018)",1885.60484043403
"Uninformative_bk_Santos (2018)","Uninformative_bk","M_Santos(2005-2018)",1921.30475140491
"Uninformative_bk_Santos (2018)","Uninformative_bk","M_Santos(2005-2018)",2092.23725716996
"Uninformative_bk_Santos (2018)","Uninformative_bk","M_Santos(2005-2018)",1998.6802104517
"Uninformative_bk_Santos (2018)","Uninformative_bk","M_Santos(2005-2018)",1995.0003490372
"Uninformative_bk_Santos (2018)","Uninformative_bk","M_Santos(2005-2018)",6704.67916071492
"Uninformative_bk_Santos (2018)","Uninformative_bk","M_Santos(2005-2018)",2113.99956787362
"Uninformative_bk_Santos (2018)","Uninformative_bk","M_Santos(2005-2018)",1947.96066723408
"Uninformative_bk_Santos (2018)","Uninformative_bk","M_Santos(2005-2018)",2074.84997052369
"Uninformative_bk_Santos (2018)","Uninformative_bk","M_Santos(2005-2018)",1916.90984415245
"Uninformative_bk_Santos (2018)","Uninformative_bk","M_Santos(2005-2018)",1917.85302175696
"Uninformative_bk_Santos (2018)","Uninformative_bk","M_Santos(2005-2018)",3045.2090032458
"Uninformative_bk_Santos (2018)","Uninformative_bk","M_Santos(2005-2018)",1744.78902327551
"Uninformative_bk_Santos (2018)","Uninformative_bk","M_Santos(2005-2018)",1915.9692927936
"Uninformative_bk_Santos (2018)","Uninformative_bk","M_Santos(2005-2018)",1691.355085325
"Uninformative_bk_Santos (2018)","Uninformative_bk","M_Santos(2005-2018)",2028.82343238321
"Uninformative_bk_Santos (2018)","Uninformative_bk","M_Santos(2005-2018)",1991.170345473
"Uninformative_bk_Santos (2018)","Uninformative_bk","M_Santos(2005-2018)",1823.46786809266
"Uninformative_bk_Santos (2018)","Uninformative_bk","M_Santos(2005-2018)",1728.71481032702
"Uninformative_bk_Santos (2018)","Uninformative_bk","M_Santos(2005-2018)",1880.35756572755
"Uninformative_bk_Santos (2018)","Uninformative_bk","M_Santos(2005-2018)",5384.68497559381
"Uninformative_bk_Santos (2018)","Uninformative_bk","M_Santos(2005-2018)",1826.68993493032
"Uninformative_bk_Santos (2018)","Uninformative_bk","M_Santos(2005-2018)",1979.32219231595
"Uninformative_bk_Santos (2018)","Uninformative_bk","M_Santos(2005-2018)",1863.64864163892
"Uninformative_bk_Santos (2018)","Uninformative_bk","M_Santos(2005-2018)",1936.390073408
"Uninformative_bk_Santos (2018)","Uninformative_bk","M_Santos(2005-2018)",2044.34523981987
"Uninformative_bk_Santos (2018)","Uninformative_bk","M_Santos(2005-2018)",1830.71538912905
"Uninformative_bk_Santos (2018)","Uninformative_bk","M_Santos(2005-2018)",1826.27779712668
"Uninformative_bk_Santos (2018)","Uninformative_bk","M_Santos(2005-2018)",2162.7763234081
"Uninformative_bk_Santos (2018)","Uninformative_bk","M_Santos(2005-2018)",2248.47363860085
"Uninformative_bk_Santos (2018)","Uninformative_bk","M_Santos(2005-2018)",1982.21424612968
"Uninformative_bk_Santos (2018)","Uninformative_bk","M_Santos(2005-2018)",4171.48577103614
"Uninformative_bk_Santos (2018)","Uninformative_bk","M_Santos(2005-2018)",1933.40489702051
"Uninformative_bk_Santos (2018)","Uninformative_bk","M_Santos(2005-2018)",2608.69429446473
"Uninformative_bk_Santos (2018)","Uninformative_bk","M_Santos(2005-2018)",1883.64719686015
"Uninformative_bk_Santos (2018)","Uninformative_bk","M_Santos(2005-2018)",1988.23692407669
"Uninformative_bk_Santos (2018)","Uninformative_bk","M_Santos(2005-2018)",1885.95948435059
"Uninformative_bk_Santos (2018)","Uninformative_bk","M_Santos(2005-2018)",1921.86292095741
"Uninformative_bk_Santos (2018)","Uninformative_bk","M_Santos(2005-2018)",1841.91895788562
"Uninformative_bk_Santos (2018)","Uninformative_bk","M_Santos(2005-2018)",2047.35876515232
"Uninformative_bk_Santos (2018)","Uninformative_bk","M_Santos(2005-2018)",2551.66111043174
"Uninformative_bk_Santos (2018)","Uninformative_bk","M_Santos(2005-2018)",2464.00315851004
"Uninformative_bk_Santos (2018)","Uninformative_bk","M_Santos(2005-2018)",1901.8980565265
"Uninformative_bk_Santos (2018)","Uninformative_bk","M_Santos(2005-2018)",1911.81973711551
"Uninformative_bk_Santos (2018)","Uninformative_bk","M_Santos(2005-2018)",1713.35656409396
"Uninformative_bk_Santos (2018)","Uninformative_bk","M_Santos(2005-2018)",1944.48750941489
"Uninformative_bk_Santos (2018)","Uninformative_bk","M_Santos(2005-2018)",1918.79334057634
"Uninformative_bk_Santos (2018)","Uninformative_bk","M_Santos(2005-2018)",1999.93318513193
"Uninformative_bk_Santos (2018)","Uninformative_bk","M_Santos(2005-2018)",2004.77223717909
"Uninformative_bk_Santos (2018)","Uninformative_bk","M_Santos(2005-2018)",1847.14216581486
"Uninformative_bk_Santos (2018)","Uninformative_bk","M_Santos(2005-2018)",1942.24120536262
"Uninformative_bk_Santos (2018)","Uninformative_bk","M_Santos(2005-2018)",1814.57932508409
"Uninformative_bk_Santos (2018)","Uninformative_bk","M_Santos(2005-2018)",1862.63554065192
"Uninformative_bk_Santos (2018)","Uninformative_bk","M_Santos(2005-2018)",1816.95288565586
"Uninformative_bk_Santos (2018)","Uninformative_bk","M_Santos(2005-2018)",2041.56625217361
"Uninformative_bk_Santos (2018)","Uninformative_bk","M_Santos(2005-2018)",1940.05762738182
"Uninformative_bk_Santos (2018)","Uninformative_bk","M_Santos(2005-2018)",1890.43760195819
"Uninformative_bk_Santos (2018)","Uninformative_bk","M_Santos(2005-2018)",1934.41780211019
"Uninformative_bk_Santos (2018)","Uninformative_bk","M_Santos(2005-2018)",2087.28380009973
"Uninformative_bk_Santos (2018)","Uninformative_bk","M_Santos(2005-2018)",3288.32002050687
"Uninformative_bk_Santos (2018)","Uninformative_bk","M_Santos(2005-2018)",1953.93450665335
"Uninformative_bk_Santos (2018)","Uninformative_bk","M_Santos(2005-2018)",2278.74899340481
"Uninformative_bk_Santos (2018)","Uninformative_bk","M_Santos(2005-2018)",1896.50749806058
"Uninformative_bk_Santos (2018)","Uninformative_bk","M_Santos(2005-2018)",1837.2810144079
"Uninformative_bk_Santos (2018)","Uninformative_bk","M_Santos(2005-2018)",2076.70009296271
"Uninformative_bk_Santos (2018)","Uninformative_bk","M_Santos(2005-2018)",1943.98206655785
"Uninformative_bk_Santos (2018)","Uninformative_bk","M_Santos(2005-2018)",1902.30540882694
"Uninformative_bk_Santos (2018)","Uninformative_bk","M_Santos(2005-2018)",2008.44522558568
"Uninformative_bk_Santos (2018)","Uninformative_bk","M_Santos(2005-2018)",1820.58415714651
"Uninformative_bk_Santos (2018)","Uninformative_bk","M_Santos(2005-2018)",1780.97909830155
"Uninformative_bk_Santos (2018)","Uninformative_bk","M_Santos(2005-2018)",1912.03013311247
"Uninformative_bk_Santos (2018)","Uninformative_bk","M_Santos(2005-2018)",2020.42843668486
"Uninformative_bk_Santos (2018)","Uninformative_bk","M_Santos(2005-2018)",3229.25926373129
"Uninformative_bk_Santos (2018)","Uninformative_bk","M_Santos(2005-2018)",1818.47693440779
"Uninformative_bk_Santos (2018)","Uninformative_bk","M_Santos(2005-2018)",5336.6936794545
"Uninformative_bk_Santos (2018)","Uninformative_bk","M_Santos(2005-2018)",1554.2717336908
"Uninformative_bk_Santos (2018)","Uninformative_bk","M_Santos(2005-2018)",2073.44247176084
"Uninformative_bk_Santos (2018)","Uninformative_bk","M_Santos(2005-2018)",1909.09236468801
"Uninformative_bk_Santos (2018)","Uninformative_bk","M_Santos(2005-2018)",2059.56689998144
"Uninformative_bk_Santos (2018)","Uninformative_bk","M_Santos(2005-2018)",2020.68181325091
"Uninformative_bk_Santos (2018)","Uninformative_bk","M_Santos(2005-2018)",1798.03328476637
"Uninformative_bk_Santos (2018)","Uninformative_bk","M_Santos(2005-2018)",1778.59881961952
"Uninformative_bk_Santos (2018)","Uninformative_bk","M_Santos(2005-2018)",1773.48257421813
"Uninformative_bk_Santos (2018)","Uninformative_bk","M_Santos(2005-2018)",1877.30347579781
"Uninformative_bk_Santos (2018)","Uninformative_bk","M_Santos(2005-2018)",1882.53928085043
"Uninformative_bk_Santos (2018)","Uninformative_bk","M_Santos(2005-2018)",1780.84081554968
"Uninformative_bk_Santos (2018)","Uninformative_bk","M_Santos(2005-2018)",2208.81867308065
"Uninformative_bk_Santos (2018)","Uninformative_bk","M_Santos(2005-2018)",1877.54836063338
"Uninformative_bk_Santos (2018)","Uninformative_bk","M_Santos(2005-2018)",1679.21929171738
"Uninformative_bk_Santos (2018)","Uninformative_bk","M_Santos(2005-2018)",6203.50022309319
"Uninformative_bk_Santos (2018)","Uninformative_bk","M_Santos(2005-2018)",1806.14710774128
"Uninformative_bk_Santos (2018)","Uninformative_bk","M_Santos(2005-2018)",2372.16406118648
"Uninformative_bk_Santos (2018)","Uninformative_bk","M_Santos(2005-2018)",1951.99279246913
"Uninformative_bk_Santos (2018)","Uninformative_bk","M_Santos(2005-2018)",4879.87965377966
"Uninformative_bk_Santos (2018)","Uninformative_bk","M_Santos(2005-2018)",1784.00751829532
"Uninformative_bk_Santos (2018)","Uninformative_bk","M_Santos(2005-2018)",1929.12784005043
"Uninformative_bk_Santos (2018)","Uninformative_bk","M_Santos(2005-2018)",1845.95520051214
"Uninformative_bk_Santos (2018)","Uninformative_bk","M_Santos(2005-2018)",1939.1769669931
"Uninformative_bk_Santos (2018)","Uninformative_bk","M_Santos(2005-2018)",1768.1423983023
"Uninformative_bk_Santos (2018)","Uninformative_bk","M_Santos(2005-2018)",1955.24513534569
"Uninformative_bk_Santos (2018)","Uninformative_bk","M_Santos(2005-2018)",2526.65877151362
"Uninformative_bk_Santos (2018)","Uninformative_bk","M_Santos(2005-2018)",2165.56468441572
"Uninformative_bk_Santos (2018)","Uninformative_bk","M_Santos(2005-2018)",1884.52220615281
"Uninformative_bk_Santos (2018)","Uninformative_bk","M_Santos(2005-2018)",2477.40754023043
"Uninformative_bk_Santos (2018)","Uninformative_bk","M_Santos(2005-2018)",5457.64940876172
"Uninformative_bk_Santos (2018)","Uninformative_bk","M_Santos(2005-2018)",1907.60375014724
"Uninformative_bk_Santos (2018)","Uninformative_bk","M_Santos(2005-2018)",1663.66769424369
"Uninformative_bk_Santos (2018)","Uninformative_bk","M_Santos(2005-2018)",1935.60797411548
"Uninformative_bk_Santos (2018)","Uninformative_bk","M_Santos(2005-2018)",2185.52134005075
"Uninformative_bk_Santos (2018)","Uninformative_bk","M_Santos(2005-2018)",1843.24501861662
"Uninformative_bk_Santos (2018)","Uninformative_bk","M_Santos(2005-2018)",2032.63917144792
"Uninformative_bk_Santos (2018)","Uninformative_bk","M_Santos(2005-2018)",2361.23209620724
"Uninformative_bk_Santos (2018)","Uninformative_bk","M_Santos(2005-2018)",1898.52889100197
"Uninformative_bk_Santos (2018)","Uninformative_bk","M_Santos(2005-2018)",1860.02617277787
"Uninformative_bk_Santos (2018)","Uninformative_bk","M_Santos(2005-2018)",2004.09515515058
"Uninformative_bk_Santos (2018)","Uninformative_bk","M_Santos(2005-2018)",2016.94695292498
"Uninformative_bk_Santos (2018)","Uninformative_bk","M_Santos(2005-2018)",1919.43423444554
"Uninformative_bk_Santos (2018)","Uninformative_bk","M_Santos(2005-2018)",1872.98558232732
"Uninformative_bk_Santos (2018)","Uninformative_bk","M_Santos(2005-2018)",1934.2157816854
"Uninformative_bk_Santos (2018)","Uninformative_bk","M_Santos(2005-2018)",4629.00887107441
"Uninformative_bk_Santos (2018)","Uninformative_bk","M_Santos(2005-2018)",1836.17135260579
"Uninformative_bk_Santos (2018)","Uninformative_bk","M_Santos(2005-2018)",1895.85321438889
"Uninformative_bk_Santos (2018)","Uninformative_bk","M_Santos(2005-2018)",1877.1997029341
"Uninformative_bk_Santos (2018)","Uninformative_bk","M_Santos(2005-2018)",1767.03780286716
"Uninformative_bk_Santos (2018)","Uninformative_bk","M_Santos(2005-2018)",4693.2510513971
"Uninformative_bk_Santos (2018)","Uninformative_bk","M_Santos(2005-2018)",1857.58860465233
"Uninformative_bk_Santos (2018)","Uninformative_bk","M_Santos(2005-2018)",2219.80244767256
"Uninformative_bk_Santos (2018)","Uninformative_bk","M_Santos(2005-2018)",1913.50519385817
"Uninformative_bk_Santos (2018)","Uninformative_bk","M_Santos(2005-2018)",1777.66347568359
"Uninformative_bk_Santos (2018)","Uninformative_bk","M_Santos(2005-2018)",2066.90659865605
"Uninformative_bk_Santos (2018)","Uninformative_bk","M_Santos(2005-2018)",1924.35556131318
"Uninformative_bk_Santos (2018)","Uninformative_bk","M_Santos(2005-2018)",2607.47155147303
"Uninformative_bk_Santos (2018)","Uninformative_bk","M_Santos(2005-2018)",2132.52685454409
"Uninformative_bk_Santos (2018)","Uninformative_bk","M_Santos(2005-2018)",1855.01563509029
"Uninformative_bk_Santos (2018)","Uninformative_bk","M_Santos(2005-2018)",1945.18744823207
"Uninformative_bk_Santos (2018)","Uninformative_bk","M_Santos(2005-2018)",1890.93522832985
"Uninformative_bk_Santos (2018)","Uninformative_bk","M_Santos(2005-2018)",1842.7078614381
"Uninformative_bk_Santos (2018)","Uninformative_bk","M_Santos(2005-2018)",1786.12999112
"Uninformative_bk_Santos (2018)","Uninformative_bk","M_Santos(2005-2018)",1942.41705276872
"Uninformative_bk_Santos (2018)","Uninformative_bk","M_Santos(2005-2018)",1875.80350519394
"Uninformative_bk_Santos (2018)","Uninformative_bk","M_Santos(2005-2018)",5721.97972542877
"Uninformative_bk_Santos (2018)","Uninformative_bk","M_Santos(2005-2018)",1943.12351847399
"Uninformative_bk_Santos (2018)","Uninformative_bk","M_Santos(2005-2018)",1925.93412940991
"Uninformative_bk_Santos (2018)","Uninformative_bk","M_Santos(2005-2018)",1740.02350764836
"Uninformative_bk_Santos (2018)","Uninformative_bk","M_Santos(2005-2018)",2536.61051306023
"Uninformative_bk_Santos (2018)","Uninformative_bk","M_Santos(2005-2018)",3129.6679867032
"Uninformative_bk_Santos (2018)","Uninformative_bk","M_Santos(2005-2018)",2020.77209925742
"Uninformative_bk_Santos (2018)","Uninformative_bk","M_Santos(2005-2018)",2936.91279727425
"Uninformative_bk_Santos (2018)","Uninformative_bk","M_Santos(2005-2018)",2892.03183170078
"Uninformative_bk_Santos (2018)","Uninformative_bk","M_Santos(2005-2018)",2023.80072515617
"Uninformative_bk_Santos (2018)","Uninformative_bk","M_Santos(2005-2018)",1972.80511578698
"Uninformative_bk_Santos (2018)","Uninformative_bk","M_Santos(2005-2018)",2127.52083645515
"Uninformative_bk_Santos (2018)","Uninformative_bk","M_Santos(2005-2018)",1744.86898213028
"Uninformative_bk_Santos (2018)","Uninformative_bk","M_Santos(2005-2018)",2286.23233823617
"Uninformative_bk_Santos (2018)","Uninformative_bk","M_Santos(2005-2018)",3195.31787586355
"Uninformative_bk_Santos (2018)","Uninformative_bk","M_Santos(2005-2018)",1934.96448819461
"Uninformative_bk_Santos (2018)","Uninformative_bk","M_Santos(2005-2018)",2275.03046238313
"Uninformative_bk_Santos (2018)","Uninformative_bk","M_Santos(2005-2018)",1821.78744513801
"Uninformative_bk_Santos (2018)","Uninformative_bk","M_Santos(2005-2018)",2319.09170164512
"Uninformative_bk_Santos (2018)","Uninformative_bk","M_Santos(2005-2018)",1923.88945407958
"Uninformative_bk_Santos (2018)","Uninformative_bk","M_Santos(2005-2018)",5958.50349297045
"Uninformative_bk_Santos (2018)","Uninformative_bk","M_Santos(2005-2018)",1996.38055411426
"Uninformative_bk_Santos (2018)","Uninformative_bk","M_Santos(2005-2018)",4107.70292822843
"Uninformative_bk_Santos (2018)","Uninformative_bk","M_Santos(2005-2018)",1896.28385844405
"Uninformative_bk_Santos (2018)","Uninformative_bk","M_Santos(2005-2018)",1952.89739091807
"Uninformative_bk_Santos (2018)","Uninformative_bk","M_Santos(2005-2018)",1912.12638515946
"Uninformative_bk_Santos (2018)","Uninformative_bk","M_Santos(2005-2018)",1855.84494729848
"Uninformative_bk_Santos (2018)","Uninformative_bk","M_Santos(2005-2018)",1985.61353053205
"Uninformative_bk_Santos (2018)","Uninformative_bk","M_Santos(2005-2018)",1961.91858603684
"Uninformative_bk_Santos (2018)","Uninformative_bk","M_Santos(2005-2018)",2275.33263553667
"Uninformative_bk_Santos (2018)","Uninformative_bk","M_Santos(2005-2018)",2042.37460711413
"Uninformative_bk_Santos (2018)","Uninformative_bk","M_Santos(2005-2018)",2305.51116214841
"Uninformative_bk_Santos (2018)","Uninformative_bk","M_Santos(2005-2018)",1799.74431159032
"Uninformative_bk_Santos (2018)","Uninformative_bk","M_Santos(2005-2018)",2055.256639754
"Uninformative_bk_Santos (2018)","Uninformative_bk","M_Santos(2005-2018)",1782.44847231914
"Uninformative_bk_Santos (2018)","Uninformative_bk","M_Santos(2005-2018)",1519.44264157399
"Uninformative_bk_Santos (2018)","Uninformative_bk","M_Santos(2005-2018)",1864.76409095643
"Uninformative_bk_Santos (2018)","Uninformative_bk","M_Santos(2005-2018)",1937.35133394207
"Uninformative_bk_Santos (2018)","Uninformative_bk","M_Santos(2005-2018)",3594.31558039898
"Uninformative_bk_Santos (2018)","Uninformative_bk","M_Santos(2005-2018)",2101.35110321944
"Uninformative_bk_Santos (2018)","Uninformative_bk","M_Santos(2005-2018)",1747.93613267873
"Uninformative_bk_Santos (2018)","Uninformative_bk","M_Santos(2005-2018)",1857.27012781686
"Uninformative_bk_Santos (2018)","Uninformative_bk","M_Santos(2005-2018)",3983.39880287648
"Uninformative_bk_Santos (2018)","Uninformative_bk","M_Santos(2005-2018)",2129.06093446176
"Uninformative_bk_Santos (2018)","Uninformative_bk","M_Santos(2005-2018)",2384.36046534525
"Uninformative_bk_Santos (2018)","Uninformative_bk","M_Santos(2005-2018)",1904.70608037232
"Uninformative_bk_Santos (2018)","Uninformative_bk","M_Santos(2005-2018)",1930.22304191798
"Uninformative_bk_Santos (2018)","Uninformative_bk","M_Santos(2005-2018)",1808.75743193083
"Uninformative_bk_Santos (2018)","Uninformative_bk","M_Santos(2005-2018)",1770.92520612799
"Uninformative_bk_Santos (2018)","Uninformative_bk","M_Santos(2005-2018)",1919.56744596241
"Uninformative_bk_Santos (2018)","Uninformative_bk","M_Santos(2005-2018)",2910.13272664512
"Uninformative_bk_Santos (2018)","Uninformative_bk","M_Santos(2005-2018)",5385.94803004139
"Uninformative_bk_Santos (2018)","Uninformative_bk","M_Santos(2005-2018)",2384.16919260675
"Uninformative_bk_Santos (2018)","Uninformative_bk","M_Santos(2005-2018)",1956.85228360877
"Uninformative_bk_Santos (2018)","Uninformative_bk","M_Santos(2005-2018)",2086.51772123706
"Uninformative_bk_Santos (2018)","Uninformative_bk","M_Santos(2005-2018)",1951.99756668378
"Uninformative_bk_Santos (2018)","Uninformative_bk","M_Santos(2005-2018)",1907.88038021742
"Uninformative_bk_Santos (2018)","Uninformative_bk","M_Santos(2005-2018)",1888.51175279583
"Uninformative_bk_Santos (2018)","Uninformative_bk","M_Santos(2005-2018)",2370.51715500111
"Uninformative_bk_Santos (2018)","Uninformative_bk","M_Santos(2005-2018)",1758.65851117345
"Uninformative_bk_Santos (2018)","Uninformative_bk","M_Santos(2005-2018)",4683.60228650565
"Uninformative_bk_Santos (2018)","Uninformative_bk","M_Santos(2005-2018)",1838.60932785637
"Uninformative_bk_Santos (2018)","Uninformative_bk","M_Santos(2005-2018)",1899.79485864539
"Uninformative_bk_Santos (2018)","Uninformative_bk","M_Santos(2005-2018)",2113.21355979824
"Uninformative_bk_Santos (2018)","Uninformative_bk","M_Santos(2005-2018)",1952.1342078273
"Uninformative_bk_Santos (2018)","Uninformative_bk","M_Santos(2005-2018)",2214.33382521398
"Uninformative_bk_Santos (2018)","Uninformative_bk","M_Santos(2005-2018)",1985.83487086262
"Uninformative_bk_Santos (2018)","Uninformative_bk","M_Santos(2005-2018)",1726.06168661229
"Uninformative_bk_Santos (2018)","Uninformative_bk","M_Santos(2005-2018)",2065.51162317631
"Uninformative_bk_Santos (2018)","Uninformative_bk","M_Santos(2005-2018)",1990.68290598711
"Uninformative_bk_Santos (2018)","Uninformative_bk","M_Santos(2005-2018)",1999.81305063843
"Uninformative_bk_Santos (2018)","Uninformative_bk","M_Santos(2005-2018)",1935.66501177012
"Uninformative_bk_Santos (2018)","Uninformative_bk","M_Santos(2005-2018)",2547.97862345602
"Uninformative_bk_Santos (2018)","Uninformative_bk","M_Santos(2005-2018)",1958.24752390584
"Uninformative_bk_Santos (2018)","Uninformative_bk","M_Santos(2005-2018)",1948.79851427665
"Uninformative_bk_Santos (2018)","Uninformative_bk","M_Santos(2005-2018)",1981.77760887559
"Uninformative_bk_Santos (2018)","Uninformative_bk","M_Santos(2005-2018)",1835.51401396775
"Uninformative_bk_Santos (2018)","Uninformative_bk","M_Santos(2005-2018)",1818.73470457215
"Uninformative_bk_Santos (2018)","Uninformative_bk","M_Santos(2005-2018)",1800.7595352911
"Uninformative_bk_Santos (2018)","Uninformative_bk","M_Santos(2005-2018)",1990.84054240521
"Uninformative_bk_Santos (2018)","Uninformative_bk","M_Santos(2005-2018)",1670.78161105955
"Uninformative_bk_Santos (2018)","Uninformative_bk","M_Santos(2005-2018)",2283.4585227326
"Uninformative_bk_Santos (2018)","Uninformative_bk","M_Santos(2005-2018)",1851.18544151815
"Uninformative_bk_Santos (2018)","Uninformative_bk","M_Santos(2005-2018)",1914.91715896676
"Uninformative_bk_Santos (2018)","Uninformative_bk","M_Santos(2005-2018)",1769.84706964485
"Uninformative_bk_Santos (2018)","Uninformative_bk","M_Santos(2005-2018)",1925.11118053649
"Uninformative_bk_Santos (2018)","Uninformative_bk","M_Santos(2005-2018)",1876.69847896689
"Uninformative_bk_Santos (2018)","Uninformative_bk","M_Santos(2005-2018)",1876.36627606656
"Uninformative_bk_Santos (2018)","Uninformative_bk","M_Santos(2005-2018)",2139.15584321707
"Uninformative_bk_Santos (2018)","Uninformative_bk","M_Santos(2005-2018)",2648.69394078995
"Uninformative_bk_Santos (2018)","Uninformative_bk","M_Santos(2005-2018)",1964.95332936296
"Uninformative_bk_Santos (2018)","Uninformative_bk","M_Santos(2005-2018)",1944.78422630597
"Uninformative_bk_Santos (2018)","Uninformative_bk","M_Santos(2005-2018)",1972.52151645511
"Uninformative_bk_Santos (2018)","Uninformative_bk","M_Santos(2005-2018)",2958.86083467974
"Uninformative_bk_Santos (2018)","Uninformative_bk","M_Santos(2005-2018)",3456.50052117658
"Uninformative_bk_Santos (2018)","Uninformative_bk","M_Santos(2005-2018)",2352.92374792449
"Uninformative_bk_Santos (2018)","Uninformative_bk","M_Santos(2005-2018)",1871.61568715749
"Uninformative_bk_Santos (2018)","Uninformative_bk","M_Santos(2005-2018)",1901.29567249561
"Uninformative_bk_Santos (2018)","Uninformative_bk","M_Santos(2005-2018)",1854.89174722473
"Uninformative_bk_Santos (2018)","Uninformative_bk","M_Santos(2005-2018)",2067.5611674219
"Uninformative_bk_Santos (2018)","Uninformative_bk","M_Santos(2005-2018)",1948.60644418021
"Uninformative_bk_Santos (2018)","Uninformative_bk","M_Santos(2005-2018)",1962.57411863101
"Uninformative_bk_Santos (2018)","Uninformative_bk","M_Santos(2005-2018)",1680.88358913067
"Uninformative_bk_Santos (2018)","Uninformative_bk","M_Santos(2005-2018)",1910.10549694216
"Uninformative_bk_Santos (2018)","Uninformative_bk","M_Santos(2005-2018)",1980.64895414872
"Uninformative_bk_Santos (2018)","Uninformative_bk","M_Santos(2005-2018)",1823.6430658554
"Uninformative_bk_Santos (2018)","Uninformative_bk","M_Santos(2005-2018)",4577.62799507075
"Uninformative_bk_Santos (2018)","Uninformative_bk","M_Santos(2005-2018)",2040.27824553792
"Uninformative_bk_Santos (2018)","Uninformative_bk","M_Santos(2005-2018)",1780.14277650035
"Uninformative_bk_Santos (2018)","Uninformative_bk","M_Santos(2005-2018)",1929.29166244569
"Uninformative_bk_Santos (2018)","Uninformative_bk","M_Santos(2005-2018)",1927.11023100109
"Uninformative_bk_Santos (2018)","Uninformative_bk","M_Santos(2005-2018)",1928.19680113506
"Uninformative_bk_Santos (2018)","Uninformative_bk","M_Santos(2005-2018)",2203.11681236899
"Uninformative_bk_Santos (2018)","Uninformative_bk","M_Santos(2005-2018)",2290.08202045432
"Uninformative_bk_Santos (2018)","Uninformative_bk","M_Santos(2005-2018)",2249.66904911633
"Uninformative_bk_Santos (2018)","Uninformative_bk","M_Santos(2005-2018)",1945.3834012157
"Uninformative_bk_Santos (2018)","Uninformative_bk","M_Santos(2005-2018)",2174.25163475888
"Uninformative_bk_Santos (2018)","Uninformative_bk","M_Santos(2005-2018)",1948.1650592349
"Uninformative_bk_Santos (2018)","Uninformative_bk","M_Santos(2005-2018)",2156.67604253064
"Uninformative_bk_Santos (2018)","Uninformative_bk","M_Santos(2005-2018)",2115.76615025639
"Uninformative_bk_Santos (2018)","Uninformative_bk","M_Santos(2005-2018)",1989.18943004452
"Uninformative_bk_Santos (2018)","Uninformative_bk","M_Santos(2005-2018)",1857.69925606395
"Uninformative_bk_Santos (2018)","Uninformative_bk","M_Santos(2005-2018)",2227.32842708566
"Uninformative_bk_Santos (2018)","Uninformative_bk","M_Santos(2005-2018)",3226.15207272806
"Uninformative_bk_Santos (2018)","Uninformative_bk","M_Santos(2005-2018)",1790.72115400632
"Uninformative_bk_Santos (2018)","Uninformative_bk","M_Santos(2005-2018)",1745.64524026831
"Uninformative_bk_Santos (2018)","Uninformative_bk","M_Santos(2005-2018)",1921.58491271267
"Uninformative_bk_Santos (2018)","Uninformative_bk","M_Santos(2005-2018)",1997.21917345434
"Uninformative_bk_Santos (2018)","Uninformative_bk","M_Santos(2005-2018)",2318.33423410436
"Uninformative_bk_Santos (2018)","Uninformative_bk","M_Santos(2005-2018)",1963.83010988981
"Uninformative_bk_Santos (2018)","Uninformative_bk","M_Santos(2005-2018)",1919.29986434509
"Uninformative_bk_Santos (2018)","Uninformative_bk","M_Santos(2005-2018)",1925.82149643676
"Uninformative_bk_Santos (2018)","Uninformative_bk","M_Santos(2005-2018)",1704.06892684931
"Uninformative_bk_Santos (2018)","Uninformative_bk","M_Santos(2005-2018)",1851.12122667867
"Uninformative_bk_Santos (2018)","Uninformative_bk","M_Santos(2005-2018)",1942.14384169419
"Uninformative_bk_Santos (2018)","Uninformative_bk","M_Santos(2005-2018)",1772.60406901694
"Uninformative_bk_Santos (2018)","Uninformative_bk","M_Santos(2005-2018)",1912.13108102349
"Uninformative_bk_Santos (2018)","Uninformative_bk","M_Santos(2005-2018)",1868.10663214137
"Uninformative_bk_Santos (2018)","Uninformative_bk","M_Santos(2005-2018)",5735.92785956753
"Uninformative_bk_Santos (2018)","Uninformative_bk","M_Santos(2005-2018)",2016.29663143351
"Uninformative_bk_Santos (2018)","Uninformative_bk","M_Santos(2005-2018)",2284.83894194533
"Uninformative_bk_Santos (2018)","Uninformative_bk","M_Santos(2005-2018)",4356.38246039473
"Uninformative_bk_Santos (2018)","Uninformative_bk","M_Santos(2005-2018)",1886.56510378254
"Uninformative_bk_Santos (2018)","Uninformative_bk","M_Santos(2005-2018)",1958.73368830636
"Uninformative_bk_Santos (2018)","Uninformative_bk","M_Santos(2005-2018)",1954.77641556462
"Uninformative_bk_Santos (2018)","Uninformative_bk","M_Santos(2005-2018)",1740.35665841988
"Uninformative_bk_Santos (2018)","Uninformative_bk","M_Santos(2005-2018)",1910.16025340983
"Uninformative_bk_Santos (2018)","Uninformative_bk","M_Santos(2005-2018)",1900.3167476571
"Uninformative_bk_Santos (2018)","Uninformative_bk","M_Santos(2005-2018)",1969.24476345864
"Uninformative_bk_Santos (2018)","Uninformative_bk","M_Santos(2005-2018)",2260.01812890923
"Uninformative_bk_Santos (2018)","Uninformative_bk","M_Santos(2005-2018)",1741.75307755607
"Uninformative_bk_Santos (2018)","Uninformative_bk","M_Santos(2005-2018)",1646.92533541824
"Uninformative_bk_Santos (2018)","Uninformative_bk","M_Santos(2005-2018)",1783.59713573974
"Uninformative_bk_Santos (2018)","Uninformative_bk","M_Santos(2005-2018)",1930.81153622751
"Uninformative_bk_Santos (2018)","Uninformative_bk","M_Santos(2005-2018)",1916.16285781006
"Uninformative_bk_Santos (2018)","Uninformative_bk","M_Santos(2005-2018)",2514.68118578343
"Uninformative_bk_Santos (2018)","Uninformative_bk","M_Santos(2005-2018)",1966.08688005113
"Uninformative_bk_Santos (2018)","Uninformative_bk","M_Santos(2005-2018)",1933.72366937586
"Uninformative_bk_Santos (2018)","Uninformative_bk","M_Santos(2005-2018)",1933.14684691138
"Uninformative_bk_Santos (2018)","Uninformative_bk","M_Santos(2005-2018)",1815.17921912836
"Uninformative_bk_Santos (2018)","Uninformative_bk","M_Santos(2005-2018)",2499.68769757761
"Uninformative_bk_Santos (2018)","Uninformative_bk","M_Santos(2005-2018)",2195.84517851876
"Uninformative_bk_Santos (2018)","Uninformative_bk","M_Santos(2005-2018)",1967.32562175523
"Uninformative_bk_Santos (2018)","Uninformative_bk","M_Santos(2005-2018)",1827.24983457637
"Uninformative_bk_Santos (2018)","Uninformative_bk","M_Santos(2005-2018)",2971.78880431234
"Uninformative_bk_Santos (2018)","Uninformative_bk","M_Santos(2005-2018)",1910.10007553566
"Uninformative_bk_Santos (2018)","Uninformative_bk","M_Santos(2005-2018)",2024.27107468989
"Uninformative_bk_Santos (2018)","Uninformative_bk","M_Santos(2005-2018)",2107.73963175705
"Uninformative_bk_Santos (2018)","Uninformative_bk","M_Santos(2005-2018)",1994.76107988084
"Uninformative_bk_Santos (2018)","Uninformative_bk","M_Santos(2005-2018)",1992.74623834966
"Uninformative_bk_Santos (2018)","Uninformative_bk","M_Santos(2005-2018)",1957.41357614906
"Uninformative_bk_Santos (2018)","Uninformative_bk","M_Santos(2005-2018)",2021.36956390617
"Uninformative_bk_Santos (2018)","Uninformative_bk","M_Santos(2005-2018)",1796.86412934879
"Uninformative_bk_Santos (2018)","Uninformative_bk","M_Santos(2005-2018)",1951.49805879372
"Uninformative_bk_Santos (2018)","Uninformative_bk","M_Santos(2005-2018)",1911.52194319176
"Uninformative_bk_Santos (2018)","Uninformative_bk","M_Santos(2005-2018)",2152.53628430722
"Uninformative_bk_Santos (2018)","Uninformative_bk","M_Santos(2005-2018)",1907.82358462729
"Uninformative_bk_Santos (2018)","Uninformative_bk","M_Santos(2005-2018)",1977.6782668418
"Uninformative_bk_Santos (2018)","Uninformative_bk","M_Santos(2005-2018)",1877.57966961557
"Uninformative_bk_Santos (2018)","Uninformative_bk","M_Santos(2005-2018)",1976.36537474429
"Uninformative_bk_Santos (2018)","Uninformative_bk","M_Santos(2005-2018)",1733.40872439733
"Uninformative_bk_Santos (2018)","Uninformative_bk","M_Santos(2005-2018)",2344.58222437498
"Uninformative_bk_Santos (2018)","Uninformative_bk","M_Santos(2005-2018)",1943.70760300032
"Uninformative_bk_Santos (2018)","Uninformative_bk","M_Santos(2005-2018)",1864.84928675974
"Uninformative_bk_Santos (2018)","Uninformative_bk","M_Santos(2005-2018)",1894.98356845579
"Uninformative_bk_Santos (2018)","Uninformative_bk","M_Santos(2005-2018)",1883.91381823419
"Uninformative_bk_Santos (2018)","Uninformative_bk","M_Santos(2005-2018)",1934.09475554995
"Uninformative_bk_Santos (2018)","Uninformative_bk","M_Santos(2005-2018)",1911.60430630389
"Uninformative_bk_Santos (2018)","Uninformative_bk","M_Santos(2005-2018)",1779.78208271233
"Uninformative_bk_Santos (2018)","Uninformative_bk","M_Santos(2005-2018)",1916.61310829458
"Uninformative_bk_Santos (2018)","Uninformative_bk","M_Santos(2005-2018)",2065.30755995345
"Uninformative_bk_Santos (2018)","Uninformative_bk","M_Santos(2005-2018)",1963.29115908413
"Uninformative_bk_Santos (2018)","Uninformative_bk","M_Santos(2005-2018)",1963.07764491534
"Uninformative_bk_Santos (2018)","Uninformative_bk","M_Santos(2005-2018)",1939.96296057691
"Uninformative_bk_Santos (2018)","Uninformative_bk","M_Santos(2005-2018)",1909.04324186557
"Uninformative_bk_Santos (2018)","Uninformative_bk","M_Santos(2005-2018)",1882.80427759698
"Uninformative_bk_Santos (2018)","Uninformative_bk","M_Santos(2005-2018)",1925.72219431637
"Uninformative_bk_Santos (2018)","Uninformative_bk","M_Santos(2005-2018)",1842.07904350123
"Uninformative_bk_Santos (2018)","Uninformative_bk","M_Santos(2005-2018)",1717.12806962214
"Uninformative_bk_Santos (2018)","Uninformative_bk","M_Santos(2005-2018)",1989.57653376123
"Uninformative_bk_Santos (2018)","Uninformative_bk","M_Santos(2005-2018)",1844.84335045802
"Uninformative_bk_Santos (2018)","Uninformative_bk","M_Santos(2005-2018)",1746.98638373539
"Uninformative_bk_Santos (2018)","Uninformative_bk","M_Santos(2005-2018)",3050.95332351356
"Uninformative_bk_Santos (2018)","Uninformative_bk","M_Santos(2005-2018)",1978.64821844927
"Uninformative_bk_Santos (2018)","Uninformative_bk","M_Santos(2005-2018)",1951.57994979289
"Uninformative_bk_Santos (2018)","Uninformative_bk","M_Santos(2005-2018)",2054.33805868621
"Uninformative_bk_Santos (2018)","Uninformative_bk","M_Santos(2005-2018)",1989.25901813252
"Uninformative_bk_Santos (2018)","Uninformative_bk","M_Santos(2005-2018)",1902.32836351105
"Uninformative_bk_Santos (2018)","Uninformative_bk","M_Santos(2005-2018)",1816.19372710222
"Uninformative_bk_Santos (2018)","Uninformative_bk","M_Santos(2005-2018)",1841.18504122068
"Uninformative_bk_Santos (2018)","Uninformative_bk","M_Santos(2005-2018)",1881.13651538515
"Uninformative_bk_Santos (2018)","Uninformative_bk","M_Santos(2005-2018)",1931.86200927889
"Uninformative_bk_Santos (2018)","Uninformative_bk","M_Santos(2005-2018)",1965.79699531772
"Uninformative_bk_Santos (2018)","Uninformative_bk","M_Santos(2005-2018)",2625.58472547028
"Uninformative_bk_Santos (2018)","Uninformative_bk","M_Santos(2005-2018)",1972.95711480158
"Uninformative_bk_Santos (2018)","Uninformative_bk","M_Santos(2005-2018)",2038.83936741433
"Uninformative_bk_Santos (2018)","Uninformative_bk","M_Santos(2005-2018)",1896.87861947502
"Uninformative_bk_Santos (2018)","Uninformative_bk","M_Santos(2005-2018)",1884.7282324412
"Uninformative_bk_Santos (2018)","Uninformative_bk","M_Santos(2005-2018)",1834.34763462938
"Uninformative_bk_Santos (2018)","Uninformative_bk","M_Santos(2005-2018)",1940.45306496594
"Uninformative_bk_Santos (2018)","Uninformative_bk","M_Santos(2005-2018)",5656.01470363056
"Uninformative_bk_Santos (2018)","Uninformative_bk","M_Santos(2005-2018)",2168.06372338149
"Uninformative_bk_Santos (2018)","Uninformative_bk","M_Santos(2005-2018)",1728.90185406033
"Uninformative_bk_Santos (2018)","Uninformative_bk","M_Santos(2005-2018)",1895.22965449105
"Uninformative_bk_Santos (2018)","Uninformative_bk","M_Santos(2005-2018)",2179.14003283572
"Uninformative_bk_Santos (2018)","Uninformative_bk","M_Santos(2005-2018)",1900.87624892316
"Uninformative_bk_Santos (2018)","Uninformative_bk","M_Santos(2005-2018)",1927.25077526458
"Uninformative_bk_Santos (2018)","Uninformative_bk","M_Santos(2005-2018)",2707.36550985395
"Uninformative_bk_Santos (2018)","Uninformative_bk","M_Santos(2005-2018)",4844.97377639686
"Uninformative_bk_Santos (2018)","Uninformative_bk","M_Santos(2005-2018)",1722.39094954262
"Uninformative_bk_Santos (2018)","Uninformative_bk","M_Santos(2005-2018)",2185.36821163698
"Uninformative_bk_Santos (2018)","Uninformative_bk","M_Santos(2005-2018)",1965.06887094114
"Uninformative_bk_Santos (2018)","Uninformative_bk","M_Santos(2005-2018)",3174.94517825645
"Uninformative_bk_Santos (2018)","Uninformative_bk","M_Santos(2005-2018)",1768.22928542021
"Uninformative_bk_Santos (2018)","Uninformative_bk","M_Santos(2005-2018)",3165.04124185016
"Uninformative_bk_Santos (2018)","Uninformative_bk","M_Santos(2005-2018)",1864.79949348607
"Uninformative_bk_Santos (2018)","Uninformative_bk","M_Santos(2005-2018)",1957.58549132099
"Uninformative_bk_Santos (2018)","Uninformative_bk","M_Santos(2005-2018)",2181.62344609817
"Uninformative_bk_Santos (2018)","Uninformative_bk","M_Santos(2005-2018)",3401.97222358537
"Uninformative_bk_Santos (2018)","Uninformative_bk","M_Santos(2005-2018)",1848.95027668608
"Uninformative_bk_Santos (2018)","Uninformative_bk","M_Santos(2005-2018)",1830.0699805496
"Uninformative_bk_Santos (2018)","Uninformative_bk","M_Santos(2005-2018)",1860.89218777937
"Uninformative_bk_Santos (2018)","Uninformative_bk","M_Santos(2005-2018)",2800.14496129723
"Uninformative_bk_Santos (2018)","Uninformative_bk","M_Santos(2005-2018)",1883.79700582482
"Uninformative_bk_Santos (2018)","Uninformative_bk","M_Santos(2005-2018)",1721.19392488
"Uninformative_bk_Santos (2018)","Uninformative_bk","M_Santos(2005-2018)",1898.00307919427
"Uninformative_bk_Santos (2018)","Uninformative_bk","M_Santos(2005-2018)",1945.89232601354
"Uninformative_bk_Santos (2018)","Uninformative_bk","M_Santos(2005-2018)",1935.93976490094
"Uninformative_bk_Santos (2018)","Uninformative_bk","M_Santos(2005-2018)",1920.25376657065
"Uninformative_bk_Santos (2018)","Uninformative_bk","M_Santos(2005-2018)",1802.59998157705
"Uninformative_bk_Santos (2018)","Uninformative_bk","M_Santos(2005-2018)",1852.82214515627
"Uninformative_bk_Santos (2018)","Uninformative_bk","M_Santos(2005-2018)",1818.44621837205
"Uninformative_bk_Santos (2018)","Uninformative_bk","M_Santos(2005-2018)",1855.00774890734
"Uninformative_bk_Santos (2018)","Uninformative_bk","M_Santos(2005-2018)",1910.95695673884
"Uninformative_bk_Santos (2018)","Uninformative_bk","M_Santos(2005-2018)",1961.44747782997
"Uninformative_bk_Santos (2018)","Uninformative_bk","M_Santos(2005-2018)",1979.3465856126
"Uninformative_bk_Santos (2018)","Uninformative_bk","M_Santos(2005-2018)",2311.69144456866
"Uninformative_bk_Santos (2018)","Uninformative_bk","M_Santos(2005-2018)",1805.00350438809
"Uninformative_bk_Santos (2018)","Uninformative_bk","M_Santos(2005-2018)",1918.0894999367
"Uninformative_bk_Santos (2018)","Uninformative_bk","M_Santos(2005-2018)",1942.86983914395
"Uninformative_bk_Santos (2018)","Uninformative_bk","M_Santos(2005-2018)",1841.9289438229
"Uninformative_bk_Santos (2018)","Uninformative_bk","M_Santos(2005-2018)",2130.98389805917
"Uninformative_bk_Santos (2018)","Uninformative_bk","M_Santos(2005-2018)",1986.40307181288
"Uninformative_bk_Santos (2018)","Uninformative_bk","M_Santos(2005-2018)",1903.8615497113
"Uninformative_bk_Santos (2018)","Uninformative_bk","M_Santos(2005-2018)",2928.98048792142
"Uninformative_bk_Santos (2018)","Uninformative_bk","M_Santos(2005-2018)",1957.0237748578
"Uninformative_bk_Santos (2018)","Uninformative_bk","M_Santos(2005-2018)",1959.86285994538
"Uninformative_bk_Santos (2018)","Uninformative_bk","M_Santos(2005-2018)",1928.78947591673
"Uninformative_bk_Santos (2018)","Uninformative_bk","M_Santos(2005-2018)",1907.96608347524
"Uninformative_bk_Santos (2018)","Uninformative_bk","M_Santos(2005-2018)",1751.42097873579
"Uninformative_bk_Santos (2018)","Uninformative_bk","M_Santos(2005-2018)",1877.65952918195
"Uninformative_bk_Santos (2018)","Uninformative_bk","M_Santos(2005-2018)",1942.05163682515
"Uninformative_bk_Santos (2018)","Uninformative_bk","M_Santos(2005-2018)",1731.44586375103
"Uninformative_bk_Santos (2018)","Uninformative_bk","M_Santos(2005-2018)",1974.12332549942
"Uninformative_bk_Santos (2018)","Uninformative_bk","M_Santos(2005-2018)",1817.05186097008
"Uninformative_bk_Santos (2018)","Uninformative_bk","M_Santos(2005-2018)",1954.83887917343
"Uninformative_bk_Santos (2018)","Uninformative_bk","M_Santos(2005-2018)",1914.599461726
"Uninformative_bk_Santos (2018)","Uninformative_bk","M_Santos(2005-2018)",2412.42704532814
"Uninformative_bk_Santos (2018)","Uninformative_bk","M_Santos(2005-2018)",2013.36020363817
"Uninformative_bk_Santos (2018)","Uninformative_bk","M_Santos(2005-2018)",1939.07036214914
"Uninformative_bk_Santos (2018)","Uninformative_bk","M_Santos(2005-2018)",2211.27521162234
"Uninformative_bk_Santos (2018)","Uninformative_bk","M_Santos(2005-2018)",1671.48003996306
"Uninformative_bk_Santos (2018)","Uninformative_bk","M_Santos(2005-2018)",1802.83814476514
"Uninformative_bk_Santos (2018)","Uninformative_bk","M_Santos(2005-2018)",1822.8947350933
"Uninformative_bk_Santos (2018)","Uninformative_bk","M_Santos(2005-2018)",2076.0705015798
"Uninformative_bk_Santos (2018)","Uninformative_bk","M_Santos(2005-2018)",1867.05640050783
"Uninformative_bk_Santos (2018)","Uninformative_bk","M_Santos(2005-2018)",3926.75300751999
"Uninformative_bk_Santos (2018)","Uninformative_bk","M_Santos(2005-2018)",3188.58332143133
"Uninformative_bk_Santos (2018)","Uninformative_bk","M_Santos(2005-2018)",1935.21698032715
"Uninformative_bk_Santos (2018)","Uninformative_bk","M_Santos(2005-2018)",2593.66820559528
"Uninformative_bk_Santos (2018)","Uninformative_bk","M_Santos(2005-2018)",1896.3818412979
"Uninformative_bk_Santos (2018)","Uninformative_bk","M_Santos(2005-2018)",1848.11090901611
"Uninformative_bk_Santos (2018)","Uninformative_bk","M_Santos(2005-2018)",1998.08904565612
"Uninformative_bk_Santos (2018)","Uninformative_bk","M_Santos(2005-2018)",2025.94869073479
"Uninformative_bk_Santos (2018)","Uninformative_bk","M_Santos(2005-2018)",1985.55922474328
"Uninformative_bk_Santos (2018)","Uninformative_bk","M_Santos(2005-2018)",2123.71693520033
"Uninformative_bk_Santos (2018)","Uninformative_bk","M_Santos(2005-2018)",1956.99390183106
"Uninformative_bk_Santos (2018)","Uninformative_bk","M_Santos(2005-2018)",1946.28940076724
"Uninformative_bk_Santos (2018)","Uninformative_bk","M_Santos(2005-2018)",1745.21690689292
"Uninformative_bk_Santos (2018)","Uninformative_bk","M_Santos(2005-2018)",1953.79917003861
"Uninformative_bk_Santos (2018)","Uninformative_bk","M_Santos(2005-2018)",1876.21902424503
"Uninformative_bk_Santos (2018)","Uninformative_bk","M_Santos(2005-2018)",1779.37851668343
"Uninformative_bk_Santos (2018)","Uninformative_bk","M_Santos(2005-2018)",4707.063047406
"Uninformative_bk_Santos (2018)","Uninformative_bk","M_Santos(2005-2018)",1970.20747160059
"Uninformative_bk_Santos (2018)","Uninformative_bk","M_Santos(2005-2018)",3600.29946734301
"Uninformative_bk_Santos (2018)","Uninformative_bk","M_Santos(2005-2018)",3592.79892046155
"Uninformative_bk_Santos (2018)","Uninformative_bk","M_Santos(2005-2018)",1890.80208168672
"Uninformative_bk_Santos (2018)","Uninformative_bk","M_Santos(2005-2018)",1978.77133209902
"Uninformative_bk_Santos (2018)","Uninformative_bk","M_Santos(2005-2018)",1969.47383867142
"Uninformative_bk_Santos (2018)","Uninformative_bk","M_Santos(2005-2018)",1916.81091909088
"Uninformative_bk_Santos (2018)","Uninformative_bk","M_Santos(2005-2018)",2071.60038515251
"Uninformative_bk_Santos (2018)","Uninformative_bk","M_Santos(2005-2018)",1914.6407770716
"Uninformative_bk_Santos (2018)","Uninformative_bk","M_Santos(2005-2018)",2160.84188794531
"Uninformative_bk_Santos (2018)","Uninformative_bk","M_Santos(2005-2018)",1906.22529728075
"Uninformative_bk_Santos (2018)","Uninformative_bk","M_Santos(2005-2018)",1943.12280155751
"Uninformative_bk_Santos (2018)","Uninformative_bk","M_Santos(2005-2018)",1985.08279498395
"Uninformative_bk_Santos (2018)","Uninformative_bk","M_Santos(2005-2018)",2236.00961253096
"Uninformative_bk_Santos (2018)","Uninformative_bk","M_Santos(2005-2018)",1885.9233168366
"Uninformative_bk_Santos (2018)","Uninformative_bk","M_Santos(2005-2018)",1905.2536142084
"Uninformative_bk_Santos (2018)","Uninformative_bk","M_Santos(2005-2018)",1802.59364562852
"Uninformative_bk_Santos (2018)","Uninformative_bk","M_Santos(2005-2018)",1919.7331052306
"Uninformative_bk_Santos (2018)","Uninformative_bk","M_Santos(2005-2018)",1916.9595015487
"Uninformative_bk_Santos (2018)","Uninformative_bk","M_Santos(2005-2018)",1971.59979838431
"Uninformative_bk_Santos (2018)","Uninformative_bk","M_Santos(2005-2018)",2257.76917080593
"Uninformative_bk_Santos (2018)","Uninformative_bk","M_Santos(2005-2018)",1782.81710035987
"Uninformative_bk_Santos (2018)","Uninformative_bk","M_Santos(2005-2018)",1798.29908831938
"Uninformative_bk_Santos (2018)","Uninformative_bk","M_Santos(2005-2018)",1990.24161464327
"Uninformative_bk_Santos (2018)","Uninformative_bk","M_Santos(2005-2018)",1993.83333788154
"Uninformative_bk_Santos (2018)","Uninformative_bk","M_Santos(2005-2018)",2261.63646124364
"Uninformative_bk_Santos (2018)","Uninformative_bk","M_Santos(2005-2018)",1885.46899817076
"Uninformative_bk_Santos (2018)","Uninformative_bk","M_Santos(2005-2018)",1677.25366529005
"Uninformative_bk_Santos (2018)","Uninformative_bk","M_Santos(2005-2018)",1930.44108405276
"Uninformative_bk_Santos (2018)","Uninformative_bk","M_Santos(2005-2018)",2674.46712621447
"Uninformative_bk_Santos (2018)","Uninformative_bk","M_Santos(2005-2018)",1924.65627230543
"Uninformative_bk_Santos (2018)","Uninformative_bk","M_Santos(2005-2018)",1717.17889142454
"Uninformative_bk_Santos (2018)","Uninformative_bk","M_Santos(2005-2018)",1938.80111741845
"Uninformative_bk_Santos (2018)","Uninformative_bk","M_Santos(2005-2018)",2001.33792182095
"Uninformative_bk_Santos (2018)","Uninformative_bk","M_Santos(2005-2018)",4092.35238986315
"Uninformative_bk_Santos (2018)","Uninformative_bk","M_Santos(2005-2018)",1918.80522253362
"Uninformative_bk_Santos (2018)","Uninformative_bk","M_Santos(2005-2018)",1805.03342036682
"Uninformative_bk_Santos (2018)","Uninformative_bk","M_Santos(2005-2018)",2051.89674382418
"Uninformative_bk_Santos (2018)","Uninformative_bk","M_Santos(2005-2018)",2241.67283431981
"Uninformative_bk_Santos (2018)","Uninformative_bk","M_Santos(2005-2018)",1833.93310794643
"Uninformative_bk_Santos (2018)","Uninformative_bk","M_Santos(2005-2018)",1943.98746482888
"Uninformative_bk_Santos (2018)","Uninformative_bk","M_Santos(2005-2018)",1817.52227237699
"Uninformative_bk_Santos (2018)","Uninformative_bk","M_Santos(2005-2018)",1859.18081120492
"Uninformative_bk_Santos (2018)","Uninformative_bk","M_Santos(2005-2018)",3658.64631575904
"Uninformative_bk_Santos (2018)","Uninformative_bk","M_Santos(2005-2018)",2200.8051175601
"Uninformative_bk_Santos (2018)","Uninformative_bk","M_Santos(2005-2018)",1988.01968624592
"Uninformative_bk_Santos (2018)","Uninformative_bk","M_Santos(2005-2018)",1858.10392350754
"Uninformative_bk_Santos (2018)","Uninformative_bk","M_Santos(2005-2018)",1781.57706800312
"Uninformative_bk_Santos (2018)","Uninformative_bk","M_Santos(2005-2018)",2248.46345810881
"Uninformative_bk_Santos (2018)","Uninformative_bk","M_Santos(2005-2018)",2014.41106566072
"Uninformative_bk_Santos (2018)","Uninformative_bk","M_Santos(2005-2018)",2040.62430649297
"Uninformative_bk_Santos (2018)","Uninformative_bk","M_Santos(2005-2018)",2549.82582811267
"Uninformative_bk_Santos (2018)","Uninformative_bk","M_Santos(2005-2018)",1910.39974212053
"Uninformative_bk_Santos (2018)","Uninformative_bk","M_Santos(2005-2018)",1710.41319040244
"Uninformative_bk_Santos (2018)","Uninformative_bk","M_Santos(2005-2018)",1813.99668332907
"Uninformative_bk_Santos (2018)","Uninformative_bk","M_Santos(2005-2018)",2271.78808042588
"Uninformative_bk_Santos (2018)","Uninformative_bk","M_Santos(2005-2018)",1816.44820352645
"Uninformative_bk_Santos (2018)","Uninformative_bk","M_Santos(2005-2018)",2105.07424082156
"Uninformative_bk_Santos (2018)","Uninformative_bk","M_Santos(2005-2018)",2018.37606037037
"Uninformative_bk_Santos (2018)","Uninformative_bk","M_Santos(2005-2018)",2434.77089515426
"Uninformative_bk_Santos (2018)","Uninformative_bk","M_Santos(2005-2018)",1738.24924477598
"Uninformative_bk_Santos (2018)","Uninformative_bk","M_Santos(2005-2018)",1926.75326652992
"Uninformative_bk_Santos (2018)","Uninformative_bk","M_Santos(2005-2018)",1923.21656113507
"Uninformative_bk_Santos (2018)","Uninformative_bk","M_Santos(2005-2018)",1809.41756364242
"Uninformative_bk_Santos (2018)","Uninformative_bk","M_Santos(2005-2018)",2006.64869473174
"Uninformative_bk_Santos (2018)","Uninformative_bk","M_Santos(2005-2018)",1760.72783393944
"Uninformative_bk_Santos (2018)","Uninformative_bk","M_Santos(2005-2018)",4568.14706878306
"Uninformative_bk_Santos (2018)","Uninformative_bk","M_Santos(2005-2018)",1946.07713073824
"Uninformative_bk_Santos (2018)","Uninformative_bk","M_Santos(2005-2018)",1884.22077484884
"Uninformative_bk_Santos (2018)","Uninformative_bk","M_Santos(2005-2018)",1862.04853009498
"Uninformative_bk_Santos (2018)","Uninformative_bk","M_Santos(2005-2018)",2199.00121275483
"Uninformative_bk_Santos (2018)","Uninformative_bk","M_Santos(2005-2018)",1829.27728419015
"Uninformative_bk_Santos (2018)","Uninformative_bk","M_Santos(2005-2018)",1809.99324812964
"Uninformative_bk_Santos (2018)","Uninformative_bk","M_Santos(2005-2018)",1949.31809658393
"Uninformative_bk_Santos (2018)","Uninformative_bk","M_Santos(2005-2018)",3617.60820336561
"Uninformative_bk_Santos (2018)","Uninformative_bk","M_Santos(2005-2018)",1918.39385376966
"Uninformative_bk_Santos (2018)","Uninformative_bk","M_Santos(2005-2018)",1795.38280549426
"Uninformative_bk_Santos (2018)","Uninformative_bk","M_Santos(2005-2018)",1936.35853149375
"Uninformative_bk_Santos (2018)","Uninformative_bk","M_Santos(2005-2018)",1981.72396615553
"Uninformative_bk_Santos (2018)","Uninformative_bk","M_Santos(2005-2018)",1792.80712595543
"Uninformative_bk_Santos (2018)","Uninformative_bk","M_Santos(2005-2018)",2586.30965133846
"Uninformative_bk_Santos (2018)","Uninformative_bk","M_Santos(2005-2018)",1850.78120121694
"Uninformative_bk_Santos (2018)","Uninformative_bk","M_Santos(2005-2018)",2024.62140465707
"Uninformative_bk_Santos (2018)","Uninformative_bk","M_Santos(2005-2018)",1957.26219694833
"Uninformative_bk_Santos (2018)","Uninformative_bk","M_Santos(2005-2018)",1797.00149778719
"Uninformative_bk_Santos (2018)","Uninformative_bk","M_Santos(2005-2018)",1960.45466772369
"Uninformative_bk_Santos (2018)","Uninformative_bk","M_Santos(2005-2018)",1944.63766516242
"Uninformative_bk_Santos (2018)","Uninformative_bk","M_Santos(2005-2018)",2084.01179865531
"Uninformative_bk_Santos (2018)","Uninformative_bk","M_Santos(2005-2018)",2655.45883653927
"Uninformative_bk_Santos (2018)","Uninformative_bk","M_Santos(2005-2018)",1748.66714332116
"Uninformative_bk_Santos (2018)","Uninformative_bk","M_Santos(2005-2018)",1829.36818946667
"Uninformative_bk_Santos (2018)","Uninformative_bk","M_Santos(2005-2018)",5281.61310909392
"Uninformative_bk_Santos (2018)","Uninformative_bk","M_Santos(2005-2018)",1790.02942330418
"Uninformative_bk_Santos (2018)","Uninformative_bk","M_Santos(2005-2018)",2194.13876623548
"Uninformative_bk_Santos (2018)","Uninformative_bk","M_Santos(2005-2018)",1911.15787182543
"Uninformative_bk_Santos (2018)","Uninformative_bk","M_Santos(2005-2018)",2068.75092272414
"Uninformative_bk_Santos (2018)","Uninformative_bk","M_Santos(2005-2018)",1909.08097285786
"Uninformative_bk_Santos (2018)","Uninformative_bk","M_Santos(2005-2018)",1812.05182253054
"Uninformative_bk_Santos (2018)","Uninformative_bk","M_Santos(2005-2018)",1999.66707806809
"Uninformative_bk_Santos (2018)","Uninformative_bk","M_Santos(2005-2018)",1847.45973682516
"Uninformative_bk_Santos (2018)","Uninformative_bk","M_Santos(2005-2018)",1863.59854602507
"Uninformative_bk_Santos (2018)","Uninformative_bk","M_Santos(2005-2018)",1942.89242110231
"Uninformative_bk_Santos (2018)","Uninformative_bk","M_Santos(2005-2018)",1962.74663619771
"Uninformative_bk_Santos (2018)","Uninformative_bk","M_Santos(2005-2018)",1976.3130381561
"Uninformative_bk_Santos (2018)","Uninformative_bk","M_Santos(2005-2018)",2636.24941536199
"Uninformative_bk_Santos (2018)","Uninformative_bk","M_Santos(2005-2018)",1728.52537079814
"Uninformative_bk_Santos (2018)","Uninformative_bk","M_Santos(2005-2018)",3384.57840954879
"Uninformative_bk_Santos (2018)","Uninformative_bk","M_Santos(2005-2018)",1869.02233805339
"Uninformative_bk_Santos (2018)","Uninformative_bk","M_Santos(2005-2018)",1883.54344613114
"Uninformative_bk_Santos (2018)","Uninformative_bk","M_Santos(2005-2018)",1750.42915122247
"Uninformative_bk_Santos (2018)","Uninformative_bk","M_Santos(2005-2018)",3021.03131490564
"Uninformative_bk_Santos (2018)","Uninformative_bk","M_Santos(2005-2018)",1867.23265491961
"Uninformative_bk_Santos (2018)","Uninformative_bk","M_Santos(2005-2018)",1905.04549864274
"Uninformative_bk_Santos (2018)","Uninformative_bk","M_Santos(2005-2018)",1941.84732983916
"Uninformative_bk_Santos (2018)","Uninformative_bk","M_Santos(2005-2018)",1936.16365221521
"Uninformative_bk_Santos (2018)","Uninformative_bk","M_Santos(2005-2018)",1914.07920833057
"Uninformative_bk_Santos (2018)","Uninformative_bk","M_Santos(2005-2018)",1928.60223870443
"Uninformative_bk_Santos (2018)","Uninformative_bk","M_Santos(2005-2018)",1966.36631002943
"Uninformative_bk_Santos (2018)","Uninformative_bk","M_Santos(2005-2018)",1949.0584359244
"Uninformative_bk_Santos (2018)","Uninformative_bk","M_Santos(2005-2018)",1977.29967025022
"Uninformative_bk_Santos (2018)","Uninformative_bk","M_Santos(2005-2018)",1760.57253161487
"Uninformative_bk_Santos (2018)","Uninformative_bk","M_Santos(2005-2018)",1901.42290792021
"Uninformative_bk_Santos (2018)","Uninformative_bk","M_Santos(2005-2018)",1870.66985305153
"Uninformative_bk_Santos (2018)","Uninformative_bk","M_Santos(2005-2018)",1849.42685274215
"Uninformative_bk_Santos (2018)","Uninformative_bk","M_Santos(2005-2018)",1922.41902253351
"Uninformative_bk_Santos (2018)","Uninformative_bk","M_Santos(2005-2018)",3862.70626513838
"Uninformative_bk_Santos (2018)","Uninformative_bk","M_Santos(2005-2018)",1894.25190310943
"Uninformative_bk_Santos (2018)","Uninformative_bk","M_Santos(2005-2018)",1978.53050297291
"Uninformative_bk_Santos (2018)","Uninformative_bk","M_Santos(2005-2018)",1839.29690006945
"Uninformative_bk_Santos (2018)","Uninformative_bk","M_Santos(2005-2018)",2224.01501242116
"Uninformative_bk_Santos (2018)","Uninformative_bk","M_Santos(2005-2018)",1975.53226728383
"Uninformative_bk_Santos (2018)","Uninformative_bk","M_Santos(2005-2018)",2228.97405249444
"Uninformative_bk_Santos (2018)","Uninformative_bk","M_Santos(2005-2018)",2515.46311008619
"Uninformative_bk_Santos (2018)","Uninformative_bk","M_Santos(2005-2018)",2968.59038846252
"Uninformative_bk_Santos (2018)","Uninformative_bk","M_Santos(2005-2018)",3404.30521222247
"Uninformative_bk_Santos (2018)","Uninformative_bk","M_Santos(2005-2018)",2236.26820139042
"Uninformative_bk_Santos (2018)","Uninformative_bk","M_Santos(2005-2018)",2228.64667015571
"Uninformative_bk_Santos (2018)","Uninformative_bk","M_Santos(2005-2018)",1841.37030600842
"Uninformative_bk_Santos (2018)","Uninformative_bk","M_Santos(2005-2018)",2287.77200175628
"Uninformative_bk_Santos (2018)","Uninformative_bk","M_Santos(2005-2018)",2115.22097425244
"Uninformative_bk_Santos (2018)","Uninformative_bk","M_Santos(2005-2018)",1811.82547882839
"Uninformative_bk_Santos (2018)","Uninformative_bk","M_Santos(2005-2018)",1899.82033146919
"Uninformative_bk_Santos (2018)","Uninformative_bk","M_Santos(2005-2018)",1981.26135088432
"Uninformative_bk_Santos (2018)","Uninformative_bk","M_Santos(2005-2018)",1975.81796993239
"Uninformative_bk_Santos (2018)","Uninformative_bk","M_Santos(2005-2018)",2293.67248881733
"Uninformative_bk_Santos (2018)","Uninformative_bk","M_Santos(2005-2018)",1536.45262829614
"Uninformative_bk_Santos (2018)","Uninformative_bk","M_Santos(2005-2018)",2628.25939772825
"Uninformative_bk_Santos (2018)","Uninformative_bk","M_Santos(2005-2018)",1970.19852393403
"Uninformative_bk_Santos (2018)","Uninformative_bk","M_Santos(2005-2018)",1878.91426246348
"Uninformative_bk_Santos (2018)","Uninformative_bk","M_Santos(2005-2018)",1956.89829325
"Uninformative_bk_Santos (2018)","Uninformative_bk","M_Santos(2005-2018)",2063.13693988802
"Uninformative_bk_Santos (2018)","Uninformative_bk","M_Santos(2005-2018)",1603.62426512855
"Uninformative_bk_Santos (2018)","Uninformative_bk","M_Santos(2005-2018)",1911.44366848013
"Uninformative_bk_Santos (2018)","Uninformative_bk","M_Santos(2005-2018)",1948.83585163187
"Uninformative_bk_Santos (2018)","Uninformative_bk","M_Santos(2005-2018)",1921.23359188741
"Uninformative_bk_Santos (2018)","Uninformative_bk","M_Santos(2005-2018)",1879.94299532622
"Uninformative_bk_Santos (2018)","Uninformative_bk","M_Santos(2005-2018)",1864.11644573246
"Uninformative_bk_Santos (2018)","Uninformative_bk","M_Santos(2005-2018)",2044.5363243353
"Uninformative_bk_Santos (2018)","Uninformative_bk","M_Santos(2005-2018)",2023.07468188422
"Uninformative_bk_Santos (2018)","Uninformative_bk","M_Santos(2005-2018)",2082.85368747438
"Uninformative_bk_Santos (2018)","Uninformative_bk","M_Santos(2005-2018)",1961.32012971863
"Uninformative_bk_Santos (2018)","Uninformative_bk","M_Santos(2005-2018)",3521.60885521152
"Uninformative_bk_Santos (2018)","Uninformative_bk","M_Santos(2005-2018)",1882.63274823771
"Uninformative_bk_Santos (2018)","Uninformative_bk","M_Santos(2005-2018)",1922.17510425348
"Uninformative_bk_Santos (2018)","Uninformative_bk","M_Santos(2005-2018)",2141.08372388374
"Uninformative_bk_Santos (2018)","Uninformative_bk","M_Santos(2005-2018)",1810.99833000926
"Uninformative_bk_Santos (2018)","Uninformative_bk","M_Santos(2005-2018)",1855.98048026118
"Uninformative_bk_Santos (2018)","Uninformative_bk","M_Santos(2005-2018)",5438.34791693704
"Uninformative_bk_Santos (2018)","Uninformative_bk","M_Santos(2005-2018)",2224.91437325928
"Uninformative_bk_Santos (2018)","Uninformative_bk","M_Santos(2005-2018)",2152.79805207513
"Uninformative_bk_Santos (2018)","Uninformative_bk","M_Santos(2005-2018)",1965.78984041415
"Uninformative_bk_Santos (2018)","Uninformative_bk","M_Santos(2005-2018)",1831.37267710358
"Uninformative_bk_Santos (2018)","Uninformative_bk","M_Santos(2005-2018)",1853.94437846979
"Uninformative_bk_Santos (2018)","Uninformative_bk","M_Santos(2005-2018)",1953.21447584676
"Uninformative_bk_Santos (2018)","Uninformative_bk","M_Santos(2005-2018)",2836.52621013784
"Uninformative_bk_Santos (2018)","Uninformative_bk","M_Santos(2005-2018)",1891.8561698896
"Uninformative_bk_Santos (2018)","Uninformative_bk","M_Santos(2005-2018)",1788.77171723875
"Uninformative_bk_Santos (2018)","Uninformative_bk","M_Santos(2005-2018)",1836.7255835309
"Uninformative_bk_Santos (2018)","Uninformative_bk","M_Santos(2005-2018)",1879.843376543
"Uninformative_bk_Santos (2018)","Uninformative_bk","M_Santos(2005-2018)",1831.82530477348
"Uninformative_bk_Santos (2018)","Uninformative_bk","M_Santos(2005-2018)",1962.51944544073
"Uninformative_bk_Santos (2018)","Uninformative_bk","M_Santos(2005-2018)",2256.5173462574
"Uninformative_bk_Santos (2018)","Uninformative_bk","M_Santos(2005-2018)",1813.25119889061
"Uninformative_bk_Santos (2018)","Uninformative_bk","M_Santos(2005-2018)",1961.25806202665
"Uninformative_bk_Santos (2018)","Uninformative_bk","M_Santos(2005-2018)",5435.05004886541
"Uninformative_bk_Santos (2018)","Uninformative_bk","M_Santos(2005-2018)",1955.80258535465
"Uninformative_bk_Santos (2018)","Uninformative_bk","M_Santos(2005-2018)",2273.87247458819
"Uninformative_bk_Santos (2018)","Uninformative_bk","M_Santos(2005-2018)",1799.38720000563
"Uninformative_bk_Santos (2018)","Uninformative_bk","M_Santos(2005-2018)",1915.05602639315
"Uninformative_bk_Santos (2018)","Uninformative_bk","M_Santos(2005-2018)",1877.56707173173
"Uninformative_bk_Santos (2018)","Uninformative_bk","M_Santos(2005-2018)",1976.64796796712
"Uninformative_bk_Santos (2018)","Uninformative_bk","M_Santos(2005-2018)",1942.47359409401
"Uninformative_bk_Santos (2018)","Uninformative_bk","M_Santos(2005-2018)",1951.70935704485
"Uninformative_bk_Santos (2018)","Uninformative_bk","M_Santos(2005-2018)",1956.97902127491
"Uninformative_bk_Santos (2018)","Uninformative_bk","M_Santos(2005-2018)",2091.35573970505
"Uninformative_bk_Santos (2018)","Uninformative_bk","M_Santos(2005-2018)",1746.75800082413
"Uninformative_bk_Santos (2018)","Uninformative_bk","M_Santos(2005-2018)",2019.9775929939
"Uninformative_bk_Santos (2018)","Uninformative_bk","M_Santos(2005-2018)",2034.67715508986
"Uninformative_bk_Santos (2018)","Uninformative_bk","M_Santos(2005-2018)",2026.08174673195
"Uninformative_bk_Santos (2018)","Uninformative_bk","M_Santos(2005-2018)",1942.6387984334
"Uninformative_bk_Santos (2018)","Uninformative_bk","M_Santos(2005-2018)",2224.65558123576
"Uninformative_bk_Santos (2018)","Uninformative_bk","M_Santos(2005-2018)",1908.45767473529
"Uninformative_bk_Santos (2018)","Uninformative_bk","M_Santos(2005-2018)",3198.98926133264
"Uninformative_bk_Santos (2018)","Uninformative_bk","M_Santos(2005-2018)",1896.07228594617
"Uninformative_bk_Santos (2018)","Uninformative_bk","M_Santos(2005-2018)",1973.97941415366
"Uninformative_bk_Santos (2018)","Uninformative_bk","M_Santos(2005-2018)",1747.1603495463
"Uninformative_bk_Santos (2018)","Uninformative_bk","M_Santos(2005-2018)",1832.91731445511
"Uninformative_bk_Santos (2018)","Uninformative_bk","M_Santos(2005-2018)",2062.99732761875
"Uninformative_bk_Santos (2018)","Uninformative_bk","M_Santos(2005-2018)",1962.01372918926
"Uninformative_bk_Santos (2018)","Uninformative_bk","M_Santos(2005-2018)",2067.61987106519
"Uninformative_bk_Santos (2018)","Uninformative_bk","M_Santos(2005-2018)",1654.49735262262
"Uninformative_bk_Santos (2018)","Uninformative_bk","M_Santos(2005-2018)",1898.01329198995
"Uninformative_bk_Santos (2018)","Uninformative_bk","M_Santos(2005-2018)",1894.37561356133
"Uninformative_bk_Santos (2018)","Uninformative_bk","M_Santos(2005-2018)",2129.82653418357
"Uninformative_bk_Santos (2018)","Uninformative_bk","M_Santos(2005-2018)",1942.26859070527
"Uninformative_bk_Santos (2018)","Uninformative_bk","M_Santos(2005-2018)",1799.0872821932
"Uninformative_bk_Santos (2018)","Uninformative_bk","M_Santos(2005-2018)",1893.6526451639
"Uninformative_bk_Santos (2018)","Uninformative_bk","M_Santos(2005-2018)",2415.93980297888
"Uninformative_bk_Santos (2018)","Uninformative_bk","M_Santos(2005-2018)",3721.88709233971
"Uninformative_bk_Santos (2018)","Uninformative_bk","M_Santos(2005-2018)",1843.97716472676
"Uninformative_bk_Santos (2018)","Uninformative_bk","M_Santos(2005-2018)",2070.60884667848
"Uninformative_bk_Santos (2018)","Uninformative_bk","M_Santos(2005-2018)",1756.03735606864
"Uninformative_bk_Santos (2018)","Uninformative_bk","M_Santos(2005-2018)",1921.11812679927
"Uninformative_bk_Santos (2018)","Uninformative_bk","M_Santos(2005-2018)",1908.08137687505
"Uninformative_bk_Santos (2018)","Uninformative_bk","M_Santos(2005-2018)",1982.38338267005
"Uninformative_bk_Santos (2018)","Uninformative_bk","M_Santos(2005-2018)",2166.67926986784
"Uninformative_bk_Santos (2018)","Uninformative_bk","M_Santos(2005-2018)",2710.09626347427
"Uninformative_bk_Santos (2018)","Uninformative_bk","M_Santos(2005-2018)",1973.61955510219
"Uninformative_bk_Santos (2018)","Uninformative_bk","M_Santos(2005-2018)",3806.88005254684
"Uninformative_bk_Santos (2018)","Uninformative_bk","M_Santos(2005-2018)",2081.78848986679
"Uninformative_bk_Santos (2018)","Uninformative_bk","M_Santos(2005-2018)",1966.47788305645
"Uninformative_bk_Santos (2018)","Uninformative_bk","M_Santos(2005-2018)",1838.26614090692
"Uninformative_bk_Santos (2018)","Uninformative_bk","M_Santos(2005-2018)",2371.95898397973
"Uninformative_bk_Santos (2018)","Uninformative_bk","M_Santos(2005-2018)",1990.46255558484
"Uninformative_bk_Santos (2018)","Uninformative_bk","M_Santos(2005-2018)",3655.94897327861
"Uninformative_bk_Santos (2018)","Uninformative_bk","M_Santos(2005-2018)",2078.39603132878
"Uninformative_bk_Santos (2018)","Uninformative_bk","M_Santos(2005-2018)",1985.78405112759
"Uninformative_bk_Santos (2018)","Uninformative_bk","M_Santos(2005-2018)",1936.91911035868
"Uninformative_bk_Santos (2018)","Uninformative_bk","M_Santos(2005-2018)",1989.15645864513
"Uninformative_bk_Santos (2018)","Uninformative_bk","M_Santos(2005-2018)",1888.7641115768
"Uninformative_bk_Santos (2018)","Uninformative_bk","M_Santos(2005-2018)",1898.44582758683
"Uninformative_bk_Santos (2018)","Uninformative_bk","M_Santos(2005-2018)",2294.78212175948
"Uninformative_bk_Santos (2018)","Uninformative_bk","M_Santos(2005-2018)",1910.330172555
"Uninformative_bk_Santos (2018)","Uninformative_bk","M_Santos(2005-2018)",1949.36798448216
"Uninformative_bk_Santos (2018)","Uninformative_bk","M_Santos(2005-2018)",1888.24309771096
"Uninformative_bk_Santos (2018)","Uninformative_bk","M_Santos(2005-2018)",2808.01153060115
"Uninformative_bk_Santos (2018)","Uninformative_bk","M_Santos(2005-2018)",1914.19714823624
"Uninformative_bk_Santos (2018)","Uninformative_bk","M_Santos(2005-2018)",1907.19881620075
"Uninformative_bk_Santos (2018)","Uninformative_bk","M_Santos(2005-2018)",2557.50767099225
"Uninformative_bk_Santos (2018)","Uninformative_bk","M_Santos(2005-2018)",1974.48349074765
"Uninformative_bk_Santos (2018)","Uninformative_bk","M_Santos(2005-2018)",1941.44566153819
"Uninformative_bk_Santos (2018)","Uninformative_bk","M_Santos(2005-2018)",1752.32726869154
"Uninformative_bk_Santos (2018)","Uninformative_bk","M_Santos(2005-2018)",5263.21347083596
"Uninformative_bk_Santos (2018)","Uninformative_bk","M_Santos(2005-2018)",1889.86250564149
"Uninformative_bk_Santos (2018)","Uninformative_bk","M_Santos(2005-2018)",2025.36230004772
"Uninformative_bk_Santos (2018)","Uninformative_bk","M_Santos(2005-2018)",1989.37199054093
"Uninformative_bk_Santos (2018)","Uninformative_bk","M_Santos(2005-2018)",1850.19495452945
"Uninformative_bk_Santos (2018)","Uninformative_bk","M_Santos(2005-2018)",1842.70035067505
"Uninformative_bk_Santos (2018)","Uninformative_bk","M_Santos(2005-2018)",2920.80951688857
"Uninformative_bk_Santos (2018)","Uninformative_bk","M_Santos(2005-2018)",1905.29640930571
"Uninformative_bk_Santos (2018)","Uninformative_bk","M_Santos(2005-2018)",1883.22381571789
"Uninformative_bk_Santos (2018)","Uninformative_bk","M_Santos(2005-2018)",1920.35372430654
"Uninformative_bk_Santos (2018)","Uninformative_bk","M_Santos(2005-2018)",1977.10477647494
"Uninformative_bk_Santos (2018)","Uninformative_bk","M_Santos(2005-2018)",2103.64695753983
"Uninformative_bk_Santos (2018)","Uninformative_bk","M_Santos(2005-2018)",1798.50549444068
"Uninformative_bk_Santos (2018)","Uninformative_bk","M_Santos(2005-2018)",1927.72179499351
"Uninformative_bk_Santos (2018)","Uninformative_bk","M_Santos(2005-2018)",1769.62935654523
"Uninformative_bk_Santos (2018)","Uninformative_bk","M_Santos(2005-2018)",2035.69045955718
"Uninformative_bk_Santos (2018)","Uninformative_bk","M_Santos(2005-2018)",2815.62031758102
"Uninformative_bk_Santos (2018)","Uninformative_bk","M_Santos(2005-2018)",2000.5702253325
"Uninformative_bk_Santos (2018)","Uninformative_bk","M_Santos(2005-2018)",5046.88903048413
"Uninformative_bk_Santos (2018)","Uninformative_bk","M_Santos(2005-2018)",1786.88240344785
"Uninformative_bk_Santos (2018)","Uninformative_bk","M_Santos(2005-2018)",1953.32097135852
"Uninformative_bk_Santos (2018)","Uninformative_bk","M_Santos(2005-2018)",2038.45952351387
"Uninformative_bk_Santos (2018)","Uninformative_bk","M_Santos(2005-2018)",1826.33282634153
"Uninformative_bk_Santos (2018)","Uninformative_bk","M_Santos(2005-2018)",1958.51528815577
"Uninformative_bk_Santos (2018)","Uninformative_bk","M_Santos(2005-2018)",1903.35808764536
"Uninformative_bk_Santos (2018)","Uninformative_bk","M_Santos(2005-2018)",2064.5671409418
"Uninformative_bk_Santos (2018)","Uninformative_bk","M_Santos(2005-2018)",1854.3013349055
"Uninformative_bk_Santos (2018)","Uninformative_bk","M_Santos(2005-2018)",1802.38244085557
"Uninformative_bk_Santos (2018)","Uninformative_bk","M_Santos(2005-2018)",1772.65581670916
"Uninformative_bk_Santos (2018)","Uninformative_bk","M_Santos(2005-2018)",1853.34985043225
"Uninformative_bk_Santos (2018)","Uninformative_bk","M_Santos(2005-2018)",1815.73560087126
"Uninformative_bk_Santos (2018)","Uninformative_bk","M_Santos(2005-2018)",1947.67210062333
"Uninformative_bk_Santos (2018)","Uninformative_bk","M_Santos(2005-2018)",1800.82476919049
"Uninformative_bk_Santos (2018)","Uninformative_bk","M_Santos(2005-2018)",1799.80517050948
"Uninformative_bk_Santos (2018)","Uninformative_bk","M_Santos(2005-2018)",1876.24591568661
"Uninformative_bk_Santos (2018)","Uninformative_bk","M_Santos(2005-2018)",1947.22982903253
"Uninformative_bk_Santos (2018)","Uninformative_bk","M_Santos(2005-2018)",2358.43932928636
"Uninformative_bk_Santos (2018)","Uninformative_bk","M_Santos(2005-2018)",2599.97438412471
"Uninformative_bk_Santos (2018)","Uninformative_bk","M_Santos(2005-2018)",1454.93158307419
"Uninformative_bk_Santos (2018)","Uninformative_bk","M_Santos(2005-2018)",2104.02040481454
"Uninformative_bk_Santos (2018)","Uninformative_bk","M_Santos(2005-2018)",1875.59662023921
"Uninformative_bk_Santos (2018)","Uninformative_bk","M_Santos(2005-2018)",1838.32101840939
"Uninformative_bk_Santos (2018)","Uninformative_bk","M_Santos(2005-2018)",1736.25394417037
"Uninformative_bk_Santos (2018)","Uninformative_bk","M_Santos(2005-2018)",1926.13580924552
"Uninformative_bk_Santos (2018)","Uninformative_bk","M_Santos(2005-2018)",2426.88638746813
"Uninformative_bk_Santos (2018)","Uninformative_bk","M_Santos(2005-2018)",2970.63329772315
"Uninformative_bk_Santos (2018)","Uninformative_bk","M_Santos(2005-2018)",2401.74024520706
"Uninformative_bk_Santos (2018)","Uninformative_bk","M_Santos(2005-2018)",1974.11779005723
"Uninformative_bk_Santos (2018)","Uninformative_bk","M_Santos(2005-2018)",1868.39047003727
"Uninformative_bk_Santos (2018)","Uninformative_bk","M_Santos(2005-2018)",2042.07329564181
"Uninformative_bk_Santos (2018)","Uninformative_bk","M_Santos(2005-2018)",1945.91487264426
"Uninformative_bk_Santos (2018)","Uninformative_bk","M_Santos(2005-2018)",1979.56668658839
"Uninformative_bk_Santos (2018)","Uninformative_bk","M_Santos(2005-2018)",1943.10238790826
"Uninformative_bk_Santos (2018)","Uninformative_bk","M_Santos(2005-2018)",2296.97653735479
"Uninformative_bk_Santos (2018)","Uninformative_bk","M_Santos(2005-2018)",1777.40063565354
"Uninformative_bk_Santos (2018)","Uninformative_bk","M_Santos(2005-2018)",1827.75769899381
"Uninformative_bk_Santos (2018)","Uninformative_bk","M_Santos(2005-2018)",3102.31581228087
"Uninformative_bk_Santos (2018)","Uninformative_bk","M_Santos(2005-2018)",1876.1498925602
"Uninformative_bk_Santos (2018)","Uninformative_bk","M_Santos(2005-2018)",1833.17914660692
"Uninformative_bk_Santos (2018)","Uninformative_bk","M_Santos(2005-2018)",1788.49512008261
"Uninformative_bk_Santos (2018)","Uninformative_bk","M_Santos(2005-2018)",1895.88306215704
"Uninformative_bk_Santos (2018)","Uninformative_bk","M_Santos(2005-2018)",1947.86541078021
"Uninformative_bk_Santos (2018)","Uninformative_bk","M_Santos(2005-2018)",1864.50435706115
"Uninformative_bk_Santos (2018)","Uninformative_bk","M_Santos(2005-2018)",1934.009214722
"Uninformative_bk_Santos (2018)","Uninformative_bk","M_Santos(2005-2018)",1847.90504074115
"Uninformative_bk_Santos (2018)","Uninformative_bk","M_Santos(2005-2018)",1979.52652504005
"Uninformative_bk_Santos (2018)","Uninformative_bk","M_Santos(2005-2018)",4473.15296606309
"Uninformative_bk_Santos (2018)","Uninformative_bk","M_Santos(2005-2018)",1924.40141159706
"Uninformative_bk_Santos (2018)","Uninformative_bk","M_Santos(2005-2018)",1968.18652500381
"Uninformative_bk_Santos (2018)","Uninformative_bk","M_Santos(2005-2018)",1864.74697113976
"Uninformative_bk_Santos (2018)","Uninformative_bk","M_Santos(2005-2018)",1834.68947098781
"Uninformative_bk_Santos (2018)","Uninformative_bk","M_Santos(2005-2018)",3223.70056905358
"Uninformative_bk_Santos (2018)","Uninformative_bk","M_Santos(2005-2018)",1912.2347586889
"Uninformative_bk_Santos (2018)","Uninformative_bk","M_Santos(2005-2018)",1806.86811455508
"Uninformative_bk_Santos (2018)","Uninformative_bk","M_Santos(2005-2018)",1922.35294934159
"Uninformative_bk_Santos (2018)","Uninformative_bk","M_Santos(2005-2018)",1950.93466456808
"Uninformative_bk_Santos (2018)","Uninformative_bk","M_Santos(2005-2018)",1843.72916580233
"Uninformative_bk_Santos (2018)","Uninformative_bk","M_Santos(2005-2018)",2072.42904433769
"Uninformative_bk_Santos (2018)","Uninformative_bk","M_Santos(2005-2018)",1976.92466604169
"Uninformative_bk_Santos (2018)","Uninformative_bk","M_Santos(2005-2018)",1899.86771344164
"Uninformative_bk_Santos (2018)","Uninformative_bk","M_Santos(2005-2018)",4042.37931128575
"Uninformative_bk_Santos (2018)","Uninformative_bk","M_Santos(2005-2018)",1939.01717253779
"Uninformative_bk_Santos (2018)","Uninformative_bk","M_Santos(2005-2018)",1857.17777545939
"Uninformative_bk_Santos (2018)","Uninformative_bk","M_Santos(2005-2018)",1955.47717786055
"Uninformative_bk_Santos (2018)","Uninformative_bk","M_Santos(2005-2018)",3162.56318802411
"Uninformative_bk_Santos (2018)","Uninformative_bk","M_Santos(2005-2018)",1959.6044823275
"Uninformative_bk_Santos (2018)","Uninformative_bk","M_Santos(2005-2018)",1905.17234217858
"Uninformative_bk_Santos (2018)","Uninformative_bk","M_Santos(2005-2018)",1957.09955006949
"Uninformative_bk_Santos (2018)","Uninformative_bk","M_Santos(2005-2018)",1571.37545606343
"Uninformative_bk_Santos (2018)","Uninformative_bk","M_Santos(2005-2018)",1849.76851676032
"Uninformative_bk_Santos (2018)","Uninformative_bk","M_Santos(2005-2018)",1937.48278264548
"Uninformative_bk_Santos (2018)","Uninformative_bk","M_Santos(2005-2018)",2124.93615357469
"Uninformative_bk_Santos (2018)","Uninformative_bk","M_Santos(2005-2018)",2439.05302362185
"Uninformative_bk_Santos (2018)","Uninformative_bk","M_Santos(2005-2018)",2172.19210267575
"Uninformative_bk_Santos (2018)","Uninformative_bk","M_Santos(2005-2018)",2200.13988404302
"Uninformative_bk_Santos (2018)","Uninformative_bk","M_Santos(2005-2018)",2171.65095173608
"Uninformative_bk_Santos (2018)","Uninformative_bk","M_Santos(2005-2018)",1860.19549869065
"Uninformative_bk_Santos (2018)","Uninformative_bk","M_Santos(2005-2018)",1874.73980030024
"Uninformative_bk_Santos (2018)","Uninformative_bk","M_Santos(2005-2018)",1731.57920421547
"Uninformative_bk_Santos (2018)","Uninformative_bk","M_Santos(2005-2018)",1810.18884055456
"Uninformative_bk_Santos (2018)","Uninformative_bk","M_Santos(2005-2018)",1938.65849480763
"Uninformative_bk_Santos (2018)","Uninformative_bk","M_Santos(2005-2018)",2014.3686673678
"Uninformative_bk_Santos (2018)","Uninformative_bk","M_Santos(2005-2018)",1910.87354323931
"Uninformative_bk_Santos (2018)","Uninformative_bk","M_Santos(2005-2018)",1862.36985976335
"Uninformative_bk_Santos (2018)","Uninformative_bk","M_Santos(2005-2018)",2112.45408658794
"Uninformative_bk_Santos (2018)","Uninformative_bk","M_Santos(2005-2018)",1724.94409725027
"Uninformative_bk_Santos (2018)","Uninformative_bk","M_Santos(2005-2018)",1664.67076083763
"Uninformative_bk_Santos (2018)","Uninformative_bk","M_Santos(2005-2018)",1889.91274793373
"Uninformative_bk_Santos (2018)","Uninformative_bk","M_Santos(2005-2018)",2044.37406468527
"Uninformative_bk_Santos (2018)","Uninformative_bk","M_Santos(2005-2018)",2318.29087865531
"Uninformative_bk_Santos (2018)","Uninformative_bk","M_Santos(2005-2018)",1957.3039945582
"Uninformative_bk_Santos (2018)","Uninformative_bk","M_Santos(2005-2018)",3497.99202304812
"Uninformative_bk_Santos (2018)","Uninformative_bk","M_Santos(2005-2018)",2314.80724058733
"Uninformative_bk_Santos (2018)","Uninformative_bk","M_Santos(2005-2018)",1885.06293956134
"Uninformative_bk_Santos (2018)","Uninformative_bk","M_Santos(2005-2018)",2027.26178174874
"Uninformative_bk_Santos (2018)","Uninformative_bk","M_Santos(2005-2018)",1997.99220573302
"Uninformative_bk_Santos (2018)","Uninformative_bk","M_Santos(2005-2018)",2786.83567177689
"Uninformative_bk_Santos (2018)","Uninformative_bk","M_Santos(2005-2018)",1992.53172239742
"Uninformative_bk_Santos (2018)","Uninformative_bk","M_Santos(2005-2018)",2519.35727648304
"Uninformative_bk_Santos (2018)","Uninformative_bk","M_Santos(2005-2018)",1947.01455609471
"Uninformative_bk_Santos (2018)","Uninformative_bk","M_Santos(2005-2018)",1986.1402609969
"Uninformative_bk_Santos (2018)","Uninformative_bk","M_Santos(2005-2018)",3550.12808244221
"Uninformative_bk_Santos (2018)","Uninformative_bk","M_Santos(2005-2018)",1779.00884476209
"Uninformative_bk_Santos (2018)","Uninformative_bk","M_Santos(2005-2018)",1870.67948882688
"Uninformative_bk_Santos (2018)","Uninformative_bk","M_Santos(2005-2018)",2168.40090226002
"Uninformative_bk_Santos (2018)","Uninformative_bk","M_Santos(2005-2018)",1679.65433367633
"Uninformative_bk_Santos (2018)","Uninformative_bk","M_Santos(2005-2018)",2935.43093408237
"Uninformative_bk_Santos (2018)","Uninformative_bk","M_Santos(2005-2018)",1901.16862214978
"Uninformative_bk_Santos (2018)","Uninformative_bk","M_Santos(2005-2018)",1786.9343239289
"Uninformative_bk_Santos (2018)","Uninformative_bk","M_Santos(2005-2018)",2058.1537472754
"Uninformative_bk_Santos (2018)","Uninformative_bk","M_Santos(2005-2018)",1864.16944063394
"Uninformative_bk_Santos (2018)","Uninformative_bk","M_Santos(2005-2018)",1927.59609855897
"Uninformative_bk_Santos (2018)","Uninformative_bk","M_Santos(2005-2018)",2163.68235230652
"Uninformative_bk_Santos (2018)","Uninformative_bk","M_Santos(2005-2018)",1949.65285440343
"Uninformative_bk_Santos (2018)","Uninformative_bk","M_Santos(2005-2018)",1980.26805360423
"Uninformative_bk_Santos (2018)","Uninformative_bk","M_Santos(2005-2018)",3034.47243588866
"Uninformative_bk_Santos (2018)","Uninformative_bk","M_Santos(2005-2018)",2381.82165223346
"Uninformative_bk_Santos (2018)","Uninformative_bk","M_Santos(2005-2018)",1995.60947039235
"Uninformative_bk_Santos (2018)","Uninformative_bk","M_Santos(2005-2018)",1985.8332360758
"Uninformative_bk_Santos (2018)","Uninformative_bk","M_Santos(2005-2018)",1768.52996629093
"Uninformative_bk_Santos (2018)","Uninformative_bk","M_Santos(2005-2018)",1737.36021527089
"Uninformative_bk_Santos (2018)","Uninformative_bk","M_Santos(2005-2018)",1901.67271395834
"Uninformative_bk_Santos (2018)","Uninformative_bk","M_Santos(2005-2018)",1970.76833775582
"Uninformative_bk_Santos (2018)","Uninformative_bk","M_Santos(2005-2018)",1977.41993432484
"Uninformative_bk_Santos (2018)","Uninformative_bk","M_Santos(2005-2018)",1947.93925704094
"Uninformative_bk_Santos (2018)","Uninformative_bk","M_Santos(2005-2018)",3067.09525884916
"Uninformative_bk_Santos (2018)","Uninformative_bk","M_Santos(2005-2018)",1782.59433845655
"Uninformative_bk_Santos (2018)","Uninformative_bk","M_Santos(2005-2018)",1653.86264964762
"Uninformative_bk_Santos (2018)","Uninformative_bk","M_Santos(2005-2018)",1959.70149741332
"Uninformative_bk_Santos (2018)","Uninformative_bk","M_Santos(2005-2018)",2000.05706973507
"Uninformative_bk_Santos (2018)","Uninformative_bk","M_Santos(2005-2018)",3722.5747392896
"Uninformative_bk_Santos (2018)","Uninformative_bk","M_Santos(2005-2018)",3016.67023031476
"Uninformative_bk_Santos (2018)","Uninformative_bk","M_Santos(2005-2018)",1927.91187939286
"Uninformative_bk_Santos (2018)","Uninformative_bk","M_Santos(2005-2018)",6131.29661763973
"Uninformative_bk_Santos (2018)","Uninformative_bk","M_Santos(2005-2018)",1967.84910080076
"Uninformative_bk_Santos (2018)","Uninformative_bk","M_Santos(2005-2018)",1933.12844176519
"Uninformative_bk_Santos (2018)","Uninformative_bk","M_Santos(2005-2018)",1878.97492841816
"Uninformative_bk_Santos (2018)","Uninformative_bk","M_Santos(2005-2018)",1997.8073999331
"Uninformative_bk_Santos (2018)","Uninformative_bk","M_Santos(2005-2018)",2011.06595311838
"Uninformative_bk_Santos (2018)","Uninformative_bk","M_Santos(2005-2018)",2198.25845801345
"Uninformative_bk_Santos (2018)","Uninformative_bk","M_Santos(2005-2018)",1912.82862061109
"Uninformative_bk_Santos (2018)","Uninformative_bk","M_Santos(2005-2018)",1968.12248294617
"Uninformative_bk_Santos (2018)","Uninformative_bk","M_Santos(2005-2018)",1841.34841388716
"Uninformative_bk_Santos (2018)","Uninformative_bk","M_Santos(2005-2018)",1947.13563380714
"Uninformative_bk_Santos (2018)","Uninformative_bk","M_Santos(2005-2018)",2726.12921054241
"Uninformative_bk_Santos (2018)","Uninformative_bk","M_Santos(2005-2018)",1895.33831316172
"Uninformative_bk_Santos (2018)","Uninformative_bk","M_Santos(2005-2018)",1901.55072779691
"Uninformative_bk_Santos (2018)","Uninformative_bk","M_Santos(2005-2018)",1944.43502712055
"Uninformative_bk_Santos (2018)","Uninformative_bk","M_Santos(2005-2018)",1893.20596230478
"Uninformative_bk_Santos (2018)","Uninformative_bk","M_Santos(2005-2018)",1818.378876183
"Uninformative_bk_Santos (2018)","Uninformative_bk","M_Santos(2005-2018)",1958.37193150771
"Uninformative_bk_Santos (2018)","Uninformative_bk","M_Santos(2005-2018)",1940.03375939797
"Uninformative_bk_Santos (2018)","Uninformative_bk","M_Santos(2005-2018)",2268.3657454895
"Uninformative_bk_Santos (2018)","Uninformative_bk","M_Santos(2005-2018)",2023.5659545053
"Uninformative_bk_Santos (2018)","Uninformative_bk","M_Santos(2005-2018)",1982.11302216077
"Uninformative_bk_Santos (2018)","Uninformative_bk","M_Santos(2005-2018)",1857.14860154655
"Uninformative_bk_Santos (2018)","Uninformative_bk","M_Santos(2005-2018)",1959.25968911653
"Uninformative_bk_Santos (2018)","Uninformative_bk","M_Santos(2005-2018)",1993.61975432253
"Uninformative_bk_Santos (2018)","Uninformative_bk","M_Santos(2005-2018)",2464.19562100862
"Uninformative_bk_Santos (2018)","Uninformative_bk","M_Santos(2005-2018)",1791.71519614759
"Uninformative_bk_Santos (2018)","Uninformative_bk","M_Santos(2005-2018)",1913.42675175889
"Uninformative_bk_Santos (2018)","Uninformative_bk","M_Santos(2005-2018)",1951.57882023113
"Uninformative_bk_Santos (2018)","Uninformative_bk","M_Santos(2005-2018)",1856.66536505797
"Uninformative_bk_Santos (2018)","Uninformative_bk","M_Santos(2005-2018)",1906.72942314372
"Uninformative_bk_Santos (2018)","Uninformative_bk","M_Santos(2005-2018)",2511.08706550753
"Uninformative_bk_Santos (2018)","Uninformative_bk","M_Santos(2005-2018)",1820.8641758425
"Uninformative_bk_Santos (2018)","Uninformative_bk","M_Santos(2005-2018)",1954.24882231553
"Uninformative_bk_Santos (2018)","Uninformative_bk","M_Santos(2005-2018)",1801.70815736987
"Uninformative_bk_Santos (2018)","Uninformative_bk","M_Santos(2005-2018)",1906.46887150672
"Uninformative_bk_Santos (2018)","Uninformative_bk","M_Santos(2005-2018)",1939.18305778761
"Uninformative_bk_Santos (2018)","Uninformative_bk","M_Santos(2005-2018)",1894.04405654657
"Uninformative_bk_Santos (2018)","Uninformative_bk","M_Santos(2005-2018)",1929.02070599111
"Uninformative_bk_Santos (2018)","Uninformative_bk","M_Santos(2005-2018)",1919.88806611172
"Uninformative_bk_Santos (2018)","Uninformative_bk","M_Santos(2005-2018)",1854.06792137283
"Uninformative_bk_Santos (2018)","Uninformative_bk","M_Santos(2005-2018)",2387.36764241936
"Uninformative_bk_Santos (2018)","Uninformative_bk","M_Santos(2005-2018)",2434.19770233858
"Uninformative_bk_Santos (2018)","Uninformative_bk","M_Santos(2005-2018)",1907.24264599514
"Uninformative_bk_Santos (2018)","Uninformative_bk","M_Santos(2005-2018)",1893.39284100087
"Uninformative_bk_Santos (2018)","Uninformative_bk","M_Santos(2005-2018)",1840.45157636981
"Uninformative_bk_Santos (2018)","Uninformative_bk","M_Santos(2005-2018)",1880.59809421515
"Uninformative_bk_Santos (2018)","Uninformative_bk","M_Santos(2005-2018)",1801.84071915436
"Uninformative_bk_Santos (2018)","Uninformative_bk","M_Santos(2005-2018)",1901.25181839917
"Uninformative_bk_Santos (2018)","Uninformative_bk","M_Santos(2005-2018)",2152.17307006607
"Uninformative_bk_Santos (2018)","Uninformative_bk","M_Santos(2005-2018)",1797.9585290182
"Uninformative_bk_Santos (2018)","Uninformative_bk","M_Santos(2005-2018)",1899.2645355433
"Uninformative_bk_Santos (2018)","Uninformative_bk","M_Santos(2005-2018)",2753.3739379113
"Uninformative_bk_Santos (2018)","Uninformative_bk","M_Santos(2005-2018)",4029.7263655867
"Uninformative_bk_Santos (2018)","Uninformative_bk","M_Santos(2005-2018)",1845.79489349943
"Uninformative_bk_Santos (2018)","Uninformative_bk","M_Santos(2005-2018)",1959.46800476246
"Uninformative_bk_Santos (2018)","Uninformative_bk","M_Santos(2005-2018)",2561.56493638828
"Uninformative_bk_Santos (2018)","Uninformative_bk","M_Santos(2005-2018)",1838.15884295855
"Uninformative_bk_Santos (2018)","Uninformative_bk","M_Santos(2005-2018)",2014.79447502473
"Uninformative_bk_Santos (2018)","Uninformative_bk","M_Santos(2005-2018)",1896.04005164253
"Uninformative_bk_Santos (2018)","Uninformative_bk","M_Santos(2005-2018)",1862.65352877357
"Uninformative_bk_Santos (2018)","Uninformative_bk","M_Santos(2005-2018)",1750.90727472243
"Uninformative_bk_Santos (2018)","Uninformative_bk","M_Santos(2005-2018)",1913.57730205667
"Uninformative_bk_Santos (2018)","Uninformative_bk","M_Santos(2005-2018)",1913.82585888982
"Uninformative_bk_Santos (2018)","Uninformative_bk","M_Santos(2005-2018)",1907.34736743583
"Uninformative_bk_Santos (2018)","Uninformative_bk","M_Santos(2005-2018)",1751.80592357503
"Uninformative_bk_Santos (2018)","Uninformative_bk","M_Santos(2005-2018)",1812.51869871959
"Uninformative_bk_Santos (2018)","Uninformative_bk","M_Santos(2005-2018)",1757.04591414911
"Uninformative_bk_Santos (2018)","Uninformative_bk","M_Santos(2005-2018)",5603.22987035537
"Uninformative_bk_Santos (2018)","Uninformative_bk","M_Santos(2005-2018)",1968.67170892619
"Uninformative_bk_Santos (2018)","Uninformative_bk","M_Santos(2005-2018)",1939.69935282754
"Uninformative_bk_Santos (2018)","Uninformative_bk","M_Santos(2005-2018)",1960.51244249645
"Uninformative_bk_Santos (2018)","Uninformative_bk","M_Santos(2005-2018)",4649.62850805474
"Uninformative_bk_Santos (2018)","Uninformative_bk","M_Santos(2005-2018)",3187.4750362802
"Uninformative_bk_Santos (2018)","Uninformative_bk","M_Santos(2005-2018)",1924.92571720992
"Uninformative_bk_Santos (2018)","Uninformative_bk","M_Santos(2005-2018)",1970.55721601711
"Uninformative_bk_Santos (2018)","Uninformative_bk","M_Santos(2005-2018)",1955.73781293301
"Uninformative_bk_Santos (2018)","Uninformative_bk","M_Santos(2005-2018)",1852.38504984807
"Uninformative_bk_Santos (2018)","Uninformative_bk","M_Santos(2005-2018)",2788.66906461054
"Uninformative_bk_Santos (2018)","Uninformative_bk","M_Santos(2005-2018)",1971.23655756699
"Uninformative_bk_Santos (2018)","Uninformative_bk","M_Santos(2005-2018)",1703.02416734795
"Uninformative_bk_Santos (2018)","Uninformative_bk","M_Santos(2005-2018)",1902.95178746582
"Uninformative_bk_Santos (2018)","Uninformative_bk","M_Santos(2005-2018)",1868.82594305181
"Uninformative_bk_Santos (2018)","Uninformative_bk","M_Santos(2005-2018)",1910.74838303152
"Uninformative_bk_Santos (2018)","Uninformative_bk","M_Santos(2005-2018)",1936.14891952644
"Uninformative_bk_Santos (2018)","Uninformative_bk","M_Santos(2005-2018)",2523.55029612376
"Uninformative_bk_Santos (2018)","Uninformative_bk","M_Santos(2005-2018)",2050.08971866042
"Uninformative_bk_Santos (2018)","Uninformative_bk","M_Santos(2005-2018)",1879.87611250255
"Uninformative_bk_Santos (2018)","Uninformative_bk","M_Santos(2005-2018)",1817.78625242491
"Uninformative_bk_Santos (2018)","Uninformative_bk","M_Santos(2005-2018)",2007.30380542009
"Uninformative_bk_Santos (2018)","Uninformative_bk","M_Santos(2005-2018)",1982.11908461219
"Uninformative_bk_Santos (2018)","Uninformative_bk","M_Santos(2005-2018)",4316.96334885759
"Uninformative_bk_Santos (2018)","Uninformative_bk","M_Santos(2005-2018)",2187.50557856102
"Uninformative_bk_Santos (2018)","Uninformative_bk","M_Santos(2005-2018)",1952.68436132258
"Uninformative_bk_Santos (2018)","Uninformative_bk","M_Santos(2005-2018)",1898.14111756598
"Uninformative_bk_Santos (2018)","Uninformative_bk","M_Santos(2005-2018)",1974.73515948533
"Uninformative_bk_Santos (2018)","Uninformative_bk","M_Santos(2005-2018)",3833.31308459047
"Uninformative_bk_Santos (2018)","Uninformative_bk","M_Santos(2005-2018)",1860.17790749189
"Uninformative_bk_Santos (2018)","Uninformative_bk","M_Santos(2005-2018)",1963.04625225321
"Uninformative_bk_Santos (2018)","Uninformative_bk","M_Santos(2005-2018)",1911.2418156318
"Uninformative_bk_Santos (2018)","Uninformative_bk","M_Santos(2005-2018)",1940.92216193759
"Uninformative_bk_Santos (2018)","Uninformative_bk","M_Santos(2005-2018)",1909.79444500194
"Uninformative_bk_Santos (2018)","Uninformative_bk","M_Santos(2005-2018)",1697.15730732729
"Uninformative_bk_Santos (2018)","Uninformative_bk","M_Santos(2005-2018)",2071.17828764395
"Uninformative_bk_Santos (2018)","Uninformative_bk","M_Santos(2005-2018)",1884.82591231506
"Uninformative_bk_Santos (2018)","Uninformative_bk","M_Santos(2005-2018)",2233.909917551
"Uninformative_bk_Santos (2018)","Uninformative_bk","M_Santos(2005-2018)",1888.42611284263
"Uninformative_bk_Santos (2018)","Uninformative_bk","M_Santos(2005-2018)",1961.76684284946
"Uninformative_bk_Santos (2018)","Uninformative_bk","M_Santos(2005-2018)",5579.89489914267
"Uninformative_bk_Santos (2018)","Uninformative_bk","M_Santos(2005-2018)",1924.51808510099
"Uninformative_bk_Santos (2018)","Uninformative_bk","M_Santos(2005-2018)",1764.45253502848
"Uninformative_bk_Santos (2018)","Uninformative_bk","M_Santos(2005-2018)",1908.70565972284
"Uninformative_bk_Santos (2018)","Uninformative_bk","M_Santos(2005-2018)",2048.33164982225
"Uninformative_bk_Santos (2018)","Uninformative_bk","M_Santos(2005-2018)",2213.75797381509
"Uninformative_bk_Santos (2018)","Uninformative_bk","M_Santos(2005-2018)",2003.85342078495
"Uninformative_bk_Santos (2018)","Uninformative_bk","M_Santos(2005-2018)",2095.71457893997
"Uninformative_bk_Santos (2018)","Uninformative_bk","M_Santos(2005-2018)",1859.85868046056
"Uninformative_bk_Santos (2018)","Uninformative_bk","M_Santos(2005-2018)",1871.3471972309
"Uninformative_bk_Santos (2018)","Uninformative_bk","M_Santos(2005-2018)",2261.30333028075
"Uninformative_bk_Santos (2018)","Uninformative_bk","M_Santos(2005-2018)",1988.95958488398
"Uninformative_bk_Santos (2018)","Uninformative_bk","M_Santos(2005-2018)",1958.42381805513
"Uninformative_bk_Santos (2018)","Uninformative_bk","M_Santos(2005-2018)",1870.19448057285
"Uninformative_bk_Santos (2018)","Uninformative_bk","M_Santos(2005-2018)",1935.16937312336
"Uninformative_bk_Santos (2018)","Uninformative_bk","M_Santos(2005-2018)",2167.41121913781
"Uninformative_bk_Santos (2018)","Uninformative_bk","M_Santos(2005-2018)",1986.87900498908
"Uninformative_bk_Santos (2018)","Uninformative_bk","M_Santos(2005-2018)",1891.72447793464
"Uninformative_bk_Santos (2018)","Uninformative_bk","M_Santos(2005-2018)",2126.15032928651
"Uninformative_bk_Santos (2018)","Uninformative_bk","M_Santos(2005-2018)",1930.76098925809
"Uninformative_bk_Santos (2018)","Uninformative_bk","M_Santos(2005-2018)",2061.81659144407
"Uninformative_bk_Santos (2018)","Uninformative_bk","M_Santos(2005-2018)",2130.08197958396
"Uninformative_bk_Santos (2018)","Uninformative_bk","M_Santos(2005-2018)",1809.28563093257
"Uninformative_bk_Santos (2018)","Uninformative_bk","M_Santos(2005-2018)",2181.17624184109
"Uninformative_bk_Santos (2018)","Uninformative_bk","M_Santos(2005-2018)",2193.82787166747
"Uninformative_bk_Santos (2018)","Uninformative_bk","M_Santos(2005-2018)",2268.29532095035
"Uninformative_bk_Santos (2018)","Uninformative_bk","M_Santos(2005-2018)",1847.49446079796
"Uninformative_bk_Santos (2018)","Uninformative_bk","M_Santos(2005-2018)",2669.14297013094
"Uninformative_bk_Santos (2018)","Uninformative_bk","M_Santos(2005-2018)",2115.54328806948
"Uninformative_bk_Santos (2018)","Uninformative_bk","M_Santos(2005-2018)",1930.32352448706
"Uninformative_bk_Santos (2018)","Uninformative_bk","M_Santos(2005-2018)",1839.43816638066
"Uninformative_bk_Santos (2018)","Uninformative_bk","M_Santos(2005-2018)",2268.85797894938
"Uninformative_bk_Santos (2018)","Uninformative_bk","M_Santos(2005-2018)",1907.93912627393
"Uninformative_bk_Santos (2018)","Uninformative_bk","M_Santos(2005-2018)",1852.18241168501
"Uninformative_bk_Santos (2018)","Uninformative_bk","M_Santos(2005-2018)",1899.45429882373
"Uninformative_bk_Santos (2018)","Uninformative_bk","M_Santos(2005-2018)",1851.81514039578
"Uninformative_bk_Santos (2018)","Uninformative_bk","M_Santos(2005-2018)",1911.88945439656
"Uninformative_bk_Santos (2018)","Uninformative_bk","M_Santos(2005-2018)",3493.92399121799
"Uninformative_bk_Santos (2018)","Uninformative_bk","M_Santos(2005-2018)",2279.57775126434
"Uninformative_bk_Santos (2018)","Uninformative_bk","M_Santos(2005-2018)",1877.52341264382
"Uninformative_bk_Santos (2018)","Uninformative_bk","M_Santos(2005-2018)",2022.98748558615
"Uninformative_bk_Santos (2018)","Uninformative_bk","M_Santos(2005-2018)",1878.28148138033
"Uninformative_bk_Santos (2018)","Uninformative_bk","M_Santos(2005-2018)",1956.22570373166
"Uninformative_bk_Santos (2018)","Uninformative_bk","M_Santos(2005-2018)",1849.34517067028
"Uninformative_bk_Santos (2018)","Uninformative_bk","M_Santos(2005-2018)",2580.35147745263
"Uninformative_bk_Santos (2018)","Uninformative_bk","M_Santos(2005-2018)",1947.68300057781
"Uninformative_bk_Santos (2018)","Uninformative_bk","M_Santos(2005-2018)",2034.74747592188
"Uninformative_bk_Santos (2018)","Uninformative_bk","M_Santos(2005-2018)",1921.89443827919
"Uninformative_bk_Santos (2018)","Uninformative_bk","M_Santos(2005-2018)",2214.26089525658
"Uninformative_bk_Santos (2018)","Uninformative_bk","M_Santos(2005-2018)",2033.12746266722
"Uninformative_bk_Santos (2018)","Uninformative_bk","M_Santos(2005-2018)",1973.85723623799
"Uninformative_bk_Santos (2018)","Uninformative_bk","M_Santos(2005-2018)",2098.54784248625
"Uninformative_bk_Santos (2018)","Uninformative_bk","M_Santos(2005-2018)",3055.96683802066
"Uninformative_bk_Santos (2018)","Uninformative_bk","M_Santos(2005-2018)",1920.11960538165
"Uninformative_bk_Santos (2018)","Uninformative_bk","M_Santos(2005-2018)",1888.16994847396
"Uninformative_bk_Santos (2018)","Uninformative_bk","M_Santos(2005-2018)",2042.05230162793
"Uninformative_bk_Santos (2018)","Uninformative_bk","M_Santos(2005-2018)",1965.26346978337
"Uninformative_bk_Santos (2018)","Uninformative_bk","M_Santos(2005-2018)",3108.27069512844
"Uninformative_bk_Santos (2018)","Uninformative_bk","M_Santos(2005-2018)",1965.89550077838
"Uninformative_bk_Santos (2018)","Uninformative_bk","M_Santos(2005-2018)",1866.51658630459
"Uninformative_bk_Santos (2018)","Uninformative_bk","M_Santos(2005-2018)",1907.79093396511
"Uninformative_bk_Santos (2018)","Uninformative_bk","M_Santos(2005-2018)",1837.13892001838
"Uninformative_bk_Santos (2018)","Uninformative_bk","M_Santos(2005-2018)",2000.16954771437
"Uninformative_bk_Santos (2018)","Uninformative_bk","M_Santos(2005-2018)",1906.07986046214
"Uninformative_bk_Santos (2018)","Uninformative_bk","M_Santos(2005-2018)",1852.39822272943
"Uninformative_bk_Santos (2018)","Uninformative_bk","M_Santos(2005-2018)",1939.4660979149
"Uninformative_bk_Santos (2018)","Uninformative_bk","M_Santos(2005-2018)",1751.38108001996
"Uninformative_bk_Santos (2018)","Uninformative_bk","M_Santos(2005-2018)",2157.7544791844
"Uninformative_bk_Santos (2018)","Uninformative_bk","M_Santos(2005-2018)",1873.57700747544
"Uninformative_bk_Santos (2018)","Uninformative_bk","M_Santos(2005-2018)",1768.98811344741
"Uninformative_bk_Santos (2018)","Uninformative_bk","M_Santos(2005-2018)",1955.29009215078
"Uninformative_bk_Santos (2018)","Uninformative_bk","M_Santos(2005-2018)",2213.25550690931
"Uninformative_bk_Santos (2018)","Uninformative_bk","M_Santos(2005-2018)",1853.12238267988
"Uninformative_bk_Santos (2018)","Uninformative_bk","M_Santos(2005-2018)",1955.22659130981
"Uninformative_bk_Santos (2018)","Uninformative_bk","M_Santos(2005-2018)",2034.59342352619
"Uninformative_bk_Santos (2018)","Uninformative_bk","M_Santos(2005-2018)",1768.29647863695
"Uninformative_bk_Santos (2018)","Uninformative_bk","M_Santos(2005-2018)",1845.89420647624
"Uninformative_bk_Santos (2018)","Uninformative_bk","M_Santos(2005-2018)",1948.54257454667
"Uninformative_bk_Santos (2018)","Uninformative_bk","M_Santos(2005-2018)",2288.99030398537
"Uninformative_bk_Santos (2018)","Uninformative_bk","M_Santos(2005-2018)",1822.71566384357
"Uninformative_bk_Santos (2018)","Uninformative_bk","M_Santos(2005-2018)",2615.80089972351
"Uninformative_bk_Santos (2018)","Uninformative_bk","M_Santos(2005-2018)",3364.09146969168
"Uninformative_bk_Santos (2018)","Uninformative_bk","M_Santos(2005-2018)",1792.9106173536
"Uninformative_bk_Santos (2018)","Uninformative_bk","M_Santos(2005-2018)",2970.12679120653
"Uninformative_bk_Santos (2018)","Uninformative_bk","M_Santos(2005-2018)",1942.52775500539
"Uninformative_bk_Santos (2018)","Uninformative_bk","M_Santos(2005-2018)",5282.65261943223
"Uninformative_bk_Santos (2018)","Uninformative_bk","M_Santos(2005-2018)",1811.92886471472
"Uninformative_bk_Santos (2018)","Uninformative_bk","M_Santos(2005-2018)",1811.40603032194
"Uninformative_bk_Santos (2018)","Uninformative_bk","M_Santos(2005-2018)",1898.23788332141
"Uninformative_bk_Santos (2018)","Uninformative_bk","M_Santos(2005-2018)",1951.80688393611
"Uninformative_bk_Santos (2018)","Uninformative_bk","M_Santos(2005-2018)",1881.26849996237
"Uninformative_bk_Santos (2018)","Uninformative_bk","M_Santos(2005-2018)",1951.96344788943
"Uninformative_bk_Santos (2018)","Uninformative_bk","M_Santos(2005-2018)",1919.9074736872
"Uninformative_bk_Santos (2018)","Uninformative_bk","M_Santos(2005-2018)",1829.32969162243
"Uninformative_bk_Santos (2018)","Uninformative_bk","M_Santos(2005-2018)",1937.19018501762
"Uninformative_bk_Santos (2018)","Uninformative_bk","M_Santos(2005-2018)",5700.68929827923
"Uninformative_bk_Santos (2018)","Uninformative_bk","M_Santos(2005-2018)",1936.34845353653
"Uninformative_bk_Santos (2018)","Uninformative_bk","M_Santos(2005-2018)",1932.8075119277
"Uninformative_bk_Santos (2018)","Uninformative_bk","M_Santos(2005-2018)",3237.50136048126
"Uninformative_bk_Santos (2018)","Uninformative_bk","M_Santos(2005-2018)",1994.97257470379
"Uninformative_bk_Santos (2018)","Uninformative_bk","M_Santos(2005-2018)",1691.94530231525
"Uninformative_bk_Santos (2018)","Uninformative_bk","M_Santos(2005-2018)",1953.68115281663
"Uninformative_bk_Santos (2018)","Uninformative_bk","M_Santos(2005-2018)",1920.51622405805
"Uninformative_bk_Santos (2018)","Uninformative_bk","M_Santos(2005-2018)",1895.87316478875
"Uninformative_bk_Santos (2018)","Uninformative_bk","M_Santos(2005-2018)",2617.81434689933
"Uninformative_bk_Santos (2018)","Uninformative_bk","M_Santos(2005-2018)",1793.3902317777
"Uninformative_bk_Santos (2018)","Uninformative_bk","M_Santos(2005-2018)",1856.97957232412
"Uninformative_bk_Santos (2018)","Uninformative_bk","M_Santos(2005-2018)",4101.51680932467
"Uninformative_bk_Santos (2018)","Uninformative_bk","M_Santos(2005-2018)",1879.09317072531
"Uninformative_bk_Santos (2018)","Uninformative_bk","M_Santos(2005-2018)",1797.43022869183
"Uninformative_bk_Santos (2018)","Uninformative_bk","M_Santos(2005-2018)",1937.75044675935
"Uninformative_bk_Santos (2018)","Uninformative_bk","M_Santos(2005-2018)",1947.96128926916
"Uninformative_bk_Santos (2018)","Uninformative_bk","M_Santos(2005-2018)",1949.44697834732
"Uninformative_bk_Santos (2018)","Uninformative_bk","M_Santos(2005-2018)",4453.91306585149
"Uninformative_bk_Santos (2018)","Uninformative_bk","M_Santos(2005-2018)",1768.15561823215
"Uninformative_bk_Santos (2018)","Uninformative_bk","M_Santos(2005-2018)",1948.81285098478
"Uninformative_bk_Santos (2018)","Uninformative_bk","M_Santos(2005-2018)",1870.99225887448
"Uninformative_bk_Santos (2018)","Uninformative_bk","M_Santos(2005-2018)",1902.2439663397
"Uninformative_bk_Santos (2018)","Uninformative_bk","M_Santos(2005-2018)",2997.39591085703
"Uninformative_bk_Santos (2018)","Uninformative_bk","M_Santos(2005-2018)",2120.41606480029
"Uninformative_bk_Santos (2018)","Uninformative_bk","M_Santos(2005-2018)",1723.78955344178
"Uninformative_bk_Santos (2018)","Uninformative_bk","M_Santos(2005-2018)",1928.91533570797
"Uninformative_bk_Santos (2018)","Uninformative_bk","M_Santos(2005-2018)",2466.50900503869
"Uninformative_bk_Santos (2018)","Uninformative_bk","M_Santos(2005-2018)",1976.05678836244
"Uninformative_bk_Santos (2018)","Uninformative_bk","M_Santos(2005-2018)",2015.222758236
"Uninformative_bk_Santos (2018)","Uninformative_bk","M_Santos(2005-2018)",1944.72148293861
"Uninformative_bk_Santos (2018)","Uninformative_bk","M_Santos(2005-2018)",1932.71649521495
"Uninformative_bk_Santos (2018)","Uninformative_bk","M_Santos(2005-2018)",1980.2307344121
"Uninformative_bk_Santos (2018)","Uninformative_bk","M_Santos(2005-2018)",1908.47742155543
"Uninformative_bk_Santos (2018)","Uninformative_bk","M_Santos(2005-2018)",1973.95618696204
"Uninformative_bk_Santos (2018)","Uninformative_bk","M_Santos(2005-2018)",1851.25104888317
"Uninformative_bk_Santos (2018)","Uninformative_bk","M_Santos(2005-2018)",1947.29501386773
"Uninformative_bk_Santos (2018)","Uninformative_bk","M_Santos(2005-2018)",2428.18164308082
"Uninformative_bk_Santos (2018)","Uninformative_bk","M_Santos(2005-2018)",2481.40924506499
"Uninformative_bk_Santos (2018)","Uninformative_bk","M_Santos(2005-2018)",1930.54641856425
"Uninformative_bk_Santos (2018)","Uninformative_bk","M_Santos(2005-2018)",2085.88202204073
"Uninformative_bk_Santos (2018)","Uninformative_bk","M_Santos(2005-2018)",1921.07166142664
"Uninformative_bk_Santos (2018)","Uninformative_bk","M_Santos(2005-2018)",2325.12027331005
"Uninformative_bk_Santos (2018)","Uninformative_bk","M_Santos(2005-2018)",1927.5132876706
"Uninformative_bk_Santos (2018)","Uninformative_bk","M_Santos(2005-2018)",1871.56785490369
"Uninformative_bk_Santos (2018)","Uninformative_bk","M_Santos(2005-2018)",4361.870478505
"Uninformative_bk_Santos (2018)","Uninformative_bk","M_Santos(2005-2018)",2218.54571639797
"Uninformative_bk_Santos (2018)","Uninformative_bk","M_Santos(2005-2018)",4871.3546357846
"Uninformative_bk_Santos (2018)","Uninformative_bk","M_Santos(2005-2018)",4897.09573585593
"Uninformative_bk_Santos (2018)","Uninformative_bk","M_Santos(2005-2018)",2158.83147103603
"Uninformative_bk_Santos (2018)","Uninformative_bk","M_Santos(2005-2018)",1938.90498162271
"Uninformative_bk_Santos (2018)","Uninformative_bk","M_Santos(2005-2018)",1899.55222429318
"Uninformative_bk_Santos (2018)","Uninformative_bk","M_Santos(2005-2018)",2011.19769587385
"Uninformative_bk_Santos (2018)","Uninformative_bk","M_Santos(2005-2018)",1945.29643142768
"Uninformative_bk_Santos (2018)","Uninformative_bk","M_Santos(2005-2018)",2936.89955276277
"Uninformative_bk_Santos (2018)","Uninformative_bk","M_Santos(2005-2018)",3013.21034652144
"Uninformative_bk_Santos (2018)","Uninformative_bk","M_Santos(2005-2018)",1932.58983574618
"Uninformative_bk_Santos (2018)","Uninformative_bk","M_Santos(2005-2018)",1780.08222712324
"Uninformative_bk_Santos (2018)","Uninformative_bk","M_Santos(2005-2018)",2259.68441244126
"Uninformative_bk_Santos (2018)","Uninformative_bk","M_Santos(2005-2018)",1828.62040818878
"Uninformative_bk_Santos (2018)","Uninformative_bk","M_Santos(2005-2018)",1848.32305620323
"Uninformative_bk_Santos (2018)","Uninformative_bk","M_Santos(2005-2018)",1920.51041513318
"Uninformative_bk_Santos (2018)","Uninformative_bk","M_Santos(2005-2018)",1948.21551991176
"Uninformative_bk_Santos (2018)","Uninformative_bk","M_Santos(2005-2018)",3237.0097724165
"Uninformative_bk_Santos (2018)","Uninformative_bk","M_Santos(2005-2018)",1904.0879828924
"Uninformative_bk_Santos (2018)","Uninformative_bk","M_Santos(2005-2018)",2044.62265736805
"Uninformative_bk_Santos (2018)","Uninformative_bk","M_Santos(2005-2018)",1992.32977452888
"Uninformative_bk_Santos (2018)","Uninformative_bk","M_Santos(2005-2018)",1499.0157855598
"Uninformative_bk_Santos (2018)","Uninformative_bk","M_Santos(2005-2018)",3135.64711915241
"Uninformative_bk_Santos (2018)","Uninformative_bk","M_Santos(2005-2018)",1994.17663811607
"Uninformative_bk_Santos (2018)","Uninformative_bk","M_Santos(2005-2018)",1913.04046903492
"Uninformative_bk_Santos (2018)","Uninformative_bk","M_Santos(2005-2018)",2171.81440121351
"Uninformative_bk_Santos (2018)","Uninformative_bk","M_Santos(2005-2018)",1946.79797735276
"Uninformative_bk_Santos (2018)","Uninformative_bk","M_Santos(2005-2018)",1769.26206087737
"Uninformative_bk_Santos (2018)","Uninformative_bk","M_Santos(2005-2018)",1947.07296722064
"Uninformative_bk_Santos (2018)","Uninformative_bk","M_Santos(2005-2018)",1714.80823495079
"Uninformative_bk_Santos (2018)","Uninformative_bk","M_Santos(2005-2018)",1913.11224357054
"Uninformative_bk_Santos (2018)","Uninformative_bk","M_Santos(2005-2018)",1947.126220046
"Uninformative_bk_Santos (2018)","Uninformative_bk","M_Santos(2005-2018)",1900.02591291459
"Uninformative_bk_Santos (2018)","Uninformative_bk","M_Santos(2005-2018)",2050.7381903668
"Uninformative_bk_Santos (2018)","Uninformative_bk","M_Santos(2005-2018)",1750.01040596399
"Uninformative_bk_Santos (2018)","Uninformative_bk","M_Santos(2005-2018)",1987.71985827314
"Uninformative_bk_Santos (2018)","Uninformative_bk","M_Santos(2005-2018)",1837.04331951374
"Uninformative_bk_Santos (2018)","Uninformative_bk","M_Santos(2005-2018)",1886.9446366886
"Uninformative_bk_Santos (2018)","Uninformative_bk","M_Santos(2005-2018)",2082.29737234102
"Uninformative_bk_Santos (2018)","Uninformative_bk","M_Santos(2005-2018)",1919.66668948826
"Uninformative_bk_Santos (2018)","Uninformative_bk","M_Santos(2005-2018)",2028.77607753661
"Uninformative_bk_Santos (2018)","Uninformative_bk","M_Santos(2005-2018)",1948.40869443963
"Uninformative_bk_Santos (2018)","Uninformative_bk","M_Santos(2005-2018)",1851.30584299849
"Uninformative_bk_Santos (2018)","Uninformative_bk","M_Santos(2005-2018)",1866.54832923486
"Uninformative_bk_Santos (2018)","Uninformative_bk","M_Santos(2005-2018)",3075.22434759976
"Uninformative_bk_Santos (2018)","Uninformative_bk","M_Santos(2005-2018)",1952.82653873125
"Uninformative_bk_Santos (2018)","Uninformative_bk","M_Santos(2005-2018)",1862.76529870508
"Uninformative_bk_Santos (2018)","Uninformative_bk","M_Santos(2005-2018)",1977.50073747757
"Uninformative_bk_Santos (2018)","Uninformative_bk","M_Santos(2005-2018)",2993.76536258159
"Uninformative_bk_Santos (2018)","Uninformative_bk","M_Santos(2005-2018)",2133.59022124615
"Uninformative_bk_Santos (2018)","Uninformative_bk","M_Santos(2005-2018)",1952.02942397748
"Uninformative_bk_Santos (2018)","Uninformative_bk","M_Santos(2005-2018)",1807.52468959676
"Uninformative_bk_Santos (2018)","Uninformative_bk","M_Santos(2005-2018)",2087.63734141237
"Uninformative_bk_Santos (2018)","Uninformative_bk","M_Santos(2005-2018)",1861.69348135484
"Uninformative_bk_Santos (2018)","Uninformative_bk","M_Santos(2005-2018)",1992.46118438791
"Uninformative_bk_Santos (2018)","Uninformative_bk","M_Santos(2005-2018)",1824.83210800365
"Uninformative_bk_Santos (2018)","Uninformative_bk","M_Santos(2005-2018)",1902.60749529793
"Uninformative_bk_Santos (2018)","Uninformative_bk","M_Santos(2005-2018)",1840.30316216321
"Uninformative_bk_Santos (2018)","Uninformative_bk","M_Santos(2005-2018)",1920.46892748764
"Uninformative_bk_Santos (2018)","Uninformative_bk","M_Santos(2005-2018)",1871.28479461112
"Uninformative_bk_Santos (2018)","Uninformative_bk","M_Santos(2005-2018)",1963.36118209429
"Uninformative_bk_Santos (2018)","Uninformative_bk","M_Santos(2005-2018)",1725.96320830379
"Uninformative_bk_Santos (2018)","Uninformative_bk","M_Santos(2005-2018)",2034.61930866087
"Uninformative_bk_Santos (2018)","Uninformative_bk","M_Santos(2005-2018)",3447.70398372405
"Uninformative_bk_Santos (2018)","Uninformative_bk","M_Santos(2005-2018)",1900.23394787407
"Uninformative_bk_Santos (2018)","Uninformative_bk","M_Santos(2005-2018)",1992.52589341397
"Uninformative_bk_Santos (2018)","Uninformative_bk","M_Santos(2005-2018)",1913.82410884043
"Uninformative_bk_Santos (2018)","Uninformative_bk","M_Santos(2005-2018)",2104.1655597524
"Uninformative_bk_Santos (2018)","Uninformative_bk","M_Santos(2005-2018)",1804.85760968552
"Uninformative_bk_Santos (2018)","Uninformative_bk","M_Santos(2005-2018)",2212.89000788549
"Uninformative_bk_Santos (2018)","Uninformative_bk","M_Santos(2005-2018)",2111.31101001629
"Uninformative_bk_Santos (2018)","Uninformative_bk","M_Santos(2005-2018)",1900.01622781175
"Uninformative_bk_Santos (2018)","Uninformative_bk","M_Santos(2005-2018)",1909.42794466541
"Uninformative_bk_Santos (2018)","Uninformative_bk","M_Santos(2005-2018)",1902.13612751667
"Uninformative_bk_Santos (2018)","Uninformative_bk","M_Santos(2005-2018)",2174.71125569428
"Uninformative_bk_Santos (2018)","Uninformative_bk","M_Santos(2005-2018)",1921.06999299737
"Uninformative_bk_Santos (2018)","Uninformative_bk","M_Santos(2005-2018)",4210.57060829707
"Uninformative_bk_Santos (2018)","Uninformative_bk","M_Santos(2005-2018)",1700.04906156257
"Uninformative_bk_Santos (2018)","Uninformative_bk","M_Santos(2005-2018)",1837.9848298677
"Uninformative_bk_Santos (2018)","Uninformative_bk","M_Santos(2005-2018)",1977.79362186037
"Uninformative_bk_Santos (2018)","Uninformative_bk","M_Santos(2005-2018)",5681.89040957021
"Uninformative_bk_Santos (2018)","Uninformative_bk","M_Santos(2005-2018)",1943.40263409528
"Uninformative_bk_Santos (2018)","Uninformative_bk","M_Santos(2005-2018)",1771.73275847358
"Uninformative_bk_Santos (2018)","Uninformative_bk","M_Santos(2005-2018)",1897.17954121342
"Uninformative_bk_Santos (2018)","Uninformative_bk","M_Santos(2005-2018)",2517.70658902295
"Uninformative_bk_Santos (2018)","Uninformative_bk","M_Santos(2005-2018)",1904.35925125888
"Uninformative_bk_Santos (2018)","Uninformative_bk","M_Santos(2005-2018)",1913.7142722042
"Uninformative_bk_Santos (2018)","Uninformative_bk","M_Santos(2005-2018)",1919.61501363856
"Uninformative_bk_Santos (2018)","Uninformative_bk","M_Santos(2005-2018)",1821.75568973702
"Uninformative_bk_Santos (2018)","Uninformative_bk","M_Santos(2005-2018)",1716.87968949231
"Uninformative_bk_Santos (2018)","Uninformative_bk","M_Santos(2005-2018)",1763.28157655273
"Uninformative_bk_Santos (2018)","Uninformative_bk","M_Santos(2005-2018)",1894.40366144632
"Uninformative_bk_Santos (2018)","Uninformative_bk","M_Santos(2005-2018)",1980.05272252474
"Uninformative_bk_Santos (2018)","Uninformative_bk","M_Santos(2005-2018)",1936.31202945023
"Uninformative_bk_Santos (2018)","Uninformative_bk","M_Santos(2005-2018)",1906.46080668445
"Uninformative_bk_Santos (2018)","Uninformative_bk","M_Santos(2005-2018)",2066.253739873
"Uninformative_bk_Santos (2018)","Uninformative_bk","M_Santos(2005-2018)",2340.28956988064
"Uninformative_bk_Santos (2018)","Uninformative_bk","M_Santos(2005-2018)",2395.4281719768
"Uninformative_bk_Santos (2018)","Uninformative_bk","M_Santos(2005-2018)",4173.05709136851
"Uninformative_bk_Santos (2018)","Uninformative_bk","M_Santos(2005-2018)",1930.85844585575
"Uninformative_bk_Santos (2018)","Uninformative_bk","M_Santos(2005-2018)",1855.22466204058
"Uninformative_bk_Santos (2018)","Uninformative_bk","M_Santos(2005-2018)",1968.12294052422
"Uninformative_bk_Santos (2018)","Uninformative_bk","M_Santos(2005-2018)",2019.10054644065
"Uninformative_bk_Santos (2018)","Uninformative_bk","M_Santos(2005-2018)",4142.53354099808
"Uninformative_bk_Santos (2018)","Uninformative_bk","M_Santos(2005-2018)",1855.52692626008
"Uninformative_bk_Santos (2018)","Uninformative_bk","M_Santos(2005-2018)",1879.08447216941
"Uninformative_bk_Santos (2018)","Uninformative_bk","M_Santos(2005-2018)",1840.11494439188
"Uninformative_bk_Santos (2018)","Uninformative_bk","M_Santos(2005-2018)",1830.34552515744
"Uninformative_bk_Santos (2018)","Uninformative_bk","M_Santos(2005-2018)",1712.04199241024
"Uninformative_bk_Santos (2018)","Uninformative_bk","M_Santos(2005-2018)",2562.73549000201
"Uninformative_bk_Santos (2018)","Uninformative_bk","M_Santos(2005-2018)",2187.27589159975
"Uninformative_bk_Santos (2018)","Uninformative_bk","M_Santos(2005-2018)",1916.40284424875
"Uninformative_bk_Santos (2018)","Uninformative_bk","M_Santos(2005-2018)",2893.52380798375
"Uninformative_bk_Santos (2018)","Uninformative_bk","M_Santos(2005-2018)",1870.27455235449
"Uninformative_bk_Santos (2018)","Uninformative_bk","M_Santos(2005-2018)",1928.42008897755
"Uninformative_bk_Santos (2018)","Uninformative_bk","M_Santos(2005-2018)",1938.09038965191
"Uninformative_bk_Santos (2018)","Uninformative_bk","M_Santos(2005-2018)",1872.63888563498
"Uninformative_bk_Santos (2018)","Uninformative_bk","M_Santos(2005-2018)",1744.05762385447
"Uninformative_bk_Santos (2018)","Uninformative_bk","M_Santos(2005-2018)",1887.56470941835
"Uninformative_bk_Santos (2018)","Uninformative_bk","M_Santos(2005-2018)",1696.34746446974
"Uninformative_bk_Santos (2018)","Uninformative_bk","M_Santos(2005-2018)",1935.46177480712
"Uninformative_bk_Santos (2018)","Uninformative_bk","M_Santos(2005-2018)",1935.71547110904
"Uninformative_bk_Santos (2018)","Uninformative_bk","M_Santos(2005-2018)",2259.1259579713
"Uninformative_bk_Santos (2018)","Uninformative_bk","M_Santos(2005-2018)",2072.46522785758
"Uninformative_bk_Santos (2018)","Uninformative_bk","M_Santos(2005-2018)",1931.48527063688
"Uninformative_bk_Santos (2018)","Uninformative_bk","M_Santos(2005-2018)",1904.24987250975
"Uninformative_bk_Santos (2018)","Uninformative_bk","M_Santos(2005-2018)",1968.41621471897
"Uninformative_bk_Santos (2018)","Uninformative_bk","M_Santos(2005-2018)",1870.36911316726
"Uninformative_bk_Santos (2018)","Uninformative_bk","M_Santos(2005-2018)",2058.34163628813
"Uninformative_bk_Santos (2018)","Uninformative_bk","M_Santos(2005-2018)",6493.35664542637
"Uninformative_bk_Santos (2018)","Uninformative_bk","M_Santos(2005-2018)",1968.78528442197
"Uninformative_bk_Santos (2018)","Uninformative_bk","M_Santos(2005-2018)",2202.8249898048
"Uninformative_bk_Santos (2018)","Uninformative_bk","M_Santos(2005-2018)",1915.08658492694
"Uninformative_bk_Santos (2018)","Uninformative_bk","M_Santos(2005-2018)",1906.57011352335
"Uninformative_bk_Santos (2018)","Uninformative_bk","M_Santos(2005-2018)",1861.89549384421
"Uninformative_bk_Santos (2018)","Uninformative_bk","M_Santos(2005-2018)",2206.28553096364
"Uninformative_bk_Santos (2018)","Uninformative_bk","M_Santos(2005-2018)",1981.99403280336
"Uninformative_bk_Santos (2018)","Uninformative_bk","M_Santos(2005-2018)",1863.48905908535
"Uninformative_bk_Santos (2018)","Uninformative_bk","M_Santos(2005-2018)",1857.16081404426
"Uninformative_bk_Santos (2018)","Uninformative_bk","M_Santos(2005-2018)",1891.05149937775
"Uninformative_bk_Santos (2018)","Uninformative_bk","M_Santos(2005-2018)",1930.8143775897
"Uninformative_bk_Santos (2018)","Uninformative_bk","M_Santos(2005-2018)",1977.0943644097
"Uninformative_bk_Santos (2018)","Uninformative_bk","M_Santos(2005-2018)",1856.37048340988
"Uninformative_bk_Santos (2018)","Uninformative_bk","M_Santos(2005-2018)",1939.08601571413
"Uninformative_bk_Santos (2018)","Uninformative_bk","M_Santos(2005-2018)",1857.6264031443
"Uninformative_bk_Santos (2018)","Uninformative_bk","M_Santos(2005-2018)",1921.31087610423
"Uninformative_bk_Santos (2018)","Uninformative_bk","M_Santos(2005-2018)",2164.0674464873
"Uninformative_bk_Santos (2018)","Uninformative_bk","M_Santos(2005-2018)",2314.71217592324
"Uninformative_bk_Santos (2018)","Uninformative_bk","M_Santos(2005-2018)",1866.11811570914
"Uninformative_bk_Santos (2018)","Uninformative_bk","M_Santos(2005-2018)",1967.57205426001
"Uninformative_bk_Santos (2018)","Uninformative_bk","M_Santos(2005-2018)",1900.36768454682
"Uninformative_bk_Santos (2018)","Uninformative_bk","M_Santos(2005-2018)",1921.40620008868
"Uninformative_bk_Santos (2018)","Uninformative_bk","M_Santos(2005-2018)",1851.29730826069
"Uninformative_bk_Santos (2018)","Uninformative_bk","M_Santos(2005-2018)",1870.76929234134
"Uninformative_bk_Santos (2018)","Uninformative_bk","M_Santos(2005-2018)",1957.38551770129
"Uninformative_bk_Santos (2018)","Uninformative_bk","M_Santos(2005-2018)",1853.15089865866
"Uninformative_bk_Santos (2018)","Uninformative_bk","M_Santos(2005-2018)",1887.61879382798
"Uninformative_bk_Santos (2018)","Uninformative_bk","M_Santos(2005-2018)",3181.60323670291
"Uninformative_bk_Santos (2018)","Uninformative_bk","M_Santos(2005-2018)",1899.8997988392
"Uninformative_bk_Santos (2018)","Uninformative_bk","M_Santos(2005-2018)",2118.62207826481
"Uninformative_bk_Santos (2018)","Uninformative_bk","M_Santos(2005-2018)",1766.29506715754
"Uninformative_bk_Santos (2018)","Uninformative_bk","M_Santos(2005-2018)",2009.94803163456
"Uninformative_bk_Santos (2018)","Uninformative_bk","M_Santos(2005-2018)",1975.35877131657
"Uninformative_bk_Santos (2018)","Uninformative_bk","M_Santos(2005-2018)",1837.69109884635
"Uninformative_bk_Santos (2018)","Uninformative_bk","M_Santos(2005-2018)",1758.09992066297
"Uninformative_bk_Santos (2018)","Uninformative_bk","M_Santos(2005-2018)",3291.33151424343
"Uninformative_bk_Santos (2018)","Uninformative_bk","M_Santos(2005-2018)",1842.63812007311
"Uninformative_bk_Santos (2018)","Uninformative_bk","M_Santos(2005-2018)",6377.55943419268
"Uninformative_bk_Santos (2018)","Uninformative_bk","M_Santos(2005-2018)",1916.3784116021
"Uninformative_bk_Santos (2018)","Uninformative_bk","M_Santos(2005-2018)",2730.528251147
"Uninformative_bk_Santos (2018)","Uninformative_bk","M_Santos(2005-2018)",1920.31675306906
"Uninformative_bk_Santos (2018)","Uninformative_bk","M_Santos(2005-2018)",2208.55882406251
"Uninformative_bk_Santos (2018)","Uninformative_bk","M_Santos(2005-2018)",1906.3929713754
"Uninformative_bk_Santos (2018)","Uninformative_bk","M_Santos(2005-2018)",1920.99174776391
"Uninformative_bk_Santos (2018)","Uninformative_bk","M_Santos(2005-2018)",1824.78843846003
"Uninformative_bk_Santos (2018)","Uninformative_bk","M_Santos(2005-2018)",2021.08797173159
"Uninformative_bk_Santos (2018)","Uninformative_bk","M_Santos(2005-2018)",1614.61003610941
"Uninformative_bk_Santos (2018)","Uninformative_bk","M_Santos(2005-2018)",1967.74741981054
"Uninformative_bk_Santos (2018)","Uninformative_bk","M_Santos(2005-2018)",1847.2908586163
"Uninformative_bk_Santos (2018)","Uninformative_bk","M_Santos(2005-2018)",1923.61106101219
"Uninformative_bk_Santos (2018)","Uninformative_bk","M_Santos(2005-2018)",2385.37074731154
"Uninformative_bk_Santos (2018)","Uninformative_bk","M_Santos(2005-2018)",1953.78984750368
"Uninformative_bk_Santos (2018)","Uninformative_bk","M_Santos(2005-2018)",2854.65661759104
"Uninformative_bk_Santos (2018)","Uninformative_bk","M_Santos(2005-2018)",2556.76193032621
"Uninformative_bk_Santos (2018)","Uninformative_bk","M_Santos(2005-2018)",1888.30243466853
"Uninformative_bk_Santos (2018)","Uninformative_bk","M_Santos(2005-2018)",1936.68520104033
"Uninformative_bk_Santos (2018)","Uninformative_bk","M_Santos(2005-2018)",1944.00518913189
"Uninformative_bk_Santos (2018)","Uninformative_bk","M_Santos(2005-2018)",1901.96082921395
"Uninformative_bk_Santos (2018)","Uninformative_bk","M_Santos(2005-2018)",1812.14147411052
"Uninformative_bk_Santos (2018)","Uninformative_bk","M_Santos(2005-2018)",2040.92403157302
"Uninformative_bk_Santos (2018)","Uninformative_bk","M_Santos(2005-2018)",1899.8250918281
"Uninformative_bk_Santos (2018)","Uninformative_bk","M_Santos(2005-2018)",2393.33980425406
"Uninformative_bk_Santos (2018)","Uninformative_bk","M_Santos(2005-2018)",1971.98053450073
"Uninformative_bk_Santos (2018)","Uninformative_bk","M_Santos(2005-2018)",1909.80390519582
"Uninformative_bk_Santos (2018)","Uninformative_bk","M_Santos(2005-2018)",3467.26509880012
"Uninformative_bk_Santos (2018)","Uninformative_bk","M_Santos(2005-2018)",1739.37008145276
"Uninformative_bk_Santos (2018)","Uninformative_bk","M_Santos(2005-2018)",1881.21283987754
"Uninformative_bk_Santos (2018)","Uninformative_bk","M_Santos(2005-2018)",2611.30036250132
"Uninformative_bk_Santos (2018)","Uninformative_bk","M_Santos(2005-2018)",2160.1213213062
"Uninformative_bk_Santos (2018)","Uninformative_bk","M_Santos(2005-2018)",1847.25799141037
"Uninformative_bk_Santos (2018)","Uninformative_bk","M_Santos(2005-2018)",1922.35626629359
"Uninformative_bk_Santos (2018)","Uninformative_bk","M_Santos(2005-2018)",2706.66062895399
"Uninformative_bk_Santos (2018)","Uninformative_bk","M_Santos(2005-2018)",1913.75084964477
"Uninformative_bk_Santos (2018)","Uninformative_bk","M_Santos(2005-2018)",2242.82039132849
"Uninformative_bk_Santos (2018)","Uninformative_bk","M_Santos(2005-2018)",3705.57283600964
"Uninformative_bk_Santos (2018)","Uninformative_bk","M_Santos(2005-2018)",2046.79794343899
"Uninformative_bk_Santos (2018)","Uninformative_bk","M_Santos(2005-2018)",1704.3464628025
"Uninformative_bk_Santos (2018)","Uninformative_bk","M_Santos(2005-2018)",2030.4481646572
"Uninformative_bk_Santos (2018)","Uninformative_bk","M_Santos(2005-2018)",1963.67511393665
"Uninformative_bk_Santos (2018)","Uninformative_bk","M_Santos(2005-2018)",1812.02349442497
"Uninformative_bk_Santos (2018)","Uninformative_bk","M_Santos(2005-2018)",1968.17711578597
"Uninformative_bk_Santos (2018)","Uninformative_bk","M_Santos(2005-2018)",2389.58761612287
"Uninformative_bk_Santos (2018)","Uninformative_bk","M_Santos(2005-2018)",2009.56209566334
"Uninformative_bk_Santos (2018)","Uninformative_bk","M_Santos(2005-2018)",1834.39289726219
"Uninformative_bk_Santos (2018)","Uninformative_bk","M_Santos(2005-2018)",1971.44512842015
"Uninformative_bk_Santos (2018)","Uninformative_bk","M_Santos(2005-2018)",1940.74675085988
"Uninformative_bk_Santos (2018)","Uninformative_bk","M_Santos(2005-2018)",3317.08421713777
"Uninformative_bk_Santos (2018)","Uninformative_bk","M_Santos(2005-2018)",1763.93554935714
"Uninformative_bk_Santos (2018)","Uninformative_bk","M_Santos(2005-2018)",1889.39896260898
"Uninformative_bk_Santos (2018)","Uninformative_bk","M_Santos(2005-2018)",2265.09370775378
"Uninformative_bk_Santos (2018)","Uninformative_bk","M_Santos(2005-2018)",2080.92872141654
"Uninformative_bk_Santos (2018)","Uninformative_bk","M_Santos(2005-2018)",1965.22555994926
"Uninformative_bk_Santos (2018)","Uninformative_bk","M_Santos(2005-2018)",2093.10194879203
"Uninformative_bk_Santos (2018)","Uninformative_bk","M_Santos(2005-2018)",1911.26709484937
"Uninformative_bk_Santos (2018)","Uninformative_bk","M_Santos(2005-2018)",1929.93348967346
"Uninformative_bk_Santos (2018)","Uninformative_bk","M_Santos(2005-2018)",2322.58240310787
"Uninformative_bk_Santos (2018)","Uninformative_bk","M_Santos(2005-2018)",2334.00109742045
"Uninformative_bk_Santos (2018)","Uninformative_bk","M_Santos(2005-2018)",2492.10478810203
"Uninformative_bk_Santos (2018)","Uninformative_bk","M_Santos(2005-2018)",1853.20812435695
"Uninformative_bk_Santos (2018)","Uninformative_bk","M_Santos(2005-2018)",1837.94675154655
"Uninformative_bk_Santos (2018)","Uninformative_bk","M_Santos(2005-2018)",2005.69260360551
"Uninformative_bk_Santos (2018)","Uninformative_bk","M_Santos(2005-2018)",1709.96729063614
"Uninformative_bk_Santos (2018)","Uninformative_bk","M_Santos(2005-2018)",1935.85223686689
"Uninformative_bk_Santos (2018)","Uninformative_bk","M_Santos(2005-2018)",1931.88421492858
"Uninformative_bk_Santos (2018)","Uninformative_bk","M_Santos(2005-2018)",1903.25897656803
"Uninformative_bk_Santos (2018)","Uninformative_bk","M_Santos(2005-2018)",1991.24396755885
"Uninformative_bk_Santos (2018)","Uninformative_bk","M_Santos(2005-2018)",1771.55976431276
"Uninformative_bk_Santos (2018)","Uninformative_bk","M_Santos(2005-2018)",1537.70484223814
"Uninformative_bk_Santos (2018)","Uninformative_bk","M_Santos(2005-2018)",2013.66359985714
"Uninformative_bk_Santos (2018)","Uninformative_bk","M_Santos(2005-2018)",1926.42783958304
"Uninformative_bk_Santos (2018)","Uninformative_bk","M_Santos(2005-2018)",1848.21359731848
"Uninformative_bk_Santos (2018)","Uninformative_bk","M_Santos(2005-2018)",4562.31959426662
"Uninformative_bk_Santos (2018)","Uninformative_bk","M_Santos(2005-2018)",1627.77495579332
"Uninformative_bk_Santos (2018)","Uninformative_bk","M_Santos(2005-2018)",1690.94886873317
"Uninformative_bk_Santos (2018)","Uninformative_bk","M_Santos(2005-2018)",1957.79883028986
"Uninformative_bk_Santos (2018)","Uninformative_bk","M_Santos(2005-2018)",1910.197601998
"Uninformative_bk_Santos (2018)","Uninformative_bk","M_Santos(2005-2018)",1928.55393235825
"Uninformative_bk_Santos (2018)","Uninformative_bk","M_Santos(2005-2018)",2079.48983302786
"Uninformative_bk_Santos (2018)","Uninformative_bk","M_Santos(2005-2018)",1806.75209722432
"Uninformative_bk_Santos (2018)","Uninformative_bk","M_Santos(2005-2018)",2069.45059659326
"Uninformative_bk_Santos (2018)","Uninformative_bk","M_Santos(2005-2018)",5065.17895320796
"Uninformative_bk_Santos (2018)","Uninformative_bk","M_Santos(2005-2018)",1813.2076824645
"Uninformative_bk_Santos (2018)","Uninformative_bk","M_Santos(2005-2018)",1598.26783916865
"Uninformative_bk_Santos (2018)","Uninformative_bk","M_Santos(2005-2018)",1889.8486814752
"Uninformative_bk_Santos (2018)","Uninformative_bk","M_Santos(2005-2018)",3120.88414033871
"Uninformative_bk_Santos (2018)","Uninformative_bk","M_Santos(2005-2018)",4875.59363892501
"Uninformative_bk_Santos (2018)","Uninformative_bk","M_Santos(2005-2018)",1903.42994760943
"Uninformative_bk_Santos (2018)","Uninformative_bk","M_Santos(2005-2018)",1444.82070042417
"Uninformative_bk_Santos (2018)","Uninformative_bk","M_Santos(2005-2018)",1777.03841591747
"Uninformative_bk_Santos (2018)","Uninformative_bk","M_Santos(2005-2018)",1877.79847529432
"Uninformative_bk_Santos (2018)","Uninformative_bk","M_Santos(2005-2018)",1821.0095502861
"Uninformative_bk_Santos (2018)","Uninformative_bk","M_Santos(2005-2018)",1843.58667048787
"Uninformative_bk_Santos (2018)","Uninformative_bk","M_Santos(2005-2018)",1920.00876776271
"Uninformative_bk_Santos (2018)","Uninformative_bk","M_Santos(2005-2018)",1901.97769847112
"Uninformative_bk_Santos (2018)","Uninformative_bk","M_Santos(2005-2018)",1895.50432051264
"Uninformative_bk_Santos (2018)","Uninformative_bk","M_Santos(2005-2018)",1894.44005392405
"Uninformative_bk_Santos (2018)","Uninformative_bk","M_Santos(2005-2018)",2409.19365964704
"Uninformative_bk_Santos (2018)","Uninformative_bk","M_Santos(2005-2018)",1869.97656820818
"Uninformative_bk_Santos (2018)","Uninformative_bk","M_Santos(2005-2018)",1921.783108093
"Uninformative_bk_Santos (2018)","Uninformative_bk","M_Santos(2005-2018)",1879.506178044
"Uninformative_bk_Santos (2018)","Uninformative_bk","M_Santos(2005-2018)",1975.20679642548
"Uninformative_bk_Santos (2018)","Uninformative_bk","M_Santos(2005-2018)",1909.66006864328
"Uninformative_bk_Santos (2018)","Uninformative_bk","M_Santos(2005-2018)",1988.95097765272
"Uninformative_bk_Santos (2018)","Uninformative_bk","M_Santos(2005-2018)",1910.81707510021
"Uninformative_bk_Santos (2018)","Uninformative_bk","M_Santos(2005-2018)",2856.78616291032
"Uninformative_bk_Santos (2018)","Uninformative_bk","M_Santos(2005-2018)",2217.62107642405
"Uninformative_bk_Santos (2018)","Uninformative_bk","M_Santos(2005-2018)",5602.36206816832
"Uninformative_bk_Santos (2018)","Uninformative_bk","M_Santos(2005-2018)",1901.07077061715
"Uninformative_bk_Santos (2018)","Uninformative_bk","M_Santos(2005-2018)",1946.7560875755
"Uninformative_bk_Santos (2018)","Uninformative_bk","M_Santos(2005-2018)",2255.56503676044
"Uninformative_bk_Santos (2018)","Uninformative_bk","M_Santos(2005-2018)",1880.81099973671
"Uninformative_bk_Santos (2018)","Uninformative_bk","M_Santos(2005-2018)",1920.3999960426
"Uninformative_bk_Santos (2018)","Uninformative_bk","M_Santos(2005-2018)",2259.04810006671
"Uninformative_bk_Santos (2018)","Uninformative_bk","M_Santos(2005-2018)",2545.25055208185
"Uninformative_bk_Santos (2018)","Uninformative_bk","M_Santos(2005-2018)",2326.81410087015
"Uninformative_bk_Santos (2018)","Uninformative_bk","M_Santos(2005-2018)",3542.27541128527
"Uninformative_bk_Santos (2018)","Uninformative_bk","M_Santos(2005-2018)",1853.98572190964
"Uninformative_bk_Santos (2018)","Uninformative_bk","M_Santos(2005-2018)",2536.0723871954
"Uninformative_bk_Santos (2018)","Uninformative_bk","M_Santos(2005-2018)",2318.71288637667
"Uninformative_bk_Santos (2018)","Uninformative_bk","M_Santos(2005-2018)",2985.66231909308
"Uninformative_bk_Santos (2018)","Uninformative_bk","M_Santos(2005-2018)",1666.12222849782
"Uninformative_bk_Santos (2018)","Uninformative_bk","M_Santos(2005-2018)",1919.00468127997
"Uninformative_bk_Santos (2018)","Uninformative_bk","M_Santos(2005-2018)",1942.79701084429
"Uninformative_bk_Santos (2018)","Uninformative_bk","M_Santos(2005-2018)",1902.48046905006
"Uninformative_bk_Santos (2018)","Uninformative_bk","M_Santos(2005-2018)",1696.34039323653
"Uninformative_bk_Santos (2018)","Uninformative_bk","M_Santos(2005-2018)",2961.59669431158
"Uninformative_bk_Santos (2018)","Uninformative_bk","M_Santos(2005-2018)",1925.90956901773
"Uninformative_bk_Santos (2018)","Uninformative_bk","M_Santos(2005-2018)",3362.7488778308
"Uninformative_bk_Santos (2018)","Uninformative_bk","M_Santos(2005-2018)",2005.00274316453
"Uninformative_bk_Santos (2018)","Uninformative_bk","M_Santos(2005-2018)",2050.35881935556
"Uninformative_bk_Santos (2018)","Uninformative_bk","M_Santos(2005-2018)",1979.13818098954
"Uninformative_bk_Santos (2018)","Uninformative_bk","M_Santos(2005-2018)",2028.00907306916
"Uninformative_bk_Santos (2018)","Uninformative_bk","M_Santos(2005-2018)",2045.50929971154
"Uninformative_bk_Santos (2018)","Uninformative_bk","M_Santos(2005-2018)",2377.26307051774
"Uninformative_bk_Santos (2018)","Uninformative_bk","M_Santos(2005-2018)",2115.84667765837
"Uninformative_bk_Santos (2018)","Uninformative_bk","M_Santos(2005-2018)",1892.64601205915
"Uninformative_bk_Santos (2018)","Uninformative_bk","M_Santos(2005-2018)",1907.21919808621
"Uninformative_bk_Santos (2018)","Uninformative_bk","M_Santos(2005-2018)",1964.01522838977
"Uninformative_bk_Santos (2018)","Uninformative_bk","M_Santos(2005-2018)",1644.36677362932
"Uninformative_bk_Santos (2018)","Uninformative_bk","M_Santos(2005-2018)",1764.39682079514
"Uninformative_bk_Santos (2018)","Uninformative_bk","M_Santos(2005-2018)",1894.65039209485
"Uninformative_bk_Santos (2018)","Uninformative_bk","M_Santos(2005-2018)",1996.9583374066
"Uninformative_bk_Santos (2018)","Uninformative_bk","M_Santos(2005-2018)",1965.65912451252
"Uninformative_bk_Santos (2018)","Uninformative_bk","M_Santos(2005-2018)",1921.05493046606
"Uninformative_bk_Santos (2018)","Uninformative_bk","M_Santos(2005-2018)",2103.04827527996
"Uninformative_bk_Santos (2018)","Uninformative_bk","M_Santos(2005-2018)",1980.73794678593
"Uninformative_bk_Santos (2018)","Uninformative_bk","M_Santos(2005-2018)",1863.16348701902
"Uninformative_bk_Santos (2018)","Uninformative_bk","M_Santos(2005-2018)",2430.30975875213
"Uninformative_bk_Santos (2018)","Uninformative_bk","M_Santos(2005-2018)",1896.55539186392
"Uninformative_bk_Santos (2018)","Uninformative_bk","M_Santos(2005-2018)",1835.2189204484
"Uninformative_bk_Santos (2018)","Uninformative_bk","M_Santos(2005-2018)",1886.34166795857
"Uninformative_bk_Santos (2018)","Uninformative_bk","M_Santos(2005-2018)",1939.12669965853
"Uninformative_bk_Santos (2018)","Uninformative_bk","M_Santos(2005-2018)",3287.2673505948
"Uninformative_bk_Santos (2018)","Uninformative_bk","M_Santos(2005-2018)",3083.342446739
"Uninformative_bk_Santos (2018)","Uninformative_bk","M_Santos(2005-2018)",1717.65022237339
"Uninformative_bk_Santos (2018)","Uninformative_bk","M_Santos(2005-2018)",1892.33704740997
"Uninformative_bk_Santos (2018)","Uninformative_bk","M_Santos(2005-2018)",3195.97935311462
"Uninformative_bk_Santos (2018)","Uninformative_bk","M_Santos(2005-2018)",2063.68182898483
"Uninformative_bk_Santos (2018)","Uninformative_bk","M_Santos(2005-2018)",2004.80466458086
"Uninformative_bk_Santos (2018)","Uninformative_bk","M_Santos(2005-2018)",1821.95189956117
"Uninformative_bk_Santos (2018)","Uninformative_bk","M_Santos(2005-2018)",2272.05069122297
"Uninformative_bk_Santos (2018)","Uninformative_bk","M_Santos(2005-2018)",1851.90729129972
"Uninformative_bk_Santos (2018)","Uninformative_bk","M_Santos(2005-2018)",2032.0382661341
"Uninformative_bk_Santos (2018)","Uninformative_bk","M_Santos(2005-2018)",1894.91474355437
"Uninformative_bk_Santos (2018)","Uninformative_bk","M_Santos(2005-2018)",2626.27158051099
"Uninformative_bk_Santos (2018)","Uninformative_bk","M_Santos(2005-2018)",2033.95180677349
"Uninformative_bk_Santos (2018)","Uninformative_bk","M_Santos(2005-2018)",1836.73349366697
"Uninformative_bk_Santos (2018)","Uninformative_bk","M_Santos(2005-2018)",1986.83558816437
"Uninformative_bk_Santos (2018)","Uninformative_bk","M_Santos(2005-2018)",1967.95915733857
"Uninformative_bk_Santos (2018)","Uninformative_bk","M_Santos(2005-2018)",2107.21374132571
"Uninformative_bk_Santos (2018)","Uninformative_bk","M_Santos(2005-2018)",1861.39179292924
"Uninformative_bk_Santos (2018)","Uninformative_bk","M_Santos(2005-2018)",2047.21414321262
"Uninformative_bk_Santos (2018)","Uninformative_bk","M_Santos(2005-2018)",1920.4024242799
"Uninformative_bk_Santos (2018)","Uninformative_bk","M_Santos(2005-2018)",1915.65990092053
"Uninformative_bk_Santos (2018)","Uninformative_bk","M_Santos(2005-2018)",1672.855088924
"Uninformative_bk_Santos (2018)","Uninformative_bk","M_Santos(2005-2018)",1857.57805178488
"Uninformative_bk_Santos (2018)","Uninformative_bk","M_Santos(2005-2018)",1914.88814441349
"Uninformative_bk_Santos (2018)","Uninformative_bk","M_Santos(2005-2018)",1688.5098590203
"Uninformative_bk_Santos (2018)","Uninformative_bk","M_Santos(2005-2018)",1845.51049738483
"Uninformative_bk_Santos (2018)","Uninformative_bk","M_Santos(2005-2018)",2320.90615909218
"Uninformative_bk_Santos (2018)","Uninformative_bk","M_Santos(2005-2018)",2166.87647435132
"Uninformative_bk_Santos (2018)","Uninformative_bk","M_Santos(2005-2018)",1992.1439823949
"Uninformative_bk_Santos (2018)","Uninformative_bk","M_Santos(2005-2018)",1917.25254558233
"Uninformative_bk_Santos (2018)","Uninformative_bk","M_Santos(2005-2018)",1900.36472783013
"Uninformative_bk_Santos (2018)","Uninformative_bk","M_Santos(2005-2018)",2376.92746817062
"Uninformative_bk_Santos (2018)","Uninformative_bk","M_Santos(2005-2018)",1907.49868703366
"Uninformative_bk_Santos (2018)","Uninformative_bk","M_Santos(2005-2018)",1606.24419519055
"Uninformative_bk_Santos (2018)","Uninformative_bk","M_Santos(2005-2018)",1668.93722870835
"Uninformative_bk_Santos (2018)","Uninformative_bk","M_Santos(2005-2018)",2043.83357413115
"Uninformative_bk_Santos (2018)","Uninformative_bk","M_Santos(2005-2018)",1986.0510986494
"Uninformative_bk_Santos (2018)","Uninformative_bk","M_Santos(2005-2018)",1930.23671529988
"Uninformative_bk_Santos (2018)","Uninformative_bk","M_Santos(2005-2018)",1889.12730753632
"Uninformative_bk_Santos (2018)","Uninformative_bk","M_Santos(2005-2018)",2049.75340113962
"Uninformative_bk_Santos (2018)","Uninformative_bk","M_Santos(2005-2018)",1923.78968017467
"Uninformative_bk_Santos (2018)","Uninformative_bk","M_Santos(2005-2018)",1961.65169041839
"Uninformative_bk_Santos (2018)","Uninformative_bk","M_Santos(2005-2018)",1953.0927169689
"Uninformative_bk_Santos (2018)","Uninformative_bk","M_Santos(2005-2018)",1849.38206412513
"Uninformative_bk_Santos (2018)","Uninformative_bk","M_Santos(2005-2018)",1889.00293056208
"Uninformative_bk_Santos (2018)","Uninformative_bk","M_Santos(2005-2018)",1955.74148131281
"Uninformative_bk_Santos (2018)","Uninformative_bk","M_Santos(2005-2018)",2309.01698802055
"Uninformative_bk_Santos (2018)","Uninformative_bk","M_Santos(2005-2018)",1890.90764571618
"Uninformative_bk_Santos (2018)","Uninformative_bk","M_Santos(2005-2018)",1984.71545015959
"Uninformative_bk_Santos (2018)","Uninformative_bk","M_Santos(2005-2018)",2014.04561245951
"Uninformative_bk_Santos (2018)","Uninformative_bk","M_Santos(2005-2018)",3424.31887699541
"Uninformative_bk_Santos (2018)","Uninformative_bk","M_Santos(2005-2018)",1864.93996196819
"Uninformative_bk_Santos (2018)","Uninformative_bk","M_Santos(2005-2018)",1908.24006730121
"Uninformative_bk_Santos (2018)","Uninformative_bk","M_Santos(2005-2018)",2160.62135852895
"Uninformative_bk_Santos (2018)","Uninformative_bk","M_Santos(2005-2018)",2198.83918327735
"Uninformative_bk_Santos (2018)","Uninformative_bk","M_Santos(2005-2018)",1785.32302729777
"Uninformative_bk_Santos (2018)","Uninformative_bk","M_Santos(2005-2018)",1787.81512251001
"Uninformative_bk_Santos (2018)","Uninformative_bk","M_Santos(2005-2018)",2007.03305016794
"Uninformative_bk_Santos (2018)","Uninformative_bk","M_Santos(2005-2018)",1885.26667822532
"Uninformative_bk_Santos (2018)","Uninformative_bk","M_Santos(2005-2018)",2016.04797524222
"Uninformative_bk_Santos (2018)","Uninformative_bk","M_Santos(2005-2018)",1945.33756929861
"Uninformative_bk_Santos (2018)","Uninformative_bk","M_Santos(2005-2018)",1920.87607429136
"Uninformative_bk_Santos (2018)","Uninformative_bk","M_Santos(2005-2018)",2030.26697393191
"Uninformative_bk_Santos (2018)","Uninformative_bk","M_Santos(2005-2018)",1989.19724547487
"Uninformative_bk_Santos (2018)","Uninformative_bk","M_Santos(2005-2018)",2455.62940504073
"Uninformative_bk_Santos (2018)","Uninformative_bk","M_Santos(2005-2018)",1988.99708287269
"Uninformative_bk_Santos (2018)","Uninformative_bk","M_Santos(2005-2018)",1935.04410203224
"Uninformative_bk_Santos (2018)","Uninformative_bk","M_Santos(2005-2018)",1935.98424637517
"Uninformative_bk_Santos (2018)","Uninformative_bk","M_Santos(2005-2018)",6291.40406959398
"Uninformative_bk_Santos (2018)","Uninformative_bk","M_Santos(2005-2018)",2224.51940014033
"Uninformative_bk_Santos (2018)","Uninformative_bk","M_Santos(2005-2018)",2119.48386944106
"Uninformative_bk_Santos (2018)","Uninformative_bk","M_Santos(2005-2018)",1917.38937499162
"Uninformative_bk_Santos (2018)","Uninformative_bk","M_Santos(2005-2018)",2130.80824928628
"Uninformative_bk_Santos (2018)","Uninformative_bk","M_Santos(2005-2018)",1861.48814355754
"Uninformative_bk_Santos (2018)","Uninformative_bk","M_Santos(2005-2018)",1975.35957195081
"Uninformative_bk_Santos (2018)","Uninformative_bk","M_Santos(2005-2018)",1844.28509113476
"Uninformative_bk_Santos (2018)","Uninformative_bk","M_Santos(2005-2018)",1726.28268245173
"Uninformative_bk_Santos (2018)","Uninformative_bk","M_Santos(2005-2018)",1764.06949816243
"Uninformative_bk_Santos (2018)","Uninformative_bk","M_Santos(2005-2018)",3620.22209770862
"Uninformative_bk_Santos (2018)","Uninformative_bk","M_Santos(2005-2018)",2964.75703048686
"Uninformative_bk_Santos (2018)","Uninformative_bk","M_Santos(2005-2018)",1860.72751384265
"Uninformative_bk_Santos (2018)","Uninformative_bk","M_Santos(2005-2018)",1742.90794473461
"Uninformative_bk_Santos (2018)","Uninformative_bk","M_Santos(2005-2018)",1921.15573192519
"Uninformative_bk_Santos (2018)","Uninformative_bk","M_Santos(2005-2018)",1958.01975236549
"Uninformative_bk_Santos (2018)","Uninformative_bk","M_Santos(2005-2018)",1857.0980859556
"Uninformative_bk_Santos (2018)","Uninformative_bk","M_Santos(2005-2018)",2122.78879169083
"Uninformative_bk_Santos (2018)","Uninformative_bk","M_Santos(2005-2018)",2111.93055204004
"Uninformative_bk_Santos (2018)","Uninformative_bk","M_Santos(2005-2018)",2315.8288484974
"Uninformative_bk_Santos (2018)","Uninformative_bk","M_Santos(2005-2018)",1844.11522782864
"Uninformative_bk_Santos (2018)","Uninformative_bk","M_Santos(2005-2018)",1760.10912082314
"Uninformative_bk_Santos (2018)","Uninformative_bk","M_Santos(2005-2018)",1755.25668330128
"Uninformative_bk_Santos (2018)","Uninformative_bk","M_Santos(2005-2018)",1750.50977533299
"Uninformative_bk_Santos (2018)","Uninformative_bk","M_Santos(2005-2018)",2333.1114982634
"Uninformative_bk_Santos (2018)","Uninformative_bk","M_Santos(2005-2018)",2605.98577642041
"Uninformative_bk_Santos (2018)","Uninformative_bk","M_Santos(2005-2018)",1941.6795657998
"Uninformative_bk_Santos (2018)","Uninformative_bk","M_Santos(2005-2018)",1956.7768217725
"Uninformative_bk_Santos (2018)","Uninformative_bk","M_Santos(2005-2018)",1794.04485168928
"Uninformative_bk_Santos (2018)","Uninformative_bk","M_Santos(2005-2018)",3549.95843219848
"Uninformative_bk_Santos (2018)","Uninformative_bk","M_Santos(2005-2018)",2011.7486625029
"Uninformative_bk_Santos (2018)","Uninformative_bk","M_Santos(2005-2018)",1746.55364930087
"Uninformative_bk_Santos (2018)","Uninformative_bk","M_Santos(2005-2018)",1911.43458068067
"Uninformative_bk_Santos (2018)","Uninformative_bk","M_Santos(2005-2018)",2035.0374193971
"Uninformative_bk_Santos (2018)","Uninformative_bk","M_Santos(2005-2018)",1933.76620219182
"Uninformative_bk_Santos (2018)","Uninformative_bk","M_Santos(2005-2018)",1912.46251208437
"Uninformative_bk_Santos (2018)","Uninformative_bk","M_Santos(2005-2018)",1916.06733258953
"Uninformative_bk_Santos (2018)","Uninformative_bk","M_Santos(2005-2018)",1860.48280592554
"Uninformative_bk_Santos (2018)","Uninformative_bk","M_Santos(2005-2018)",1871.51780322308
"Uninformative_bk_Santos (2018)","Uninformative_bk","M_Santos(2005-2018)",1810.01214090521
"Uninformative_bk_Santos (2018)","Uninformative_bk","M_Santos(2005-2018)",2107.29907659902
"Uninformative_bk_Santos (2018)","Uninformative_bk","M_Santos(2005-2018)",1873.56553094727
"Uninformative_bk_Santos (2018)","Uninformative_bk","M_Santos(2005-2018)",1927.98566315849
"Uninformative_bk_Santos (2018)","Uninformative_bk","M_Santos(2005-2018)",1984.89786936439
"Uninformative_bk_Santos (2018)","Uninformative_bk","M_Santos(2005-2018)",2046.41634609028
"Uninformative_bk_Santos (2018)","Uninformative_bk","M_Santos(2005-2018)",1748.24673779951
"Uninformative_bk_Santos (2018)","Uninformative_bk","M_Santos(2005-2018)",2289.85461886648
"Uninformative_bk_Santos (2018)","Uninformative_bk","M_Santos(2005-2018)",1826.70228118109
"Uninformative_bk_Santos (2018)","Uninformative_bk","M_Santos(2005-2018)",2328.69043573703
"Uninformative_bk_Santos (2018)","Uninformative_bk","M_Santos(2005-2018)",1884.69311237351
"Uninformative_bk_Santos (2018)","Uninformative_bk","M_Santos(2005-2018)",2430.2440622703
"Uninformative_bk_Santos (2018)","Uninformative_bk","M_Santos(2005-2018)",1891.73250870212
"Uninformative_bk_Santos (2018)","Uninformative_bk","M_Santos(2005-2018)",1907.38628911452
"Uninformative_bk_Santos (2018)","Uninformative_bk","M_Santos(2005-2018)",1889.39695305491
"Uninformative_bk_Santos (2018)","Uninformative_bk","M_Santos(2005-2018)",1788.08399317863
"Uninformative_bk_Santos (2018)","Uninformative_bk","M_Santos(2005-2018)",3247.20717586628
"Uninformative_bk_Santos (2018)","Uninformative_bk","M_Santos(2005-2018)",1937.13977464154
"Uninformative_bk_Santos (2018)","Uninformative_bk","M_Santos(2005-2018)",1926.71876208271
"Uninformative_bk_Santos (2018)","Uninformative_bk","M_Santos(2005-2018)",1971.73834979793
"Uninformative_bk_Santos (2018)","Uninformative_bk","M_Santos(2005-2018)",1896.67037773525
"Uninformative_bk_Santos (2018)","Uninformative_bk","M_Santos(2005-2018)",1850.18437643533
"Uninformative_bk_Santos (2018)","Uninformative_bk","M_Santos(2005-2018)",1956.06296196116
"Uninformative_bk_Santos (2018)","Uninformative_bk","M_Santos(2005-2018)",1971.04235195378
"Uninformative_bk_Santos (2018)","Uninformative_bk","M_Santos(2005-2018)",2414.68130139603
"Uninformative_bk_Santos (2018)","Uninformative_bk","M_Santos(2005-2018)",1908.87369345499
"Uninformative_bk_Santos (2018)","Uninformative_bk","M_Santos(2005-2018)",1915.03573465935
"Uninformative_bk_Santos (2018)","Uninformative_bk","M_Santos(2005-2018)",1908.73873127929
"Uninformative_bk_Santos (2018)","Uninformative_bk","M_Santos(2005-2018)",1915.92411583201
"Uninformative_bk_Santos (2018)","Uninformative_bk","M_Santos(2005-2018)",1501.53219468893
"Uninformative_bk_Santos (2018)","Uninformative_bk","M_Santos(2005-2018)",1916.96984516618
"Uninformative_bk_Santos (2018)","Uninformative_bk","M_Santos(2005-2018)",2808.80703182623
"Uninformative_bk_Santos (2018)","Uninformative_bk","M_Santos(2005-2018)",1755.71639975242
"Uninformative_bk_Santos (2018)","Uninformative_bk","M_Santos(2005-2018)",2438.69260514539
"Uninformative_bk_Santos (2018)","Uninformative_bk","M_Santos(2005-2018)",1950.44830043413
"Uninformative_bk_Santos (2018)","Uninformative_bk","M_Santos(2005-2018)",2043.83996457261
"Uninformative_bk_Santos (2018)","Uninformative_bk","M_Santos(2005-2018)",1870.77734361448
"Uninformative_bk_Santos (2018)","Uninformative_bk","M_Santos(2005-2018)",1956.61945229084
"Uninformative_bk_Santos (2018)","Uninformative_bk","M_Santos(2005-2018)",2015.60406456176
"Uninformative_bk_Santos (2018)","Uninformative_bk","M_Santos(2005-2018)",1568.47908536693
"Uninformative_bk_Santos (2018)","Uninformative_bk","M_Santos(2005-2018)",2019.43029591438
"Uninformative_bk_Santos (2018)","Uninformative_bk","M_Santos(2005-2018)",2117.73720487261
"Uninformative_bk_Santos (2018)","Uninformative_bk","M_Santos(2005-2018)",2039.63077981381
"Uninformative_bk_Santos (2018)","Uninformative_bk","M_Santos(2005-2018)",1734.82513936481
"Uninformative_bk_Santos (2018)","Uninformative_bk","M_Santos(2005-2018)",1545.41838208718
"Uninformative_bk_Santos (2018)","Uninformative_bk","M_Santos(2005-2018)",1894.92397023432
"Uninformative_bk_Santos (2018)","Uninformative_bk","M_Santos(2005-2018)",1844.95312577027
"Uninformative_bk_Santos (2018)","Uninformative_bk","M_Santos(2005-2018)",1810.89680446017
"Uninformative_bk_Santos (2018)","Uninformative_bk","M_Santos(2005-2018)",1968.7584492239
"Uninformative_bk_Santos (2018)","Uninformative_bk","M_Santos(2005-2018)",4093.73476205301
"Uninformative_bk_Santos (2018)","Uninformative_bk","M_Santos(2005-2018)",1951.58134007919
"Uninformative_bk_Santos (2018)","Uninformative_bk","M_Santos(2005-2018)",1934.15394248478
"Uninformative_bk_Santos (2018)","Uninformative_bk","M_Santos(2005-2018)",2580.93878528205
"Uninformative_bk_Santos (2018)","Uninformative_bk","M_Santos(2005-2018)",1908.27105307386
"Uninformative_bk_Santos (2018)","Uninformative_bk","M_Santos(2005-2018)",1962.09577748845
"Uninformative_bk_Santos (2018)","Uninformative_bk","M_Santos(2005-2018)",2004.32893272644
"Uninformative_bk_Santos (2018)","Uninformative_bk","M_Santos(2005-2018)",2608.19809891704
"Uninformative_bk_Santos (2018)","Uninformative_bk","M_Santos(2005-2018)",1937.35217539801
"Uninformative_bk_Santos (2018)","Uninformative_bk","M_Santos(2005-2018)",1721.58541070316
"Uninformative_bk_Santos (2018)","Uninformative_bk","M_Santos(2005-2018)",1836.89291625527
"Uninformative_bk_Santos (2018)","Uninformative_bk","M_Santos(2005-2018)",5130.57536352915
"Uninformative_bk_Santos (2018)","Uninformative_bk","M_Santos(2005-2018)",1923.67926211803
"Uninformative_bk_Santos (2018)","Uninformative_bk","M_Santos(2005-2018)",2344.75979562856
"Uninformative_bk_Santos (2018)","Uninformative_bk","M_Santos(2005-2018)",1970.6724377368
"Uninformative_bk_Santos (2018)","Uninformative_bk","M_Santos(2005-2018)",1858.00774993619
"Uninformative_bk_Santos (2018)","Uninformative_bk","M_Santos(2005-2018)",1896.53108840913
"Uninformative_bk_Santos (2018)","Uninformative_bk","M_Santos(2005-2018)",2774.42263207355
"Uninformative_bk_Santos (2018)","Uninformative_bk","M_Santos(2005-2018)",1907.27089446357
"Uninformative_bk_Santos (2018)","Uninformative_bk","M_Santos(2005-2018)",1982.36038252384
"Uninformative_bk_Santos (2018)","Uninformative_bk","M_Santos(2005-2018)",2090.50158388327
"Uninformative_bk_Santos (2018)","Uninformative_bk","M_Santos(2005-2018)",1886.66396851951
"Uninformative_bk_Santos (2018)","Uninformative_bk","M_Santos(2005-2018)",1895.23497052703
"Uninformative_bk_Santos (2018)","Uninformative_bk","M_Santos(2005-2018)",1857.12267402016
"Uninformative_bk_Santos (2018)","Uninformative_bk","M_Santos(2005-2018)",1883.62482852168
"Uninformative_bk_Santos (2018)","Uninformative_bk","M_Santos(2005-2018)",1835.79790438142
"Uninformative_bk_Santos (2018)","Uninformative_bk","M_Santos(2005-2018)",2370.08241876848
"Uninformative_bk_Santos (2018)","Uninformative_bk","M_Santos(2005-2018)",2089.47685312393
"Uninformative_bk_Santos (2018)","Uninformative_bk","M_Santos(2005-2018)",1992.07181725253
"Uninformative_bk_Santos (2018)","Uninformative_bk","M_Santos(2005-2018)",1845.81692380966
"Uninformative_bk_Santos (2018)","Uninformative_bk","M_Santos(2005-2018)",1969.38496427974
"Uninformative_bk_Santos (2018)","Uninformative_bk","M_Santos(2005-2018)",1857.18169717058
"Uninformative_bk_Santos (2018)","Uninformative_bk","M_Santos(2005-2018)",1775.54148037686
"Uninformative_bk_Santos (2018)","Uninformative_bk","M_Santos(2005-2018)",2036.57197544657
"Uninformative_bk_Santos (2018)","Uninformative_bk","M_Santos(2005-2018)",2210.25413573053
"Uninformative_bk_Santos (2018)","Uninformative_bk","M_Santos(2005-2018)",2023.48271570331
"Uninformative_bk_Santos (2018)","Uninformative_bk","M_Santos(2005-2018)",1748.6534121864
"Uninformative_bk_Santos (2018)","Uninformative_bk","M_Santos(2005-2018)",1943.3849223204
"Uninformative_bk_Santos (2018)","Uninformative_bk","M_Santos(2005-2018)",1957.73866722406
"Uninformative_bk_Santos (2018)","Uninformative_bk","M_Santos(2005-2018)",1871.39390926068
"Uninformative_bk_Santos (2018)","Uninformative_bk","M_Santos(2005-2018)",3126.44826449821
"Uninformative_bk_Santos (2018)","Uninformative_bk","M_Santos(2005-2018)",1883.59811451193
"Uninformative_bk_Santos (2018)","Uninformative_bk","M_Santos(2005-2018)",1833.92347037495
"Uninformative_bk_Santos (2018)","Uninformative_bk","M_Santos(2005-2018)",1862.37352223514
"Uninformative_bk_Santos (2018)","Uninformative_bk","M_Santos(2005-2018)",1952.95002438481
"Uninformative_bk_Santos (2018)","Uninformative_bk","M_Santos(2005-2018)",1805.37253151255
"Uninformative_bk_Santos (2018)","Uninformative_bk","M_Santos(2005-2018)",4115.20607863011
"Uninformative_bk_Santos (2018)","Uninformative_bk","M_Santos(2005-2018)",1782.83999460828
"Uninformative_bk_Santos (2018)","Uninformative_bk","M_Santos(2005-2018)",2524.77563498201
"Uninformative_bk_Santos (2018)","Uninformative_bk","M_Santos(2005-2018)",1913.9119619337
"Uninformative_bk_Santos (2018)","Uninformative_bk","M_Santos(2005-2018)",1948.29889823589
"Uninformative_bk_Santos (2018)","Uninformative_bk","M_Santos(2005-2018)",1950.37379190033
"Uninformative_bk_Santos (2018)","Uninformative_bk","M_Santos(2005-2018)",1741.13903763412
"Uninformative_bk_Santos (2018)","Uninformative_bk","M_Santos(2005-2018)",1954.31751869155
"Uninformative_bk_Santos (2018)","Uninformative_bk","M_Santos(2005-2018)",1968.64081441
"Uninformative_bk_Santos (2018)","Uninformative_bk","M_Santos(2005-2018)",1959.68992811797
"Uninformative_bk_Santos (2018)","Uninformative_bk","M_Santos(2005-2018)",3296.62396464986
"Uninformative_bk_Santos (2018)","Uninformative_bk","M_Santos(2005-2018)",4550.63505202024
"Uninformative_bk_Santos (2018)","Uninformative_bk","M_Santos(2005-2018)",2875.19836266573
"Uninformative_bk_Santos (2018)","Uninformative_bk","M_Santos(2005-2018)",1542.56007329185
"Uninformative_bk_Santos (2018)","Uninformative_bk","M_Santos(2005-2018)",1890.29684059369
"Uninformative_bk_Santos (2018)","Uninformative_bk","M_Santos(2005-2018)",2008.23360765727
"Uninformative_bk_Santos (2018)","Uninformative_bk","M_Santos(2005-2018)",1996.81233220581
"Uninformative_bk_Santos (2018)","Uninformative_bk","M_Santos(2005-2018)",1917.16837416665
"Uninformative_bk_Santos (2018)","Uninformative_bk","M_Santos(2005-2018)",1855.62388667765
"Uninformative_bk_Santos (2018)","Uninformative_bk","M_Santos(2005-2018)",1760.3285891385
"Uninformative_bk_Santos (2018)","Uninformative_bk","M_Santos(2005-2018)",2206.66792289255
"Uninformative_bk_Santos (2018)","Uninformative_bk","M_Santos(2005-2018)",2641.43796431198
"Uninformative_bk_Santos (2018)","Uninformative_bk","M_Santos(2005-2018)",1844.31487402014
"Uninformative_bk_Santos (2018)","Uninformative_bk","M_Santos(2005-2018)",1917.50929923242
"Uninformative_bk_Santos (2018)","Uninformative_bk","M_Santos(2005-2018)",2034.01110398601
"Uninformative_bk_Santos (2018)","Uninformative_bk","M_Santos(2005-2018)",2065.49224342469
"Uninformative_bk_Santos (2018)","Uninformative_bk","M_Santos(2005-2018)",1903.29112471674
"Uninformative_bk_Santos (2018)","Uninformative_bk","M_Santos(2005-2018)",1911.36641579453
"Uninformative_bk_Santos (2018)","Uninformative_bk","M_Santos(2005-2018)",1892.28539548937
"Uninformative_bk_Santos (2018)","Uninformative_bk","M_Santos(2005-2018)",1746.25052973937
"Uninformative_bk_Santos (2018)","Uninformative_bk","M_Santos(2005-2018)",1538.89693986983
"Uninformative_bk_Santos (2018)","Uninformative_bk","M_Santos(2005-2018)",3751.53873805104
"Uninformative_bk_Santos (2018)","Uninformative_bk","M_Santos(2005-2018)",1977.32660075407
"Uninformative_bk_Santos (2018)","Uninformative_bk","M_Santos(2005-2018)",1947.63452010361
"Uninformative_bk_Santos (2018)","Uninformative_bk","M_Santos(2005-2018)",1831.16083619984
"Uninformative_bk_Santos (2018)","Uninformative_bk","M_Santos(2005-2018)",1962.98328344895
"Uninformative_bk_Santos (2018)","Uninformative_bk","M_Santos(2005-2018)",2020.68968953344
"Uninformative_bk_Santos (2018)","Uninformative_bk","M_Santos(2005-2018)",1890.44646819382
"Uninformative_bk_Santos (2018)","Uninformative_bk","M_Santos(2005-2018)",1958.74256537252
"Uninformative_bk_Santos (2018)","Uninformative_bk","M_Santos(2005-2018)",1666.33316960363
"Uninformative_bk_Santos (2018)","Uninformative_bk","M_Santos(2005-2018)",1903.68976041756
"Uninformative_bk_Santos (2018)","Uninformative_bk","M_Santos(2005-2018)",1757.88974095605
"Uninformative_bk_Santos (2018)","Uninformative_bk","M_Santos(2005-2018)",1917.42508427283
"Uninformative_bk_Santos (2018)","Uninformative_bk","M_Santos(2005-2018)",2403.66540944194
"Uninformative_bk_Santos (2018)","Uninformative_bk","M_Santos(2005-2018)",1806.42755406639
"Uninformative_bk_Santos (2018)","Uninformative_bk","M_Santos(2005-2018)",1924.87604438753
"Uninformative_bk_Santos (2018)","Uninformative_bk","M_Santos(2005-2018)",2054.33190850374
"Uninformative_bk_Santos (2018)","Uninformative_bk","M_Santos(2005-2018)",1569.05446172343
"Uninformative_bk_Santos (2018)","Uninformative_bk","M_Santos(2005-2018)",1947.1930888309
"Uninformative_bk_Santos (2018)","Uninformative_bk","M_Santos(2005-2018)",1792.63251066951
"Uninformative_bk_Santos (2018)","Uninformative_bk","M_Santos(2005-2018)",2011.02532852595
"Uninformative_bk_Santos (2018)","Uninformative_bk","M_Santos(2005-2018)",1894.42489071596
"Uninformative_bk_Santos (2018)","Uninformative_bk","M_Santos(2005-2018)",2862.4663158616
"Uninformative_bk_Santos (2018)","Uninformative_bk","M_Santos(2005-2018)",2723.05561426698
"Uninformative_bk_Santos (2018)","Uninformative_bk","M_Santos(2005-2018)",1766.9625468663
"Uninformative_bk_Santos (2018)","Uninformative_bk","M_Santos(2005-2018)",1907.39166040075
"Uninformative_bk_Santos (2018)","Uninformative_bk","M_Santos(2005-2018)",4158.98270351265
"Uninformative_bk_Santos (2018)","Uninformative_bk","M_Santos(2005-2018)",1885.66493722347
"Uninformative_bk_Santos (2018)","Uninformative_bk","M_Santos(2005-2018)",1856.73892508219
"Uninformative_bk_Santos (2018)","Uninformative_bk","M_Santos(2005-2018)",1943.95677880104
"Uninformative_bk_Santos (2018)","Uninformative_bk","M_Santos(2005-2018)",3470.60513897971
"Uninformative_bk_Santos (2018)","Uninformative_bk","M_Santos(2005-2018)",1935.37689951607
"Uninformative_bk_Santos (2018)","Uninformative_bk","M_Santos(2005-2018)",1872.35393430516
"Uninformative_bk_Santos (2018)","Uninformative_bk","M_Santos(2005-2018)",1923.59526960059
"Uninformative_bk_Santos (2018)","Uninformative_bk","M_Santos(2005-2018)",1934.61376795211
"Uninformative_bk_Santos (2018)","Uninformative_bk","M_Santos(2005-2018)",1870.55655636037
"Uninformative_bk_Santos (2018)","Uninformative_bk","M_Santos(2005-2018)",1952.65764873601
"Uninformative_bk_Santos (2018)","Uninformative_bk","M_Santos(2005-2018)",4323.73293612179
"Uninformative_bk_Santos (2018)","Uninformative_bk","M_Santos(2005-2018)",2357.55266473853
"Uninformative_bk_Santos (2018)","Uninformative_bk","M_Santos(2005-2018)",2275.48884293608
"Uninformative_bk_Santos (2018)","Uninformative_bk","M_Santos(2005-2018)",1937.69357656366
"Uninformative_bk_Santos (2018)","Uninformative_bk","M_Santos(2005-2018)",1997.230960583
"Uninformative_bk_Santos (2018)","Uninformative_bk","M_Santos(2005-2018)",1921.14946165792
"Uninformative_bk_Santos (2018)","Uninformative_bk","M_Santos(2005-2018)",1968.46553302813
"Uninformative_bk_Santos (2018)","Uninformative_bk","M_Santos(2005-2018)",1921.19001519408
"Uninformative_bk_Santos (2018)","Uninformative_bk","M_Santos(2005-2018)",1922.52190188683
"Uninformative_bk_Santos (2018)","Uninformative_bk","M_Santos(2005-2018)",1935.36091489425
"Uninformative_bk_Santos (2018)","Uninformative_bk","M_Santos(2005-2018)",1932.27839919104
"Uninformative_bk_Santos (2018)","Uninformative_bk","M_Santos(2005-2018)",1990.40656673347
"Uninformative_bk_Santos (2018)","Uninformative_bk","M_Santos(2005-2018)",1876.54479780182
"Uninformative_bk_Santos (2018)","Uninformative_bk","M_Santos(2005-2018)",1764.34646526824
"Uninformative_bk_Santos (2018)","Uninformative_bk","M_Santos(2005-2018)",1980.07084036743
"Uninformative_bk_Santos (2018)","Uninformative_bk","M_Santos(2005-2018)",5125.35786219212
"Uninformative_bk_Santos (2018)","Uninformative_bk","M_Santos(2005-2018)",1791.76815223265
"Uninformative_bk_Santos (2018)","Uninformative_bk","M_Santos(2005-2018)",7158.56572522363
"Uninformative_bk_Santos (2018)","Uninformative_bk","M_Santos(2005-2018)",2207.62434307483
"Uninformative_bk_Santos (2018)","Uninformative_bk","M_Santos(2005-2018)",3306.59240972225
"Uninformative_bk_Santos (2018)","Uninformative_bk","M_Santos(2005-2018)",1983.57558844651
"Uninformative_bk_Santos (2018)","Uninformative_bk","M_Santos(2005-2018)",1889.29858256999
"Uninformative_bk_Santos (2018)","Uninformative_bk","M_Santos(2005-2018)",2354.42438841297
"Uninformative_bk_Santos (2018)","Uninformative_bk","M_Santos(2005-2018)",1888.12652069315
"Uninformative_bk_Santos (2018)","Uninformative_bk","M_Santos(2005-2018)",1888.16255093033
"Uninformative_bk_Santos (2018)","Uninformative_bk","M_Santos(2005-2018)",2227.92834887488
"Uninformative_bk_Santos (2018)","Uninformative_bk","M_Santos(2005-2018)",1778.90926011013
"Uninformative_bk_Santos (2018)","Uninformative_bk","M_Santos(2005-2018)",1892.03488198097
"Uninformative_bk_Santos (2018)","Uninformative_bk","M_Santos(2005-2018)",1851.11670481174
"Uninformative_bk_Santos (2018)","Uninformative_bk","M_Santos(2005-2018)",1952.27821117515
"Uninformative_bk_Santos (2018)","Uninformative_bk","M_Santos(2005-2018)",1958.46394172118
"Uninformative_bk_Santos (2018)","Uninformative_bk","M_Santos(2005-2018)",2016.03189760848
"Uninformative_bk_Santos (2018)","Uninformative_bk","M_Santos(2005-2018)",1925.82745739841
"Uninformative_bk_Santos (2018)","Uninformative_bk","M_Santos(2005-2018)",1701.14113618874
"Uninformative_bk_Santos (2018)","Uninformative_bk","M_Santos(2005-2018)",1757.86924280136
"Uninformative_bk_Santos (2018)","Uninformative_bk","M_Santos(2005-2018)",1908.13483468736
"Uninformative_bk_Santos (2018)","Uninformative_bk","M_Santos(2005-2018)",1714.85583942992
"Uninformative_bk_Santos (2018)","Uninformative_bk","M_Santos(2005-2018)",3911.07889368471
"Uninformative_bk_Santos (2018)","Uninformative_bk","M_Santos(2005-2018)",2312.11177627717
"Uninformative_bk_Santos (2018)","Uninformative_bk","M_Santos(2005-2018)",1930.54286593975
"Uninformative_bk_Santos (2018)","Uninformative_bk","M_Santos(2005-2018)",1961.7150837396
"Uninformative_bk_Santos (2018)","Uninformative_bk","M_Santos(2005-2018)",1962.04175822069
"Uninformative_bk_Santos (2018)","Uninformative_bk","M_Santos(2005-2018)",2276.36792774877
"Uninformative_bk_Santos (2018)","Uninformative_bk","M_Santos(2005-2018)",1834.31135283082
"Uninformative_bk_Santos (2018)","Uninformative_bk","M_Santos(2005-2018)",1829.49370801159
"Uninformative_bk_Santos (2018)","Uninformative_bk","M_Santos(2005-2018)",2858.79645724007
"Uninformative_bk_Santos (2018)","Uninformative_bk","M_Santos(2005-2018)",1996.96775216516
"Uninformative_bk_Santos (2018)","Uninformative_bk","M_Santos(2005-2018)",2190.48640017373
"Uninformative_bk_Santos (2018)","Uninformative_bk","M_Santos(2005-2018)",1993.38181813264
"Uninformative_bk_Santos (2018)","Uninformative_bk","M_Santos(2005-2018)",1750.32734900249
"Uninformative_bk_Santos (2018)","Uninformative_bk","M_Santos(2005-2018)",1958.96660125309
"Uninformative_bk_Santos (2018)","Uninformative_bk","M_Santos(2005-2018)",3628.38490766736
"Uninformative_bk_Santos (2018)","Uninformative_bk","M_Santos(2005-2018)",1922.33784738883
"Uninformative_bk_Santos (2018)","Uninformative_bk","M_Santos(2005-2018)",1924.09118933464
"Uninformative_bk_Santos (2018)","Uninformative_bk","M_Santos(2005-2018)",1889.5210725384
"Uninformative_bk_Santos (2018)","Uninformative_bk","M_Santos(2005-2018)",1892.10671129593
"Uninformative_bk_Santos (2018)","Uninformative_bk","M_Santos(2005-2018)",2288.00177279322
"Uninformative_bk_Santos (2018)","Uninformative_bk","M_Santos(2005-2018)",1920.53873894426
"Uninformative_bk_Santos (2018)","Uninformative_bk","M_Santos(2005-2018)",1883.67507101725
"Uninformative_bk_Santos (2018)","Uninformative_bk","M_Santos(2005-2018)",1944.08595879037
"Uninformative_bk_Santos (2018)","Uninformative_bk","M_Santos(2005-2018)",1748.65576474656
"Uninformative_bk_Santos (2018)","Uninformative_bk","M_Santos(2005-2018)",1996.67244196607
"Uninformative_bk_Santos (2018)","Uninformative_bk","M_Santos(2005-2018)",1878.11952605645
"Uninformative_bk_Santos (2018)","Uninformative_bk","M_Santos(2005-2018)",1935.25727455316
"Uninformative_bk_Santos (2018)","Uninformative_bk","M_Santos(2005-2018)",1685.58558971947
"Uninformative_bk_Santos (2018)","Uninformative_bk","M_Santos(2005-2018)",1899.02493643751
"Uninformative_bk_Santos (2018)","Uninformative_bk","M_Santos(2005-2018)",1910.49432371303
"Uninformative_bk_Santos (2018)","Uninformative_bk","M_Santos(2005-2018)",1665.59805420385
"Uninformative_bk_Santos (2018)","Uninformative_bk","M_Santos(2005-2018)",1853.50322473036
"Uninformative_bk_Santos (2018)","Uninformative_bk","M_Santos(2005-2018)",1931.21756099001
"Uninformative_bk_Santos (2018)","Uninformative_bk","M_Santos(2005-2018)",2415.60530502131
"Uninformative_bk_Santos (2018)","Uninformative_bk","M_Santos(2005-2018)",1984.0659426487
"Uninformative_bk_Santos (2018)","Uninformative_bk","M_Santos(2005-2018)",1853.50027417092
"Uninformative_bk_Santos (2018)","Uninformative_bk","M_Santos(2005-2018)",2004.12206023276
"Uninformative_bk_Santos (2018)","Uninformative_bk","M_Santos(2005-2018)",1960.13968288765
"Uninformative_bk_Santos (2018)","Uninformative_bk","M_Santos(2005-2018)",1946.53730744867
"Uninformative_bk_Santos (2018)","Uninformative_bk","M_Santos(2005-2018)",2118.44981599246
"Uninformative_bk_Santos (2018)","Uninformative_bk","M_Santos(2005-2018)",1889.24305786054
"Uninformative_bk_Santos (2018)","Uninformative_bk","M_Santos(2005-2018)",3394.94045451999
"Uninformative_bk_Santos (2018)","Uninformative_bk","M_Santos(2005-2018)",3714.37972173307
"Uninformative_bk_Santos (2018)","Uninformative_bk","M_Santos(2005-2018)",2090.12374823952
"Uninformative_bk_Santos (2018)","Uninformative_bk","M_Santos(2005-2018)",2123.78824048908
"Uninformative_bk_Santos (2018)","Uninformative_bk","M_Santos(2005-2018)",2095.14974074923
"Uninformative_bk_Santos (2018)","Uninformative_bk","M_Santos(2005-2018)",1946.62309579709
"Uninformative_bk_Santos (2018)","Uninformative_bk","M_Santos(2005-2018)",2346.32426432092
"Uninformative_bk_Santos (2018)","Uninformative_bk","M_Santos(2005-2018)",2172.02485104316
"Uninformative_bk_Santos (2018)","Uninformative_bk","M_Santos(2005-2018)",2458.71858729327
"Uninformative_bk_Santos (2018)","Uninformative_bk","M_Santos(2005-2018)",3168.93583161776
"Uninformative_bk_Santos (2018)","Uninformative_bk","M_Santos(2005-2018)",1816.00968667015
"Uninformative_bk_Santos (2018)","Uninformative_bk","M_Santos(2005-2018)",1996.40553645411
"Uninformative_bk_Santos (2018)","Uninformative_bk","M_Santos(2005-2018)",1695.34041694575
"Uninformative_bk_Santos (2018)","Uninformative_bk","M_Santos(2005-2018)",1790.95731433124
"Uninformative_bk_Santos (2018)","Uninformative_bk","M_Santos(2005-2018)",1986.66447094803
"Uninformative_bk_Santos (2018)","Uninformative_bk","M_Santos(2005-2018)",2333.66068718941
"Uninformative_bk_Santos (2018)","Uninformative_bk","M_Santos(2005-2018)",1994.75871193474
"Uninformative_bk_Santos (2018)","Uninformative_bk","M_Santos(2005-2018)",1895.07680048788
"Uninformative_bk_Santos (2018)","Uninformative_bk","M_Santos(2005-2018)",1969.78798652771
"Uninformative_bk_Santos (2018)","Uninformative_bk","M_Santos(2005-2018)",1672.14443374394
"Uninformative_bk_Santos (2018)","Uninformative_bk","M_Santos(2005-2018)",1872.90435197765
"Uninformative_bk_Santos (2018)","Uninformative_bk","M_Santos(2005-2018)",2061.04038702471
"Uninformative_bk_Santos (2018)","Uninformative_bk","M_Santos(2005-2018)",1940.44422665631
"Uninformative_bk_Santos (2018)","Uninformative_bk","M_Santos(2005-2018)",2032.34710523332
"Uninformative_bk_Santos (2018)","Uninformative_bk","M_Santos(2005-2018)",1942.19765357772
"Uninformative_bk_Santos (2018)","Uninformative_bk","M_Santos(2005-2018)",2111.91807891515
"Uninformative_bk_Santos (2018)","Uninformative_bk","M_Santos(2005-2018)",1955.21794872715
"Uninformative_bk_Santos (2018)","Uninformative_bk","M_Santos(2005-2018)",2040.52025726961
"Uninformative_bk_Santos (2018)","Uninformative_bk","M_Santos(2005-2018)",2023.48461093321
"Uninformative_bk_Santos (2018)","Uninformative_bk","M_Santos(2005-2018)",1961.92388176218
"Uninformative_bk_Santos (2018)","Uninformative_bk","M_Santos(2005-2018)",1844.25691342275
"Uninformative_bk_Santos (2018)","Uninformative_bk","M_Santos(2005-2018)",1872.76041443112
"Uninformative_bk_Santos (2018)","Uninformative_bk","M_Santos(2005-2018)",2023.36777482203
"Uninformative_bk_Santos (2018)","Uninformative_bk","M_Santos(2005-2018)",2008.07042327738
"Uninformative_bk_Santos (2018)","Uninformative_bk","M_Santos(2005-2018)",1951.63135826772
"Uninformative_bk_Santos (2018)","Uninformative_bk","M_Santos(2005-2018)",1922.59820067235
"Uninformative_bk_Santos (2018)","Uninformative_bk","M_Santos(2005-2018)",1879.11094287551
"Uninformative_bk_Santos (2018)","Uninformative_bk","M_Santos(2005-2018)",2588.39433113553
"Uninformative_bk_Santos (2018)","Uninformative_bk","M_Santos(2005-2018)",1829.00085174136
"Uninformative_bk_Santos (2018)","Uninformative_bk","M_Santos(2005-2018)",1793.73907850351
"Uninformative_bk_Santos (2018)","Uninformative_bk","M_Santos(2005-2018)",2265.69940285621
"Uninformative_bk_Santos (2018)","Uninformative_bk","M_Santos(2005-2018)",1867.28293694395
"Uninformative_bk_Santos (2018)","Uninformative_bk","M_Santos(2005-2018)",2642.10282050872
"Uninformative_bk_Santos (2018)","Uninformative_bk","M_Santos(2005-2018)",1858.05983153497
"Uninformative_bk_Santos (2018)","Uninformative_bk","M_Santos(2005-2018)",1811.91045879468
"Uninformative_bk_Santos (2018)","Uninformative_bk","M_Santos(2005-2018)",6000.70535354041
"Uninformative_bk_Santos (2018)","Uninformative_bk","M_Santos(2005-2018)",1894.78346966318
"Uninformative_bk_Santos (2018)","Uninformative_bk","M_Santos(2005-2018)",1960.04460022303
"Uninformative_bk_Santos (2018)","Uninformative_bk","M_Santos(2005-2018)",1812.36338861374
"Uninformative_bk_Santos (2018)","Uninformative_bk","M_Santos(2005-2018)",1991.85547940735
"Uninformative_bk_Santos (2018)","Uninformative_bk","M_Santos(2005-2018)",2013.19391614911
"Uninformative_bk_Santos (2018)","Uninformative_bk","M_Santos(2005-2018)",1842.57066000675
"Uninformative_bk_Santos (2018)","Uninformative_bk","M_Santos(2005-2018)",1768.61272827014
"Uninformative_bk_Santos (2018)","Uninformative_bk","M_Santos(2005-2018)",2150.9132790524
"Uninformative_bk_Santos (2018)","Uninformative_bk","M_Santos(2005-2018)",1916.90880018554
"Uninformative_bk_Santos (2018)","Uninformative_bk","M_Santos(2005-2018)",2040.66994477723
"Uninformative_bk_Santos (2018)","Uninformative_bk","M_Santos(2005-2018)",3437.13759316924
"Uninformative_bk_Santos (2018)","Uninformative_bk","M_Santos(2005-2018)",2537.01194318564
"Uninformative_bk_Santos (2018)","Uninformative_bk","M_Santos(2005-2018)",2658.54956567565
"Uninformative_bk_Santos (2018)","Uninformative_bk","M_Santos(2005-2018)",1772.80893480367
"Uninformative_bk_Santos (2018)","Uninformative_bk","M_Santos(2005-2018)",2032.68769884449
"Uninformative_bk_Santos (2018)","Uninformative_bk","M_Santos(2005-2018)",2050.26277222018
"Uninformative_bk_Santos (2018)","Uninformative_bk","M_Santos(2005-2018)",1942.99464958164
"Uninformative_bk_Santos (2018)","Uninformative_bk","M_Santos(2005-2018)",1953.93338801672
"Uninformative_bk_Santos (2018)","Uninformative_bk","M_Santos(2005-2018)",2160.30515047563
"Uninformative_bk_Santos (2018)","Uninformative_bk","M_Santos(2005-2018)",1961.89549656621
"Uninformative_bk_Santos (2018)","Uninformative_bk","M_Santos(2005-2018)",1990.54650075988
"Uninformative_bk_Santos (2018)","Uninformative_bk","M_Santos(2005-2018)",2978.29657855111
"Uninformative_bk_Santos (2018)","Uninformative_bk","M_Santos(2005-2018)",1901.27877054599
"Uninformative_bk_Santos (2018)","Uninformative_bk","M_Santos(2005-2018)",2438.62536737575
"Uninformative_bk_Santos (2018)","Uninformative_bk","M_Santos(2005-2018)",1878.37410155465
"Uninformative_bk_Santos (2018)","Uninformative_bk","M_Santos(2005-2018)",1932.2371084038
"Uninformative_bk_Santos (2018)","Uninformative_bk","M_Santos(2005-2018)",2952.08749765005
"Uninformative_bk_Santos (2018)","Uninformative_bk","M_Santos(2005-2018)",1932.25232725073
"Uninformative_bk_Santos (2018)","Uninformative_bk","M_Santos(2005-2018)",1757.38790694337
"Uninformative_bk_Santos (2018)","Uninformative_bk","M_Santos(2005-2018)",2592.25848431347
"Uninformative_bk_Santos (2018)","Uninformative_bk","M_Santos(2005-2018)",1861.71588204596
"Uninformative_bk_Santos (2018)","Uninformative_bk","M_Santos(2005-2018)",1995.83636686128
"Uninformative_bk_Santos (2018)","Uninformative_bk","M_Santos(2005-2018)",1952.95890276208
"Uninformative_bk_Santos (2018)","Uninformative_bk","M_Santos(2005-2018)",2105.90191286054
"Uninformative_bk_Santos (2018)","Uninformative_bk","M_Santos(2005-2018)",1940.15446676865
"Uninformative_bk_Santos (2018)","Uninformative_bk","M_Santos(2005-2018)",1844.2514269911
"Uninformative_bk_Santos (2018)","Uninformative_bk","M_Santos(2005-2018)",2019.00837274394
"Uninformative_bk_Santos (2018)","Uninformative_bk","M_Santos(2005-2018)",1844.94723523381
"Uninformative_bk_Santos (2018)","Uninformative_bk","M_Santos(2005-2018)",1856.51987663123
"Uninformative_bk_Santos (2018)","Uninformative_bk","M_Santos(2005-2018)",2043.33045070312
"Uninformative_bk_Santos (2018)","Uninformative_bk","M_Santos(2005-2018)",2122.450150559
"Uninformative_bk_Santos (2018)","Uninformative_bk","M_Santos(2005-2018)",2098.2331150176
"Uninformative_bk_Santos (2018)","Uninformative_bk","M_Santos(2005-2018)",1988.17432590525
"Uninformative_bk_Santos (2018)","Uninformative_bk","M_Santos(2005-2018)",1904.62065269649
"Uninformative_bk_Santos (2018)","Uninformative_bk","M_Santos(2005-2018)",1884.67744173025
"Uninformative_bk_Santos (2018)","Uninformative_bk","M_Santos(2005-2018)",4529.75426988685
"Uninformative_bk_Santos (2018)","Uninformative_bk","M_Santos(2005-2018)",1789.21861660144
"Uninformative_bk_Santos (2018)","Uninformative_bk","M_Santos(2005-2018)",1879.72633453682
"Uninformative_bk_Santos (2018)","Uninformative_bk","M_Santos(2005-2018)",4532.65789433093
"Uninformative_bk_Santos (2018)","Uninformative_bk","M_Santos(2005-2018)",1800.8039268525
"Uninformative_bk_Santos (2018)","Uninformative_bk","M_Santos(2005-2018)",1942.61179592983
"Uninformative_bk_Santos (2018)","Uninformative_bk","M_Santos(2005-2018)",1838.52153646442
"Uninformative_bk_Santos (2018)","Uninformative_bk","M_Santos(2005-2018)",2846.66512596448
"Uninformative_bk_Santos (2018)","Uninformative_bk","M_Santos(2005-2018)",2357.06498503636
"Uninformative_bk_Santos (2018)","Uninformative_bk","M_Santos(2005-2018)",1859.30662224428
"Uninformative_bk_Santos (2018)","Uninformative_bk","M_Santos(2005-2018)",1989.31596406544
"Uninformative_bk_Santos (2018)","Uninformative_bk","M_Santos(2005-2018)",2117.71962894381
"Uninformative_bk_Santos (2018)","Uninformative_bk","M_Santos(2005-2018)",1954.80860392229
"Uninformative_bk_Santos (2018)","Uninformative_bk","M_Santos(2005-2018)",2173.35600548862
"Uninformative_bk_Santos (2018)","Uninformative_bk","M_Santos(2005-2018)",1868.57248645039
"Uninformative_bk_Santos (2018)","Uninformative_bk","M_Santos(2005-2018)",1817.11523980718
"Uninformative_bk_Santos (2018)","Uninformative_bk","M_Santos(2005-2018)",1817.70804962708
"Uninformative_bk_Santos (2018)","Uninformative_bk","M_Santos(2005-2018)",2213.69650727709
"Uninformative_bk_Santos (2018)","Uninformative_bk","M_Santos(2005-2018)",1827.18774963319
"Uninformative_bk_Santos (2018)","Uninformative_bk","M_Santos(2005-2018)",2053.53668108059
"Uninformative_bk_Santos (2018)","Uninformative_bk","M_Santos(2005-2018)",4003.62111588633
"Uninformative_bk_Santos (2018)","Uninformative_bk","M_Santos(2005-2018)",2190.0538796607
"Uninformative_bk_Santos (2018)","Uninformative_bk","M_Santos(2005-2018)",2606.54269885267
"Uninformative_bk_Santos (2018)","Uninformative_bk","M_Santos(2005-2018)",1721.37635012273
"Uninformative_bk_Santos (2018)","Uninformative_bk","M_Santos(2005-2018)",3086.57890559126
"Uninformative_bk_Santos (2018)","Uninformative_bk","M_Santos(2005-2018)",5222.82913811065
"Uninformative_bk_Santos (2018)","Uninformative_bk","M_Santos(2005-2018)",2457.99440354107
"Uninformative_bk_Santos (2018)","Uninformative_bk","M_Santos(2005-2018)",1879.60885939227
"Uninformative_bk_Santos (2018)","Uninformative_bk","M_Santos(2005-2018)",1933.68956253739
"Uninformative_bk_Santos (2018)","Uninformative_bk","M_Santos(2005-2018)",1902.90402486796
"Uninformative_bk_Santos (2018)","Uninformative_bk","M_Santos(2005-2018)",1905.39528791248
"Uninformative_bk_Santos (2018)","Uninformative_bk","M_Santos(2005-2018)",1921.8399677542
"Uninformative_bk_Santos (2018)","Uninformative_bk","M_Santos(2005-2018)",1969.43487392555
"Uninformative_bk_Santos (2018)","Uninformative_bk","M_Santos(2005-2018)",1960.58026367376
"Uninformative_bk_Santos (2018)","Uninformative_bk","M_Santos(2005-2018)",1853.24382276884
"Uninformative_bk_Santos (2018)","Uninformative_bk","M_Santos(2005-2018)",1851.48515961513
"Uninformative_bk_Santos (2018)","Uninformative_bk","M_Santos(2005-2018)",1891.05769085067
"Uninformative_bk_Santos (2018)","Uninformative_bk","M_Santos(2005-2018)",1919.74784047054
"Uninformative_bk_Santos (2018)","Uninformative_bk","M_Santos(2005-2018)",1846.91559998706
"Uninformative_bk_Santos (2018)","Uninformative_bk","M_Santos(2005-2018)",1963.10006556516
"Uninformative_bk_Santos (2018)","Uninformative_bk","M_Santos(2005-2018)",2124.16458614379
"Uninformative_bk_Santos (2018)","Uninformative_bk","M_Santos(2005-2018)",1740.83464480204
"Uninformative_bk_Santos (2018)","Uninformative_bk","M_Santos(2005-2018)",1789.98132479993
"Uninformative_bk_Santos (2018)","Uninformative_bk","M_Santos(2005-2018)",2223.03293456544
"Uninformative_bk_Santos (2018)","Uninformative_bk","M_Santos(2005-2018)",2207.47597968601
"Uninformative_bk_Santos (2018)","Uninformative_bk","M_Santos(2005-2018)",2075.04633789138
"Uninformative_bk_Santos (2018)","Uninformative_bk","M_Santos(2005-2018)",1979.51204638438
"Uninformative_bk_Santos (2018)","Uninformative_bk","M_Santos(2005-2018)",1911.47729361104
"Uninformative_bk_Santos (2018)","Uninformative_bk","M_Santos(2005-2018)",2061.15763915871
"Uninformative_bk_Santos (2018)","Uninformative_bk","M_Santos(2005-2018)",1970.7016847379
"Uninformative_bk_Santos (2018)","Uninformative_bk","M_Santos(2005-2018)",1567.19362236197
"Uninformative_bk_Santos (2018)","Uninformative_bk","M_Santos(2005-2018)",1827.11648478515
"Uninformative_bk_Santos (2018)","Uninformative_bk","M_Santos(2005-2018)",1468.24092890621
"Uninformative_bk_Santos (2018)","Uninformative_bk","M_Santos(2005-2018)",2096.71456238748
"Uninformative_bk_Santos (2018)","Uninformative_bk","M_Santos(2005-2018)",2011.34896034532
"Uninformative_bk_Santos (2018)","Uninformative_bk","M_Santos(2005-2018)",2134.81251479671
"Uninformative_bk_Santos (2018)","Uninformative_bk","M_Santos(2005-2018)",3307.33559628754
"Uninformative_bk_Santos (2018)","Uninformative_bk","M_Santos(2005-2018)",2005.7582145658
"Uninformative_bk_Santos (2018)","Uninformative_bk","M_Santos(2005-2018)",1807.85560782246
"Uninformative_bk_Santos (2018)","Uninformative_bk","M_Santos(2005-2018)",1867.30623151662
"Uninformative_bk_Santos (2018)","Uninformative_bk","M_Santos(2005-2018)",1740.87782694151
"Uninformative_bk_Santos (2018)","Uninformative_bk","M_Santos(2005-2018)",1899.06445120068
"Uninformative_bk_Santos (2018)","Uninformative_bk","M_Santos(2005-2018)",1747.43373047598
"Uninformative_bk_Santos (2018)","Uninformative_bk","M_Santos(2005-2018)",1715.71206825182
"Uninformative_bk_Santos (2018)","Uninformative_bk","M_Santos(2005-2018)",1763.57548222738
"Uninformative_bk_Santos (2018)","Uninformative_bk","M_Santos(2005-2018)",2100.33520636587
"Uninformative_bk_Santos (2018)","Uninformative_bk","M_Santos(2005-2018)",1903.2858819958
"Uninformative_bk_Santos (2018)","Uninformative_bk","M_Santos(2005-2018)",3422.23080065042
"Uninformative_bk_Santos (2018)","Uninformative_bk","M_Santos(2005-2018)",1950.7809795542
"Uninformative_bk_Santos (2018)","Uninformative_bk","M_Santos(2005-2018)",1825.87549972182
"Uninformative_bk_Santos (2018)","Uninformative_bk","M_Santos(2005-2018)",1943.97512056199
"Uninformative_bk_Santos (2018)","Uninformative_bk","M_Santos(2005-2018)",1767.8974141112
"Uninformative_bk_Santos (2018)","Uninformative_bk","M_Santos(2005-2018)",1927.28119289277
"Uninformative_bk_Santos (2018)","Uninformative_bk","M_Santos(2005-2018)",2859.63210619973
"Uninformative_bk_Santos (2018)","Uninformative_bk","M_Santos(2005-2018)",1761.6583940552
"Uninformative_bk_Santos (2018)","Uninformative_bk","M_Santos(2005-2018)",1709.5266720605
"Uninformative_bk_Santos (2018)","Uninformative_bk","M_Santos(2005-2018)",2028.49393483112
"Uninformative_bk_Santos (2018)","Uninformative_bk","M_Santos(2005-2018)",2001.22705142712
"Uninformative_bk_Santos (2018)","Uninformative_bk","M_Santos(2005-2018)",1809.15553686757
"Uninformative_bk_Santos (2018)","Uninformative_bk","M_Santos(2005-2018)",5849.60647834179
"Uninformative_bk_Santos (2018)","Uninformative_bk","M_Santos(2005-2018)",1992.8926171917
"Uninformative_bk_Santos (2018)","Uninformative_bk","M_Santos(2005-2018)",1950.25637089869
"Uninformative_bk_Santos (2018)","Uninformative_bk","M_Santos(2005-2018)",1951.3351784678
"Uninformative_bk_Santos (2018)","Uninformative_bk","M_Santos(2005-2018)",1933.48387354065
"Uninformative_bk_Santos (2018)","Uninformative_bk","M_Santos(2005-2018)",1907.15095146151
"Uninformative_bk_Santos (2018)","Uninformative_bk","M_Santos(2005-2018)",1760.81298141409
"Uninformative_bk_Santos (2018)","Uninformative_bk","M_Santos(2005-2018)",2120.08394404097
"Uninformative_bk_Santos (2018)","Uninformative_bk","M_Santos(2005-2018)",1968.99124651674
"Uninformative_bk_Santos (2018)","Uninformative_bk","M_Santos(2005-2018)",1451.54079011872
"Uninformative_bk_Santos (2018)","Uninformative_bk","M_Santos(2005-2018)",1905.90561681092
"Uninformative_bk_Santos (2018)","Uninformative_bk","M_Santos(2005-2018)",1910.39038515883
"Uninformative_bk_Santos (2018)","Uninformative_bk","M_Santos(2005-2018)",2145.52537759644
"Uninformative_bk_Santos (2018)","Uninformative_bk","M_Santos(2005-2018)",1536.21562664655
"Uninformative_bk_Santos (2018)","Uninformative_bk","M_Santos(2005-2018)",1752.08767468202
"Uninformative_bk_Santos (2018)","Uninformative_bk","M_Santos(2005-2018)",1947.28244430533
"Uninformative_bk_Santos (2018)","Uninformative_bk","M_Santos(2005-2018)",1933.20465555159
"Uninformative_bk_Santos (2018)","Uninformative_bk","M_Santos(2005-2018)",2120.157089276
"Uninformative_bk_Santos (2018)","Uninformative_bk","M_Santos(2005-2018)",1950.96674383042
"Uninformative_bk_Santos (2018)","Uninformative_bk","M_Santos(2005-2018)",2447.45989650931
"Uninformative_bk_Santos (2018)","Uninformative_bk","M_Santos(2005-2018)",1849.27253875437
"Uninformative_bk_Santos (2018)","Uninformative_bk","M_Santos(2005-2018)",2218.90042523797
"Uninformative_bk_Santos (2018)","Uninformative_bk","M_Santos(2005-2018)",1957.9240447881
"Uninformative_bk_Santos (2018)","Uninformative_bk","M_Santos(2005-2018)",2504.39741602506
"Uninformative_bk_Santos (2018)","Uninformative_bk","M_Santos(2005-2018)",2068.0460723719
"Uninformative_bk_Santos (2018)","Uninformative_bk","M_Santos(2005-2018)",1787.89529797109
"Uninformative_bk_Santos (2018)","Uninformative_bk","M_Santos(2005-2018)",1781.62009170102
"Uninformative_bk_Santos (2018)","Uninformative_bk","M_Santos(2005-2018)",3194.51780482263
"Uninformative_bk_Santos (2018)","Uninformative_bk","M_Santos(2005-2018)",2357.20508285909
"Uninformative_bk_Santos (2018)","Uninformative_bk","M_Santos(2005-2018)",1925.5005965138
"Uninformative_bk_Santos (2018)","Uninformative_bk","M_Santos(2005-2018)",1731.48235283805
"Uninformative_bk_Santos (2018)","Uninformative_bk","M_Santos(2005-2018)",1984.1032534607
"Uninformative_bk_Santos (2018)","Uninformative_bk","M_Santos(2005-2018)",2080.51907260848
"Uninformative_bk_Santos (2018)","Uninformative_bk","M_Santos(2005-2018)",1922.57947939521
"Uninformative_bk_Santos (2018)","Uninformative_bk","M_Santos(2005-2018)",1852.68231747434
"Uninformative_bk_Santos (2018)","Uninformative_bk","M_Santos(2005-2018)",2074.22931392734
"Uninformative_bk_Santos (2018)","Uninformative_bk","M_Santos(2005-2018)",5365.30354119262
"Uninformative_bk_Santos (2018)","Uninformative_bk","M_Santos(2005-2018)",1893.2124032383
"Uninformative_bk_Santos (2018)","Uninformative_bk","M_Santos(2005-2018)",1808.19678491805
"Uninformative_bk_Santos (2018)","Uninformative_bk","M_Santos(2005-2018)",2103.10204676387
"Uninformative_bk_Santos (2018)","Uninformative_bk","M_Santos(2005-2018)",2157.81309481428
"Uninformative_bk_Santos (2018)","Uninformative_bk","M_Santos(2005-2018)",2005.14832005424
"Uninformative_bk_Santos (2018)","Uninformative_bk","M_Santos(2005-2018)",2055.31905393663
"Uninformative_bk_Santos (2018)","Uninformative_bk","M_Santos(2005-2018)",2035.00330313554
"Uninformative_bk_Santos (2018)","Uninformative_bk","M_Santos(2005-2018)",1927.15421033015
"Uninformative_bk_Santos (2018)","Uninformative_bk","M_Santos(2005-2018)",1884.95865419673
"Uninformative_bk_Santos (2018)","Uninformative_bk","M_Santos(2005-2018)",1862.33168370254
"Uninformative_bk_Santos (2018)","Uninformative_bk","M_Santos(2005-2018)",1942.75658144524
"Uninformative_bk_Santos (2018)","Uninformative_bk","M_Santos(2005-2018)",1936.36542084245
"Uninformative_bk_Santos (2018)","Uninformative_bk","M_Santos(2005-2018)",1908.04257131291
"Uninformative_bk_Santos (2018)","Uninformative_bk","M_Santos(2005-2018)",2598.73293698178
"Uninformative_bk_Santos (2018)","Uninformative_bk","M_Santos(2005-2018)",2338.77955167367
"Uninformative_bk_Santos (2018)","Uninformative_bk","M_Santos(2005-2018)",1846.80186906857
"Uninformative_bk_Santos (2018)","Uninformative_bk","M_Santos(2005-2018)",2035.16940656087
"Uninformative_bk_Santos (2018)","Uninformative_bk","M_Santos(2005-2018)",1928.22194748205
"Uninformative_bk_Santos (2018)","Uninformative_bk","M_Santos(2005-2018)",1954.89033016008
"Uninformative_bk_Santos (2018)","Uninformative_bk","M_Santos(2005-2018)",2188.23940526355
"Uninformative_bk_Santos (2018)","Uninformative_bk","M_Santos(2005-2018)",2063.64832873192
"Uninformative_bk_Santos (2018)","Uninformative_bk","M_Santos(2005-2018)",1699.16455175407
"Uninformative_bk_Santos (2018)","Uninformative_bk","M_Santos(2005-2018)",1937.92079693521
"Uninformative_bk_Santos (2018)","Uninformative_bk","M_Santos(2005-2018)",1985.19052057189
"Uninformative_bk_Santos (2018)","Uninformative_bk","M_Santos(2005-2018)",2766.21431605211
"Uninformative_bk_Santos (2018)","Uninformative_bk","M_Santos(2005-2018)",1959.75881841791
"Uninformative_bk_Santos (2018)","Uninformative_bk","M_Santos(2005-2018)",1883.72626473052
"Uninformative_bk_Santos (2018)","Uninformative_bk","M_Santos(2005-2018)",1978.64964735028
"Uninformative_bk_Santos (2018)","Uninformative_bk","M_Santos(2005-2018)",1951.96685907217
"Uninformative_bk_Santos (2018)","Uninformative_bk","M_Santos(2005-2018)",2019.68633315125
"Uninformative_bk_Santos (2018)","Uninformative_bk","M_Santos(2005-2018)",1945.4462376877
"Uninformative_bk_Santos (2018)","Uninformative_bk","M_Santos(2005-2018)",2742.25838871511
"Uninformative_bk_Santos (2018)","Uninformative_bk","M_Santos(2005-2018)",2178.74798243864
"Uninformative_bk_Santos (2018)","Uninformative_bk","M_Santos(2005-2018)",2281.04953571939
"Uninformative_bk_Santos (2018)","Uninformative_bk","M_Santos(2005-2018)",1943.77124256788
"Uninformative_bk_Santos (2018)","Uninformative_bk","M_Santos(2005-2018)",1823.65855845007
"Uninformative_bk_Santos (2018)","Uninformative_bk","M_Santos(2005-2018)",2140.50731192586
"Uninformative_bk_Santos (2018)","Uninformative_bk","M_Santos(2005-2018)",1985.5228015305
"Uninformative_bk_Santos (2018)","Uninformative_bk","M_Santos(2005-2018)",1891.8871122524
"Uninformative_bk_Santos (2018)","Uninformative_bk","M_Santos(2005-2018)",2047.83761248065
"Uninformative_bk_Santos (2018)","Uninformative_bk","M_Santos(2005-2018)",1814.70122351767
"Uninformative_bk_Santos (2018)","Uninformative_bk","M_Santos(2005-2018)",2033.65339128947
"Uninformative_bk_Santos (2018)","Uninformative_bk","M_Santos(2005-2018)",1841.59306399746
"Uninformative_bk_Santos (2018)","Uninformative_bk","M_Santos(2005-2018)",2330.36877000971
"Uninformative_bk_Santos (2018)","Uninformative_bk","M_Santos(2005-2018)",4106.04330295607
"Uninformative_bk_Santos (2018)","Uninformative_bk","M_Santos(2005-2018)",1818.0257694559
"Uninformative_bk_Santos (2018)","Uninformative_bk","M_Santos(2005-2018)",6069.77414212162
"Uninformative_bk_Santos (2018)","Uninformative_bk","M_Santos(2005-2018)",1794.33964323019
"Uninformative_bk_Santos (2018)","Uninformative_bk","M_Santos(2005-2018)",1835.28600607318
"Uninformative_bk_Santos (2018)","Uninformative_bk","M_Santos(2005-2018)",1843.32012940018
"Uninformative_bk_Santos (2018)","Uninformative_bk","M_Santos(2005-2018)",1859.03229815958
"Uninformative_bk_Santos (2018)","Uninformative_bk","M_Santos(2005-2018)",1814.92028073408
"Uninformative_bk_Santos (2018)","Uninformative_bk","M_Santos(2005-2018)",1958.31287512023
"Uninformative_bk_Santos (2018)","Uninformative_bk","M_Santos(2005-2018)",1964.42008132478
"Uninformative_bk_Santos (2018)","Uninformative_bk","M_Santos(2005-2018)",1715.54126950583
"Uninformative_bk_Santos (2018)","Uninformative_bk","M_Santos(2005-2018)",1888.12008915439
"Uninformative_bk_Santos (2018)","Uninformative_bk","M_Santos(2005-2018)",1983.8154651432
"Uninformative_bk_Santos (2018)","Uninformative_bk","M_Santos(2005-2018)",1928.34243317972
"Uninformative_bk_Santos (2018)","Uninformative_bk","M_Santos(2005-2018)",1954.40566756387
"Uninformative_bk_Santos (2018)","Uninformative_bk","M_Santos(2005-2018)",2069.23504163642
"Uninformative_bk_Santos (2018)","Uninformative_bk","M_Santos(2005-2018)",1855.2870051129
"Uninformative_bk_Santos (2018)","Uninformative_bk","M_Santos(2005-2018)",2048.19292242089
"Uninformative_bk_Santos (2018)","Uninformative_bk","M_Santos(2005-2018)",1808.42389157244
"Uninformative_bk_Santos (2018)","Uninformative_bk","M_Santos(2005-2018)",2993.08157269174
"Uninformative_bk_Santos (2018)","Uninformative_bk","M_Santos(2005-2018)",1905.31446440307
"Uninformative_bk_Santos (2018)","Uninformative_bk","M_Santos(2005-2018)",1923.4447433803
"Uninformative_bk_Santos (2018)","Uninformative_bk","M_Santos(2005-2018)",1969.84811022086
"Uninformative_bk_Santos (2018)","Uninformative_bk","M_Santos(2005-2018)",1976.09351214963
"Uninformative_bk_Santos (2018)","Uninformative_bk","M_Santos(2005-2018)",1961.32651464157
"Uninformative_bk_Santos (2018)","Uninformative_bk","M_Santos(2005-2018)",2062.4056529453
"Uninformative_bk_Santos (2018)","Uninformative_bk","M_Santos(2005-2018)",1909.53954031706
"Uninformative_bk_Santos (2018)","Uninformative_bk","M_Santos(2005-2018)",1984.86331607405
"Uninformative_bk_Santos (2018)","Uninformative_bk","M_Santos(2005-2018)",1818.01980617237
"Uninformative_bk_Santos (2018)","Uninformative_bk","M_Santos(2005-2018)",2239.84646084378
"Uninformative_bk_Santos (2018)","Uninformative_bk","M_Santos(2005-2018)",1871.43143757787
"Uninformative_bk_Santos (2018)","Uninformative_bk","M_Santos(2005-2018)",2110.98822207221
"Uninformative_bk_Santos (2018)","Uninformative_bk","M_Santos(2005-2018)",1816.66692340526
"Uninformative_bk_Santos (2018)","Uninformative_bk","M_Santos(2005-2018)",1862.24417308516
"Uninformative_bk_Santos (2018)","Uninformative_bk","M_Santos(2005-2018)",1972.01596240678
"Uninformative_bk_Santos (2018)","Uninformative_bk","M_Santos(2005-2018)",1972.83767834361
"Uninformative_bk_Santos (2018)","Uninformative_bk","M_Santos(2005-2018)",1929.01378299339
"Uninformative_bk_Santos (2018)","Uninformative_bk","M_Santos(2005-2018)",2071.64474890113
"Uninformative_bk_Santos (2018)","Uninformative_bk","M_Santos(2005-2018)",1978.14579957427
"Uninformative_bk_Santos (2018)","Uninformative_bk","M_Santos(2005-2018)",1997.38417127928
"Uninformative_bk_Santos (2018)","Uninformative_bk","M_Santos(2005-2018)",1930.45339730623
"Uninformative_bk_Santos (2018)","Uninformative_bk","M_Santos(2005-2018)",3011.50517988503
"Uninformative_bk_Santos (2018)","Uninformative_bk","M_Santos(2005-2018)",2082.99198420048
"Uninformative_bk_Santos (2018)","Uninformative_bk","M_Santos(2005-2018)",1909.6746405469
"Uninformative_bk_Santos (2018)","Uninformative_bk","M_Santos(2005-2018)",2026.94605931372
"Uninformative_bk_Santos (2018)","Uninformative_bk","M_Santos(2005-2018)",1969.25738157086
"Uninformative_bk_Santos (2018)","Uninformative_bk","M_Santos(2005-2018)",1874.49937143691
"Uninformative_bk_Santos (2018)","Uninformative_bk","M_Santos(2005-2018)",1970.32655908164
"Uninformative_bk_Santos (2018)","Uninformative_bk","M_Santos(2005-2018)",2094.11257395335
"Uninformative_bk_Santos (2018)","Uninformative_bk","M_Santos(2005-2018)",1804.04075547885
"Uninformative_bk_Santos (2018)","Uninformative_bk","M_Santos(2005-2018)",1906.78028085672
"Uninformative_bk_Santos (2018)","Uninformative_bk","M_Santos(2005-2018)",1913.45738058788
"Uninformative_bk_Santos (2018)","Uninformative_bk","M_Santos(2005-2018)",1935.13613612967
"Uninformative_bk_Santos (2018)","Uninformative_bk","M_Santos(2005-2018)",2081.40171721104
"Uninformative_bk_Santos (2018)","Uninformative_bk","M_Santos(2005-2018)",2118.49375447104
"Uninformative_bk_Santos (2018)","Uninformative_bk","M_Santos(2005-2018)",2002.99886294631
"Uninformative_bk_Santos (2018)","Uninformative_bk","M_Santos(2005-2018)",2822.97516648178
"Uninformative_bk_Santos (2018)","Uninformative_bk","M_Santos(2005-2018)",1940.37427959359
"Uninformative_bk_Santos (2018)","Uninformative_bk","M_Santos(2005-2018)",1924.40085978802
"Uninformative_bk_Santos (2018)","Uninformative_bk","M_Santos(2005-2018)",2859.49316400097
"Uninformative_bk_Santos (2018)","Uninformative_bk","M_Santos(2005-2018)",1963.25331175578
"Uninformative_bk_Santos (2018)","Uninformative_bk","M_Santos(2005-2018)",2030.00049870423
"Uninformative_bk_Santos (2018)","Uninformative_bk","M_Santos(2005-2018)",2259.31138781479
"Uninformative_bk_Santos (2018)","Uninformative_bk","M_Santos(2005-2018)",1797.87704787533
"Uninformative_bk_Santos (2018)","Uninformative_bk","M_Santos(2005-2018)",1863.50635748328
"Uninformative_bk_Santos (2018)","Uninformative_bk","M_Santos(2005-2018)",1938.7494293078
"Uninformative_bk_Santos (2018)","Uninformative_bk","M_Santos(2005-2018)",1968.80829109965
"Uninformative_bk_Santos (2018)","Uninformative_bk","M_Santos(2005-2018)",2026.81452717645
"Uninformative_bk_Santos (2018)","Uninformative_bk","M_Santos(2005-2018)",2013.33974329223
"Uninformative_bk_Santos (2018)","Uninformative_bk","M_Santos(2005-2018)",1899.42322619418
"Uninformative_bk_Santos (2018)","Uninformative_bk","M_Santos(2005-2018)",5110.37943855057
"Uninformative_bk_Santos (2018)","Uninformative_bk","M_Santos(2005-2018)",2334.2756671321
"Uninformative_bk_Santos (2018)","Uninformative_bk","M_Santos(2005-2018)",1790.88256718902
"Uninformative_bk_Santos (2018)","Uninformative_bk","M_Santos(2005-2018)",1782.38189921345
"Uninformative_bk_Santos (2018)","Uninformative_bk","M_Santos(2005-2018)",2026.40136784051
"Uninformative_bk_Santos (2018)","Uninformative_bk","M_Santos(2005-2018)",2319.72940260364
"Uninformative_bk_Santos (2018)","Uninformative_bk","M_Santos(2005-2018)",1941.28697136322
"Uninformative_bk_Santos (2018)","Uninformative_bk","M_Santos(2005-2018)",1849.65925182992
"Uninformative_bk_Santos (2018)","Uninformative_bk","M_Santos(2005-2018)",2663.49188155861
"Uninformative_bk_Santos (2018)","Uninformative_bk","M_Santos(2005-2018)",1832.42133534303
"Uninformative_bk_Santos (2018)","Uninformative_bk","M_Santos(2005-2018)",2125.41567567123
"Uninformative_bk_Santos (2018)","Uninformative_bk","M_Santos(2005-2018)",1910.4224639752
"Uninformative_bk_Santos (2018)","Uninformative_bk","M_Santos(2005-2018)",2595.57472900802
"Uninformative_bk_Santos (2018)","Uninformative_bk","M_Santos(2005-2018)",1877.10854638451
"Uninformative_bk_Santos (2018)","Uninformative_bk","M_Santos(2005-2018)",1898.36699353394
"Uninformative_bk_Santos (2018)","Uninformative_bk","M_Santos(2005-2018)",1903.43603038121
"Uninformative_bk_Santos (2018)","Uninformative_bk","M_Santos(2005-2018)",1889.86772987382
"Uninformative_bk_Santos (2018)","Uninformative_bk","M_Santos(2005-2018)",3025.34080108352
"Uninformative_bk_Santos (2018)","Uninformative_bk","M_Santos(2005-2018)",1917.86071672782
"Uninformative_bk_Santos (2018)","Uninformative_bk","M_Santos(2005-2018)",1798.98269044233
"Uninformative_bk_Santos (2018)","Uninformative_bk","M_Santos(2005-2018)",1701.73554210236
"Uninformative_bk_Santos (2018)","Uninformative_bk","M_Santos(2005-2018)",2554.05590141492
"Uninformative_bk_Santos (2018)","Uninformative_bk","M_Santos(2005-2018)",2211.77847035798
"Uninformative_bk_Santos (2018)","Uninformative_bk","M_Santos(2005-2018)",1928.66257394155
"Uninformative_bk_Santos (2018)","Uninformative_bk","M_Santos(2005-2018)",3593.11552431006
"Uninformative_bk_Santos (2018)","Uninformative_bk","M_Santos(2005-2018)",2115.58001568832
"Uninformative_bk_Santos (2018)","Uninformative_bk","M_Santos(2005-2018)",1829.46353394684
"Uninformative_bk_Santos (2018)","Uninformative_bk","M_Santos(2005-2018)",3654.78783641138
"Uninformative_bk_Santos (2018)","Uninformative_bk","M_Santos(2005-2018)",1792.36626222202
"Uninformative_bk_Santos (2018)","Uninformative_bk","M_Santos(2005-2018)",1899.718274154
"Uninformative_bk_Santos (2018)","Uninformative_bk","M_Santos(2005-2018)",2058.83409630974
"Uninformative_bk_Santos (2018)","Uninformative_bk","M_Santos(2005-2018)",2020.21769547243
"Uninformative_bk_Santos (2018)","Uninformative_bk","M_Santos(2005-2018)",1937.76525871081
"Uninformative_bk_Santos (2018)","Uninformative_bk","M_Santos(2005-2018)",1930.34537433381
"Uninformative_bk_Santos (2018)","Uninformative_bk","M_Santos(2005-2018)",2012.40488055612
"Uninformative_bk_Santos (2018)","Uninformative_bk","M_Santos(2005-2018)",1995.82436945704
"Uninformative_bk_Santos (2018)","Uninformative_bk","M_Santos(2005-2018)",1872.71429948784
"Uninformative_bk_Santos (2018)","Uninformative_bk","M_Santos(2005-2018)",1908.0443473822
"Uninformative_bk_Santos (2018)","Uninformative_bk","M_Santos(2005-2018)",1965.60140095003
"Uninformative_bk_Santos (2018)","Uninformative_bk","M_Santos(2005-2018)",2094.85830477953
"Uninformative_bk_Santos (2018)","Uninformative_bk","M_Santos(2005-2018)",1670.26097848495
"Uninformative_bk_Santos (2018)","Uninformative_bk","M_Santos(2005-2018)",2485.85733490942
"Uninformative_bk_Santos (2018)","Uninformative_bk","M_Santos(2005-2018)",1699.69408843366
"Uninformative_bk_Santos (2018)","Uninformative_bk","M_Santos(2005-2018)",2774.95820872123
"Uninformative_bk_Santos (2018)","Uninformative_bk","M_Santos(2005-2018)",1877.77947152116
"Uninformative_bk_Santos (2018)","Uninformative_bk","M_Santos(2005-2018)",2617.5199255461
"Uninformative_bk_Santos (2018)","Uninformative_bk","M_Santos(2005-2018)",2215.32249783948
"Uninformative_bk_Santos (2018)","Uninformative_bk","M_Santos(2005-2018)",1942.33956752421
"Uninformative_bk_Santos (2018)","Uninformative_bk","M_Santos(2005-2018)",1975.66494123742
"Uninformative_bk_Santos (2018)","Uninformative_bk","M_Santos(2005-2018)",1934.93394952578
"Uninformative_bk_Santos (2018)","Uninformative_bk","M_Santos(2005-2018)",2162.26250866526
"Uninformative_bk_Santos (2018)","Uninformative_bk","M_Santos(2005-2018)",2889.93257327849
"Uninformative_bk_Santos (2018)","Uninformative_bk","M_Santos(2005-2018)",1910.37022279684
"Uninformative_bk_Santos (2018)","Uninformative_bk","M_Santos(2005-2018)",2053.62702149643
"Uninformative_bk_Santos (2018)","Uninformative_bk","M_Santos(2005-2018)",1819.96182300808
"Uninformative_bk_Santos (2018)","Uninformative_bk","M_Santos(2005-2018)",1885.39006198569
"Uninformative_bk_Santos (2018)","Uninformative_bk","M_Santos(2005-2018)",1933.61130841403
"Uninformative_bk_Santos (2018)","Uninformative_bk","M_Santos(2005-2018)",1874.63035622142
"Uninformative_bk_Santos (2018)","Uninformative_bk","M_Santos(2005-2018)",1872.70367727176
"Uninformative_bk_Santos (2018)","Uninformative_bk","M_Santos(2005-2018)",1881.58890436478
"Uninformative_bk_Santos (2018)","Uninformative_bk","M_Santos(2005-2018)",1965.2421095632
"Uninformative_bk_Santos (2018)","Uninformative_bk","M_Santos(2005-2018)",2172.10370220714
"Uninformative_bk_Santos (2018)","Uninformative_bk","M_Santos(2005-2018)",1910.31693427903
"Uninformative_bk_Santos (2018)","Uninformative_bk","M_Santos(2005-2018)",1829.80177454099
"Uninformative_bk_Santos (2018)","Uninformative_bk","M_Santos(2005-2018)",1608.37497371955
"Uninformative_bk_Santos (2018)","Uninformative_bk","M_Santos(2005-2018)",1778.29038682587
"Uninformative_bk_Santos (2018)","Uninformative_bk","M_Santos(2005-2018)",1964.36006195564
"Uninformative_bk_Santos (2018)","Uninformative_bk","M_Santos(2005-2018)",1895.49050150386
"Uninformative_bk_Santos (2018)","Uninformative_bk","M_Santos(2005-2018)",1880.50724048659
"Uninformative_bk_Santos (2018)","Uninformative_bk","M_Santos(2005-2018)",4221.95626862231
"Uninformative_bk_Santos (2018)","Uninformative_bk","M_Santos(2005-2018)",1994.75855384179
"Uninformative_bk_Santos (2018)","Uninformative_bk","M_Santos(2005-2018)",1793.59024891505
"Uninformative_bk_Santos (2018)","Uninformative_bk","M_Santos(2005-2018)",1929.2656720003
"Uninformative_bk_Santos (2018)","Uninformative_bk","M_Santos(2005-2018)",1921.47125783849
"Uninformative_bk_Santos (2018)","Uninformative_bk","M_Santos(2005-2018)",1692.66446274839
"Uninformative_bk_Santos (2018)","Uninformative_bk","M_Santos(2005-2018)",2032.05933119986
"Uninformative_bk_Santos (2018)","Uninformative_bk","M_Santos(2005-2018)",1577.98467115027
"Uninformative_bk_Santos (2018)","Uninformative_bk","M_Santos(2005-2018)",1947.64153472967
"Uninformative_bk_Santos (2018)","Uninformative_bk","M_Santos(2005-2018)",1782.55365084344
"Uninformative_bk_Santos (2018)","Uninformative_bk","M_Santos(2005-2018)",1970.28851551146
"Uninformative_bk_Santos (2018)","Uninformative_bk","M_Santos(2005-2018)",1918.83594438123
"Uninformative_bk_Santos (2018)","Uninformative_bk","M_Santos(2005-2018)",1985.38258520381
"Uninformative_bk_Santos (2018)","Uninformative_bk","M_Santos(2005-2018)",1757.3278961364
"Uninformative_bk_Santos (2018)","Uninformative_bk","M_Santos(2005-2018)",1981.291807571
"Uninformative_bk_Santos (2018)","Uninformative_bk","M_Santos(2005-2018)",2026.96499199002
"Uninformative_bk_Santos (2018)","Uninformative_bk","M_Santos(2005-2018)",2895.77883606261
"Uninformative_bk_Santos (2018)","Uninformative_bk","M_Santos(2005-2018)",2028.03336340269
"Uninformative_bk_Santos (2018)","Uninformative_bk","M_Santos(2005-2018)",2092.88204086336
"Uninformative_bk_Santos (2018)","Uninformative_bk","M_Santos(2005-2018)",1934.16278493332
"Uninformative_bk_Santos (2018)","Uninformative_bk","M_Santos(2005-2018)",1988.33856180236
"Uninformative_bk_Santos (2018)","Uninformative_bk","M_Santos(2005-2018)",1947.92094172813
"Uninformative_bk_Santos (2018)","Uninformative_bk","M_Santos(2005-2018)",1855.99486074659
"Uninformative_bk_Santos (2018)","Uninformative_bk","M_Santos(2005-2018)",1870.70853787145
"Uninformative_bk_Santos (2018)","Uninformative_bk","M_Santos(2005-2018)",1915.59793538781
"Uninformative_bk_Santos (2018)","Uninformative_bk","M_Santos(2005-2018)",1885.39815787448
"Uninformative_bk_Santos (2018)","Uninformative_bk","M_Santos(2005-2018)",1859.65641256018
"Uninformative_bk_Santos (2018)","Uninformative_bk","M_Santos(2005-2018)",1896.54242052439
"Uninformative_bk_Santos (2018)","Uninformative_bk","M_Santos(2005-2018)",1918.43596572988
"Uninformative_bk_Santos (2018)","Uninformative_bk","M_Santos(2005-2018)",1912.98299319718
"Uninformative_bk_Santos (2018)","Uninformative_bk","M_Santos(2005-2018)",1910.34490271342
"Uninformative_bk_Santos (2018)","Uninformative_bk","M_Santos(2005-2018)",1938.06974082305
"Uninformative_bk_Santos (2018)","Uninformative_bk","M_Santos(2005-2018)",1914.19872557522
"Uninformative_bk_Santos (2018)","Uninformative_bk","M_Santos(2005-2018)",2058.66601002023
"Uninformative_bk_Santos (2018)","Uninformative_bk","M_Santos(2005-2018)",1861.70374129057
"Uninformative_bk_Santos (2018)","Uninformative_bk","M_Santos(2005-2018)",2529.85447497336
"Uninformative_bk_Santos (2018)","Uninformative_bk","M_Santos(2005-2018)",1737.89763724915
"Uninformative_bk_Santos (2018)","Uninformative_bk","M_Santos(2005-2018)",2772.95502917799
"Uninformative_bk_Santos (2018)","Uninformative_bk","M_Santos(2005-2018)",4540.00781063945
"Uninformative_bk_Santos (2018)","Uninformative_bk","M_Santos(2005-2018)",5249.13244238628
"Uninformative_bk_Santos (2018)","Uninformative_bk","M_Santos(2005-2018)",1773.77571744787
"Uninformative_bk_Santos (2018)","Uninformative_bk","M_Santos(2005-2018)",2075.4344146802
"Uninformative_bk_Santos (2018)","Uninformative_bk","M_Santos(2005-2018)",1964.46094200579
"Uninformative_bk_Santos (2018)","Uninformative_bk","M_Santos(2005-2018)",1933.89214462817
"Uninformative_bk_Santos (2018)","Uninformative_bk","M_Santos(2005-2018)",1720.7047248975
"Uninformative_bk_Santos (2018)","Uninformative_bk","M_Santos(2005-2018)",2781.22948469052
"Uninformative_bk_Santos (2018)","Uninformative_bk","M_Santos(2005-2018)",1939.4861048472
"Uninformative_bk_Santos (2018)","Uninformative_bk","M_Santos(2005-2018)",2932.9824211629
"Uninformative_bk_Santos (2018)","Uninformative_bk","M_Santos(2005-2018)",1863.42318878849
"Uninformative_bk_Santos (2018)","Uninformative_bk","M_Santos(2005-2018)",1766.86297905649
"Uninformative_bk_Santos (2018)","Uninformative_bk","M_Santos(2005-2018)",1874.02948419386
"Uninformative_bk_Santos (2018)","Uninformative_bk","M_Santos(2005-2018)",1895.85116387115
"Uninformative_bk_Santos (2018)","Uninformative_bk","M_Santos(2005-2018)",2593.77600072023
"Uninformative_bk_Santos (2018)","Uninformative_bk","M_Santos(2005-2018)",1941.91434385245
"Uninformative_bk_Santos (2018)","Uninformative_bk","M_Santos(2005-2018)",1849.4194816714
"Uninformative_bk_Santos (2018)","Uninformative_bk","M_Santos(2005-2018)",2086.60428541335
"Uninformative_bk_Santos (2018)","Uninformative_bk","M_Santos(2005-2018)",1939.37743098275
"Uninformative_bk_Santos (2018)","Uninformative_bk","M_Santos(2005-2018)",1996.49286678921
"Uninformative_bk_Santos (2018)","Uninformative_bk","M_Santos(2005-2018)",1843.74123738159
"Uninformative_bk_Santos (2018)","Uninformative_bk","M_Santos(2005-2018)",1875.4564901813
"Uninformative_bk_Santos (2018)","Uninformative_bk","M_Santos(2005-2018)",1831.57184285137
"Uninformative_bk_Santos (2018)","Uninformative_bk","M_Santos(2005-2018)",1774.62501787056
"Uninformative_bk_Santos (2018)","Uninformative_bk","M_Santos(2005-2018)",1926.35483279264
"Uninformative_bk_Santos (2018)","Uninformative_bk","M_Santos(2005-2018)",1991.71348568186
"Uninformative_bk_Santos (2018)","Uninformative_bk","M_Santos(2005-2018)",1947.66209221811
"Uninformative_bk_Santos (2018)","Uninformative_bk","M_Santos(2005-2018)",1887.5149517671
"Uninformative_bk_Santos (2018)","Uninformative_bk","M_Santos(2005-2018)",1944.46515326906
"Uninformative_bk_Santos (2018)","Uninformative_bk","M_Santos(2005-2018)",1910.83179729798
"Uninformative_bk_Santos (2018)","Uninformative_bk","M_Santos(2005-2018)",1840.49739717504
"Uninformative_bk_Santos (2018)","Uninformative_bk","M_Santos(2005-2018)",1905.28326956392
"Uninformative_bk_Santos (2018)","Uninformative_bk","M_Santos(2005-2018)",1806.07244928536
"Uninformative_bk_Santos (2018)","Uninformative_bk","M_Santos(2005-2018)",1890.70243898211
"Uninformative_bk_Santos (2018)","Uninformative_bk","M_Santos(2005-2018)",2495.47145427612
"Uninformative_bk_Santos (2018)","Uninformative_bk","M_Santos(2005-2018)",2128.16226275919
"Uninformative_bk_Santos (2018)","Uninformative_bk","M_Santos(2005-2018)",1716.47899699469
"Uninformative_bk_Santos (2018)","Uninformative_bk","M_Santos(2005-2018)",4941.22983797574
"Uninformative_bk_Santos (2018)","Uninformative_bk","M_Santos(2005-2018)",1904.98693808405
"Uninformative_bk_Santos (2018)","Uninformative_bk","M_Santos(2005-2018)",1940.01565106593
"Uninformative_bk_Santos (2018)","Uninformative_bk","M_Santos(2005-2018)",3509.0602437761
"Uninformative_bk_Santos (2018)","Uninformative_bk","M_Santos(2005-2018)",1935.06010428
"Uninformative_bk_Santos (2018)","Uninformative_bk","M_Santos(2005-2018)",3628.27022255152
"Uninformative_bk_Santos (2018)","Uninformative_bk","M_Santos(2005-2018)",1867.03231866186
"Uninformative_bk_Santos (2018)","Uninformative_bk","M_Santos(2005-2018)",1805.28456260858
"Uninformative_bk_Santos (2018)","Uninformative_bk","M_Santos(2005-2018)",1940.16754852776
"Uninformative_bk_Santos (2018)","Uninformative_bk","M_Santos(2005-2018)",2211.32729999789
"Uninformative_bk_Santos (2018)","Uninformative_bk","M_Santos(2005-2018)",1605.02954898964
"Uninformative_bk_Santos (2018)","Uninformative_bk","M_Santos(2005-2018)",1844.10787027781
"Uninformative_bk_Santos (2018)","Uninformative_bk","M_Santos(2005-2018)",1848.46104664857
"Uninformative_bk_Santos (2018)","Uninformative_bk","M_Santos(2005-2018)",1914.55439104758
"Uninformative_bk_Santos (2018)","Uninformative_bk","M_Santos(2005-2018)",1926.41215654142
"Uninformative_bk_Santos (2018)","Uninformative_bk","M_Santos(2005-2018)",1790.6165937095
"Uninformative_bk_Santos (2018)","Uninformative_bk","M_Santos(2005-2018)",2902.60728141984
"Uninformative_bk_Santos (2018)","Uninformative_bk","M_Santos(2005-2018)",2664.90229836197
"Uninformative_bk_Santos (2018)","Uninformative_bk","M_Santos(2005-2018)",2072.04341086877
"Uninformative_bk_Santos (2018)","Uninformative_bk","M_Santos(2005-2018)",1736.88796148884
"Uninformative_bk_Santos (2018)","Uninformative_bk","M_Santos(2005-2018)",1919.0819920964
"Uninformative_bk_Santos (2018)","Uninformative_bk","M_Santos(2005-2018)",2290.70095443512
"Uninformative_bk_Santos (2018)","Uninformative_bk","M_Santos(2005-2018)",1628.64432759819
"Uninformative_bk_Santos (2018)","Uninformative_bk","M_Santos(2005-2018)",1921.70233664996
"Uninformative_bk_Santos (2018)","Uninformative_bk","M_Santos(2005-2018)",2482.79667106017
"Uninformative_bk_Santos (2018)","Uninformative_bk","M_Santos(2005-2018)",1932.34987200053
"Uninformative_bk_Santos (2018)","Uninformative_bk","M_Santos(2005-2018)",2034.03237410279
"Uninformative_bk_Santos (2018)","Uninformative_bk","M_Santos(2005-2018)",5164.17068325054
"Uninformative_bk_Santos (2018)","Uninformative_bk","M_Santos(2005-2018)",1933.18814402023
"Uninformative_bk_Santos (2018)","Uninformative_bk","M_Santos(2005-2018)",2062.42137094897
"Uninformative_bk_Santos (2018)","Uninformative_bk","M_Santos(2005-2018)",2025.14203035506
"Uninformative_bk_Santos (2018)","Uninformative_bk","M_Santos(2005-2018)",5172.51349651191
"Uninformative_bk_Santos (2018)","Uninformative_bk","M_Santos(2005-2018)",1997.15867010024
"Uninformative_bk_Santos (2018)","Uninformative_bk","M_Santos(2005-2018)",2149.81186567835
"Uninformative_bk_Santos (2018)","Uninformative_bk","M_Santos(2005-2018)",1938.6723150837
"Uninformative_bk_Santos (2018)","Uninformative_bk","M_Santos(2005-2018)",2193.33858004965
"Uninformative_bk_Santos (2018)","Uninformative_bk","M_Santos(2005-2018)",5564.94264280419
"Uninformative_bk_Santos (2018)","Uninformative_bk","M_Santos(2005-2018)",1898.13390883232
"Uninformative_bk_Santos (2018)","Uninformative_bk","M_Santos(2005-2018)",2167.3575627866
"Uninformative_bk_Santos (2018)","Uninformative_bk","M_Santos(2005-2018)",1992.56337675971
"Uninformative_bk_Santos (2018)","Uninformative_bk","M_Santos(2005-2018)",5310.99156273916
"Uninformative_bk_Santos (2018)","Uninformative_bk","M_Santos(2005-2018)",1821.79438523583
"Uninformative_bk_Santos (2018)","Uninformative_bk","M_Santos(2005-2018)",3045.28361800957
"Uninformative_bk_Santos (2018)","Uninformative_bk","M_Santos(2005-2018)",2137.30546107492
"Uninformative_bk_Santos (2018)","Uninformative_bk","M_Santos(2005-2018)",2019.34373533256
"Uninformative_bk_Santos (2018)","Uninformative_bk","M_Santos(2005-2018)",1879.10039464443
"Uninformative_bk_Santos (2018)","Uninformative_bk","M_Santos(2005-2018)",1873.77646732295
"Uninformative_bk_Santos (2018)","Uninformative_bk","M_Santos(2005-2018)",2485.63124418801
"Uninformative_bk_Santos (2018)","Uninformative_bk","M_Santos(2005-2018)",1968.82277098823
"Uninformative_bk_Santos (2018)","Uninformative_bk","M_Santos(2005-2018)",1858.46220410528
"Uninformative_bk_Santos (2018)","Uninformative_bk","M_Santos(2005-2018)",1893.10358935906
"Uninformative_bk_Santos (2018)","Uninformative_bk","M_Santos(2005-2018)",1963.57367206313
"Uninformative_bk_Santos (2018)","Uninformative_bk","M_Santos(2005-2018)",1836.93339969433
"Uninformative_bk_Santos (2018)","Uninformative_bk","M_Santos(2005-2018)",2239.80302909198
"Uninformative_bk_Santos (2018)","Uninformative_bk","M_Santos(2005-2018)",1779.66802313499
"Uninformative_bk_Santos (2018)","Uninformative_bk","M_Santos(2005-2018)",1971.27600583035
"Uninformative_bk_Santos (2018)","Uninformative_bk","M_Santos(2005-2018)",2085.7952525826
"Uninformative_bk_Santos (2018)","Uninformative_bk","M_Santos(2005-2018)",1879.13619911603
"Uninformative_bk_Santos (2018)","Uninformative_bk","M_Santos(2005-2018)",1851.9664831921
"Uninformative_bk_Santos (2018)","Uninformative_bk","M_Santos(2005-2018)",1786.02835751421
"Uninformative_bk_Santos (2018)","Uninformative_bk","M_Santos(2005-2018)",2120.60970007822
"Uninformative_bk_Santos (2018)","Uninformative_bk","M_Santos(2005-2018)",1778.52172400884
"Uninformative_bk_Santos (2018)","Uninformative_bk","M_Santos(2005-2018)",2699.63756938688
"Uninformative_bk_Santos (2018)","Uninformative_bk","M_Santos(2005-2018)",5291.83239932747
"Uninformative_bk_Santos (2018)","Uninformative_bk","M_Santos(2005-2018)",1820.07471690807
"Uninformative_bk_Santos (2018)","Uninformative_bk","M_Santos(2005-2018)",1928.59733310724
"Uninformative_bk_Santos (2018)","Uninformative_bk","M_Santos(2005-2018)",3267.09163514874
"Uninformative_bk_Santos (2018)","Uninformative_bk","M_Santos(2005-2018)",1814.96167557958
"Uninformative_bk_Santos (2018)","Uninformative_bk","M_Santos(2005-2018)",1940.5282919471
"Uninformative_bk_Santos (2018)","Uninformative_bk","M_Santos(2005-2018)",1914.84935276698
"Uninformative_bk_Santos (2018)","Uninformative_bk","M_Santos(2005-2018)",1933.78798388535
"Uninformative_bk_Santos (2018)","Uninformative_bk","M_Santos(2005-2018)",1939.83464280825
"Uninformative_bk_Santos (2018)","Uninformative_bk","M_Santos(2005-2018)",2257.01876113098
"Uninformative_bk_Santos (2018)","Uninformative_bk","M_Santos(2005-2018)",4065.16251750063
"Uninformative_bk_Santos (2018)","Uninformative_bk","M_Santos(2005-2018)",1875.50319182659
"Uninformative_bk_Santos (2018)","Uninformative_bk","M_Santos(2005-2018)",1828.40619938542
"Uninformative_bk_Santos (2018)","Uninformative_bk","M_Santos(2005-2018)",2136.72480796167
"Uninformative_bk_Santos (2018)","Uninformative_bk","M_Santos(2005-2018)",2008.35762427203
"Uninformative_bk_Santos (2018)","Uninformative_bk","M_Santos(2005-2018)",1889.21367610721
"Uninformative_bk_Santos (2018)","Uninformative_bk","M_Santos(2005-2018)",1848.95903603969
"Uninformative_bk_Santos (2018)","Uninformative_bk","M_Santos(2005-2018)",1919.12363187348
"Uninformative_bk_Santos (2018)","Uninformative_bk","M_Santos(2005-2018)",2073.44644901057
"Uninformative_bk_Santos (2018)","Uninformative_bk","M_Santos(2005-2018)",1995.25798911109
"Uninformative_bk_Santos (2018)","Uninformative_bk","M_Santos(2005-2018)",1773.47233130551
"Uninformative_bk_Santos (2018)","Uninformative_bk","M_Santos(2005-2018)",1954.35832957113
"Uninformative_bk_Santos (2018)","Uninformative_bk","M_Santos(2005-2018)",2218.85527208693
"Uninformative_bk_Santos (2018)","Uninformative_bk","M_Santos(2005-2018)",1909.85187722413
"Uninformative_bk_Santos (2018)","Uninformative_bk","M_Santos(2005-2018)",1846.63256495975
"Uninformative_bk_Santos (2018)","Uninformative_bk","M_Santos(2005-2018)",1756.78301042582
"Uninformative_bk_Santos (2018)","Uninformative_bk","M_Santos(2005-2018)",1774.03417024572
"Uninformative_bk_Santos (2018)","Uninformative_bk","M_Santos(2005-2018)",1968.39775346019
"Uninformative_bk_Santos (2018)","Uninformative_bk","M_Santos(2005-2018)",1906.78790784277
"Uninformative_bk_Santos (2018)","Uninformative_bk","M_Santos(2005-2018)",1924.16068794228
"Uninformative_bk_Santos (2018)","Uninformative_bk","M_Santos(2005-2018)",3642.26367542786
"Uninformative_bk_Santos (2018)","Uninformative_bk","M_Santos(2005-2018)",3579.49948652404
"Uninformative_bk_Santos (2018)","Uninformative_bk","M_Santos(2005-2018)",2013.92545164783
"Uninformative_bk_Santos (2018)","Uninformative_bk","M_Santos(2005-2018)",2087.63710782252
"Uninformative_bk_Santos (2018)","Uninformative_bk","M_Santos(2005-2018)",2445.42946488736
"Uninformative_bk_Santos (2018)","Uninformative_bk","M_Santos(2005-2018)",1708.94067776746
"Uninformative_bk_Santos (2018)","Uninformative_bk","M_Santos(2005-2018)",1869.06609243134
"Uninformative_bk_Santos (2018)","Uninformative_bk","M_Santos(2005-2018)",2293.31778450074
"Uninformative_bk_Santos (2018)","Uninformative_bk","M_Santos(2005-2018)",1867.73854518952
"Uninformative_bk_Santos (2018)","Uninformative_bk","M_Santos(2005-2018)",1953.66791585665
"Uninformative_bk_Santos (2018)","Uninformative_bk","M_Santos(2005-2018)",4949.54222929342
"Uninformative_bk_Santos (2018)","Uninformative_bk","M_Santos(2005-2018)",1899.75324231252
"Uninformative_bk_Santos (2018)","Uninformative_bk","M_Santos(2005-2018)",2340.85922225957
"Uninformative_bk_Santos (2018)","Uninformative_bk","M_Santos(2005-2018)",1939.18639384897
"Uninformative_bk_Santos (2018)","Uninformative_bk","M_Santos(2005-2018)",1921.97149307275
"Uninformative_bk_Santos (2018)","Uninformative_bk","M_Santos(2005-2018)",2146.91534636694
"Uninformative_bk_Santos (2018)","Uninformative_bk","M_Santos(2005-2018)",2002.82574928116
"Uninformative_bk_Santos (2018)","Uninformative_bk","M_Santos(2005-2018)",2217.76207381333
"Uninformative_bk_Santos (2018)","Uninformative_bk","M_Santos(2005-2018)",1904.89195213055
"Uninformative_bk_Santos (2018)","Uninformative_bk","M_Santos(2005-2018)",3305.58333279364
"Uninformative_bk_Santos (2018)","Uninformative_bk","M_Santos(2005-2018)",1875.7019306088
"Uninformative_bk_Santos (2018)","Uninformative_bk","M_Santos(2005-2018)",1945.42452254192
"Uninformative_bk_Santos (2018)","Uninformative_bk","M_Santos(2005-2018)",1884.74634294543
"Uninformative_bk_Santos (2018)","Uninformative_bk","M_Santos(2005-2018)",2140.72110170521
"Uninformative_bk_Santos (2018)","Uninformative_bk","M_Santos(2005-2018)",2013.56854121477
"Uninformative_bk_Santos (2018)","Uninformative_bk","M_Santos(2005-2018)",4585.94325134
"Uninformative_bk_Santos (2018)","Uninformative_bk","M_Santos(2005-2018)",1890.69466937089
"Uninformative_bk_Santos (2018)","Uninformative_bk","M_Santos(2005-2018)",2022.25158139428
"Uninformative_bk_Santos (2018)","Uninformative_bk","M_Santos(2005-2018)",2014.49052319126
"Uninformative_bk_Santos (2018)","Uninformative_bk","M_Santos(2005-2018)",1931.13753984948
"Uninformative_bk_Santos (2018)","Uninformative_bk","M_Santos(2005-2018)",2793.52040194409
"Uninformative_bk_Santos (2018)","Uninformative_bk","M_Santos(2005-2018)",2007.86655989631
"Uninformative_bk_Santos (2018)","Uninformative_bk","M_Santos(2005-2018)",1774.36031196565
"Uninformative_bk_Santos (2018)","Uninformative_bk","M_Santos(2005-2018)",1908.42004447089
"Uninformative_bk_Santos (2018)","Uninformative_bk","M_Santos(2005-2018)",1935.83943499662
"Uninformative_bk_Santos (2018)","Uninformative_bk","M_Santos(2005-2018)",1710.5388288127
"Uninformative_bk_Santos (2018)","Uninformative_bk","M_Santos(2005-2018)",2094.35744368384
"Uninformative_bk_Santos (2018)","Uninformative_bk","M_Santos(2005-2018)",2048.76455513142
"Uninformative_bk_Santos (2018)","Uninformative_bk","M_Santos(2005-2018)",1615.22213932747
"Uninformative_bk_Santos (2018)","Uninformative_bk","M_Santos(2005-2018)",1880.22731008243
"Uninformative_bk_Santos (2018)","Uninformative_bk","M_Santos(2005-2018)",1824.89060824633
"Uninformative_bk_Santos (2018)","Uninformative_bk","M_Santos(2005-2018)",1921.04890449263
"Uninformative_bk_Santos (2018)","Uninformative_bk","M_Santos(2005-2018)",1937.72411705209
"Uninformative_bk_Santos (2018)","Uninformative_bk","M_Santos(2005-2018)",1959.05364430343
"Uninformative_bk_Santos (2018)","Uninformative_bk","M_Santos(2005-2018)",1970.29406006477
"Uninformative_bk_Santos (2018)","Uninformative_bk","M_Santos(2005-2018)",1808.92629560639
"Uninformative_bk_Santos (2018)","Uninformative_bk","M_Santos(2005-2018)",2120.13194269802
"Uninformative_bk_Santos (2018)","Uninformative_bk","M_Santos(2005-2018)",1954.96868528828
"Uninformative_bk_Santos (2018)","Uninformative_bk","M_Santos(2005-2018)",1730.93008846941
"Uninformative_bk_Santos (2018)","Uninformative_bk","M_Santos(2005-2018)",1927.41223890087
"Uninformative_bk_Santos (2018)","Uninformative_bk","M_Santos(2005-2018)",1906.48565297234
"Uninformative_bk_Santos (2018)","Uninformative_bk","M_Santos(2005-2018)",1935.24339044159
"Uninformative_bk_Santos (2018)","Uninformative_bk","M_Santos(2005-2018)",4621.38762380086
"Uninformative_bk_Santos (2018)","Uninformative_bk","M_Santos(2005-2018)",1831.46292950562
"Uninformative_bk_Santos (2018)","Uninformative_bk","M_Santos(2005-2018)",2025.93672251312
"Uninformative_bk_Santos (2018)","Uninformative_bk","M_Santos(2005-2018)",1798.46619552831
"Uninformative_bk_Santos (2018)","Uninformative_bk","M_Santos(2005-2018)",2245.40193144188
"Uninformative_bk_Santos (2018)","Uninformative_bk","M_Santos(2005-2018)",1829.96305804688
"Uninformative_bk_Santos (2018)","Uninformative_bk","M_Santos(2005-2018)",1505.00060011241
"Uninformative_bk_Santos (2018)","Uninformative_bk","M_Santos(2005-2018)",1923.799385557
"Uninformative_bk_Santos (2018)","Uninformative_bk","M_Santos(2005-2018)",1855.23081507158
"Uninformative_bk_Santos (2018)","Uninformative_bk","M_Santos(2005-2018)",1878.82677574968
"Uninformative_bk_Vieira (2019)","Uninformative_bk","M_Vieira(1988-2018)",1831.01214482551
"Uninformative_bk_Vieira (2019)","Uninformative_bk","M_Vieira(1988-2018)",3734.82806274567
"Uninformative_bk_Vieira (2019)","Uninformative_bk","M_Vieira(1988-2018)",1861.36301233885
"Uninformative_bk_Vieira (2019)","Uninformative_bk","M_Vieira(1988-2018)",1924.16447481277
"Uninformative_bk_Vieira (2019)","Uninformative_bk","M_Vieira(1988-2018)",1963.8786819896
"Uninformative_bk_Vieira (2019)","Uninformative_bk","M_Vieira(1988-2018)",1947.5171201658
"Uninformative_bk_Vieira (2019)","Uninformative_bk","M_Vieira(1988-2018)",1991.04088318543
"Uninformative_bk_Vieira (2019)","Uninformative_bk","M_Vieira(1988-2018)",1986.98707769989
"Uninformative_bk_Vieira (2019)","Uninformative_bk","M_Vieira(1988-2018)",1954.16809153105
"Uninformative_bk_Vieira (2019)","Uninformative_bk","M_Vieira(1988-2018)",2048.28354610254
"Uninformative_bk_Vieira (2019)","Uninformative_bk","M_Vieira(1988-2018)",1978.63407566273
"Uninformative_bk_Vieira (2019)","Uninformative_bk","M_Vieira(1988-2018)",1938.81497703783
"Uninformative_bk_Vieira (2019)","Uninformative_bk","M_Vieira(1988-2018)",1880.15117914345
"Uninformative_bk_Vieira (2019)","Uninformative_bk","M_Vieira(1988-2018)",1864.14889499211
"Uninformative_bk_Vieira (2019)","Uninformative_bk","M_Vieira(1988-2018)",1988.81841299399
"Uninformative_bk_Vieira (2019)","Uninformative_bk","M_Vieira(1988-2018)",1839.56292168665
"Uninformative_bk_Vieira (2019)","Uninformative_bk","M_Vieira(1988-2018)",1920.28356667802
"Uninformative_bk_Vieira (2019)","Uninformative_bk","M_Vieira(1988-2018)",1687.16539738686
"Uninformative_bk_Vieira (2019)","Uninformative_bk","M_Vieira(1988-2018)",1870.62856508056
"Uninformative_bk_Vieira (2019)","Uninformative_bk","M_Vieira(1988-2018)",5726.69885826058
"Uninformative_bk_Vieira (2019)","Uninformative_bk","M_Vieira(1988-2018)",2059.03319153313
"Uninformative_bk_Vieira (2019)","Uninformative_bk","M_Vieira(1988-2018)",1869.98594342867
"Uninformative_bk_Vieira (2019)","Uninformative_bk","M_Vieira(1988-2018)",1932.09429288133
"Uninformative_bk_Vieira (2019)","Uninformative_bk","M_Vieira(1988-2018)",4251.4516067241
"Uninformative_bk_Vieira (2019)","Uninformative_bk","M_Vieira(1988-2018)",1908.07572146729
"Uninformative_bk_Vieira (2019)","Uninformative_bk","M_Vieira(1988-2018)",5857.8143970269
"Uninformative_bk_Vieira (2019)","Uninformative_bk","M_Vieira(1988-2018)",1923.47944208851
"Uninformative_bk_Vieira (2019)","Uninformative_bk","M_Vieira(1988-2018)",1759.15546948694
"Uninformative_bk_Vieira (2019)","Uninformative_bk","M_Vieira(1988-2018)",1828.08842897949
"Uninformative_bk_Vieira (2019)","Uninformative_bk","M_Vieira(1988-2018)",1936.79461479278
"Uninformative_bk_Vieira (2019)","Uninformative_bk","M_Vieira(1988-2018)",1995.81034526405
"Uninformative_bk_Vieira (2019)","Uninformative_bk","M_Vieira(1988-2018)",2845.90689250199
"Uninformative_bk_Vieira (2019)","Uninformative_bk","M_Vieira(1988-2018)",1935.60103485757
"Uninformative_bk_Vieira (2019)","Uninformative_bk","M_Vieira(1988-2018)",2152.79137337131
"Uninformative_bk_Vieira (2019)","Uninformative_bk","M_Vieira(1988-2018)",2025.97805831525
"Uninformative_bk_Vieira (2019)","Uninformative_bk","M_Vieira(1988-2018)",1943.03798557971
"Uninformative_bk_Vieira (2019)","Uninformative_bk","M_Vieira(1988-2018)",1961.83772728623
"Uninformative_bk_Vieira (2019)","Uninformative_bk","M_Vieira(1988-2018)",1786.40945118161
"Uninformative_bk_Vieira (2019)","Uninformative_bk","M_Vieira(1988-2018)",1861.54865250023
"Uninformative_bk_Vieira (2019)","Uninformative_bk","M_Vieira(1988-2018)",1781.93390035323
"Uninformative_bk_Vieira (2019)","Uninformative_bk","M_Vieira(1988-2018)",1904.7359427795
"Uninformative_bk_Vieira (2019)","Uninformative_bk","M_Vieira(1988-2018)",1863.34882153945
"Uninformative_bk_Vieira (2019)","Uninformative_bk","M_Vieira(1988-2018)",1950.12467878128
"Uninformative_bk_Vieira (2019)","Uninformative_bk","M_Vieira(1988-2018)",2066.32842452184
"Uninformative_bk_Vieira (2019)","Uninformative_bk","M_Vieira(1988-2018)",1846.93338536421
"Uninformative_bk_Vieira (2019)","Uninformative_bk","M_Vieira(1988-2018)",2001.25115239864
"Uninformative_bk_Vieira (2019)","Uninformative_bk","M_Vieira(1988-2018)",1816.24019473449
"Uninformative_bk_Vieira (2019)","Uninformative_bk","M_Vieira(1988-2018)",1791.45581043859
"Uninformative_bk_Vieira (2019)","Uninformative_bk","M_Vieira(1988-2018)",1963.59795567114
"Uninformative_bk_Vieira (2019)","Uninformative_bk","M_Vieira(1988-2018)",1709.88153710765
"Uninformative_bk_Vieira (2019)","Uninformative_bk","M_Vieira(1988-2018)",1851.74642902022
"Uninformative_bk_Vieira (2019)","Uninformative_bk","M_Vieira(1988-2018)",1954.9119296445
"Uninformative_bk_Vieira (2019)","Uninformative_bk","M_Vieira(1988-2018)",2177.71181177332
"Uninformative_bk_Vieira (2019)","Uninformative_bk","M_Vieira(1988-2018)",1829.83106221454
"Uninformative_bk_Vieira (2019)","Uninformative_bk","M_Vieira(1988-2018)",1952.80432675704
"Uninformative_bk_Vieira (2019)","Uninformative_bk","M_Vieira(1988-2018)",1963.66432058606
"Uninformative_bk_Vieira (2019)","Uninformative_bk","M_Vieira(1988-2018)",1975.71377340385
"Uninformative_bk_Vieira (2019)","Uninformative_bk","M_Vieira(1988-2018)",1898.25532031825
"Uninformative_bk_Vieira (2019)","Uninformative_bk","M_Vieira(1988-2018)",2620.24413806599
"Uninformative_bk_Vieira (2019)","Uninformative_bk","M_Vieira(1988-2018)",1917.89670908001
"Uninformative_bk_Vieira (2019)","Uninformative_bk","M_Vieira(1988-2018)",2029.41064689159
"Uninformative_bk_Vieira (2019)","Uninformative_bk","M_Vieira(1988-2018)",1801.6419206052
"Uninformative_bk_Vieira (2019)","Uninformative_bk","M_Vieira(1988-2018)",1959.41033196449
"Uninformative_bk_Vieira (2019)","Uninformative_bk","M_Vieira(1988-2018)",1834.01341172091
"Uninformative_bk_Vieira (2019)","Uninformative_bk","M_Vieira(1988-2018)",2665.41560353732
"Uninformative_bk_Vieira (2019)","Uninformative_bk","M_Vieira(1988-2018)",1943.67298738674
"Uninformative_bk_Vieira (2019)","Uninformative_bk","M_Vieira(1988-2018)",4043.96056577228
"Uninformative_bk_Vieira (2019)","Uninformative_bk","M_Vieira(1988-2018)",3221.7830234771
"Uninformative_bk_Vieira (2019)","Uninformative_bk","M_Vieira(1988-2018)",1952.55628968915
"Uninformative_bk_Vieira (2019)","Uninformative_bk","M_Vieira(1988-2018)",3266.6110860618
"Uninformative_bk_Vieira (2019)","Uninformative_bk","M_Vieira(1988-2018)",2352.88148790737
"Uninformative_bk_Vieira (2019)","Uninformative_bk","M_Vieira(1988-2018)",1947.86659166189
"Uninformative_bk_Vieira (2019)","Uninformative_bk","M_Vieira(1988-2018)",1892.62046321854
"Uninformative_bk_Vieira (2019)","Uninformative_bk","M_Vieira(1988-2018)",1985.85943561849
"Uninformative_bk_Vieira (2019)","Uninformative_bk","M_Vieira(1988-2018)",1945.67791013008
"Uninformative_bk_Vieira (2019)","Uninformative_bk","M_Vieira(1988-2018)",1925.45612214317
"Uninformative_bk_Vieira (2019)","Uninformative_bk","M_Vieira(1988-2018)",1901.89814057326
"Uninformative_bk_Vieira (2019)","Uninformative_bk","M_Vieira(1988-2018)",1828.56039212504
"Uninformative_bk_Vieira (2019)","Uninformative_bk","M_Vieira(1988-2018)",1935.10017570825
"Uninformative_bk_Vieira (2019)","Uninformative_bk","M_Vieira(1988-2018)",1952.62708760962
"Uninformative_bk_Vieira (2019)","Uninformative_bk","M_Vieira(1988-2018)",1972.80910301953
"Uninformative_bk_Vieira (2019)","Uninformative_bk","M_Vieira(1988-2018)",1744.98050615789
"Uninformative_bk_Vieira (2019)","Uninformative_bk","M_Vieira(1988-2018)",2077.202688535
"Uninformative_bk_Vieira (2019)","Uninformative_bk","M_Vieira(1988-2018)",2037.05354266889
"Uninformative_bk_Vieira (2019)","Uninformative_bk","M_Vieira(1988-2018)",1866.75317770608
"Uninformative_bk_Vieira (2019)","Uninformative_bk","M_Vieira(1988-2018)",3903.31752996337
"Uninformative_bk_Vieira (2019)","Uninformative_bk","M_Vieira(1988-2018)",1773.27619087271
"Uninformative_bk_Vieira (2019)","Uninformative_bk","M_Vieira(1988-2018)",1929.64286333122
"Uninformative_bk_Vieira (2019)","Uninformative_bk","M_Vieira(1988-2018)",3980.3079714848
"Uninformative_bk_Vieira (2019)","Uninformative_bk","M_Vieira(1988-2018)",1985.77286229944
"Uninformative_bk_Vieira (2019)","Uninformative_bk","M_Vieira(1988-2018)",2045.84048538106
"Uninformative_bk_Vieira (2019)","Uninformative_bk","M_Vieira(1988-2018)",1950.23942069002
"Uninformative_bk_Vieira (2019)","Uninformative_bk","M_Vieira(1988-2018)",1878.56622519273
"Uninformative_bk_Vieira (2019)","Uninformative_bk","M_Vieira(1988-2018)",1920.97581072651
"Uninformative_bk_Vieira (2019)","Uninformative_bk","M_Vieira(1988-2018)",2337.54750668573
"Uninformative_bk_Vieira (2019)","Uninformative_bk","M_Vieira(1988-2018)",1990.95667475417
"Uninformative_bk_Vieira (2019)","Uninformative_bk","M_Vieira(1988-2018)",2073.29421044983
"Uninformative_bk_Vieira (2019)","Uninformative_bk","M_Vieira(1988-2018)",1897.280602502
"Uninformative_bk_Vieira (2019)","Uninformative_bk","M_Vieira(1988-2018)",1999.00346123273
"Uninformative_bk_Vieira (2019)","Uninformative_bk","M_Vieira(1988-2018)",1926.96074030172
"Uninformative_bk_Vieira (2019)","Uninformative_bk","M_Vieira(1988-2018)",2359.95468664956
"Uninformative_bk_Vieira (2019)","Uninformative_bk","M_Vieira(1988-2018)",6009.71961504024
"Uninformative_bk_Vieira (2019)","Uninformative_bk","M_Vieira(1988-2018)",1928.27889836158
"Uninformative_bk_Vieira (2019)","Uninformative_bk","M_Vieira(1988-2018)",2747.51832932059
"Uninformative_bk_Vieira (2019)","Uninformative_bk","M_Vieira(1988-2018)",1890.27799922173
"Uninformative_bk_Vieira (2019)","Uninformative_bk","M_Vieira(1988-2018)",1876.01058071871
"Uninformative_bk_Vieira (2019)","Uninformative_bk","M_Vieira(1988-2018)",1964.92734745569
"Uninformative_bk_Vieira (2019)","Uninformative_bk","M_Vieira(1988-2018)",1953.53833061912
"Uninformative_bk_Vieira (2019)","Uninformative_bk","M_Vieira(1988-2018)",2965.91069970919
"Uninformative_bk_Vieira (2019)","Uninformative_bk","M_Vieira(1988-2018)",3493.93062016351
"Uninformative_bk_Vieira (2019)","Uninformative_bk","M_Vieira(1988-2018)",2037.41666350608
"Uninformative_bk_Vieira (2019)","Uninformative_bk","M_Vieira(1988-2018)",2043.03385844661
"Uninformative_bk_Vieira (2019)","Uninformative_bk","M_Vieira(1988-2018)",4290.01994902068
"Uninformative_bk_Vieira (2019)","Uninformative_bk","M_Vieira(1988-2018)",2012.26361425769
"Uninformative_bk_Vieira (2019)","Uninformative_bk","M_Vieira(1988-2018)",1923.53578965713
"Uninformative_bk_Vieira (2019)","Uninformative_bk","M_Vieira(1988-2018)",1906.53010712997
"Uninformative_bk_Vieira (2019)","Uninformative_bk","M_Vieira(1988-2018)",1843.33523398175
"Uninformative_bk_Vieira (2019)","Uninformative_bk","M_Vieira(1988-2018)",1847.71892536754
"Uninformative_bk_Vieira (2019)","Uninformative_bk","M_Vieira(1988-2018)",1944.88168762816
"Uninformative_bk_Vieira (2019)","Uninformative_bk","M_Vieira(1988-2018)",2120.85591892265
"Uninformative_bk_Vieira (2019)","Uninformative_bk","M_Vieira(1988-2018)",4601.71427281897
"Uninformative_bk_Vieira (2019)","Uninformative_bk","M_Vieira(1988-2018)",1945.21402126022
"Uninformative_bk_Vieira (2019)","Uninformative_bk","M_Vieira(1988-2018)",2044.91761546261
"Uninformative_bk_Vieira (2019)","Uninformative_bk","M_Vieira(1988-2018)",2582.52118966787
"Uninformative_bk_Vieira (2019)","Uninformative_bk","M_Vieira(1988-2018)",3233.54155762816
"Uninformative_bk_Vieira (2019)","Uninformative_bk","M_Vieira(1988-2018)",2176.48959963352
"Uninformative_bk_Vieira (2019)","Uninformative_bk","M_Vieira(1988-2018)",1902.35677472026
"Uninformative_bk_Vieira (2019)","Uninformative_bk","M_Vieira(1988-2018)",1977.24488275453
"Uninformative_bk_Vieira (2019)","Uninformative_bk","M_Vieira(1988-2018)",1954.7358850607
"Uninformative_bk_Vieira (2019)","Uninformative_bk","M_Vieira(1988-2018)",6057.44149460465
"Uninformative_bk_Vieira (2019)","Uninformative_bk","M_Vieira(1988-2018)",1916.5725565569
"Uninformative_bk_Vieira (2019)","Uninformative_bk","M_Vieira(1988-2018)",1848.84378253844
"Uninformative_bk_Vieira (2019)","Uninformative_bk","M_Vieira(1988-2018)",1984.83470779939
"Uninformative_bk_Vieira (2019)","Uninformative_bk","M_Vieira(1988-2018)",2095.63007858327
"Uninformative_bk_Vieira (2019)","Uninformative_bk","M_Vieira(1988-2018)",1965.86592702916
"Uninformative_bk_Vieira (2019)","Uninformative_bk","M_Vieira(1988-2018)",1912.51142345094
"Uninformative_bk_Vieira (2019)","Uninformative_bk","M_Vieira(1988-2018)",1916.00571013867
"Uninformative_bk_Vieira (2019)","Uninformative_bk","M_Vieira(1988-2018)",3962.34350430794
"Uninformative_bk_Vieira (2019)","Uninformative_bk","M_Vieira(1988-2018)",1902.57137976204
"Uninformative_bk_Vieira (2019)","Uninformative_bk","M_Vieira(1988-2018)",1959.19980238948
"Uninformative_bk_Vieira (2019)","Uninformative_bk","M_Vieira(1988-2018)",1944.1260295918
"Uninformative_bk_Vieira (2019)","Uninformative_bk","M_Vieira(1988-2018)",2459.93208270678
"Uninformative_bk_Vieira (2019)","Uninformative_bk","M_Vieira(1988-2018)",1849.4052048164
"Uninformative_bk_Vieira (2019)","Uninformative_bk","M_Vieira(1988-2018)",1959.8748405108
"Uninformative_bk_Vieira (2019)","Uninformative_bk","M_Vieira(1988-2018)",2052.04110970888
"Uninformative_bk_Vieira (2019)","Uninformative_bk","M_Vieira(1988-2018)",2273.5303376876
"Uninformative_bk_Vieira (2019)","Uninformative_bk","M_Vieira(1988-2018)",1943.40900433921
"Uninformative_bk_Vieira (2019)","Uninformative_bk","M_Vieira(1988-2018)",1963.15906187968
"Uninformative_bk_Vieira (2019)","Uninformative_bk","M_Vieira(1988-2018)",1960.57697031615
"Uninformative_bk_Vieira (2019)","Uninformative_bk","M_Vieira(1988-2018)",1959.557084903
"Uninformative_bk_Vieira (2019)","Uninformative_bk","M_Vieira(1988-2018)",1929.95584865799
"Uninformative_bk_Vieira (2019)","Uninformative_bk","M_Vieira(1988-2018)",1969.30761770761
"Uninformative_bk_Vieira (2019)","Uninformative_bk","M_Vieira(1988-2018)",1976.66260457663
"Uninformative_bk_Vieira (2019)","Uninformative_bk","M_Vieira(1988-2018)",2001.87567703686
"Uninformative_bk_Vieira (2019)","Uninformative_bk","M_Vieira(1988-2018)",1884.78852926137
"Uninformative_bk_Vieira (2019)","Uninformative_bk","M_Vieira(1988-2018)",2135.33477972686
"Uninformative_bk_Vieira (2019)","Uninformative_bk","M_Vieira(1988-2018)",1838.89354940374
"Uninformative_bk_Vieira (2019)","Uninformative_bk","M_Vieira(1988-2018)",1958.77494731722
"Uninformative_bk_Vieira (2019)","Uninformative_bk","M_Vieira(1988-2018)",4283.83725839515
"Uninformative_bk_Vieira (2019)","Uninformative_bk","M_Vieira(1988-2018)",1974.230653235
"Uninformative_bk_Vieira (2019)","Uninformative_bk","M_Vieira(1988-2018)",1928.86429517301
"Uninformative_bk_Vieira (2019)","Uninformative_bk","M_Vieira(1988-2018)",1941.15599549916
"Uninformative_bk_Vieira (2019)","Uninformative_bk","M_Vieira(1988-2018)",1900.12022530881
"Uninformative_bk_Vieira (2019)","Uninformative_bk","M_Vieira(1988-2018)",2446.29114448662
"Uninformative_bk_Vieira (2019)","Uninformative_bk","M_Vieira(1988-2018)",1936.4559267482
"Uninformative_bk_Vieira (2019)","Uninformative_bk","M_Vieira(1988-2018)",2324.10601861945
"Uninformative_bk_Vieira (2019)","Uninformative_bk","M_Vieira(1988-2018)",1956.43453123162
"Uninformative_bk_Vieira (2019)","Uninformative_bk","M_Vieira(1988-2018)",1971.11524485142
"Uninformative_bk_Vieira (2019)","Uninformative_bk","M_Vieira(1988-2018)",2284.77181071326
"Uninformative_bk_Vieira (2019)","Uninformative_bk","M_Vieira(1988-2018)",4858.46005897455
"Uninformative_bk_Vieira (2019)","Uninformative_bk","M_Vieira(1988-2018)",1865.36010782327
"Uninformative_bk_Vieira (2019)","Uninformative_bk","M_Vieira(1988-2018)",1980.1988442187
"Uninformative_bk_Vieira (2019)","Uninformative_bk","M_Vieira(1988-2018)",1884.42977981195
"Uninformative_bk_Vieira (2019)","Uninformative_bk","M_Vieira(1988-2018)",1916.77103785461
"Uninformative_bk_Vieira (2019)","Uninformative_bk","M_Vieira(1988-2018)",1953.33447026563
"Uninformative_bk_Vieira (2019)","Uninformative_bk","M_Vieira(1988-2018)",2350.29884183201
"Uninformative_bk_Vieira (2019)","Uninformative_bk","M_Vieira(1988-2018)",1904.96446081151
"Uninformative_bk_Vieira (2019)","Uninformative_bk","M_Vieira(1988-2018)",1915.29323985494
"Uninformative_bk_Vieira (2019)","Uninformative_bk","M_Vieira(1988-2018)",1924.9893808043
"Uninformative_bk_Vieira (2019)","Uninformative_bk","M_Vieira(1988-2018)",1932.05101341521
"Uninformative_bk_Vieira (2019)","Uninformative_bk","M_Vieira(1988-2018)",1999.7843829265
"Uninformative_bk_Vieira (2019)","Uninformative_bk","M_Vieira(1988-2018)",2076.65700339822
"Uninformative_bk_Vieira (2019)","Uninformative_bk","M_Vieira(1988-2018)",2661.90893173813
"Uninformative_bk_Vieira (2019)","Uninformative_bk","M_Vieira(1988-2018)",1884.66474826
"Uninformative_bk_Vieira (2019)","Uninformative_bk","M_Vieira(1988-2018)",1954.62040613382
"Uninformative_bk_Vieira (2019)","Uninformative_bk","M_Vieira(1988-2018)",1987.85713202568
"Uninformative_bk_Vieira (2019)","Uninformative_bk","M_Vieira(1988-2018)",1911.46026413506
"Uninformative_bk_Vieira (2019)","Uninformative_bk","M_Vieira(1988-2018)",2027.74836981202
"Uninformative_bk_Vieira (2019)","Uninformative_bk","M_Vieira(1988-2018)",1797.72077078272
"Uninformative_bk_Vieira (2019)","Uninformative_bk","M_Vieira(1988-2018)",1987.79448156017
"Uninformative_bk_Vieira (2019)","Uninformative_bk","M_Vieira(1988-2018)",1992.52570889753
"Uninformative_bk_Vieira (2019)","Uninformative_bk","M_Vieira(1988-2018)",1894.4348179008
"Uninformative_bk_Vieira (2019)","Uninformative_bk","M_Vieira(1988-2018)",5030.09133805786
"Uninformative_bk_Vieira (2019)","Uninformative_bk","M_Vieira(1988-2018)",1874.87722999968
"Uninformative_bk_Vieira (2019)","Uninformative_bk","M_Vieira(1988-2018)",1971.6255451683
"Uninformative_bk_Vieira (2019)","Uninformative_bk","M_Vieira(1988-2018)",2005.94844254354
"Uninformative_bk_Vieira (2019)","Uninformative_bk","M_Vieira(1988-2018)",3311.11384388796
"Uninformative_bk_Vieira (2019)","Uninformative_bk","M_Vieira(1988-2018)",2334.29073992726
"Uninformative_bk_Vieira (2019)","Uninformative_bk","M_Vieira(1988-2018)",1955.43943090522
"Uninformative_bk_Vieira (2019)","Uninformative_bk","M_Vieira(1988-2018)",2148.32807357918
"Uninformative_bk_Vieira (2019)","Uninformative_bk","M_Vieira(1988-2018)",1713.52202711356
"Uninformative_bk_Vieira (2019)","Uninformative_bk","M_Vieira(1988-2018)",1987.74748471442
"Uninformative_bk_Vieira (2019)","Uninformative_bk","M_Vieira(1988-2018)",2011.34370040497
"Uninformative_bk_Vieira (2019)","Uninformative_bk","M_Vieira(1988-2018)",1911.41462535721
"Uninformative_bk_Vieira (2019)","Uninformative_bk","M_Vieira(1988-2018)",1931.94465015932
"Uninformative_bk_Vieira (2019)","Uninformative_bk","M_Vieira(1988-2018)",1940.0612923949
"Uninformative_bk_Vieira (2019)","Uninformative_bk","M_Vieira(1988-2018)",2111.2572607558
"Uninformative_bk_Vieira (2019)","Uninformative_bk","M_Vieira(1988-2018)",1928.21565970396
"Uninformative_bk_Vieira (2019)","Uninformative_bk","M_Vieira(1988-2018)",1945.50658476497
"Uninformative_bk_Vieira (2019)","Uninformative_bk","M_Vieira(1988-2018)",2015.31132390189
"Uninformative_bk_Vieira (2019)","Uninformative_bk","M_Vieira(1988-2018)",1934.7477502439
"Uninformative_bk_Vieira (2019)","Uninformative_bk","M_Vieira(1988-2018)",2434.22274201915
"Uninformative_bk_Vieira (2019)","Uninformative_bk","M_Vieira(1988-2018)",1965.37819189233
"Uninformative_bk_Vieira (2019)","Uninformative_bk","M_Vieira(1988-2018)",1957.98053863507
"Uninformative_bk_Vieira (2019)","Uninformative_bk","M_Vieira(1988-2018)",2233.15167917607
"Uninformative_bk_Vieira (2019)","Uninformative_bk","M_Vieira(1988-2018)",6306.88572598887
"Uninformative_bk_Vieira (2019)","Uninformative_bk","M_Vieira(1988-2018)",1943.37215022428
"Uninformative_bk_Vieira (2019)","Uninformative_bk","M_Vieira(1988-2018)",1931.3750208888
"Uninformative_bk_Vieira (2019)","Uninformative_bk","M_Vieira(1988-2018)",1974.21984154182
"Uninformative_bk_Vieira (2019)","Uninformative_bk","M_Vieira(1988-2018)",2019.08084235544
"Uninformative_bk_Vieira (2019)","Uninformative_bk","M_Vieira(1988-2018)",2983.97610208144
"Uninformative_bk_Vieira (2019)","Uninformative_bk","M_Vieira(1988-2018)",1954.13209356169
"Uninformative_bk_Vieira (2019)","Uninformative_bk","M_Vieira(1988-2018)",1881.64784271909
"Uninformative_bk_Vieira (2019)","Uninformative_bk","M_Vieira(1988-2018)",1955.77090319305
"Uninformative_bk_Vieira (2019)","Uninformative_bk","M_Vieira(1988-2018)",1972.78305264708
"Uninformative_bk_Vieira (2019)","Uninformative_bk","M_Vieira(1988-2018)",2339.68408455901
"Uninformative_bk_Vieira (2019)","Uninformative_bk","M_Vieira(1988-2018)",2706.6543685709
"Uninformative_bk_Vieira (2019)","Uninformative_bk","M_Vieira(1988-2018)",2330.36208044638
"Uninformative_bk_Vieira (2019)","Uninformative_bk","M_Vieira(1988-2018)",2197.72004912609
"Uninformative_bk_Vieira (2019)","Uninformative_bk","M_Vieira(1988-2018)",1953.24042364777
"Uninformative_bk_Vieira (2019)","Uninformative_bk","M_Vieira(1988-2018)",1913.85239944362
"Uninformative_bk_Vieira (2019)","Uninformative_bk","M_Vieira(1988-2018)",1934.53520425928
"Uninformative_bk_Vieira (2019)","Uninformative_bk","M_Vieira(1988-2018)",1904.94005272364
"Uninformative_bk_Vieira (2019)","Uninformative_bk","M_Vieira(1988-2018)",1863.7370393388
"Uninformative_bk_Vieira (2019)","Uninformative_bk","M_Vieira(1988-2018)",1870.75577977326
"Uninformative_bk_Vieira (2019)","Uninformative_bk","M_Vieira(1988-2018)",5211.61251023123
"Uninformative_bk_Vieira (2019)","Uninformative_bk","M_Vieira(1988-2018)",1777.59283942191
"Uninformative_bk_Vieira (2019)","Uninformative_bk","M_Vieira(1988-2018)",1824.32727342856
"Uninformative_bk_Vieira (2019)","Uninformative_bk","M_Vieira(1988-2018)",1954.06907683719
"Uninformative_bk_Vieira (2019)","Uninformative_bk","M_Vieira(1988-2018)",1950.75196794844
"Uninformative_bk_Vieira (2019)","Uninformative_bk","M_Vieira(1988-2018)",1896.20255456868
"Uninformative_bk_Vieira (2019)","Uninformative_bk","M_Vieira(1988-2018)",1781.73975740902
"Uninformative_bk_Vieira (2019)","Uninformative_bk","M_Vieira(1988-2018)",1944.03583646197
"Uninformative_bk_Vieira (2019)","Uninformative_bk","M_Vieira(1988-2018)",1944.12627274822
"Uninformative_bk_Vieira (2019)","Uninformative_bk","M_Vieira(1988-2018)",1901.47556642212
"Uninformative_bk_Vieira (2019)","Uninformative_bk","M_Vieira(1988-2018)",1963.08765141548
"Uninformative_bk_Vieira (2019)","Uninformative_bk","M_Vieira(1988-2018)",1784.32041280606
"Uninformative_bk_Vieira (2019)","Uninformative_bk","M_Vieira(1988-2018)",2109.32356553464
"Uninformative_bk_Vieira (2019)","Uninformative_bk","M_Vieira(1988-2018)",1957.53105166245
"Uninformative_bk_Vieira (2019)","Uninformative_bk","M_Vieira(1988-2018)",1839.74077783613
"Uninformative_bk_Vieira (2019)","Uninformative_bk","M_Vieira(1988-2018)",1729.6118603359
"Uninformative_bk_Vieira (2019)","Uninformative_bk","M_Vieira(1988-2018)",2000.28907502019
"Uninformative_bk_Vieira (2019)","Uninformative_bk","M_Vieira(1988-2018)",1840.85489689937
"Uninformative_bk_Vieira (2019)","Uninformative_bk","M_Vieira(1988-2018)",1847.88429448675
"Uninformative_bk_Vieira (2019)","Uninformative_bk","M_Vieira(1988-2018)",1915.9851542493
"Uninformative_bk_Vieira (2019)","Uninformative_bk","M_Vieira(1988-2018)",3289.97121203356
"Uninformative_bk_Vieira (2019)","Uninformative_bk","M_Vieira(1988-2018)",1834.23072273341
"Uninformative_bk_Vieira (2019)","Uninformative_bk","M_Vieira(1988-2018)",2531.83127974824
"Uninformative_bk_Vieira (2019)","Uninformative_bk","M_Vieira(1988-2018)",1810.99201538314
"Uninformative_bk_Vieira (2019)","Uninformative_bk","M_Vieira(1988-2018)",1936.92599377216
"Uninformative_bk_Vieira (2019)","Uninformative_bk","M_Vieira(1988-2018)",2491.49744958851
"Uninformative_bk_Vieira (2019)","Uninformative_bk","M_Vieira(1988-2018)",1971.66162245004
"Uninformative_bk_Vieira (2019)","Uninformative_bk","M_Vieira(1988-2018)",2694.37522124633
"Uninformative_bk_Vieira (2019)","Uninformative_bk","M_Vieira(1988-2018)",1954.26030775409
"Uninformative_bk_Vieira (2019)","Uninformative_bk","M_Vieira(1988-2018)",2261.48966750053
"Uninformative_bk_Vieira (2019)","Uninformative_bk","M_Vieira(1988-2018)",2162.35730495801
"Uninformative_bk_Vieira (2019)","Uninformative_bk","M_Vieira(1988-2018)",2049.92944344205
"Uninformative_bk_Vieira (2019)","Uninformative_bk","M_Vieira(1988-2018)",1956.13960255412
"Uninformative_bk_Vieira (2019)","Uninformative_bk","M_Vieira(1988-2018)",3275.01531123249
"Uninformative_bk_Vieira (2019)","Uninformative_bk","M_Vieira(1988-2018)",2463.04215548521
"Uninformative_bk_Vieira (2019)","Uninformative_bk","M_Vieira(1988-2018)",2091.63743980284
"Uninformative_bk_Vieira (2019)","Uninformative_bk","M_Vieira(1988-2018)",1868.18832522997
"Uninformative_bk_Vieira (2019)","Uninformative_bk","M_Vieira(1988-2018)",1899.12617268117
"Uninformative_bk_Vieira (2019)","Uninformative_bk","M_Vieira(1988-2018)",3627.81866428183
"Uninformative_bk_Vieira (2019)","Uninformative_bk","M_Vieira(1988-2018)",1774.42170442327
"Uninformative_bk_Vieira (2019)","Uninformative_bk","M_Vieira(1988-2018)",1604.93683827085
"Uninformative_bk_Vieira (2019)","Uninformative_bk","M_Vieira(1988-2018)",1906.32230932292
"Uninformative_bk_Vieira (2019)","Uninformative_bk","M_Vieira(1988-2018)",1925.08038786447
"Uninformative_bk_Vieira (2019)","Uninformative_bk","M_Vieira(1988-2018)",1960.87992810778
"Uninformative_bk_Vieira (2019)","Uninformative_bk","M_Vieira(1988-2018)",2063.12418404544
"Uninformative_bk_Vieira (2019)","Uninformative_bk","M_Vieira(1988-2018)",4390.20185931156
"Uninformative_bk_Vieira (2019)","Uninformative_bk","M_Vieira(1988-2018)",6174.50658036611
"Uninformative_bk_Vieira (2019)","Uninformative_bk","M_Vieira(1988-2018)",2983.55961607
"Uninformative_bk_Vieira (2019)","Uninformative_bk","M_Vieira(1988-2018)",1939.31345891379
"Uninformative_bk_Vieira (2019)","Uninformative_bk","M_Vieira(1988-2018)",1963.37449910861
"Uninformative_bk_Vieira (2019)","Uninformative_bk","M_Vieira(1988-2018)",1907.06689736453
"Uninformative_bk_Vieira (2019)","Uninformative_bk","M_Vieira(1988-2018)",1911.86229311118
"Uninformative_bk_Vieira (2019)","Uninformative_bk","M_Vieira(1988-2018)",1892.30694039802
"Uninformative_bk_Vieira (2019)","Uninformative_bk","M_Vieira(1988-2018)",1944.0700675059
"Uninformative_bk_Vieira (2019)","Uninformative_bk","M_Vieira(1988-2018)",2108.47913342271
"Uninformative_bk_Vieira (2019)","Uninformative_bk","M_Vieira(1988-2018)",4445.02511704722
"Uninformative_bk_Vieira (2019)","Uninformative_bk","M_Vieira(1988-2018)",1918.382220526
"Uninformative_bk_Vieira (2019)","Uninformative_bk","M_Vieira(1988-2018)",1960.45802202522
"Uninformative_bk_Vieira (2019)","Uninformative_bk","M_Vieira(1988-2018)",2246.92057529667
"Uninformative_bk_Vieira (2019)","Uninformative_bk","M_Vieira(1988-2018)",2687.80588522598
"Uninformative_bk_Vieira (2019)","Uninformative_bk","M_Vieira(1988-2018)",2297.08218559881
"Uninformative_bk_Vieira (2019)","Uninformative_bk","M_Vieira(1988-2018)",1908.36299112
"Uninformative_bk_Vieira (2019)","Uninformative_bk","M_Vieira(1988-2018)",1985.87122269242
"Uninformative_bk_Vieira (2019)","Uninformative_bk","M_Vieira(1988-2018)",2109.1091120333
"Uninformative_bk_Vieira (2019)","Uninformative_bk","M_Vieira(1988-2018)",1813.12767842743
"Uninformative_bk_Vieira (2019)","Uninformative_bk","M_Vieira(1988-2018)",1838.22547496269
"Uninformative_bk_Vieira (2019)","Uninformative_bk","M_Vieira(1988-2018)",1896.03141819806
"Uninformative_bk_Vieira (2019)","Uninformative_bk","M_Vieira(1988-2018)",2260.94655902636
"Uninformative_bk_Vieira (2019)","Uninformative_bk","M_Vieira(1988-2018)",1890.13174422134
"Uninformative_bk_Vieira (2019)","Uninformative_bk","M_Vieira(1988-2018)",1974.78603321436
"Uninformative_bk_Vieira (2019)","Uninformative_bk","M_Vieira(1988-2018)",1848.88569642166
"Uninformative_bk_Vieira (2019)","Uninformative_bk","M_Vieira(1988-2018)",1953.75046361716
"Uninformative_bk_Vieira (2019)","Uninformative_bk","M_Vieira(1988-2018)",2065.29969740953
"Uninformative_bk_Vieira (2019)","Uninformative_bk","M_Vieira(1988-2018)",2020.22100082466
"Uninformative_bk_Vieira (2019)","Uninformative_bk","M_Vieira(1988-2018)",1732.62233842232
"Uninformative_bk_Vieira (2019)","Uninformative_bk","M_Vieira(1988-2018)",2007.71688984541
"Uninformative_bk_Vieira (2019)","Uninformative_bk","M_Vieira(1988-2018)",1897.94680246486
"Uninformative_bk_Vieira (2019)","Uninformative_bk","M_Vieira(1988-2018)",2403.02057884125
"Uninformative_bk_Vieira (2019)","Uninformative_bk","M_Vieira(1988-2018)",1925.83016300728
"Uninformative_bk_Vieira (2019)","Uninformative_bk","M_Vieira(1988-2018)",1943.2790702027
"Uninformative_bk_Vieira (2019)","Uninformative_bk","M_Vieira(1988-2018)",2010.56521834593
"Uninformative_bk_Vieira (2019)","Uninformative_bk","M_Vieira(1988-2018)",1899.43808153512
"Uninformative_bk_Vieira (2019)","Uninformative_bk","M_Vieira(1988-2018)",1975.5754635992
"Uninformative_bk_Vieira (2019)","Uninformative_bk","M_Vieira(1988-2018)",1991.48302965815
"Uninformative_bk_Vieira (2019)","Uninformative_bk","M_Vieira(1988-2018)",1941.84999015231
"Uninformative_bk_Vieira (2019)","Uninformative_bk","M_Vieira(1988-2018)",1921.5868939835
"Uninformative_bk_Vieira (2019)","Uninformative_bk","M_Vieira(1988-2018)",1904.25782705989
"Uninformative_bk_Vieira (2019)","Uninformative_bk","M_Vieira(1988-2018)",2086.18658016237
"Uninformative_bk_Vieira (2019)","Uninformative_bk","M_Vieira(1988-2018)",1966.71596846821
"Uninformative_bk_Vieira (2019)","Uninformative_bk","M_Vieira(1988-2018)",1925.98481931686
"Uninformative_bk_Vieira (2019)","Uninformative_bk","M_Vieira(1988-2018)",1860.35225862808
"Uninformative_bk_Vieira (2019)","Uninformative_bk","M_Vieira(1988-2018)",1879.46076295459
"Uninformative_bk_Vieira (2019)","Uninformative_bk","M_Vieira(1988-2018)",1922.13475472207
"Uninformative_bk_Vieira (2019)","Uninformative_bk","M_Vieira(1988-2018)",1971.44545439593
"Uninformative_bk_Vieira (2019)","Uninformative_bk","M_Vieira(1988-2018)",1920.21559728403
"Uninformative_bk_Vieira (2019)","Uninformative_bk","M_Vieira(1988-2018)",2254.61927298292
"Uninformative_bk_Vieira (2019)","Uninformative_bk","M_Vieira(1988-2018)",2838.41001005861
"Uninformative_bk_Vieira (2019)","Uninformative_bk","M_Vieira(1988-2018)",2008.44801880971
"Uninformative_bk_Vieira (2019)","Uninformative_bk","M_Vieira(1988-2018)",5419.50203946114
"Uninformative_bk_Vieira (2019)","Uninformative_bk","M_Vieira(1988-2018)",1905.5584384837
"Uninformative_bk_Vieira (2019)","Uninformative_bk","M_Vieira(1988-2018)",2159.36408296554
"Uninformative_bk_Vieira (2019)","Uninformative_bk","M_Vieira(1988-2018)",1770.98647542147
"Uninformative_bk_Vieira (2019)","Uninformative_bk","M_Vieira(1988-2018)",1910.6709377087
"Uninformative_bk_Vieira (2019)","Uninformative_bk","M_Vieira(1988-2018)",1810.83428096196
"Uninformative_bk_Vieira (2019)","Uninformative_bk","M_Vieira(1988-2018)",1830.45567402041
"Uninformative_bk_Vieira (2019)","Uninformative_bk","M_Vieira(1988-2018)",3939.71436861244
"Uninformative_bk_Vieira (2019)","Uninformative_bk","M_Vieira(1988-2018)",1882.53198148546
"Uninformative_bk_Vieira (2019)","Uninformative_bk","M_Vieira(1988-2018)",1924.30274683128
"Uninformative_bk_Vieira (2019)","Uninformative_bk","M_Vieira(1988-2018)",1938.81997953438
"Uninformative_bk_Vieira (2019)","Uninformative_bk","M_Vieira(1988-2018)",1873.89544201115
"Uninformative_bk_Vieira (2019)","Uninformative_bk","M_Vieira(1988-2018)",2043.43255120613
"Uninformative_bk_Vieira (2019)","Uninformative_bk","M_Vieira(1988-2018)",1909.38784599208
"Uninformative_bk_Vieira (2019)","Uninformative_bk","M_Vieira(1988-2018)",2302.85261568979
"Uninformative_bk_Vieira (2019)","Uninformative_bk","M_Vieira(1988-2018)",2559.15835945265
"Uninformative_bk_Vieira (2019)","Uninformative_bk","M_Vieira(1988-2018)",2339.08517508433
"Uninformative_bk_Vieira (2019)","Uninformative_bk","M_Vieira(1988-2018)",1959.30110459777
"Uninformative_bk_Vieira (2019)","Uninformative_bk","M_Vieira(1988-2018)",1968.60079638273
"Uninformative_bk_Vieira (2019)","Uninformative_bk","M_Vieira(1988-2018)",1941.96552015393
"Uninformative_bk_Vieira (2019)","Uninformative_bk","M_Vieira(1988-2018)",1986.49298535207
"Uninformative_bk_Vieira (2019)","Uninformative_bk","M_Vieira(1988-2018)",1932.57574665545
"Uninformative_bk_Vieira (2019)","Uninformative_bk","M_Vieira(1988-2018)",1984.84474278945
"Uninformative_bk_Vieira (2019)","Uninformative_bk","M_Vieira(1988-2018)",1996.81064796248
"Uninformative_bk_Vieira (2019)","Uninformative_bk","M_Vieira(1988-2018)",2006.90577764245
"Uninformative_bk_Vieira (2019)","Uninformative_bk","M_Vieira(1988-2018)",1898.95431200524
"Uninformative_bk_Vieira (2019)","Uninformative_bk","M_Vieira(1988-2018)",2276.96589587069
"Uninformative_bk_Vieira (2019)","Uninformative_bk","M_Vieira(1988-2018)",2000.15916357803
"Uninformative_bk_Vieira (2019)","Uninformative_bk","M_Vieira(1988-2018)",2417.64185177825
"Uninformative_bk_Vieira (2019)","Uninformative_bk","M_Vieira(1988-2018)",1907.16707605554
"Uninformative_bk_Vieira (2019)","Uninformative_bk","M_Vieira(1988-2018)",2682.83557421591
"Uninformative_bk_Vieira (2019)","Uninformative_bk","M_Vieira(1988-2018)",1919.94436518637
"Uninformative_bk_Vieira (2019)","Uninformative_bk","M_Vieira(1988-2018)",1955.70210834956
"Uninformative_bk_Vieira (2019)","Uninformative_bk","M_Vieira(1988-2018)",2137.4266667172
"Uninformative_bk_Vieira (2019)","Uninformative_bk","M_Vieira(1988-2018)",2005.25502789868
"Uninformative_bk_Vieira (2019)","Uninformative_bk","M_Vieira(1988-2018)",1861.87251204677
"Uninformative_bk_Vieira (2019)","Uninformative_bk","M_Vieira(1988-2018)",2070.04142902149
"Uninformative_bk_Vieira (2019)","Uninformative_bk","M_Vieira(1988-2018)",1973.2858142525
"Uninformative_bk_Vieira (2019)","Uninformative_bk","M_Vieira(1988-2018)",2597.36584069684
"Uninformative_bk_Vieira (2019)","Uninformative_bk","M_Vieira(1988-2018)",1969.99781611195
"Uninformative_bk_Vieira (2019)","Uninformative_bk","M_Vieira(1988-2018)",1926.15707063
"Uninformative_bk_Vieira (2019)","Uninformative_bk","M_Vieira(1988-2018)",2200.01208808271
"Uninformative_bk_Vieira (2019)","Uninformative_bk","M_Vieira(1988-2018)",2458.90088754399
"Uninformative_bk_Vieira (2019)","Uninformative_bk","M_Vieira(1988-2018)",1919.05664765162
"Uninformative_bk_Vieira (2019)","Uninformative_bk","M_Vieira(1988-2018)",1913.85334328351
"Uninformative_bk_Vieira (2019)","Uninformative_bk","M_Vieira(1988-2018)",2255.69242991299
"Uninformative_bk_Vieira (2019)","Uninformative_bk","M_Vieira(1988-2018)",1901.79275278208
"Uninformative_bk_Vieira (2019)","Uninformative_bk","M_Vieira(1988-2018)",3702.50972816084
"Uninformative_bk_Vieira (2019)","Uninformative_bk","M_Vieira(1988-2018)",1932.44607301741
"Uninformative_bk_Vieira (2019)","Uninformative_bk","M_Vieira(1988-2018)",2027.04611441486
"Uninformative_bk_Vieira (2019)","Uninformative_bk","M_Vieira(1988-2018)",6289.40949750122
"Uninformative_bk_Vieira (2019)","Uninformative_bk","M_Vieira(1988-2018)",2328.25161027533
"Uninformative_bk_Vieira (2019)","Uninformative_bk","M_Vieira(1988-2018)",1920.48277335876
"Uninformative_bk_Vieira (2019)","Uninformative_bk","M_Vieira(1988-2018)",1678.21299356695
"Uninformative_bk_Vieira (2019)","Uninformative_bk","M_Vieira(1988-2018)",2143.4070392671
"Uninformative_bk_Vieira (2019)","Uninformative_bk","M_Vieira(1988-2018)",2786.77158522019
"Uninformative_bk_Vieira (2019)","Uninformative_bk","M_Vieira(1988-2018)",1897.48728343749
"Uninformative_bk_Vieira (2019)","Uninformative_bk","M_Vieira(1988-2018)",2795.50578452037
"Uninformative_bk_Vieira (2019)","Uninformative_bk","M_Vieira(1988-2018)",2113.61723665994
"Uninformative_bk_Vieira (2019)","Uninformative_bk","M_Vieira(1988-2018)",1867.4142540468
"Uninformative_bk_Vieira (2019)","Uninformative_bk","M_Vieira(1988-2018)",1828.51717927466
"Uninformative_bk_Vieira (2019)","Uninformative_bk","M_Vieira(1988-2018)",1948.93634586711
"Uninformative_bk_Vieira (2019)","Uninformative_bk","M_Vieira(1988-2018)",1965.17902513192
"Uninformative_bk_Vieira (2019)","Uninformative_bk","M_Vieira(1988-2018)",2038.67943335164
"Uninformative_bk_Vieira (2019)","Uninformative_bk","M_Vieira(1988-2018)",1798.92752872179
"Uninformative_bk_Vieira (2019)","Uninformative_bk","M_Vieira(1988-2018)",1934.09869084617
"Uninformative_bk_Vieira (2019)","Uninformative_bk","M_Vieira(1988-2018)",2129.11219009734
"Uninformative_bk_Vieira (2019)","Uninformative_bk","M_Vieira(1988-2018)",1866.64550262895
"Uninformative_bk_Vieira (2019)","Uninformative_bk","M_Vieira(1988-2018)",1913.9317608431
"Uninformative_bk_Vieira (2019)","Uninformative_bk","M_Vieira(1988-2018)",1869.52939703043
"Uninformative_bk_Vieira (2019)","Uninformative_bk","M_Vieira(1988-2018)",1825.15099860002
"Uninformative_bk_Vieira (2019)","Uninformative_bk","M_Vieira(1988-2018)",1930.92835289235
"Uninformative_bk_Vieira (2019)","Uninformative_bk","M_Vieira(1988-2018)",1800.90581238119
"Uninformative_bk_Vieira (2019)","Uninformative_bk","M_Vieira(1988-2018)",2037.63383560105
"Uninformative_bk_Vieira (2019)","Uninformative_bk","M_Vieira(1988-2018)",1977.67150884545
"Uninformative_bk_Vieira (2019)","Uninformative_bk","M_Vieira(1988-2018)",2764.03862500703
"Uninformative_bk_Vieira (2019)","Uninformative_bk","M_Vieira(1988-2018)",2303.75792542308
"Uninformative_bk_Vieira (2019)","Uninformative_bk","M_Vieira(1988-2018)",2057.33177375401
"Uninformative_bk_Vieira (2019)","Uninformative_bk","M_Vieira(1988-2018)",1558.0746704683
"Uninformative_bk_Vieira (2019)","Uninformative_bk","M_Vieira(1988-2018)",1925.76011672183
"Uninformative_bk_Vieira (2019)","Uninformative_bk","M_Vieira(1988-2018)",1920.73683517016
"Uninformative_bk_Vieira (2019)","Uninformative_bk","M_Vieira(1988-2018)",2059.88810048472
"Uninformative_bk_Vieira (2019)","Uninformative_bk","M_Vieira(1988-2018)",2007.83031286204
"Uninformative_bk_Vieira (2019)","Uninformative_bk","M_Vieira(1988-2018)",1883.61968963599
"Uninformative_bk_Vieira (2019)","Uninformative_bk","M_Vieira(1988-2018)",2018.67497297486
"Uninformative_bk_Vieira (2019)","Uninformative_bk","M_Vieira(1988-2018)",1882.99747613543
"Uninformative_bk_Vieira (2019)","Uninformative_bk","M_Vieira(1988-2018)",3776.6723563493
"Uninformative_bk_Vieira (2019)","Uninformative_bk","M_Vieira(1988-2018)",1862.46157010539
"Uninformative_bk_Vieira (2019)","Uninformative_bk","M_Vieira(1988-2018)",1935.05028530575
"Uninformative_bk_Vieira (2019)","Uninformative_bk","M_Vieira(1988-2018)",1970.40474431008
"Uninformative_bk_Vieira (2019)","Uninformative_bk","M_Vieira(1988-2018)",1959.17370030541
"Uninformative_bk_Vieira (2019)","Uninformative_bk","M_Vieira(1988-2018)",1831.3652998015
"Uninformative_bk_Vieira (2019)","Uninformative_bk","M_Vieira(1988-2018)",1827.25011358155
"Uninformative_bk_Vieira (2019)","Uninformative_bk","M_Vieira(1988-2018)",1934.30641905871
"Uninformative_bk_Vieira (2019)","Uninformative_bk","M_Vieira(1988-2018)",1931.75158979667
"Uninformative_bk_Vieira (2019)","Uninformative_bk","M_Vieira(1988-2018)",1988.18028086744
"Uninformative_bk_Vieira (2019)","Uninformative_bk","M_Vieira(1988-2018)",1867.0217792156
"Uninformative_bk_Vieira (2019)","Uninformative_bk","M_Vieira(1988-2018)",2413.09780197692
"Uninformative_bk_Vieira (2019)","Uninformative_bk","M_Vieira(1988-2018)",1956.21424471707
"Uninformative_bk_Vieira (2019)","Uninformative_bk","M_Vieira(1988-2018)",1957.95805429988
"Uninformative_bk_Vieira (2019)","Uninformative_bk","M_Vieira(1988-2018)",1942.03703344493
"Uninformative_bk_Vieira (2019)","Uninformative_bk","M_Vieira(1988-2018)",1926.73512034508
"Uninformative_bk_Vieira (2019)","Uninformative_bk","M_Vieira(1988-2018)",1881.11415798861
"Uninformative_bk_Vieira (2019)","Uninformative_bk","M_Vieira(1988-2018)",4011.35803149446
"Uninformative_bk_Vieira (2019)","Uninformative_bk","M_Vieira(1988-2018)",1883.07284956223
"Uninformative_bk_Vieira (2019)","Uninformative_bk","M_Vieira(1988-2018)",1931.37368011842
"Uninformative_bk_Vieira (2019)","Uninformative_bk","M_Vieira(1988-2018)",1901.32144641714
"Uninformative_bk_Vieira (2019)","Uninformative_bk","M_Vieira(1988-2018)",1778.75461480381
"Uninformative_bk_Vieira (2019)","Uninformative_bk","M_Vieira(1988-2018)",1807.45766489079
"Uninformative_bk_Vieira (2019)","Uninformative_bk","M_Vieira(1988-2018)",2957.19747736447
"Uninformative_bk_Vieira (2019)","Uninformative_bk","M_Vieira(1988-2018)",2061.21324540654
"Uninformative_bk_Vieira (2019)","Uninformative_bk","M_Vieira(1988-2018)",1919.00694591268
"Uninformative_bk_Vieira (2019)","Uninformative_bk","M_Vieira(1988-2018)",1894.28407031479
"Uninformative_bk_Vieira (2019)","Uninformative_bk","M_Vieira(1988-2018)",1860.44000656348
"Uninformative_bk_Vieira (2019)","Uninformative_bk","M_Vieira(1988-2018)",1916.449368041
"Uninformative_bk_Vieira (2019)","Uninformative_bk","M_Vieira(1988-2018)",1947.40499991416
"Uninformative_bk_Vieira (2019)","Uninformative_bk","M_Vieira(1988-2018)",6866.06852364202
"Uninformative_bk_Vieira (2019)","Uninformative_bk","M_Vieira(1988-2018)",1983.46843340039
"Uninformative_bk_Vieira (2019)","Uninformative_bk","M_Vieira(1988-2018)",1976.37403466333
"Uninformative_bk_Vieira (2019)","Uninformative_bk","M_Vieira(1988-2018)",1848.29166500847
"Uninformative_bk_Vieira (2019)","Uninformative_bk","M_Vieira(1988-2018)",1801.24498223403
"Uninformative_bk_Vieira (2019)","Uninformative_bk","M_Vieira(1988-2018)",2195.08971441488
"Uninformative_bk_Vieira (2019)","Uninformative_bk","M_Vieira(1988-2018)",1831.69244119471
"Uninformative_bk_Vieira (2019)","Uninformative_bk","M_Vieira(1988-2018)",4837.4037760468
"Uninformative_bk_Vieira (2019)","Uninformative_bk","M_Vieira(1988-2018)",1865.61523131431
"Uninformative_bk_Vieira (2019)","Uninformative_bk","M_Vieira(1988-2018)",6474.2281506864
"Uninformative_bk_Vieira (2019)","Uninformative_bk","M_Vieira(1988-2018)",1854.46868841022
"Uninformative_bk_Vieira (2019)","Uninformative_bk","M_Vieira(1988-2018)",1879.07392952782
"Uninformative_bk_Vieira (2019)","Uninformative_bk","M_Vieira(1988-2018)",1837.12049780774
"Uninformative_bk_Vieira (2019)","Uninformative_bk","M_Vieira(1988-2018)",2117.59124126447
"Uninformative_bk_Vieira (2019)","Uninformative_bk","M_Vieira(1988-2018)",2048.25576403712
"Uninformative_bk_Vieira (2019)","Uninformative_bk","M_Vieira(1988-2018)",2671.6095031113
"Uninformative_bk_Vieira (2019)","Uninformative_bk","M_Vieira(1988-2018)",2143.81480889194
"Uninformative_bk_Vieira (2019)","Uninformative_bk","M_Vieira(1988-2018)",1769.45605259257
"Uninformative_bk_Vieira (2019)","Uninformative_bk","M_Vieira(1988-2018)",2016.82587397171
"Uninformative_bk_Vieira (2019)","Uninformative_bk","M_Vieira(1988-2018)",1939.28436419905
"Uninformative_bk_Vieira (2019)","Uninformative_bk","M_Vieira(1988-2018)",2160.48130722779
"Uninformative_bk_Vieira (2019)","Uninformative_bk","M_Vieira(1988-2018)",1996.85190145455
"Uninformative_bk_Vieira (2019)","Uninformative_bk","M_Vieira(1988-2018)",1909.24193122328
"Uninformative_bk_Vieira (2019)","Uninformative_bk","M_Vieira(1988-2018)",1878.56396387033
"Uninformative_bk_Vieira (2019)","Uninformative_bk","M_Vieira(1988-2018)",2106.07421408319
"Uninformative_bk_Vieira (2019)","Uninformative_bk","M_Vieira(1988-2018)",1875.94767606957
"Uninformative_bk_Vieira (2019)","Uninformative_bk","M_Vieira(1988-2018)",1930.99760419188
"Uninformative_bk_Vieira (2019)","Uninformative_bk","M_Vieira(1988-2018)",1843.66828405921
"Uninformative_bk_Vieira (2019)","Uninformative_bk","M_Vieira(1988-2018)",1970.63969833198
"Uninformative_bk_Vieira (2019)","Uninformative_bk","M_Vieira(1988-2018)",1915.34770328461
"Uninformative_bk_Vieira (2019)","Uninformative_bk","M_Vieira(1988-2018)",1947.0118043725
"Uninformative_bk_Vieira (2019)","Uninformative_bk","M_Vieira(1988-2018)",1833.25099569821
"Uninformative_bk_Vieira (2019)","Uninformative_bk","M_Vieira(1988-2018)",5259.29609386602
"Uninformative_bk_Vieira (2019)","Uninformative_bk","M_Vieira(1988-2018)",2302.89581461544
"Uninformative_bk_Vieira (2019)","Uninformative_bk","M_Vieira(1988-2018)",1964.28150999712
"Uninformative_bk_Vieira (2019)","Uninformative_bk","M_Vieira(1988-2018)",2717.47826114132
"Uninformative_bk_Vieira (2019)","Uninformative_bk","M_Vieira(1988-2018)",1968.67747547565
"Uninformative_bk_Vieira (2019)","Uninformative_bk","M_Vieira(1988-2018)",1903.2716227815
"Uninformative_bk_Vieira (2019)","Uninformative_bk","M_Vieira(1988-2018)",1857.19580024759
"Uninformative_bk_Vieira (2019)","Uninformative_bk","M_Vieira(1988-2018)",1891.32462173852
"Uninformative_bk_Vieira (2019)","Uninformative_bk","M_Vieira(1988-2018)",1918.72716147808
"Uninformative_bk_Vieira (2019)","Uninformative_bk","M_Vieira(1988-2018)",2026.96958834078
"Uninformative_bk_Vieira (2019)","Uninformative_bk","M_Vieira(1988-2018)",1767.33637494879
"Uninformative_bk_Vieira (2019)","Uninformative_bk","M_Vieira(1988-2018)",1899.66593550735
"Uninformative_bk_Vieira (2019)","Uninformative_bk","M_Vieira(1988-2018)",1859.5878797775
"Uninformative_bk_Vieira (2019)","Uninformative_bk","M_Vieira(1988-2018)",1762.01620188276
"Uninformative_bk_Vieira (2019)","Uninformative_bk","M_Vieira(1988-2018)",1914.5574385816
"Uninformative_bk_Vieira (2019)","Uninformative_bk","M_Vieira(1988-2018)",1950.81573998813
"Uninformative_bk_Vieira (2019)","Uninformative_bk","M_Vieira(1988-2018)",1924.37294512018
"Uninformative_bk_Vieira (2019)","Uninformative_bk","M_Vieira(1988-2018)",1884.14535417725
"Uninformative_bk_Vieira (2019)","Uninformative_bk","M_Vieira(1988-2018)",1771.55198026922
"Uninformative_bk_Vieira (2019)","Uninformative_bk","M_Vieira(1988-2018)",1869.15052837945
"Uninformative_bk_Vieira (2019)","Uninformative_bk","M_Vieira(1988-2018)",1950.49699215973
"Uninformative_bk_Vieira (2019)","Uninformative_bk","M_Vieira(1988-2018)",1900.08412689378
"Uninformative_bk_Vieira (2019)","Uninformative_bk","M_Vieira(1988-2018)",1839.3918731438
"Uninformative_bk_Vieira (2019)","Uninformative_bk","M_Vieira(1988-2018)",1958.43289697898
"Uninformative_bk_Vieira (2019)","Uninformative_bk","M_Vieira(1988-2018)",1883.95909202582
"Uninformative_bk_Vieira (2019)","Uninformative_bk","M_Vieira(1988-2018)",1959.04689184082
"Uninformative_bk_Vieira (2019)","Uninformative_bk","M_Vieira(1988-2018)",1902.75077241211
"Uninformative_bk_Vieira (2019)","Uninformative_bk","M_Vieira(1988-2018)",3189.40676599163
"Uninformative_bk_Vieira (2019)","Uninformative_bk","M_Vieira(1988-2018)",3615.66594106472
"Uninformative_bk_Vieira (2019)","Uninformative_bk","M_Vieira(1988-2018)",1972.78276197041
"Uninformative_bk_Vieira (2019)","Uninformative_bk","M_Vieira(1988-2018)",2122.13681300874
"Uninformative_bk_Vieira (2019)","Uninformative_bk","M_Vieira(1988-2018)",5617.2968768906
"Uninformative_bk_Vieira (2019)","Uninformative_bk","M_Vieira(1988-2018)",2178.24653526519
"Uninformative_bk_Vieira (2019)","Uninformative_bk","M_Vieira(1988-2018)",1827.97263686696
"Uninformative_bk_Vieira (2019)","Uninformative_bk","M_Vieira(1988-2018)",1987.80187886455
"Uninformative_bk_Vieira (2019)","Uninformative_bk","M_Vieira(1988-2018)",1912.74071962669
"Uninformative_bk_Vieira (2019)","Uninformative_bk","M_Vieira(1988-2018)",1982.71542341978
"Uninformative_bk_Vieira (2019)","Uninformative_bk","M_Vieira(1988-2018)",1783.26644826591
"Uninformative_bk_Vieira (2019)","Uninformative_bk","M_Vieira(1988-2018)",2078.77341430407
"Uninformative_bk_Vieira (2019)","Uninformative_bk","M_Vieira(1988-2018)",1977.3455522456
"Uninformative_bk_Vieira (2019)","Uninformative_bk","M_Vieira(1988-2018)",7026.18205338321
"Uninformative_bk_Vieira (2019)","Uninformative_bk","M_Vieira(1988-2018)",1944.64395371463
"Uninformative_bk_Vieira (2019)","Uninformative_bk","M_Vieira(1988-2018)",5037.34731751766
"Uninformative_bk_Vieira (2019)","Uninformative_bk","M_Vieira(1988-2018)",3820.91674293518
"Uninformative_bk_Vieira (2019)","Uninformative_bk","M_Vieira(1988-2018)",2433.30875777293
"Uninformative_bk_Vieira (2019)","Uninformative_bk","M_Vieira(1988-2018)",2020.76816744377
"Uninformative_bk_Vieira (2019)","Uninformative_bk","M_Vieira(1988-2018)",1933.72033998847
"Uninformative_bk_Vieira (2019)","Uninformative_bk","M_Vieira(1988-2018)",1896.81579055417
"Uninformative_bk_Vieira (2019)","Uninformative_bk","M_Vieira(1988-2018)",2008.89461878338
"Uninformative_bk_Vieira (2019)","Uninformative_bk","M_Vieira(1988-2018)",2024.68770724535
"Uninformative_bk_Vieira (2019)","Uninformative_bk","M_Vieira(1988-2018)",1763.61991617089
"Uninformative_bk_Vieira (2019)","Uninformative_bk","M_Vieira(1988-2018)",1854.30215883266
"Uninformative_bk_Vieira (2019)","Uninformative_bk","M_Vieira(1988-2018)",1885.92931374866
"Uninformative_bk_Vieira (2019)","Uninformative_bk","M_Vieira(1988-2018)",2682.34391142814
"Uninformative_bk_Vieira (2019)","Uninformative_bk","M_Vieira(1988-2018)",1932.61954656491
"Uninformative_bk_Vieira (2019)","Uninformative_bk","M_Vieira(1988-2018)",2091.43990265283
"Uninformative_bk_Vieira (2019)","Uninformative_bk","M_Vieira(1988-2018)",1793.23102714343
"Uninformative_bk_Vieira (2019)","Uninformative_bk","M_Vieira(1988-2018)",1920.79548338019
"Uninformative_bk_Vieira (2019)","Uninformative_bk","M_Vieira(1988-2018)",1871.94428600491
"Uninformative_bk_Vieira (2019)","Uninformative_bk","M_Vieira(1988-2018)",1932.41960191075
"Uninformative_bk_Vieira (2019)","Uninformative_bk","M_Vieira(1988-2018)",1924.03739788013
"Uninformative_bk_Vieira (2019)","Uninformative_bk","M_Vieira(1988-2018)",1903.77547945286
"Uninformative_bk_Vieira (2019)","Uninformative_bk","M_Vieira(1988-2018)",1845.74145093552
"Uninformative_bk_Vieira (2019)","Uninformative_bk","M_Vieira(1988-2018)",1926.07419272299
"Uninformative_bk_Vieira (2019)","Uninformative_bk","M_Vieira(1988-2018)",2010.12098591186
"Uninformative_bk_Vieira (2019)","Uninformative_bk","M_Vieira(1988-2018)",1857.65828609029
"Uninformative_bk_Vieira (2019)","Uninformative_bk","M_Vieira(1988-2018)",1941.43790039295
"Uninformative_bk_Vieira (2019)","Uninformative_bk","M_Vieira(1988-2018)",1968.10747516467
"Uninformative_bk_Vieira (2019)","Uninformative_bk","M_Vieira(1988-2018)",2883.05152515863
"Uninformative_bk_Vieira (2019)","Uninformative_bk","M_Vieira(1988-2018)",1767.42451304356
"Uninformative_bk_Vieira (2019)","Uninformative_bk","M_Vieira(1988-2018)",2005.5678373627
"Uninformative_bk_Vieira (2019)","Uninformative_bk","M_Vieira(1988-2018)",2284.40326356689
"Uninformative_bk_Vieira (2019)","Uninformative_bk","M_Vieira(1988-2018)",1828.19732622263
"Uninformative_bk_Vieira (2019)","Uninformative_bk","M_Vieira(1988-2018)",1978.77454528176
"Uninformative_bk_Vieira (2019)","Uninformative_bk","M_Vieira(1988-2018)",1950.79882202038
"Uninformative_bk_Vieira (2019)","Uninformative_bk","M_Vieira(1988-2018)",1934.9771822049
"Uninformative_bk_Vieira (2019)","Uninformative_bk","M_Vieira(1988-2018)",1954.03260597084
"Uninformative_bk_Vieira (2019)","Uninformative_bk","M_Vieira(1988-2018)",1882.42648642365
"Uninformative_bk_Vieira (2019)","Uninformative_bk","M_Vieira(1988-2018)",1831.41633014169
"Uninformative_bk_Vieira (2019)","Uninformative_bk","M_Vieira(1988-2018)",2214.54167721088
"Uninformative_bk_Vieira (2019)","Uninformative_bk","M_Vieira(1988-2018)",1979.34890842108
"Uninformative_bk_Vieira (2019)","Uninformative_bk","M_Vieira(1988-2018)",1983.50978676719
"Uninformative_bk_Vieira (2019)","Uninformative_bk","M_Vieira(1988-2018)",1957.83587683531
"Uninformative_bk_Vieira (2019)","Uninformative_bk","M_Vieira(1988-2018)",1973.01488269201
"Uninformative_bk_Vieira (2019)","Uninformative_bk","M_Vieira(1988-2018)",1841.44154656222
"Uninformative_bk_Vieira (2019)","Uninformative_bk","M_Vieira(1988-2018)",1938.66129902384
"Uninformative_bk_Vieira (2019)","Uninformative_bk","M_Vieira(1988-2018)",2174.52908029367
"Uninformative_bk_Vieira (2019)","Uninformative_bk","M_Vieira(1988-2018)",1929.4936507702
"Uninformative_bk_Vieira (2019)","Uninformative_bk","M_Vieira(1988-2018)",2055.32323210619
"Uninformative_bk_Vieira (2019)","Uninformative_bk","M_Vieira(1988-2018)",2001.09252994908
"Uninformative_bk_Vieira (2019)","Uninformative_bk","M_Vieira(1988-2018)",1949.23555660403
"Uninformative_bk_Vieira (2019)","Uninformative_bk","M_Vieira(1988-2018)",2212.52852792379
"Uninformative_bk_Vieira (2019)","Uninformative_bk","M_Vieira(1988-2018)",1872.84046154926
"Uninformative_bk_Vieira (2019)","Uninformative_bk","M_Vieira(1988-2018)",5170.2139040731
"Uninformative_bk_Vieira (2019)","Uninformative_bk","M_Vieira(1988-2018)",5569.20326197334
"Uninformative_bk_Vieira (2019)","Uninformative_bk","M_Vieira(1988-2018)",2021.76457812624
"Uninformative_bk_Vieira (2019)","Uninformative_bk","M_Vieira(1988-2018)",1941.08081694506
"Uninformative_bk_Vieira (2019)","Uninformative_bk","M_Vieira(1988-2018)",1960.65287027847
"Uninformative_bk_Vieira (2019)","Uninformative_bk","M_Vieira(1988-2018)",1926.0366945185
"Uninformative_bk_Vieira (2019)","Uninformative_bk","M_Vieira(1988-2018)",2087.52352814818
"Uninformative_bk_Vieira (2019)","Uninformative_bk","M_Vieira(1988-2018)",1935.87055310796
"Uninformative_bk_Vieira (2019)","Uninformative_bk","M_Vieira(1988-2018)",1906.94478553177
"Uninformative_bk_Vieira (2019)","Uninformative_bk","M_Vieira(1988-2018)",1834.77723910124
"Uninformative_bk_Vieira (2019)","Uninformative_bk","M_Vieira(1988-2018)",1835.81578588238
"Uninformative_bk_Vieira (2019)","Uninformative_bk","M_Vieira(1988-2018)",1824.41043817462
"Uninformative_bk_Vieira (2019)","Uninformative_bk","M_Vieira(1988-2018)",2488.76850324102
"Uninformative_bk_Vieira (2019)","Uninformative_bk","M_Vieira(1988-2018)",1975.43450207401
"Uninformative_bk_Vieira (2019)","Uninformative_bk","M_Vieira(1988-2018)",1933.74330775958
"Uninformative_bk_Vieira (2019)","Uninformative_bk","M_Vieira(1988-2018)",1871.63871164852
"Uninformative_bk_Vieira (2019)","Uninformative_bk","M_Vieira(1988-2018)",1815.57474949003
"Uninformative_bk_Vieira (2019)","Uninformative_bk","M_Vieira(1988-2018)",2138.49334339688
"Uninformative_bk_Vieira (2019)","Uninformative_bk","M_Vieira(1988-2018)",1999.98216994365
"Uninformative_bk_Vieira (2019)","Uninformative_bk","M_Vieira(1988-2018)",3170.91499338958
"Uninformative_bk_Vieira (2019)","Uninformative_bk","M_Vieira(1988-2018)",1731.34119540177
"Uninformative_bk_Vieira (2019)","Uninformative_bk","M_Vieira(1988-2018)",1766.40039380319
"Uninformative_bk_Vieira (2019)","Uninformative_bk","M_Vieira(1988-2018)",1845.29817719514
"Uninformative_bk_Vieira (2019)","Uninformative_bk","M_Vieira(1988-2018)",1963.50057633148
"Uninformative_bk_Vieira (2019)","Uninformative_bk","M_Vieira(1988-2018)",1927.20800944734
"Uninformative_bk_Vieira (2019)","Uninformative_bk","M_Vieira(1988-2018)",1927.72546146119
"Uninformative_bk_Vieira (2019)","Uninformative_bk","M_Vieira(1988-2018)",3172.59175510507
"Uninformative_bk_Vieira (2019)","Uninformative_bk","M_Vieira(1988-2018)",1958.21224359603
"Uninformative_bk_Vieira (2019)","Uninformative_bk","M_Vieira(1988-2018)",2001.46667203638
"Uninformative_bk_Vieira (2019)","Uninformative_bk","M_Vieira(1988-2018)",1908.65640526188
"Uninformative_bk_Vieira (2019)","Uninformative_bk","M_Vieira(1988-2018)",1910.52542958683
"Uninformative_bk_Vieira (2019)","Uninformative_bk","M_Vieira(1988-2018)",3139.35568352615
"Uninformative_bk_Vieira (2019)","Uninformative_bk","M_Vieira(1988-2018)",1858.35279031103
"Uninformative_bk_Vieira (2019)","Uninformative_bk","M_Vieira(1988-2018)",2204.72736504581
"Uninformative_bk_Vieira (2019)","Uninformative_bk","M_Vieira(1988-2018)",2038.1690391867
"Uninformative_bk_Vieira (2019)","Uninformative_bk","M_Vieira(1988-2018)",1894.1292726159
"Uninformative_bk_Vieira (2019)","Uninformative_bk","M_Vieira(1988-2018)",2320.54981705694
"Uninformative_bk_Vieira (2019)","Uninformative_bk","M_Vieira(1988-2018)",1934.7762204353
"Uninformative_bk_Vieira (2019)","Uninformative_bk","M_Vieira(1988-2018)",1893.03451342013
"Uninformative_bk_Vieira (2019)","Uninformative_bk","M_Vieira(1988-2018)",2182.84736895444
"Uninformative_bk_Vieira (2019)","Uninformative_bk","M_Vieira(1988-2018)",1819.91603314172
"Uninformative_bk_Vieira (2019)","Uninformative_bk","M_Vieira(1988-2018)",1907.4633085119
"Uninformative_bk_Vieira (2019)","Uninformative_bk","M_Vieira(1988-2018)",1910.77710162047
"Uninformative_bk_Vieira (2019)","Uninformative_bk","M_Vieira(1988-2018)",1921.39041032043
"Uninformative_bk_Vieira (2019)","Uninformative_bk","M_Vieira(1988-2018)",1957.32158855432
"Uninformative_bk_Vieira (2019)","Uninformative_bk","M_Vieira(1988-2018)",2071.73323120131
"Uninformative_bk_Vieira (2019)","Uninformative_bk","M_Vieira(1988-2018)",1659.85270234991
"Uninformative_bk_Vieira (2019)","Uninformative_bk","M_Vieira(1988-2018)",1955.00006370958
"Uninformative_bk_Vieira (2019)","Uninformative_bk","M_Vieira(1988-2018)",1821.54514410469
"Uninformative_bk_Vieira (2019)","Uninformative_bk","M_Vieira(1988-2018)",1938.46890211655
"Uninformative_bk_Vieira (2019)","Uninformative_bk","M_Vieira(1988-2018)",1877.68938237216
"Uninformative_bk_Vieira (2019)","Uninformative_bk","M_Vieira(1988-2018)",2033.9621801279
"Uninformative_bk_Vieira (2019)","Uninformative_bk","M_Vieira(1988-2018)",1917.69098153009
"Uninformative_bk_Vieira (2019)","Uninformative_bk","M_Vieira(1988-2018)",2110.73650663096
"Uninformative_bk_Vieira (2019)","Uninformative_bk","M_Vieira(1988-2018)",2712.65661188375
"Uninformative_bk_Vieira (2019)","Uninformative_bk","M_Vieira(1988-2018)",1928.51862955037
"Uninformative_bk_Vieira (2019)","Uninformative_bk","M_Vieira(1988-2018)",3451.344875325
"Uninformative_bk_Vieira (2019)","Uninformative_bk","M_Vieira(1988-2018)",1811.42271947412
"Uninformative_bk_Vieira (2019)","Uninformative_bk","M_Vieira(1988-2018)",1759.02850335525
"Uninformative_bk_Vieira (2019)","Uninformative_bk","M_Vieira(1988-2018)",1894.30145698407
"Uninformative_bk_Vieira (2019)","Uninformative_bk","M_Vieira(1988-2018)",2079.50420629279
"Uninformative_bk_Vieira (2019)","Uninformative_bk","M_Vieira(1988-2018)",1902.23429427869
"Uninformative_bk_Vieira (2019)","Uninformative_bk","M_Vieira(1988-2018)",1877.34195880026
"Uninformative_bk_Vieira (2019)","Uninformative_bk","M_Vieira(1988-2018)",2216.66882406231
"Uninformative_bk_Vieira (2019)","Uninformative_bk","M_Vieira(1988-2018)",1919.70726388126
"Uninformative_bk_Vieira (2019)","Uninformative_bk","M_Vieira(1988-2018)",1914.54397628924
"Uninformative_bk_Vieira (2019)","Uninformative_bk","M_Vieira(1988-2018)",1914.1954777679
"Uninformative_bk_Vieira (2019)","Uninformative_bk","M_Vieira(1988-2018)",1917.46432044051
"Uninformative_bk_Vieira (2019)","Uninformative_bk","M_Vieira(1988-2018)",1941.07577816947
"Uninformative_bk_Vieira (2019)","Uninformative_bk","M_Vieira(1988-2018)",1904.32203396359
"Uninformative_bk_Vieira (2019)","Uninformative_bk","M_Vieira(1988-2018)",1901.99937089153
"Uninformative_bk_Vieira (2019)","Uninformative_bk","M_Vieira(1988-2018)",1988.86752528616
"Uninformative_bk_Vieira (2019)","Uninformative_bk","M_Vieira(1988-2018)",1887.35179618758
"Uninformative_bk_Vieira (2019)","Uninformative_bk","M_Vieira(1988-2018)",2021.54243735354
"Uninformative_bk_Vieira (2019)","Uninformative_bk","M_Vieira(1988-2018)",1902.22560805012
"Uninformative_bk_Vieira (2019)","Uninformative_bk","M_Vieira(1988-2018)",3794.58740439409
"Uninformative_bk_Vieira (2019)","Uninformative_bk","M_Vieira(1988-2018)",2262.64755936514
"Uninformative_bk_Vieira (2019)","Uninformative_bk","M_Vieira(1988-2018)",1977.21755343364
"Uninformative_bk_Vieira (2019)","Uninformative_bk","M_Vieira(1988-2018)",1920.15853531777
"Uninformative_bk_Vieira (2019)","Uninformative_bk","M_Vieira(1988-2018)",1880.26232760156
"Uninformative_bk_Vieira (2019)","Uninformative_bk","M_Vieira(1988-2018)",1919.05934671952
"Uninformative_bk_Vieira (2019)","Uninformative_bk","M_Vieira(1988-2018)",1981.72101979565
"Uninformative_bk_Vieira (2019)","Uninformative_bk","M_Vieira(1988-2018)",1943.85043597236
"Uninformative_bk_Vieira (2019)","Uninformative_bk","M_Vieira(1988-2018)",1993.6904052853
"Uninformative_bk_Vieira (2019)","Uninformative_bk","M_Vieira(1988-2018)",1847.15883768794
"Uninformative_bk_Vieira (2019)","Uninformative_bk","M_Vieira(1988-2018)",1986.99208971894
"Uninformative_bk_Vieira (2019)","Uninformative_bk","M_Vieira(1988-2018)",1887.63755769435
"Uninformative_bk_Vieira (2019)","Uninformative_bk","M_Vieira(1988-2018)",1952.14365767207
"Uninformative_bk_Vieira (2019)","Uninformative_bk","M_Vieira(1988-2018)",1926.62689295217
"Uninformative_bk_Vieira (2019)","Uninformative_bk","M_Vieira(1988-2018)",1875.75974109454
"Uninformative_bk_Vieira (2019)","Uninformative_bk","M_Vieira(1988-2018)",1931.37516889727
"Uninformative_bk_Vieira (2019)","Uninformative_bk","M_Vieira(1988-2018)",2140.84417296879
"Uninformative_bk_Vieira (2019)","Uninformative_bk","M_Vieira(1988-2018)",1908.39168813933
"Uninformative_bk_Vieira (2019)","Uninformative_bk","M_Vieira(1988-2018)",1880.05099291006
"Uninformative_bk_Vieira (2019)","Uninformative_bk","M_Vieira(1988-2018)",2114.61980166429
"Uninformative_bk_Vieira (2019)","Uninformative_bk","M_Vieira(1988-2018)",3325.69960420844
"Uninformative_bk_Vieira (2019)","Uninformative_bk","M_Vieira(1988-2018)",1924.97411431268
"Uninformative_bk_Vieira (2019)","Uninformative_bk","M_Vieira(1988-2018)",1893.17134338661
"Uninformative_bk_Vieira (2019)","Uninformative_bk","M_Vieira(1988-2018)",1942.3671656743
"Uninformative_bk_Vieira (2019)","Uninformative_bk","M_Vieira(1988-2018)",1949.28602514617
"Uninformative_bk_Vieira (2019)","Uninformative_bk","M_Vieira(1988-2018)",1914.23572994724
"Uninformative_bk_Vieira (2019)","Uninformative_bk","M_Vieira(1988-2018)",2088.08619425928
"Uninformative_bk_Vieira (2019)","Uninformative_bk","M_Vieira(1988-2018)",1893.28339839502
"Uninformative_bk_Vieira (2019)","Uninformative_bk","M_Vieira(1988-2018)",1956.12361519972
"Uninformative_bk_Vieira (2019)","Uninformative_bk","M_Vieira(1988-2018)",2020.85805342351
"Uninformative_bk_Vieira (2019)","Uninformative_bk","M_Vieira(1988-2018)",1857.60545860335
"Uninformative_bk_Vieira (2019)","Uninformative_bk","M_Vieira(1988-2018)",2178.08464064786
"Uninformative_bk_Vieira (2019)","Uninformative_bk","M_Vieira(1988-2018)",2227.26803499812
"Uninformative_bk_Vieira (2019)","Uninformative_bk","M_Vieira(1988-2018)",1954.69334973456
"Uninformative_bk_Vieira (2019)","Uninformative_bk","M_Vieira(1988-2018)",2045.68084901767
"Uninformative_bk_Vieira (2019)","Uninformative_bk","M_Vieira(1988-2018)",2831.63836659463
"Uninformative_bk_Vieira (2019)","Uninformative_bk","M_Vieira(1988-2018)",2302.81768835422
"Uninformative_bk_Vieira (2019)","Uninformative_bk","M_Vieira(1988-2018)",1944.4509930241
"Uninformative_bk_Vieira (2019)","Uninformative_bk","M_Vieira(1988-2018)",1909.50320364226
"Uninformative_bk_Vieira (2019)","Uninformative_bk","M_Vieira(1988-2018)",1918.5012148901
"Uninformative_bk_Vieira (2019)","Uninformative_bk","M_Vieira(1988-2018)",1903.61345020286
"Uninformative_bk_Vieira (2019)","Uninformative_bk","M_Vieira(1988-2018)",2468.11588477128
"Uninformative_bk_Vieira (2019)","Uninformative_bk","M_Vieira(1988-2018)",2204.68929222034
"Uninformative_bk_Vieira (2019)","Uninformative_bk","M_Vieira(1988-2018)",1990.65098227354
"Uninformative_bk_Vieira (2019)","Uninformative_bk","M_Vieira(1988-2018)",4265.01371310828
"Uninformative_bk_Vieira (2019)","Uninformative_bk","M_Vieira(1988-2018)",3750.18232956699
"Uninformative_bk_Vieira (2019)","Uninformative_bk","M_Vieira(1988-2018)",5577.4530194959
"Uninformative_bk_Vieira (2019)","Uninformative_bk","M_Vieira(1988-2018)",1914.35439068424
"Uninformative_bk_Vieira (2019)","Uninformative_bk","M_Vieira(1988-2018)",1855.82713366489
"Uninformative_bk_Vieira (2019)","Uninformative_bk","M_Vieira(1988-2018)",2007.57962437553
"Uninformative_bk_Vieira (2019)","Uninformative_bk","M_Vieira(1988-2018)",1748.85993653402
"Uninformative_bk_Vieira (2019)","Uninformative_bk","M_Vieira(1988-2018)",1858.0047922337
"Uninformative_bk_Vieira (2019)","Uninformative_bk","M_Vieira(1988-2018)",1825.87745321298
"Uninformative_bk_Vieira (2019)","Uninformative_bk","M_Vieira(1988-2018)",2119.37778256401
"Uninformative_bk_Vieira (2019)","Uninformative_bk","M_Vieira(1988-2018)",1981.91187387321
"Uninformative_bk_Vieira (2019)","Uninformative_bk","M_Vieira(1988-2018)",1891.0354242416
"Uninformative_bk_Vieira (2019)","Uninformative_bk","M_Vieira(1988-2018)",1901.56591118891
"Uninformative_bk_Vieira (2019)","Uninformative_bk","M_Vieira(1988-2018)",1948.48754103202
"Uninformative_bk_Vieira (2019)","Uninformative_bk","M_Vieira(1988-2018)",1996.18234429651
"Uninformative_bk_Vieira (2019)","Uninformative_bk","M_Vieira(1988-2018)",2133.26504337143
"Uninformative_bk_Vieira (2019)","Uninformative_bk","M_Vieira(1988-2018)",1777.94361037105
"Uninformative_bk_Vieira (2019)","Uninformative_bk","M_Vieira(1988-2018)",1927.21277562097
"Uninformative_bk_Vieira (2019)","Uninformative_bk","M_Vieira(1988-2018)",2019.45367532549
"Uninformative_bk_Vieira (2019)","Uninformative_bk","M_Vieira(1988-2018)",2022.77561304413
"Uninformative_bk_Vieira (2019)","Uninformative_bk","M_Vieira(1988-2018)",1593.68501001629
"Uninformative_bk_Vieira (2019)","Uninformative_bk","M_Vieira(1988-2018)",2108.13792511677
"Uninformative_bk_Vieira (2019)","Uninformative_bk","M_Vieira(1988-2018)",1936.11103542732
"Uninformative_bk_Vieira (2019)","Uninformative_bk","M_Vieira(1988-2018)",2032.9381016301
"Uninformative_bk_Vieira (2019)","Uninformative_bk","M_Vieira(1988-2018)",1771.01439776549
"Uninformative_bk_Vieira (2019)","Uninformative_bk","M_Vieira(1988-2018)",1899.11671131508
"Uninformative_bk_Vieira (2019)","Uninformative_bk","M_Vieira(1988-2018)",2135.5176968967
"Uninformative_bk_Vieira (2019)","Uninformative_bk","M_Vieira(1988-2018)",1977.01678481534
"Uninformative_bk_Vieira (2019)","Uninformative_bk","M_Vieira(1988-2018)",2935.68976236555
"Uninformative_bk_Vieira (2019)","Uninformative_bk","M_Vieira(1988-2018)",1831.20473270847
"Uninformative_bk_Vieira (2019)","Uninformative_bk","M_Vieira(1988-2018)",2655.71645923828
"Uninformative_bk_Vieira (2019)","Uninformative_bk","M_Vieira(1988-2018)",1910.17100148307
"Uninformative_bk_Vieira (2019)","Uninformative_bk","M_Vieira(1988-2018)",1979.72600393966
"Uninformative_bk_Vieira (2019)","Uninformative_bk","M_Vieira(1988-2018)",1822.67442120417
"Uninformative_bk_Vieira (2019)","Uninformative_bk","M_Vieira(1988-2018)",1947.00217597003
"Uninformative_bk_Vieira (2019)","Uninformative_bk","M_Vieira(1988-2018)",1958.77795925079
"Uninformative_bk_Vieira (2019)","Uninformative_bk","M_Vieira(1988-2018)",1901.7420905506
"Uninformative_bk_Vieira (2019)","Uninformative_bk","M_Vieira(1988-2018)",1977.35576208484
"Uninformative_bk_Vieira (2019)","Uninformative_bk","M_Vieira(1988-2018)",1931.02126641616
"Uninformative_bk_Vieira (2019)","Uninformative_bk","M_Vieira(1988-2018)",1917.81849940961
"Uninformative_bk_Vieira (2019)","Uninformative_bk","M_Vieira(1988-2018)",1955.22394976246
"Uninformative_bk_Vieira (2019)","Uninformative_bk","M_Vieira(1988-2018)",1747.51731592445
"Uninformative_bk_Vieira (2019)","Uninformative_bk","M_Vieira(1988-2018)",1804.7016220781
"Uninformative_bk_Vieira (2019)","Uninformative_bk","M_Vieira(1988-2018)",1904.58645330178
"Uninformative_bk_Vieira (2019)","Uninformative_bk","M_Vieira(1988-2018)",1839.65231957564
"Uninformative_bk_Vieira (2019)","Uninformative_bk","M_Vieira(1988-2018)",2007.65544850636
"Uninformative_bk_Vieira (2019)","Uninformative_bk","M_Vieira(1988-2018)",1854.0049143443
"Uninformative_bk_Vieira (2019)","Uninformative_bk","M_Vieira(1988-2018)",1821.05284500988
"Uninformative_bk_Vieira (2019)","Uninformative_bk","M_Vieira(1988-2018)",2697.96722717116
"Uninformative_bk_Vieira (2019)","Uninformative_bk","M_Vieira(1988-2018)",2812.66436894796
"Uninformative_bk_Vieira (2019)","Uninformative_bk","M_Vieira(1988-2018)",1963.89383350081
"Uninformative_bk_Vieira (2019)","Uninformative_bk","M_Vieira(1988-2018)",1997.09114298881
"Uninformative_bk_Vieira (2019)","Uninformative_bk","M_Vieira(1988-2018)",6703.8595804318
"Uninformative_bk_Vieira (2019)","Uninformative_bk","M_Vieira(1988-2018)",2008.02797955208
"Uninformative_bk_Vieira (2019)","Uninformative_bk","M_Vieira(1988-2018)",4272.62023756224
"Uninformative_bk_Vieira (2019)","Uninformative_bk","M_Vieira(1988-2018)",1950.96325997423
"Uninformative_bk_Vieira (2019)","Uninformative_bk","M_Vieira(1988-2018)",1985.89875758169
"Uninformative_bk_Vieira (2019)","Uninformative_bk","M_Vieira(1988-2018)",2059.44893918449
"Uninformative_bk_Vieira (2019)","Uninformative_bk","M_Vieira(1988-2018)",2006.21310184049
"Uninformative_bk_Vieira (2019)","Uninformative_bk","M_Vieira(1988-2018)",1846.20230703465
"Uninformative_bk_Vieira (2019)","Uninformative_bk","M_Vieira(1988-2018)",1969.12051674431
"Uninformative_bk_Vieira (2019)","Uninformative_bk","M_Vieira(1988-2018)",1965.46024928978
"Uninformative_bk_Vieira (2019)","Uninformative_bk","M_Vieira(1988-2018)",1674.44455723233
"Uninformative_bk_Vieira (2019)","Uninformative_bk","M_Vieira(1988-2018)",3257.43965611248
"Uninformative_bk_Vieira (2019)","Uninformative_bk","M_Vieira(1988-2018)",2063.93168344283
"Uninformative_bk_Vieira (2019)","Uninformative_bk","M_Vieira(1988-2018)",1876.09574112159
"Uninformative_bk_Vieira (2019)","Uninformative_bk","M_Vieira(1988-2018)",1796.5550994004
"Uninformative_bk_Vieira (2019)","Uninformative_bk","M_Vieira(1988-2018)",1869.07292022967
"Uninformative_bk_Vieira (2019)","Uninformative_bk","M_Vieira(1988-2018)",1963.31380984413
"Uninformative_bk_Vieira (2019)","Uninformative_bk","M_Vieira(1988-2018)",1933.1776118462
"Uninformative_bk_Vieira (2019)","Uninformative_bk","M_Vieira(1988-2018)",2203.512850466
"Uninformative_bk_Vieira (2019)","Uninformative_bk","M_Vieira(1988-2018)",1875.51332494895
"Uninformative_bk_Vieira (2019)","Uninformative_bk","M_Vieira(1988-2018)",1955.23398601712
"Uninformative_bk_Vieira (2019)","Uninformative_bk","M_Vieira(1988-2018)",6155.26446210181
"Uninformative_bk_Vieira (2019)","Uninformative_bk","M_Vieira(1988-2018)",1933.45125499833
"Uninformative_bk_Vieira (2019)","Uninformative_bk","M_Vieira(1988-2018)",1976.50391559644
"Uninformative_bk_Vieira (2019)","Uninformative_bk","M_Vieira(1988-2018)",1816.36961443583
"Uninformative_bk_Vieira (2019)","Uninformative_bk","M_Vieira(1988-2018)",1987.04726024666
"Uninformative_bk_Vieira (2019)","Uninformative_bk","M_Vieira(1988-2018)",1895.23960126875
"Uninformative_bk_Vieira (2019)","Uninformative_bk","M_Vieira(1988-2018)",3609.06448730414
"Uninformative_bk_Vieira (2019)","Uninformative_bk","M_Vieira(1988-2018)",1821.84324746657
"Uninformative_bk_Vieira (2019)","Uninformative_bk","M_Vieira(1988-2018)",2112.59001985304
"Uninformative_bk_Vieira (2019)","Uninformative_bk","M_Vieira(1988-2018)",1957.26661828251
"Uninformative_bk_Vieira (2019)","Uninformative_bk","M_Vieira(1988-2018)",2048.62743000512
"Uninformative_bk_Vieira (2019)","Uninformative_bk","M_Vieira(1988-2018)",2044.35996310398
"Uninformative_bk_Vieira (2019)","Uninformative_bk","M_Vieira(1988-2018)",1775.76150928361
"Uninformative_bk_Vieira (2019)","Uninformative_bk","M_Vieira(1988-2018)",1853.34026507129
"Uninformative_bk_Vieira (2019)","Uninformative_bk","M_Vieira(1988-2018)",2178.18306645491
"Uninformative_bk_Vieira (2019)","Uninformative_bk","M_Vieira(1988-2018)",1859.2142568281
"Uninformative_bk_Vieira (2019)","Uninformative_bk","M_Vieira(1988-2018)",1928.47319684135
"Uninformative_bk_Vieira (2019)","Uninformative_bk","M_Vieira(1988-2018)",1952.51374413992
"Uninformative_bk_Vieira (2019)","Uninformative_bk","M_Vieira(1988-2018)",1706.71316120853
"Uninformative_bk_Vieira (2019)","Uninformative_bk","M_Vieira(1988-2018)",2251.70960298234
"Uninformative_bk_Vieira (2019)","Uninformative_bk","M_Vieira(1988-2018)",1713.43926586
"Uninformative_bk_Vieira (2019)","Uninformative_bk","M_Vieira(1988-2018)",1838.46885729596
"Uninformative_bk_Vieira (2019)","Uninformative_bk","M_Vieira(1988-2018)",2081.40415658453
"Uninformative_bk_Vieira (2019)","Uninformative_bk","M_Vieira(1988-2018)",1924.11337127536
"Uninformative_bk_Vieira (2019)","Uninformative_bk","M_Vieira(1988-2018)",1890.64286073105
"Uninformative_bk_Vieira (2019)","Uninformative_bk","M_Vieira(1988-2018)",3442.22066629804
"Uninformative_bk_Vieira (2019)","Uninformative_bk","M_Vieira(1988-2018)",1942.6659737968
"Uninformative_bk_Vieira (2019)","Uninformative_bk","M_Vieira(1988-2018)",4661.58006016837
"Uninformative_bk_Vieira (2019)","Uninformative_bk","M_Vieira(1988-2018)",2032.03424080571
"Uninformative_bk_Vieira (2019)","Uninformative_bk","M_Vieira(1988-2018)",1782.99401982651
"Uninformative_bk_Vieira (2019)","Uninformative_bk","M_Vieira(1988-2018)",1922.64058501516
"Uninformative_bk_Vieira (2019)","Uninformative_bk","M_Vieira(1988-2018)",2449.54799066679
"Uninformative_bk_Vieira (2019)","Uninformative_bk","M_Vieira(1988-2018)",5222.15197869623
"Uninformative_bk_Vieira (2019)","Uninformative_bk","M_Vieira(1988-2018)",1938.73576124688
"Uninformative_bk_Vieira (2019)","Uninformative_bk","M_Vieira(1988-2018)",1900.33046077715
"Uninformative_bk_Vieira (2019)","Uninformative_bk","M_Vieira(1988-2018)",1893.37630399997
"Uninformative_bk_Vieira (2019)","Uninformative_bk","M_Vieira(1988-2018)",1869.66832419053
"Uninformative_bk_Vieira (2019)","Uninformative_bk","M_Vieira(1988-2018)",2036.79613969255
"Uninformative_bk_Vieira (2019)","Uninformative_bk","M_Vieira(1988-2018)",2825.37226799153
"Uninformative_bk_Vieira (2019)","Uninformative_bk","M_Vieira(1988-2018)",1985.03794771544
"Uninformative_bk_Vieira (2019)","Uninformative_bk","M_Vieira(1988-2018)",1866.6184116785
"Uninformative_bk_Vieira (2019)","Uninformative_bk","M_Vieira(1988-2018)",1926.27945827984
"Uninformative_bk_Vieira (2019)","Uninformative_bk","M_Vieira(1988-2018)",2255.70796152504
"Uninformative_bk_Vieira (2019)","Uninformative_bk","M_Vieira(1988-2018)",4212.95647668924
"Uninformative_bk_Vieira (2019)","Uninformative_bk","M_Vieira(1988-2018)",1736.52655584846
"Uninformative_bk_Vieira (2019)","Uninformative_bk","M_Vieira(1988-2018)",2176.80659334374
"Uninformative_bk_Vieira (2019)","Uninformative_bk","M_Vieira(1988-2018)",1747.55300725524
"Uninformative_bk_Vieira (2019)","Uninformative_bk","M_Vieira(1988-2018)",1981.27691748631
"Uninformative_bk_Vieira (2019)","Uninformative_bk","M_Vieira(1988-2018)",1918.87553425429
"Uninformative_bk_Vieira (2019)","Uninformative_bk","M_Vieira(1988-2018)",1929.92808623023
"Uninformative_bk_Vieira (2019)","Uninformative_bk","M_Vieira(1988-2018)",1976.27161370387
"Uninformative_bk_Vieira (2019)","Uninformative_bk","M_Vieira(1988-2018)",2101.67212746695
"Uninformative_bk_Vieira (2019)","Uninformative_bk","M_Vieira(1988-2018)",2061.11350825735
"Uninformative_bk_Vieira (2019)","Uninformative_bk","M_Vieira(1988-2018)",1942.55866683199
"Uninformative_bk_Vieira (2019)","Uninformative_bk","M_Vieira(1988-2018)",2183.07494897775
"Uninformative_bk_Vieira (2019)","Uninformative_bk","M_Vieira(1988-2018)",2306.75067150258
"Uninformative_bk_Vieira (2019)","Uninformative_bk","M_Vieira(1988-2018)",1898.75701788854
"Uninformative_bk_Vieira (2019)","Uninformative_bk","M_Vieira(1988-2018)",2729.3940537693
"Uninformative_bk_Vieira (2019)","Uninformative_bk","M_Vieira(1988-2018)",1862.86568887241
"Uninformative_bk_Vieira (2019)","Uninformative_bk","M_Vieira(1988-2018)",1936.94613998134
"Uninformative_bk_Vieira (2019)","Uninformative_bk","M_Vieira(1988-2018)",2013.65571449837
"Uninformative_bk_Vieira (2019)","Uninformative_bk","M_Vieira(1988-2018)",1924.64429768034
"Uninformative_bk_Vieira (2019)","Uninformative_bk","M_Vieira(1988-2018)",2056.88072825822
"Uninformative_bk_Vieira (2019)","Uninformative_bk","M_Vieira(1988-2018)",1752.69610254922
"Uninformative_bk_Vieira (2019)","Uninformative_bk","M_Vieira(1988-2018)",1884.11160542946
"Uninformative_bk_Vieira (2019)","Uninformative_bk","M_Vieira(1988-2018)",6310.29356987961
"Uninformative_bk_Vieira (2019)","Uninformative_bk","M_Vieira(1988-2018)",1960.34512487274
"Uninformative_bk_Vieira (2019)","Uninformative_bk","M_Vieira(1988-2018)",1908.16397622962
"Uninformative_bk_Vieira (2019)","Uninformative_bk","M_Vieira(1988-2018)",5347.17248516558
"Uninformative_bk_Vieira (2019)","Uninformative_bk","M_Vieira(1988-2018)",1944.55593096172
"Uninformative_bk_Vieira (2019)","Uninformative_bk","M_Vieira(1988-2018)",1973.37752325506
"Uninformative_bk_Vieira (2019)","Uninformative_bk","M_Vieira(1988-2018)",1952.72256988582
"Uninformative_bk_Vieira (2019)","Uninformative_bk","M_Vieira(1988-2018)",1883.98021501861
"Uninformative_bk_Vieira (2019)","Uninformative_bk","M_Vieira(1988-2018)",1949.71014567444
"Uninformative_bk_Vieira (2019)","Uninformative_bk","M_Vieira(1988-2018)",2444.38726553606
"Uninformative_bk_Vieira (2019)","Uninformative_bk","M_Vieira(1988-2018)",1893.87347221968
"Uninformative_bk_Vieira (2019)","Uninformative_bk","M_Vieira(1988-2018)",1922.94973304219
"Uninformative_bk_Vieira (2019)","Uninformative_bk","M_Vieira(1988-2018)",1940.48761430661
"Uninformative_bk_Vieira (2019)","Uninformative_bk","M_Vieira(1988-2018)",1761.43955993611
"Uninformative_bk_Vieira (2019)","Uninformative_bk","M_Vieira(1988-2018)",1838.97563795817
"Uninformative_bk_Vieira (2019)","Uninformative_bk","M_Vieira(1988-2018)",2092.50592962891
"Uninformative_bk_Vieira (2019)","Uninformative_bk","M_Vieira(1988-2018)",1909.86295759263
"Uninformative_bk_Vieira (2019)","Uninformative_bk","M_Vieira(1988-2018)",1933.41689170263
"Uninformative_bk_Vieira (2019)","Uninformative_bk","M_Vieira(1988-2018)",2114.37932179419
"Uninformative_bk_Vieira (2019)","Uninformative_bk","M_Vieira(1988-2018)",2181.028391943
"Uninformative_bk_Vieira (2019)","Uninformative_bk","M_Vieira(1988-2018)",1807.81930837966
"Uninformative_bk_Vieira (2019)","Uninformative_bk","M_Vieira(1988-2018)",2220.13626787758
"Uninformative_bk_Vieira (2019)","Uninformative_bk","M_Vieira(1988-2018)",1961.84813075323
"Uninformative_bk_Vieira (2019)","Uninformative_bk","M_Vieira(1988-2018)",1921.66070009463
"Uninformative_bk_Vieira (2019)","Uninformative_bk","M_Vieira(1988-2018)",4839.53833445796
"Uninformative_bk_Vieira (2019)","Uninformative_bk","M_Vieira(1988-2018)",1883.52920791905
"Uninformative_bk_Vieira (2019)","Uninformative_bk","M_Vieira(1988-2018)",1872.96374032678
"Uninformative_bk_Vieira (2019)","Uninformative_bk","M_Vieira(1988-2018)",1924.11010620639
"Uninformative_bk_Vieira (2019)","Uninformative_bk","M_Vieira(1988-2018)",1876.78826643877
"Uninformative_bk_Vieira (2019)","Uninformative_bk","M_Vieira(1988-2018)",1852.5672058754
"Uninformative_bk_Vieira (2019)","Uninformative_bk","M_Vieira(1988-2018)",1985.09823588326
"Uninformative_bk_Vieira (2019)","Uninformative_bk","M_Vieira(1988-2018)",6887.65428385239
"Uninformative_bk_Vieira (2019)","Uninformative_bk","M_Vieira(1988-2018)",1863.75532234942
"Uninformative_bk_Vieira (2019)","Uninformative_bk","M_Vieira(1988-2018)",1921.65962541466
"Uninformative_bk_Vieira (2019)","Uninformative_bk","M_Vieira(1988-2018)",1951.76822307085
"Uninformative_bk_Vieira (2019)","Uninformative_bk","M_Vieira(1988-2018)",1954.60021811566
"Uninformative_bk_Vieira (2019)","Uninformative_bk","M_Vieira(1988-2018)",1766.33208192821
"Uninformative_bk_Vieira (2019)","Uninformative_bk","M_Vieira(1988-2018)",1969.94151254562
"Uninformative_bk_Vieira (2019)","Uninformative_bk","M_Vieira(1988-2018)",2020.17862144007
"Uninformative_bk_Vieira (2019)","Uninformative_bk","M_Vieira(1988-2018)",1901.76034320062
"Uninformative_bk_Vieira (2019)","Uninformative_bk","M_Vieira(1988-2018)",2152.46887848674
"Uninformative_bk_Vieira (2019)","Uninformative_bk","M_Vieira(1988-2018)",2115.19217183138
"Uninformative_bk_Vieira (2019)","Uninformative_bk","M_Vieira(1988-2018)",1949.14780389122
"Uninformative_bk_Vieira (2019)","Uninformative_bk","M_Vieira(1988-2018)",1978.17418773018
"Uninformative_bk_Vieira (2019)","Uninformative_bk","M_Vieira(1988-2018)",1869.07604967895
"Uninformative_bk_Vieira (2019)","Uninformative_bk","M_Vieira(1988-2018)",1961.30665157356
"Uninformative_bk_Vieira (2019)","Uninformative_bk","M_Vieira(1988-2018)",3724.76670462078
"Uninformative_bk_Vieira (2019)","Uninformative_bk","M_Vieira(1988-2018)",1980.28021441432
"Uninformative_bk_Vieira (2019)","Uninformative_bk","M_Vieira(1988-2018)",1881.59886794328
"Uninformative_bk_Vieira (2019)","Uninformative_bk","M_Vieira(1988-2018)",1876.85745020924
"Uninformative_bk_Vieira (2019)","Uninformative_bk","M_Vieira(1988-2018)",1926.50819235446
"Uninformative_bk_Vieira (2019)","Uninformative_bk","M_Vieira(1988-2018)",2834.46518127459
"Uninformative_bk_Vieira (2019)","Uninformative_bk","M_Vieira(1988-2018)",1937.84466856666
"Uninformative_bk_Vieira (2019)","Uninformative_bk","M_Vieira(1988-2018)",1913.79808845253
"Uninformative_bk_Vieira (2019)","Uninformative_bk","M_Vieira(1988-2018)",2785.20683667289
"Uninformative_bk_Vieira (2019)","Uninformative_bk","M_Vieira(1988-2018)",2115.16956581816
"Uninformative_bk_Vieira (2019)","Uninformative_bk","M_Vieira(1988-2018)",2187.17319704895
"Uninformative_bk_Vieira (2019)","Uninformative_bk","M_Vieira(1988-2018)",1796.47876196863
"Uninformative_bk_Vieira (2019)","Uninformative_bk","M_Vieira(1988-2018)",1954.39754053329
"Uninformative_bk_Vieira (2019)","Uninformative_bk","M_Vieira(1988-2018)",1847.14807845188
"Uninformative_bk_Vieira (2019)","Uninformative_bk","M_Vieira(1988-2018)",1901.10663840393
"Uninformative_bk_Vieira (2019)","Uninformative_bk","M_Vieira(1988-2018)",2115.83557326156
"Uninformative_bk_Vieira (2019)","Uninformative_bk","M_Vieira(1988-2018)",1978.32971980348
"Uninformative_bk_Vieira (2019)","Uninformative_bk","M_Vieira(1988-2018)",1945.18907266557
"Uninformative_bk_Vieira (2019)","Uninformative_bk","M_Vieira(1988-2018)",1752.33054653292
"Uninformative_bk_Vieira (2019)","Uninformative_bk","M_Vieira(1988-2018)",2222.80498610657
"Uninformative_bk_Vieira (2019)","Uninformative_bk","M_Vieira(1988-2018)",3410.95222904823
"Uninformative_bk_Vieira (2019)","Uninformative_bk","M_Vieira(1988-2018)",1736.97458156247
"Uninformative_bk_Vieira (2019)","Uninformative_bk","M_Vieira(1988-2018)",1954.13922920842
"Uninformative_bk_Vieira (2019)","Uninformative_bk","M_Vieira(1988-2018)",2711.04344657612
"Uninformative_bk_Vieira (2019)","Uninformative_bk","M_Vieira(1988-2018)",2535.04656761745
"Uninformative_bk_Vieira (2019)","Uninformative_bk","M_Vieira(1988-2018)",3468.40749260929
"Uninformative_bk_Vieira (2019)","Uninformative_bk","M_Vieira(1988-2018)",3120.942272556
"Uninformative_bk_Vieira (2019)","Uninformative_bk","M_Vieira(1988-2018)",1810.78355615044
"Uninformative_bk_Vieira (2019)","Uninformative_bk","M_Vieira(1988-2018)",1951.1030106338
"Uninformative_bk_Vieira (2019)","Uninformative_bk","M_Vieira(1988-2018)",1897.76175621601
"Uninformative_bk_Vieira (2019)","Uninformative_bk","M_Vieira(1988-2018)",2027.91780824473
"Uninformative_bk_Vieira (2019)","Uninformative_bk","M_Vieira(1988-2018)",1941.02916950034
"Uninformative_bk_Vieira (2019)","Uninformative_bk","M_Vieira(1988-2018)",1825.36147651294
"Uninformative_bk_Vieira (2019)","Uninformative_bk","M_Vieira(1988-2018)",1908.2729674079
"Uninformative_bk_Vieira (2019)","Uninformative_bk","M_Vieira(1988-2018)",1986.42206685251
"Uninformative_bk_Vieira (2019)","Uninformative_bk","M_Vieira(1988-2018)",2576.16189230208
"Uninformative_bk_Vieira (2019)","Uninformative_bk","M_Vieira(1988-2018)",1901.18606253228
"Uninformative_bk_Vieira (2019)","Uninformative_bk","M_Vieira(1988-2018)",2005.70484744745
"Uninformative_bk_Vieira (2019)","Uninformative_bk","M_Vieira(1988-2018)",2055.31664604493
"Uninformative_bk_Vieira (2019)","Uninformative_bk","M_Vieira(1988-2018)",1935.65822980673
"Uninformative_bk_Vieira (2019)","Uninformative_bk","M_Vieira(1988-2018)",3339.62774609496
"Uninformative_bk_Vieira (2019)","Uninformative_bk","M_Vieira(1988-2018)",1842.60999248048
"Uninformative_bk_Vieira (2019)","Uninformative_bk","M_Vieira(1988-2018)",4096.37323517631
"Uninformative_bk_Vieira (2019)","Uninformative_bk","M_Vieira(1988-2018)",1977.96350440117
"Uninformative_bk_Vieira (2019)","Uninformative_bk","M_Vieira(1988-2018)",1943.44102399294
"Uninformative_bk_Vieira (2019)","Uninformative_bk","M_Vieira(1988-2018)",1827.98154031102
"Uninformative_bk_Vieira (2019)","Uninformative_bk","M_Vieira(1988-2018)",1972.36766438542
"Uninformative_bk_Vieira (2019)","Uninformative_bk","M_Vieira(1988-2018)",2063.22636556721
"Uninformative_bk_Vieira (2019)","Uninformative_bk","M_Vieira(1988-2018)",2121.02113832801
"Uninformative_bk_Vieira (2019)","Uninformative_bk","M_Vieira(1988-2018)",1919.35274946964
"Uninformative_bk_Vieira (2019)","Uninformative_bk","M_Vieira(1988-2018)",1919.52601770198
"Uninformative_bk_Vieira (2019)","Uninformative_bk","M_Vieira(1988-2018)",4001.24158553781
"Uninformative_bk_Vieira (2019)","Uninformative_bk","M_Vieira(1988-2018)",1866.15559646199
"Uninformative_bk_Vieira (2019)","Uninformative_bk","M_Vieira(1988-2018)",1926.28654992086
"Uninformative_bk_Vieira (2019)","Uninformative_bk","M_Vieira(1988-2018)",1694.42813670577
"Uninformative_bk_Vieira (2019)","Uninformative_bk","M_Vieira(1988-2018)",5085.15283189921
"Uninformative_bk_Vieira (2019)","Uninformative_bk","M_Vieira(1988-2018)",3186.56725435909
"Uninformative_bk_Vieira (2019)","Uninformative_bk","M_Vieira(1988-2018)",1818.23929033743
"Uninformative_bk_Vieira (2019)","Uninformative_bk","M_Vieira(1988-2018)",1917.58642499887
"Uninformative_bk_Vieira (2019)","Uninformative_bk","M_Vieira(1988-2018)",1925.15162415998
"Uninformative_bk_Vieira (2019)","Uninformative_bk","M_Vieira(1988-2018)",1931.43087840361
"Uninformative_bk_Vieira (2019)","Uninformative_bk","M_Vieira(1988-2018)",2784.48643141783
"Uninformative_bk_Vieira (2019)","Uninformative_bk","M_Vieira(1988-2018)",1991.5232552387
"Uninformative_bk_Vieira (2019)","Uninformative_bk","M_Vieira(1988-2018)",4040.92639644724
"Uninformative_bk_Vieira (2019)","Uninformative_bk","M_Vieira(1988-2018)",1852.14780515343
"Uninformative_bk_Vieira (2019)","Uninformative_bk","M_Vieira(1988-2018)",2271.30909096802
"Uninformative_bk_Vieira (2019)","Uninformative_bk","M_Vieira(1988-2018)",2297.87200490619
"Uninformative_bk_Vieira (2019)","Uninformative_bk","M_Vieira(1988-2018)",1884.63630528577
"Uninformative_bk_Vieira (2019)","Uninformative_bk","M_Vieira(1988-2018)",1903.97156495542
"Uninformative_bk_Vieira (2019)","Uninformative_bk","M_Vieira(1988-2018)",1931.20268542414
"Uninformative_bk_Vieira (2019)","Uninformative_bk","M_Vieira(1988-2018)",2658.92776974198
"Uninformative_bk_Vieira (2019)","Uninformative_bk","M_Vieira(1988-2018)",1911.44383678663
"Uninformative_bk_Vieira (2019)","Uninformative_bk","M_Vieira(1988-2018)",7358.84609796511
"Uninformative_bk_Vieira (2019)","Uninformative_bk","M_Vieira(1988-2018)",1964.02629405128
"Uninformative_bk_Vieira (2019)","Uninformative_bk","M_Vieira(1988-2018)",1878.66246854974
"Uninformative_bk_Vieira (2019)","Uninformative_bk","M_Vieira(1988-2018)",2879.98903356273
"Uninformative_bk_Vieira (2019)","Uninformative_bk","M_Vieira(1988-2018)",1912.11627775515
"Uninformative_bk_Vieira (2019)","Uninformative_bk","M_Vieira(1988-2018)",1973.57504292634
"Uninformative_bk_Vieira (2019)","Uninformative_bk","M_Vieira(1988-2018)",2347.82500260536
"Uninformative_bk_Vieira (2019)","Uninformative_bk","M_Vieira(1988-2018)",1941.01955488079
"Uninformative_bk_Vieira (2019)","Uninformative_bk","M_Vieira(1988-2018)",1989.88622269222
"Uninformative_bk_Vieira (2019)","Uninformative_bk","M_Vieira(1988-2018)",4016.94420215014
"Uninformative_bk_Vieira (2019)","Uninformative_bk","M_Vieira(1988-2018)",1900.59601349224
"Uninformative_bk_Vieira (2019)","Uninformative_bk","M_Vieira(1988-2018)",2469.94526813181
"Uninformative_bk_Vieira (2019)","Uninformative_bk","M_Vieira(1988-2018)",1911.44789295617
"Uninformative_bk_Vieira (2019)","Uninformative_bk","M_Vieira(1988-2018)",1891.11267058998
"Uninformative_bk_Vieira (2019)","Uninformative_bk","M_Vieira(1988-2018)",1871.08291551273
"Uninformative_bk_Vieira (2019)","Uninformative_bk","M_Vieira(1988-2018)",1918.83531412078
"Uninformative_bk_Vieira (2019)","Uninformative_bk","M_Vieira(1988-2018)",1897.42074524616
"Uninformative_bk_Vieira (2019)","Uninformative_bk","M_Vieira(1988-2018)",1831.00877218306
"Uninformative_bk_Vieira (2019)","Uninformative_bk","M_Vieira(1988-2018)",2056.60789852245
"Uninformative_bk_Vieira (2019)","Uninformative_bk","M_Vieira(1988-2018)",1959.29578145103
"Uninformative_bk_Vieira (2019)","Uninformative_bk","M_Vieira(1988-2018)",1951.29980319253
"Uninformative_bk_Vieira (2019)","Uninformative_bk","M_Vieira(1988-2018)",5103.78775752058
"Uninformative_bk_Vieira (2019)","Uninformative_bk","M_Vieira(1988-2018)",1986.86556277552
"Uninformative_bk_Vieira (2019)","Uninformative_bk","M_Vieira(1988-2018)",2159.41914987909
"Uninformative_bk_Vieira (2019)","Uninformative_bk","M_Vieira(1988-2018)",1921.42236032261
"Uninformative_bk_Vieira (2019)","Uninformative_bk","M_Vieira(1988-2018)",2032.9893400637
"Uninformative_bk_Vieira (2019)","Uninformative_bk","M_Vieira(1988-2018)",2034.35408456973
"Uninformative_bk_Vieira (2019)","Uninformative_bk","M_Vieira(1988-2018)",2043.20543207421
"Uninformative_bk_Vieira (2019)","Uninformative_bk","M_Vieira(1988-2018)",1918.22377915031
"Uninformative_bk_Vieira (2019)","Uninformative_bk","M_Vieira(1988-2018)",1821.06660519705
"Uninformative_bk_Vieira (2019)","Uninformative_bk","M_Vieira(1988-2018)",1964.61118041614
"Uninformative_bk_Vieira (2019)","Uninformative_bk","M_Vieira(1988-2018)",2092.84359837043
"Uninformative_bk_Vieira (2019)","Uninformative_bk","M_Vieira(1988-2018)",2257.11192727434
"Uninformative_bk_Vieira (2019)","Uninformative_bk","M_Vieira(1988-2018)",2113.27531788946
"Uninformative_bk_Vieira (2019)","Uninformative_bk","M_Vieira(1988-2018)",1887.945147568
"Uninformative_bk_Vieira (2019)","Uninformative_bk","M_Vieira(1988-2018)",1877.15043663432
"Uninformative_bk_Vieira (2019)","Uninformative_bk","M_Vieira(1988-2018)",3064.85461871454
"Uninformative_bk_Vieira (2019)","Uninformative_bk","M_Vieira(1988-2018)",1965.42496360003
"Uninformative_bk_Vieira (2019)","Uninformative_bk","M_Vieira(1988-2018)",1990.21025046793
"Uninformative_bk_Vieira (2019)","Uninformative_bk","M_Vieira(1988-2018)",1806.36063499089
"Uninformative_bk_Vieira (2019)","Uninformative_bk","M_Vieira(1988-2018)",1916.15783605023
"Uninformative_bk_Vieira (2019)","Uninformative_bk","M_Vieira(1988-2018)",1942.5550164349
"Uninformative_bk_Vieira (2019)","Uninformative_bk","M_Vieira(1988-2018)",1945.38303906212
"Uninformative_bk_Vieira (2019)","Uninformative_bk","M_Vieira(1988-2018)",1686.83417050371
"Uninformative_bk_Vieira (2019)","Uninformative_bk","M_Vieira(1988-2018)",1932.92303133799
"Uninformative_bk_Vieira (2019)","Uninformative_bk","M_Vieira(1988-2018)",1678.32099635724
"Uninformative_bk_Vieira (2019)","Uninformative_bk","M_Vieira(1988-2018)",2006.41155471353
"Uninformative_bk_Vieira (2019)","Uninformative_bk","M_Vieira(1988-2018)",1972.19825011661
"Uninformative_bk_Vieira (2019)","Uninformative_bk","M_Vieira(1988-2018)",1945.53212883389
"Uninformative_bk_Vieira (2019)","Uninformative_bk","M_Vieira(1988-2018)",1712.02731735069
"Uninformative_bk_Vieira (2019)","Uninformative_bk","M_Vieira(1988-2018)",3258.27449827825
"Uninformative_bk_Vieira (2019)","Uninformative_bk","M_Vieira(1988-2018)",1912.38462495627
"Uninformative_bk_Vieira (2019)","Uninformative_bk","M_Vieira(1988-2018)",1878.51771696076
"Uninformative_bk_Vieira (2019)","Uninformative_bk","M_Vieira(1988-2018)",1879.03796867685
"Uninformative_bk_Vieira (2019)","Uninformative_bk","M_Vieira(1988-2018)",3495.98854706431
"Uninformative_bk_Vieira (2019)","Uninformative_bk","M_Vieira(1988-2018)",1982.22847832493
"Uninformative_bk_Vieira (2019)","Uninformative_bk","M_Vieira(1988-2018)",1883.825643337
"Uninformative_bk_Vieira (2019)","Uninformative_bk","M_Vieira(1988-2018)",2524.76172025181
"Uninformative_bk_Vieira (2019)","Uninformative_bk","M_Vieira(1988-2018)",1809.39771068311
"Uninformative_bk_Vieira (2019)","Uninformative_bk","M_Vieira(1988-2018)",1853.8388345485
"Uninformative_bk_Vieira (2019)","Uninformative_bk","M_Vieira(1988-2018)",1864.9773952942
"Uninformative_bk_Vieira (2019)","Uninformative_bk","M_Vieira(1988-2018)",2330.19230493979
"Uninformative_bk_Vieira (2019)","Uninformative_bk","M_Vieira(1988-2018)",1945.37675073549
"Uninformative_bk_Vieira (2019)","Uninformative_bk","M_Vieira(1988-2018)",1880.44358463766
"Uninformative_bk_Vieira (2019)","Uninformative_bk","M_Vieira(1988-2018)",1824.99866563914
"Uninformative_bk_Vieira (2019)","Uninformative_bk","M_Vieira(1988-2018)",2050.89386476135
"Uninformative_bk_Vieira (2019)","Uninformative_bk","M_Vieira(1988-2018)",1927.77805484788
"Uninformative_bk_Vieira (2019)","Uninformative_bk","M_Vieira(1988-2018)",1939.75237492286
"Uninformative_bk_Vieira (2019)","Uninformative_bk","M_Vieira(1988-2018)",4505.5072024518
"Uninformative_bk_Vieira (2019)","Uninformative_bk","M_Vieira(1988-2018)",1955.97695686206
"Uninformative_bk_Vieira (2019)","Uninformative_bk","M_Vieira(1988-2018)",1927.9461310923
"Uninformative_bk_Vieira (2019)","Uninformative_bk","M_Vieira(1988-2018)",2042.86643431241
"Uninformative_bk_Vieira (2019)","Uninformative_bk","M_Vieira(1988-2018)",2582.64030364138
"Uninformative_bk_Vieira (2019)","Uninformative_bk","M_Vieira(1988-2018)",2120.21656184126
"Uninformative_bk_Vieira (2019)","Uninformative_bk","M_Vieira(1988-2018)",1946.26031697991
"Uninformative_bk_Vieira (2019)","Uninformative_bk","M_Vieira(1988-2018)",1976.10899575677
"Uninformative_bk_Vieira (2019)","Uninformative_bk","M_Vieira(1988-2018)",1888.43351779991
"Uninformative_bk_Vieira (2019)","Uninformative_bk","M_Vieira(1988-2018)",2842.89086697686
"Uninformative_bk_Vieira (2019)","Uninformative_bk","M_Vieira(1988-2018)",2020.41791780122
"Uninformative_bk_Vieira (2019)","Uninformative_bk","M_Vieira(1988-2018)",2112.19588624921
"Uninformative_bk_Vieira (2019)","Uninformative_bk","M_Vieira(1988-2018)",1938.03387598538
"Uninformative_bk_Vieira (2019)","Uninformative_bk","M_Vieira(1988-2018)",2092.47298835756
"Uninformative_bk_Vieira (2019)","Uninformative_bk","M_Vieira(1988-2018)",1687.72766480689
"Uninformative_bk_Vieira (2019)","Uninformative_bk","M_Vieira(1988-2018)",1919.13901566007
"Uninformative_bk_Vieira (2019)","Uninformative_bk","M_Vieira(1988-2018)",3130.42727954478
"Uninformative_bk_Vieira (2019)","Uninformative_bk","M_Vieira(1988-2018)",2044.8118754562
"Uninformative_bk_Vieira (2019)","Uninformative_bk","M_Vieira(1988-2018)",6888.47311201051
"Uninformative_bk_Vieira (2019)","Uninformative_bk","M_Vieira(1988-2018)",1946.44499813258
"Uninformative_bk_Vieira (2019)","Uninformative_bk","M_Vieira(1988-2018)",1877.61553677714
"Uninformative_bk_Vieira (2019)","Uninformative_bk","M_Vieira(1988-2018)",1805.04261201519
"Uninformative_bk_Vieira (2019)","Uninformative_bk","M_Vieira(1988-2018)",2005.76328470667
"Uninformative_bk_Vieira (2019)","Uninformative_bk","M_Vieira(1988-2018)",1865.8215188012
"Uninformative_bk_Vieira (2019)","Uninformative_bk","M_Vieira(1988-2018)",1927.12069096636
"Uninformative_bk_Vieira (2019)","Uninformative_bk","M_Vieira(1988-2018)",1911.53286713609
"Uninformative_bk_Vieira (2019)","Uninformative_bk","M_Vieira(1988-2018)",2166.17852216701
"Uninformative_bk_Vieira (2019)","Uninformative_bk","M_Vieira(1988-2018)",1871.74419696463
"Uninformative_bk_Vieira (2019)","Uninformative_bk","M_Vieira(1988-2018)",4030.23865836715
"Uninformative_bk_Vieira (2019)","Uninformative_bk","M_Vieira(1988-2018)",1918.15410142193
"Uninformative_bk_Vieira (2019)","Uninformative_bk","M_Vieira(1988-2018)",2644.20842928136
"Uninformative_bk_Vieira (2019)","Uninformative_bk","M_Vieira(1988-2018)",1946.23217936156
"Uninformative_bk_Vieira (2019)","Uninformative_bk","M_Vieira(1988-2018)",1982.73859440606
"Uninformative_bk_Vieira (2019)","Uninformative_bk","M_Vieira(1988-2018)",1917.66743920406
"Uninformative_bk_Vieira (2019)","Uninformative_bk","M_Vieira(1988-2018)",1874.99134893198
"Uninformative_bk_Vieira (2019)","Uninformative_bk","M_Vieira(1988-2018)",1605.67329487391
"Uninformative_bk_Vieira (2019)","Uninformative_bk","M_Vieira(1988-2018)",1933.28200408536
"Uninformative_bk_Vieira (2019)","Uninformative_bk","M_Vieira(1988-2018)",2701.09649436831
"Uninformative_bk_Vieira (2019)","Uninformative_bk","M_Vieira(1988-2018)",1987.07071223596
"Uninformative_bk_Vieira (2019)","Uninformative_bk","M_Vieira(1988-2018)",1943.02861012238
"Uninformative_bk_Vieira (2019)","Uninformative_bk","M_Vieira(1988-2018)",1946.51286958781
"Uninformative_bk_Vieira (2019)","Uninformative_bk","M_Vieira(1988-2018)",1897.90057436116
"Uninformative_bk_Vieira (2019)","Uninformative_bk","M_Vieira(1988-2018)",1884.62509818271
"Uninformative_bk_Vieira (2019)","Uninformative_bk","M_Vieira(1988-2018)",1900.84112216599
"Uninformative_bk_Vieira (2019)","Uninformative_bk","M_Vieira(1988-2018)",1797.39768572464
"Uninformative_bk_Vieira (2019)","Uninformative_bk","M_Vieira(1988-2018)",1882.77284113689
"Uninformative_bk_Vieira (2019)","Uninformative_bk","M_Vieira(1988-2018)",5325.15907222818
"Uninformative_bk_Vieira (2019)","Uninformative_bk","M_Vieira(1988-2018)",1944.43703900391
"Uninformative_bk_Vieira (2019)","Uninformative_bk","M_Vieira(1988-2018)",1943.34438312319
"Uninformative_bk_Vieira (2019)","Uninformative_bk","M_Vieira(1988-2018)",3970.91094378735
"Uninformative_bk_Vieira (2019)","Uninformative_bk","M_Vieira(1988-2018)",1933.20355748093
"Uninformative_bk_Vieira (2019)","Uninformative_bk","M_Vieira(1988-2018)",1988.92439451179
"Uninformative_bk_Vieira (2019)","Uninformative_bk","M_Vieira(1988-2018)",1953.97340626653
"Uninformative_bk_Vieira (2019)","Uninformative_bk","M_Vieira(1988-2018)",1929.50413146734
"Uninformative_bk_Vieira (2019)","Uninformative_bk","M_Vieira(1988-2018)",4312.95985650025
"Uninformative_bk_Vieira (2019)","Uninformative_bk","M_Vieira(1988-2018)",1878.53606713884
"Uninformative_bk_Vieira (2019)","Uninformative_bk","M_Vieira(1988-2018)",1831.37703865142
"Uninformative_bk_Vieira (2019)","Uninformative_bk","M_Vieira(1988-2018)",2105.61290537054
"Uninformative_bk_Vieira (2019)","Uninformative_bk","M_Vieira(1988-2018)",1936.67108217697
"Uninformative_bk_Vieira (2019)","Uninformative_bk","M_Vieira(1988-2018)",1884.19933686693
"Uninformative_bk_Vieira (2019)","Uninformative_bk","M_Vieira(1988-2018)",2289.0515478636
"Uninformative_bk_Vieira (2019)","Uninformative_bk","M_Vieira(1988-2018)",2088.54578494491
"Uninformative_bk_Vieira (2019)","Uninformative_bk","M_Vieira(1988-2018)",2128.30373629297
"Uninformative_bk_Vieira (2019)","Uninformative_bk","M_Vieira(1988-2018)",1936.16095888929
"Uninformative_bk_Vieira (2019)","Uninformative_bk","M_Vieira(1988-2018)",2103.41989005493
"Uninformative_bk_Vieira (2019)","Uninformative_bk","M_Vieira(1988-2018)",1942.99941434599
"Uninformative_bk_Vieira (2019)","Uninformative_bk","M_Vieira(1988-2018)",2185.14089541006
"Uninformative_bk_Vieira (2019)","Uninformative_bk","M_Vieira(1988-2018)",2515.35827577107
"Uninformative_bk_Vieira (2019)","Uninformative_bk","M_Vieira(1988-2018)",1935.78880618193
"Uninformative_bk_Vieira (2019)","Uninformative_bk","M_Vieira(1988-2018)",2135.92519873883
"Uninformative_bk_Vieira (2019)","Uninformative_bk","M_Vieira(1988-2018)",2042.52721232256
"Uninformative_bk_Vieira (2019)","Uninformative_bk","M_Vieira(1988-2018)",2051.88884591651
"Uninformative_bk_Vieira (2019)","Uninformative_bk","M_Vieira(1988-2018)",1944.95587299415
"Uninformative_bk_Vieira (2019)","Uninformative_bk","M_Vieira(1988-2018)",1905.86170781915
"Uninformative_bk_Vieira (2019)","Uninformative_bk","M_Vieira(1988-2018)",2272.98021536462
"Uninformative_bk_Vieira (2019)","Uninformative_bk","M_Vieira(1988-2018)",1880.8944177255
"Uninformative_bk_Vieira (2019)","Uninformative_bk","M_Vieira(1988-2018)",1780.79245280997
"Uninformative_bk_Vieira (2019)","Uninformative_bk","M_Vieira(1988-2018)",1975.07635929457
"Uninformative_bk_Vieira (2019)","Uninformative_bk","M_Vieira(1988-2018)",1918.68028368815
"Uninformative_bk_Vieira (2019)","Uninformative_bk","M_Vieira(1988-2018)",1936.09211305913
"Uninformative_bk_Vieira (2019)","Uninformative_bk","M_Vieira(1988-2018)",2020.780160208
"Uninformative_bk_Vieira (2019)","Uninformative_bk","M_Vieira(1988-2018)",1915.99623666989
"Uninformative_bk_Vieira (2019)","Uninformative_bk","M_Vieira(1988-2018)",1968.776170639
"Uninformative_bk_Vieira (2019)","Uninformative_bk","M_Vieira(1988-2018)",2060.39337280374
"Uninformative_bk_Vieira (2019)","Uninformative_bk","M_Vieira(1988-2018)",1947.51285089205
"Uninformative_bk_Vieira (2019)","Uninformative_bk","M_Vieira(1988-2018)",2130.09170546284
"Uninformative_bk_Vieira (2019)","Uninformative_bk","M_Vieira(1988-2018)",2002.88280248814
"Uninformative_bk_Vieira (2019)","Uninformative_bk","M_Vieira(1988-2018)",2344.26654251383
"Uninformative_bk_Vieira (2019)","Uninformative_bk","M_Vieira(1988-2018)",2037.30575654915
"Uninformative_bk_Vieira (2019)","Uninformative_bk","M_Vieira(1988-2018)",1872.74616567521
"Uninformative_bk_Vieira (2019)","Uninformative_bk","M_Vieira(1988-2018)",2008.6752653695
"Uninformative_bk_Vieira (2019)","Uninformative_bk","M_Vieira(1988-2018)",1960.53417957318
"Uninformative_bk_Vieira (2019)","Uninformative_bk","M_Vieira(1988-2018)",2056.25110719812
"Uninformative_bk_Vieira (2019)","Uninformative_bk","M_Vieira(1988-2018)",3656.74161291967
"Uninformative_bk_Vieira (2019)","Uninformative_bk","M_Vieira(1988-2018)",1963.07200245513
"Uninformative_bk_Vieira (2019)","Uninformative_bk","M_Vieira(1988-2018)",1944.02450194022
"Uninformative_bk_Vieira (2019)","Uninformative_bk","M_Vieira(1988-2018)",1919.12593049583
"Uninformative_bk_Vieira (2019)","Uninformative_bk","M_Vieira(1988-2018)",1834.89050564335
"Uninformative_bk_Vieira (2019)","Uninformative_bk","M_Vieira(1988-2018)",1906.87333297679
"Uninformative_bk_Vieira (2019)","Uninformative_bk","M_Vieira(1988-2018)",1914.49334960743
"Uninformative_bk_Vieira (2019)","Uninformative_bk","M_Vieira(1988-2018)",2620.72920549426
"Uninformative_bk_Vieira (2019)","Uninformative_bk","M_Vieira(1988-2018)",1967.55755597229
"Uninformative_bk_Vieira (2019)","Uninformative_bk","M_Vieira(1988-2018)",1872.38821745415
"Uninformative_bk_Vieira (2019)","Uninformative_bk","M_Vieira(1988-2018)",3581.25576481823
"Uninformative_bk_Vieira (2019)","Uninformative_bk","M_Vieira(1988-2018)",1955.93917306859
"Uninformative_bk_Vieira (2019)","Uninformative_bk","M_Vieira(1988-2018)",1953.03341593344
"Uninformative_bk_Vieira (2019)","Uninformative_bk","M_Vieira(1988-2018)",4889.47982601917
"Uninformative_bk_Vieira (2019)","Uninformative_bk","M_Vieira(1988-2018)",1701.71725757912
"Uninformative_bk_Vieira (2019)","Uninformative_bk","M_Vieira(1988-2018)",1960.47047971764
"Uninformative_bk_Vieira (2019)","Uninformative_bk","M_Vieira(1988-2018)",3316.4834902324
"Uninformative_bk_Vieira (2019)","Uninformative_bk","M_Vieira(1988-2018)",1817.45128824258
"Uninformative_bk_Vieira (2019)","Uninformative_bk","M_Vieira(1988-2018)",2050.44642695356
"Uninformative_bk_Vieira (2019)","Uninformative_bk","M_Vieira(1988-2018)",1870.46674452164
"Uninformative_bk_Vieira (2019)","Uninformative_bk","M_Vieira(1988-2018)",2434.97236437178
"Uninformative_bk_Vieira (2019)","Uninformative_bk","M_Vieira(1988-2018)",2319.67699690942
"Uninformative_bk_Vieira (2019)","Uninformative_bk","M_Vieira(1988-2018)",1965.27931229
"Uninformative_bk_Vieira (2019)","Uninformative_bk","M_Vieira(1988-2018)",1881.91855026999
"Uninformative_bk_Vieira (2019)","Uninformative_bk","M_Vieira(1988-2018)",2002.49987779658
"Uninformative_bk_Vieira (2019)","Uninformative_bk","M_Vieira(1988-2018)",2017.16561123479
"Uninformative_bk_Vieira (2019)","Uninformative_bk","M_Vieira(1988-2018)",1960.80123402553
"Uninformative_bk_Vieira (2019)","Uninformative_bk","M_Vieira(1988-2018)",1909.4820125986
"Uninformative_bk_Vieira (2019)","Uninformative_bk","M_Vieira(1988-2018)",1958.04047472734
"Uninformative_bk_Vieira (2019)","Uninformative_bk","M_Vieira(1988-2018)",1696.84312049504
"Uninformative_bk_Vieira (2019)","Uninformative_bk","M_Vieira(1988-2018)",2218.66585817222
"Uninformative_bk_Vieira (2019)","Uninformative_bk","M_Vieira(1988-2018)",1915.96069618736
"Uninformative_bk_Vieira (2019)","Uninformative_bk","M_Vieira(1988-2018)",1897.39130454961
"Uninformative_bk_Vieira (2019)","Uninformative_bk","M_Vieira(1988-2018)",1992.69062458682
"Uninformative_bk_Vieira (2019)","Uninformative_bk","M_Vieira(1988-2018)",2096.39592206165
"Uninformative_bk_Vieira (2019)","Uninformative_bk","M_Vieira(1988-2018)",1921.22582441037
"Uninformative_bk_Vieira (2019)","Uninformative_bk","M_Vieira(1988-2018)",1898.85218136123
"Uninformative_bk_Vieira (2019)","Uninformative_bk","M_Vieira(1988-2018)",1967.53420398691
"Uninformative_bk_Vieira (2019)","Uninformative_bk","M_Vieira(1988-2018)",2009.60841795367
"Uninformative_bk_Vieira (2019)","Uninformative_bk","M_Vieira(1988-2018)",1926.38977719972
"Uninformative_bk_Vieira (2019)","Uninformative_bk","M_Vieira(1988-2018)",1890.68072713394
"Uninformative_bk_Vieira (2019)","Uninformative_bk","M_Vieira(1988-2018)",1970.7852183756
"Uninformative_bk_Vieira (2019)","Uninformative_bk","M_Vieira(1988-2018)",2008.52911001822
"Uninformative_bk_Vieira (2019)","Uninformative_bk","M_Vieira(1988-2018)",2025.93414746314
"Uninformative_bk_Vieira (2019)","Uninformative_bk","M_Vieira(1988-2018)",1832.76525722613
"Uninformative_bk_Vieira (2019)","Uninformative_bk","M_Vieira(1988-2018)",1699.90395155903
"Uninformative_bk_Vieira (2019)","Uninformative_bk","M_Vieira(1988-2018)",2833.97837456423
"Uninformative_bk_Vieira (2019)","Uninformative_bk","M_Vieira(1988-2018)",1970.05136831462
"Uninformative_bk_Vieira (2019)","Uninformative_bk","M_Vieira(1988-2018)",2322.57725902659
"Uninformative_bk_Vieira (2019)","Uninformative_bk","M_Vieira(1988-2018)",1954.57055789175
"Uninformative_bk_Vieira (2019)","Uninformative_bk","M_Vieira(1988-2018)",1827.04785275356
"Uninformative_bk_Vieira (2019)","Uninformative_bk","M_Vieira(1988-2018)",1941.76412712164
"Uninformative_bk_Vieira (2019)","Uninformative_bk","M_Vieira(1988-2018)",1826.9998448614
"Uninformative_bk_Vieira (2019)","Uninformative_bk","M_Vieira(1988-2018)",1960.09574376567
"Uninformative_bk_Vieira (2019)","Uninformative_bk","M_Vieira(1988-2018)",1805.89911074445
"Uninformative_bk_Vieira (2019)","Uninformative_bk","M_Vieira(1988-2018)",2782.08532365617
"Uninformative_bk_Vieira (2019)","Uninformative_bk","M_Vieira(1988-2018)",2056.43502309293
"Uninformative_bk_Vieira (2019)","Uninformative_bk","M_Vieira(1988-2018)",2104.14144743164
"Uninformative_bk_Vieira (2019)","Uninformative_bk","M_Vieira(1988-2018)",2064.56233992504
"Uninformative_bk_Vieira (2019)","Uninformative_bk","M_Vieira(1988-2018)",1954.94836516888
"Uninformative_bk_Vieira (2019)","Uninformative_bk","M_Vieira(1988-2018)",1884.77738853175
"Uninformative_bk_Vieira (2019)","Uninformative_bk","M_Vieira(1988-2018)",1985.14228455444
"Uninformative_bk_Vieira (2019)","Uninformative_bk","M_Vieira(1988-2018)",1975.46698226145
"Uninformative_bk_Vieira (2019)","Uninformative_bk","M_Vieira(1988-2018)",1960.95430905137
"Uninformative_bk_Vieira (2019)","Uninformative_bk","M_Vieira(1988-2018)",1979.51769952947
"Uninformative_bk_Vieira (2019)","Uninformative_bk","M_Vieira(1988-2018)",1823.46564373049
"Uninformative_bk_Vieira (2019)","Uninformative_bk","M_Vieira(1988-2018)",2102.34861052882
"Uninformative_bk_Vieira (2019)","Uninformative_bk","M_Vieira(1988-2018)",1904.38958968709
"Uninformative_bk_Vieira (2019)","Uninformative_bk","M_Vieira(1988-2018)",1920.36767360409
"Uninformative_bk_Vieira (2019)","Uninformative_bk","M_Vieira(1988-2018)",1965.43422832923
"Uninformative_bk_Vieira (2019)","Uninformative_bk","M_Vieira(1988-2018)",3538.64129588102
"Uninformative_bk_Vieira (2019)","Uninformative_bk","M_Vieira(1988-2018)",1995.77434180915
"Uninformative_bk_Vieira (2019)","Uninformative_bk","M_Vieira(1988-2018)",2087.53572539812
"Uninformative_bk_Vieira (2019)","Uninformative_bk","M_Vieira(1988-2018)",1939.67308168832
"Uninformative_bk_Vieira (2019)","Uninformative_bk","M_Vieira(1988-2018)",2118.50493574128
"Uninformative_bk_Vieira (2019)","Uninformative_bk","M_Vieira(1988-2018)",1988.13790238155
"Uninformative_bk_Vieira (2019)","Uninformative_bk","M_Vieira(1988-2018)",1944.28403033794
"Uninformative_bk_Vieira (2019)","Uninformative_bk","M_Vieira(1988-2018)",1988.41743690349
"Uninformative_bk_Vieira (2019)","Uninformative_bk","M_Vieira(1988-2018)",1990.9877053279
"Uninformative_bk_Vieira (2019)","Uninformative_bk","M_Vieira(1988-2018)",1981.72041448523
"Uninformative_bk_Vieira (2019)","Uninformative_bk","M_Vieira(1988-2018)",1856.83643817218
"Uninformative_bk_Vieira (2019)","Uninformative_bk","M_Vieira(1988-2018)",1934.55294730189
"Uninformative_bk_Vieira (2019)","Uninformative_bk","M_Vieira(1988-2018)",2281.84874107326
"Uninformative_bk_Vieira (2019)","Uninformative_bk","M_Vieira(1988-2018)",1956.31672689989
"Uninformative_bk_Vieira (2019)","Uninformative_bk","M_Vieira(1988-2018)",1973.41899925607
"Uninformative_bk_Vieira (2019)","Uninformative_bk","M_Vieira(1988-2018)",1959.51159302591
"Uninformative_bk_Vieira (2019)","Uninformative_bk","M_Vieira(1988-2018)",1951.16543833385
"Uninformative_bk_Vieira (2019)","Uninformative_bk","M_Vieira(1988-2018)",1937.51091240681
"Uninformative_bk_Vieira (2019)","Uninformative_bk","M_Vieira(1988-2018)",1904.71533163929
"Uninformative_bk_Vieira (2019)","Uninformative_bk","M_Vieira(1988-2018)",1898.38040976601
"Uninformative_bk_Vieira (2019)","Uninformative_bk","M_Vieira(1988-2018)",2202.16886218416
"Uninformative_bk_Vieira (2019)","Uninformative_bk","M_Vieira(1988-2018)",2077.09097738424
"Uninformative_bk_Vieira (2019)","Uninformative_bk","M_Vieira(1988-2018)",2546.24742651221
"Uninformative_bk_Vieira (2019)","Uninformative_bk","M_Vieira(1988-2018)",1758.00644930265
"Uninformative_bk_Vieira (2019)","Uninformative_bk","M_Vieira(1988-2018)",1860.66342078503
"Uninformative_bk_Vieira (2019)","Uninformative_bk","M_Vieira(1988-2018)",2151.58185089714
"Uninformative_bk_Vieira (2019)","Uninformative_bk","M_Vieira(1988-2018)",1969.31379434219
"Uninformative_bk_Vieira (2019)","Uninformative_bk","M_Vieira(1988-2018)",1964.44205263435
"Uninformative_bk_Vieira (2019)","Uninformative_bk","M_Vieira(1988-2018)",1932.24470384406
"Uninformative_bk_Vieira (2019)","Uninformative_bk","M_Vieira(1988-2018)",1952.82954214274
"Uninformative_bk_Vieira (2019)","Uninformative_bk","M_Vieira(1988-2018)",1866.16038606217
"Uninformative_bk_Vieira (2019)","Uninformative_bk","M_Vieira(1988-2018)",1962.8552050518
"Uninformative_bk_Vieira (2019)","Uninformative_bk","M_Vieira(1988-2018)",1895.64158456286
"Uninformative_bk_Vieira (2019)","Uninformative_bk","M_Vieira(1988-2018)",1906.46916910439
"Uninformative_bk_Vieira (2019)","Uninformative_bk","M_Vieira(1988-2018)",3767.33135974571
"Uninformative_bk_Vieira (2019)","Uninformative_bk","M_Vieira(1988-2018)",1736.91459424565
"Uninformative_bk_Vieira (2019)","Uninformative_bk","M_Vieira(1988-2018)",2084.503540525
"Uninformative_bk_Vieira (2019)","Uninformative_bk","M_Vieira(1988-2018)",1936.62431880473
"Uninformative_bk_Vieira (2019)","Uninformative_bk","M_Vieira(1988-2018)",2044.31018904786
"Uninformative_bk_Vieira (2019)","Uninformative_bk","M_Vieira(1988-2018)",1892.91634799825
"Uninformative_bk_Vieira (2019)","Uninformative_bk","M_Vieira(1988-2018)",2324.94198346054
"Uninformative_bk_Vieira (2019)","Uninformative_bk","M_Vieira(1988-2018)",5378.13326447818
"Uninformative_bk_Vieira (2019)","Uninformative_bk","M_Vieira(1988-2018)",1892.45086521384
"Uninformative_bk_Vieira (2019)","Uninformative_bk","M_Vieira(1988-2018)",3461.90526826518
"Uninformative_bk_Vieira (2019)","Uninformative_bk","M_Vieira(1988-2018)",2324.39224654794
"Uninformative_bk_Vieira (2019)","Uninformative_bk","M_Vieira(1988-2018)",1762.73141796943
"Uninformative_bk_Vieira (2019)","Uninformative_bk","M_Vieira(1988-2018)",1993.14437502066
"Uninformative_bk_Vieira (2019)","Uninformative_bk","M_Vieira(1988-2018)",2480.24155978699
"Uninformative_bk_Vieira (2019)","Uninformative_bk","M_Vieira(1988-2018)",1965.65406221128
"Uninformative_bk_Vieira (2019)","Uninformative_bk","M_Vieira(1988-2018)",5134.03423920078
"Uninformative_bk_Vieira (2019)","Uninformative_bk","M_Vieira(1988-2018)",2038.55613169385
"Uninformative_bk_Vieira (2019)","Uninformative_bk","M_Vieira(1988-2018)",3126.17175572017
"Uninformative_bk_Vieira (2019)","Uninformative_bk","M_Vieira(1988-2018)",1937.54064863279
"Uninformative_bk_Vieira (2019)","Uninformative_bk","M_Vieira(1988-2018)",1838.92800088768
"Uninformative_bk_Vieira (2019)","Uninformative_bk","M_Vieira(1988-2018)",1961.64599369644
"Uninformative_bk_Vieira (2019)","Uninformative_bk","M_Vieira(1988-2018)",4307.98961500195
"Uninformative_bk_Vieira (2019)","Uninformative_bk","M_Vieira(1988-2018)",1914.86395586914
"Uninformative_bk_Vieira (2019)","Uninformative_bk","M_Vieira(1988-2018)",1930.79195459507
"Uninformative_bk_Vieira (2019)","Uninformative_bk","M_Vieira(1988-2018)",2038.1118251976
"Uninformative_bk_Vieira (2019)","Uninformative_bk","M_Vieira(1988-2018)",3018.8645329267
"Uninformative_bk_Vieira (2019)","Uninformative_bk","M_Vieira(1988-2018)",1879.22258332824
"Uninformative_bk_Vieira (2019)","Uninformative_bk","M_Vieira(1988-2018)",1949.70793956789
"Uninformative_bk_Vieira (2019)","Uninformative_bk","M_Vieira(1988-2018)",5863.89521153585
"Uninformative_bk_Vieira (2019)","Uninformative_bk","M_Vieira(1988-2018)",3578.55314307598
"Uninformative_bk_Vieira (2019)","Uninformative_bk","M_Vieira(1988-2018)",1936.77303186896
"Uninformative_bk_Vieira (2019)","Uninformative_bk","M_Vieira(1988-2018)",2031.32355626695
"Uninformative_bk_Vieira (2019)","Uninformative_bk","M_Vieira(1988-2018)",2234.96268868303
"Uninformative_bk_Vieira (2019)","Uninformative_bk","M_Vieira(1988-2018)",1959.57917358406
"Uninformative_bk_Vieira (2019)","Uninformative_bk","M_Vieira(1988-2018)",1928.68589065562
"Uninformative_bk_Vieira (2019)","Uninformative_bk","M_Vieira(1988-2018)",2002.27039436664
"Uninformative_bk_Vieira (2019)","Uninformative_bk","M_Vieira(1988-2018)",1946.878549244
"Uninformative_bk_Vieira (2019)","Uninformative_bk","M_Vieira(1988-2018)",2167.06964586485
"Uninformative_bk_Vieira (2019)","Uninformative_bk","M_Vieira(1988-2018)",1949.55997788859
"Uninformative_bk_Vieira (2019)","Uninformative_bk","M_Vieira(1988-2018)",1900.73985981725
"Uninformative_bk_Vieira (2019)","Uninformative_bk","M_Vieira(1988-2018)",1939.0151818662
"Uninformative_bk_Vieira (2019)","Uninformative_bk","M_Vieira(1988-2018)",2009.32387190951
"Uninformative_bk_Vieira (2019)","Uninformative_bk","M_Vieira(1988-2018)",1946.40427108672
"Uninformative_bk_Vieira (2019)","Uninformative_bk","M_Vieira(1988-2018)",1929.18388464836
"Uninformative_bk_Vieira (2019)","Uninformative_bk","M_Vieira(1988-2018)",1904.79497426367
"Uninformative_bk_Vieira (2019)","Uninformative_bk","M_Vieira(1988-2018)",1835.23626490156
"Uninformative_bk_Vieira (2019)","Uninformative_bk","M_Vieira(1988-2018)",1981.98827952438
"Uninformative_bk_Vieira (2019)","Uninformative_bk","M_Vieira(1988-2018)",1921.54147786807
"Uninformative_bk_Vieira (2019)","Uninformative_bk","M_Vieira(1988-2018)",1978.84720548522
"Uninformative_bk_Vieira (2019)","Uninformative_bk","M_Vieira(1988-2018)",1774.8661946397
"Uninformative_bk_Vieira (2019)","Uninformative_bk","M_Vieira(1988-2018)",2022.16348312089
"Uninformative_bk_Vieira (2019)","Uninformative_bk","M_Vieira(1988-2018)",1880.56810485789
"Uninformative_bk_Vieira (2019)","Uninformative_bk","M_Vieira(1988-2018)",1957.58088951824
"Uninformative_bk_Vieira (2019)","Uninformative_bk","M_Vieira(1988-2018)",1832.43632428703
"Uninformative_bk_Vieira (2019)","Uninformative_bk","M_Vieira(1988-2018)",1989.45079945874
"Uninformative_bk_Vieira (2019)","Uninformative_bk","M_Vieira(1988-2018)",2431.80894776577
"Uninformative_bk_Vieira (2019)","Uninformative_bk","M_Vieira(1988-2018)",2066.99686546073
"Uninformative_bk_Vieira (2019)","Uninformative_bk","M_Vieira(1988-2018)",1721.1936308908
"Uninformative_bk_Vieira (2019)","Uninformative_bk","M_Vieira(1988-2018)",1910.07911294761
"Uninformative_bk_Vieira (2019)","Uninformative_bk","M_Vieira(1988-2018)",1843.09876000363
"Uninformative_bk_Vieira (2019)","Uninformative_bk","M_Vieira(1988-2018)",3748.1925810451
"Uninformative_bk_Vieira (2019)","Uninformative_bk","M_Vieira(1988-2018)",1982.86764705647
"Uninformative_bk_Vieira (2019)","Uninformative_bk","M_Vieira(1988-2018)",1848.13910978131
"Uninformative_bk_Vieira (2019)","Uninformative_bk","M_Vieira(1988-2018)",1832.17740053502
"Uninformative_bk_Vieira (2019)","Uninformative_bk","M_Vieira(1988-2018)",1983.11597269691
"Uninformative_bk_Vieira (2019)","Uninformative_bk","M_Vieira(1988-2018)",1887.62510039485
"Uninformative_bk_Vieira (2019)","Uninformative_bk","M_Vieira(1988-2018)",1846.30251445336
"Uninformative_bk_Vieira (2019)","Uninformative_bk","M_Vieira(1988-2018)",3529.9965223068
"Uninformative_bk_Vieira (2019)","Uninformative_bk","M_Vieira(1988-2018)",1460.70375011517
"Uninformative_bk_Vieira (2019)","Uninformative_bk","M_Vieira(1988-2018)",1478.30310867736
"Uninformative_bk_Vieira (2019)","Uninformative_bk","M_Vieira(1988-2018)",1784.8338663469
"Uninformative_bk_Vieira (2019)","Uninformative_bk","M_Vieira(1988-2018)",2129.25890502941
"Uninformative_bk_Vieira (2019)","Uninformative_bk","M_Vieira(1988-2018)",1926.09560164692
"Uninformative_bk_Vieira (2019)","Uninformative_bk","M_Vieira(1988-2018)",1967.3723037599
"Uninformative_bk_Vieira (2019)","Uninformative_bk","M_Vieira(1988-2018)",1953.34567953928
"Uninformative_bk_Vieira (2019)","Uninformative_bk","M_Vieira(1988-2018)",1837.47850607458
"Uninformative_bk_Vieira (2019)","Uninformative_bk","M_Vieira(1988-2018)",1700.26214353982
"Uninformative_bk_Vieira (2019)","Uninformative_bk","M_Vieira(1988-2018)",1868.45531902184
"Uninformative_bk_Vieira (2019)","Uninformative_bk","M_Vieira(1988-2018)",1935.58580858379
"Uninformative_bk_Vieira (2019)","Uninformative_bk","M_Vieira(1988-2018)",1979.42156121881
"Uninformative_bk_Vieira (2019)","Uninformative_bk","M_Vieira(1988-2018)",1895.08364300777
"Uninformative_bk_Vieira (2019)","Uninformative_bk","M_Vieira(1988-2018)",1947.92364408265
"Uninformative_bk_Vieira (2019)","Uninformative_bk","M_Vieira(1988-2018)",6280.22087102718
"Uninformative_bk_Vieira (2019)","Uninformative_bk","M_Vieira(1988-2018)",1967.6339690263
"Uninformative_bk_Vieira (2019)","Uninformative_bk","M_Vieira(1988-2018)",1894.74233665135
"Uninformative_bk_Vieira (2019)","Uninformative_bk","M_Vieira(1988-2018)",1970.32341624192
"Uninformative_bk_Vieira (2019)","Uninformative_bk","M_Vieira(1988-2018)",1857.28230769303
"Uninformative_bk_Vieira (2019)","Uninformative_bk","M_Vieira(1988-2018)",1937.168132716
"Uninformative_bk_Vieira (2019)","Uninformative_bk","M_Vieira(1988-2018)",2610.29578991795
"Uninformative_bk_Vieira (2019)","Uninformative_bk","M_Vieira(1988-2018)",1920.47736898009
"Uninformative_bk_Vieira (2019)","Uninformative_bk","M_Vieira(1988-2018)",1947.14650189435
"Uninformative_bk_Vieira (2019)","Uninformative_bk","M_Vieira(1988-2018)",1975.89915530002
"Uninformative_bk_Vieira (2019)","Uninformative_bk","M_Vieira(1988-2018)",1811.39367756533
"Uninformative_bk_Vieira (2019)","Uninformative_bk","M_Vieira(1988-2018)",2390.5575670104
"Uninformative_bk_Vieira (2019)","Uninformative_bk","M_Vieira(1988-2018)",4386.99470514273
"Uninformative_bk_Vieira (2019)","Uninformative_bk","M_Vieira(1988-2018)",1965.20969074642
"Uninformative_bk_Vieira (2019)","Uninformative_bk","M_Vieira(1988-2018)",2124.34715637854
"Uninformative_bk_Vieira (2019)","Uninformative_bk","M_Vieira(1988-2018)",1972.2930889647
"Uninformative_bk_Vieira (2019)","Uninformative_bk","M_Vieira(1988-2018)",1932.16895111091
"Uninformative_bk_Vieira (2019)","Uninformative_bk","M_Vieira(1988-2018)",1903.09350119596
"Uninformative_bk_Vieira (2019)","Uninformative_bk","M_Vieira(1988-2018)",1986.54108103847
"Uninformative_bk_Vieira (2019)","Uninformative_bk","M_Vieira(1988-2018)",1884.92472062169
"Uninformative_bk_Vieira (2019)","Uninformative_bk","M_Vieira(1988-2018)",2339.27984448872
"Uninformative_bk_Vieira (2019)","Uninformative_bk","M_Vieira(1988-2018)",1776.12350199106
"Uninformative_bk_Vieira (2019)","Uninformative_bk","M_Vieira(1988-2018)",1926.61553750169
"Uninformative_bk_Vieira (2019)","Uninformative_bk","M_Vieira(1988-2018)",2034.88991238799
"Uninformative_bk_Vieira (2019)","Uninformative_bk","M_Vieira(1988-2018)",2100.45051987367
"Uninformative_bk_Vieira (2019)","Uninformative_bk","M_Vieira(1988-2018)",3816.02520344284
"Uninformative_bk_Vieira (2019)","Uninformative_bk","M_Vieira(1988-2018)",1842.41490328606
"Uninformative_bk_Vieira (2019)","Uninformative_bk","M_Vieira(1988-2018)",1990.81397797338
"Uninformative_bk_Vieira (2019)","Uninformative_bk","M_Vieira(1988-2018)",4753.90449807486
"Uninformative_bk_Vieira (2019)","Uninformative_bk","M_Vieira(1988-2018)",1935.8641263613
"Uninformative_bk_Vieira (2019)","Uninformative_bk","M_Vieira(1988-2018)",1984.10210749294
"Uninformative_bk_Vieira (2019)","Uninformative_bk","M_Vieira(1988-2018)",1910.39065792319
"Uninformative_bk_Vieira (2019)","Uninformative_bk","M_Vieira(1988-2018)",4269.3126007618
"Uninformative_bk_Vieira (2019)","Uninformative_bk","M_Vieira(1988-2018)",2316.48088692797
"Uninformative_bk_Vieira (2019)","Uninformative_bk","M_Vieira(1988-2018)",2055.58320178331
"Uninformative_bk_Vieira (2019)","Uninformative_bk","M_Vieira(1988-2018)",1832.07843770006
"Uninformative_bk_Vieira (2019)","Uninformative_bk","M_Vieira(1988-2018)",1955.00716049884
"Uninformative_bk_Vieira (2019)","Uninformative_bk","M_Vieira(1988-2018)",2055.1417218549
"Uninformative_bk_Vieira (2019)","Uninformative_bk","M_Vieira(1988-2018)",1887.56011262203
"Uninformative_bk_Vieira (2019)","Uninformative_bk","M_Vieira(1988-2018)",1919.56140771304
"Uninformative_bk_Vieira (2019)","Uninformative_bk","M_Vieira(1988-2018)",1738.65964422463
"Uninformative_bk_Vieira (2019)","Uninformative_bk","M_Vieira(1988-2018)",2503.255019445
"Uninformative_bk_Vieira (2019)","Uninformative_bk","M_Vieira(1988-2018)",1836.33846823077
"Uninformative_bk_Vieira (2019)","Uninformative_bk","M_Vieira(1988-2018)",1954.18123948719
"Uninformative_bk_Vieira (2019)","Uninformative_bk","M_Vieira(1988-2018)",1938.4600493748
"Uninformative_bk_Vieira (2019)","Uninformative_bk","M_Vieira(1988-2018)",1913.47842657829
"Uninformative_bk_Vieira (2019)","Uninformative_bk","M_Vieira(1988-2018)",1953.55292786602
"Uninformative_bk_Vieira (2019)","Uninformative_bk","M_Vieira(1988-2018)",1939.99440850813
"Uninformative_bk_Vieira (2019)","Uninformative_bk","M_Vieira(1988-2018)",2213.15537967681
"Uninformative_bk_Vieira (2019)","Uninformative_bk","M_Vieira(1988-2018)",1884.10372789575
"Uninformative_bk_Vieira (2019)","Uninformative_bk","M_Vieira(1988-2018)",1813.00545163869
"Uninformative_bk_Vieira (2019)","Uninformative_bk","M_Vieira(1988-2018)",1743.30052527303
"Uninformative_bk_Vieira (2019)","Uninformative_bk","M_Vieira(1988-2018)",3195.78200524387
"Uninformative_bk_Vieira (2019)","Uninformative_bk","M_Vieira(1988-2018)",2631.97071318889
"Uninformative_bk_Vieira (2019)","Uninformative_bk","M_Vieira(1988-2018)",1943.44304913134
"Uninformative_bk_Vieira (2019)","Uninformative_bk","M_Vieira(1988-2018)",1964.92744173014
"Uninformative_bk_Vieira (2019)","Uninformative_bk","M_Vieira(1988-2018)",1761.86928634842
"Uninformative_bk_Vieira (2019)","Uninformative_bk","M_Vieira(1988-2018)",4591.43142864053
"Uninformative_bk_Vieira (2019)","Uninformative_bk","M_Vieira(1988-2018)",1844.09115425759
"Uninformative_bk_Vieira (2019)","Uninformative_bk","M_Vieira(1988-2018)",1930.97398287337
"Uninformative_bk_Vieira (2019)","Uninformative_bk","M_Vieira(1988-2018)",1998.49880245857
"Uninformative_bk_Vieira (2019)","Uninformative_bk","M_Vieira(1988-2018)",1978.33286693814
"Uninformative_bk_Vieira (2019)","Uninformative_bk","M_Vieira(1988-2018)",1940.36849156587
"Uninformative_bk_Vieira (2019)","Uninformative_bk","M_Vieira(1988-2018)",1858.80909826308
"Uninformative_bk_Vieira (2019)","Uninformative_bk","M_Vieira(1988-2018)",1972.33902069315
"Uninformative_bk_Vieira (2019)","Uninformative_bk","M_Vieira(1988-2018)",2442.51883615873
"Uninformative_bk_Vieira (2019)","Uninformative_bk","M_Vieira(1988-2018)",1918.6963094642
"Uninformative_bk_Vieira (2019)","Uninformative_bk","M_Vieira(1988-2018)",2042.17549032085
"Uninformative_bk_Vieira (2019)","Uninformative_bk","M_Vieira(1988-2018)",2901.14104956347
"Uninformative_bk_Vieira (2019)","Uninformative_bk","M_Vieira(1988-2018)",1951.59035788097
"Uninformative_bk_Vieira (2019)","Uninformative_bk","M_Vieira(1988-2018)",1892.6573195376
"Uninformative_bk_Vieira (2019)","Uninformative_bk","M_Vieira(1988-2018)",2313.50239433315
"Uninformative_bk_Vieira (2019)","Uninformative_bk","M_Vieira(1988-2018)",1894.49469742004
"Uninformative_bk_Vieira (2019)","Uninformative_bk","M_Vieira(1988-2018)",1879.02563979306
"Uninformative_bk_Vieira (2019)","Uninformative_bk","M_Vieira(1988-2018)",1973.97243534127
"Uninformative_bk_Vieira (2019)","Uninformative_bk","M_Vieira(1988-2018)",1913.62730916782
"Uninformative_bk_Vieira (2019)","Uninformative_bk","M_Vieira(1988-2018)",1718.06038335298
"Uninformative_bk_Vieira (2019)","Uninformative_bk","M_Vieira(1988-2018)",4797.0139067851
"Uninformative_bk_Vieira (2019)","Uninformative_bk","M_Vieira(1988-2018)",1802.48935295712
"Uninformative_bk_Vieira (2019)","Uninformative_bk","M_Vieira(1988-2018)",1932.22207725286
"Uninformative_bk_Vieira (2019)","Uninformative_bk","M_Vieira(1988-2018)",1887.74368287605
"Uninformative_bk_Vieira (2019)","Uninformative_bk","M_Vieira(1988-2018)",2547.95202753577
"Uninformative_bk_Vieira (2019)","Uninformative_bk","M_Vieira(1988-2018)",1875.17097134831
"Uninformative_bk_Vieira (2019)","Uninformative_bk","M_Vieira(1988-2018)",3301.58353353397
"Uninformative_bk_Vieira (2019)","Uninformative_bk","M_Vieira(1988-2018)",1806.9024554306
"Uninformative_bk_Vieira (2019)","Uninformative_bk","M_Vieira(1988-2018)",1940.35731634904
"Uninformative_bk_Vieira (2019)","Uninformative_bk","M_Vieira(1988-2018)",1978.95749525342
"Uninformative_bk_Vieira (2019)","Uninformative_bk","M_Vieira(1988-2018)",1670.27438337751
"Uninformative_bk_Vieira (2019)","Uninformative_bk","M_Vieira(1988-2018)",1983.42415510843
"Uninformative_bk_Vieira (2019)","Uninformative_bk","M_Vieira(1988-2018)",1973.9577161497
"Uninformative_bk_Vieira (2019)","Uninformative_bk","M_Vieira(1988-2018)",3335.04046248851
"Uninformative_bk_Vieira (2019)","Uninformative_bk","M_Vieira(1988-2018)",1938.77417514439
"Uninformative_bk_Vieira (2019)","Uninformative_bk","M_Vieira(1988-2018)",1957.3936242545
"Uninformative_bk_Vieira (2019)","Uninformative_bk","M_Vieira(1988-2018)",1913.24105302957
"Uninformative_bk_Vieira (2019)","Uninformative_bk","M_Vieira(1988-2018)",3519.0356334919
"Uninformative_bk_Vieira (2019)","Uninformative_bk","M_Vieira(1988-2018)",1999.06466719298
"Uninformative_bk_Vieira (2019)","Uninformative_bk","M_Vieira(1988-2018)",1936.69712491166
"Uninformative_bk_Vieira (2019)","Uninformative_bk","M_Vieira(1988-2018)",1956.65833775644
"Uninformative_bk_Vieira (2019)","Uninformative_bk","M_Vieira(1988-2018)",1990.26305780325
"Uninformative_bk_Vieira (2019)","Uninformative_bk","M_Vieira(1988-2018)",2047.753440343
"Uninformative_bk_Vieira (2019)","Uninformative_bk","M_Vieira(1988-2018)",1942.72822887681
"Uninformative_bk_Vieira (2019)","Uninformative_bk","M_Vieira(1988-2018)",1829.23187528144
"Uninformative_bk_Vieira (2019)","Uninformative_bk","M_Vieira(1988-2018)",1949.55228439475
"Uninformative_bk_Vieira (2019)","Uninformative_bk","M_Vieira(1988-2018)",1945.49093361469
"Uninformative_bk_Vieira (2019)","Uninformative_bk","M_Vieira(1988-2018)",2002.41876718069
"Uninformative_bk_Vieira (2019)","Uninformative_bk","M_Vieira(1988-2018)",1923.01995971099
"Uninformative_bk_Vieira (2019)","Uninformative_bk","M_Vieira(1988-2018)",1956.78875445772
"Uninformative_bk_Vieira (2019)","Uninformative_bk","M_Vieira(1988-2018)",1932.09833210556
"Uninformative_bk_Vieira (2019)","Uninformative_bk","M_Vieira(1988-2018)",1934.05680103703
"Uninformative_bk_Vieira (2019)","Uninformative_bk","M_Vieira(1988-2018)",1890.59796858691
"Uninformative_bk_Vieira (2019)","Uninformative_bk","M_Vieira(1988-2018)",1945.42530077275
"Uninformative_bk_Vieira (2019)","Uninformative_bk","M_Vieira(1988-2018)",1850.7708798037
"Uninformative_bk_Vieira (2019)","Uninformative_bk","M_Vieira(1988-2018)",2027.32944536137
"Uninformative_bk_Vieira (2019)","Uninformative_bk","M_Vieira(1988-2018)",1895.3578800394
"Uninformative_bk_Vieira (2019)","Uninformative_bk","M_Vieira(1988-2018)",1906.17541451491
"Uninformative_bk_Vieira (2019)","Uninformative_bk","M_Vieira(1988-2018)",2149.79030577077
"Uninformative_bk_Vieira (2019)","Uninformative_bk","M_Vieira(1988-2018)",1942.87780403275
"Uninformative_bk_Vieira (2019)","Uninformative_bk","M_Vieira(1988-2018)",1952.58780218577
"Uninformative_bk_Vieira (2019)","Uninformative_bk","M_Vieira(1988-2018)",1974.6674422433
"Uninformative_bk_Vieira (2019)","Uninformative_bk","M_Vieira(1988-2018)",2013.10249146757
"Uninformative_bk_Vieira (2019)","Uninformative_bk","M_Vieira(1988-2018)",2298.88156345231
"Uninformative_bk_Vieira (2019)","Uninformative_bk","M_Vieira(1988-2018)",2445.66785370897
"Uninformative_bk_Vieira (2019)","Uninformative_bk","M_Vieira(1988-2018)",1936.47849308775
"Uninformative_bk_Vieira (2019)","Uninformative_bk","M_Vieira(1988-2018)",1968.48697741726
"Uninformative_bk_Vieira (2019)","Uninformative_bk","M_Vieira(1988-2018)",4927.46204457163
"Uninformative_bk_Vieira (2019)","Uninformative_bk","M_Vieira(1988-2018)",1943.05495372755
"Uninformative_bk_Vieira (2019)","Uninformative_bk","M_Vieira(1988-2018)",1909.67946992134
"Uninformative_bk_Vieira (2019)","Uninformative_bk","M_Vieira(1988-2018)",1976.58310659108
"Uninformative_bk_Vieira (2019)","Uninformative_bk","M_Vieira(1988-2018)",1748.77993217445
"Uninformative_bk_Vieira (2019)","Uninformative_bk","M_Vieira(1988-2018)",1878.19555348405
"Uninformative_bk_Vieira (2019)","Uninformative_bk","M_Vieira(1988-2018)",2807.80578081032
"Uninformative_bk_Vieira (2019)","Uninformative_bk","M_Vieira(1988-2018)",2059.46891510785
"Uninformative_bk_Vieira (2019)","Uninformative_bk","M_Vieira(1988-2018)",2639.31766328382
"Uninformative_bk_Vieira (2019)","Uninformative_bk","M_Vieira(1988-2018)",1963.41134736195
"Uninformative_bk_Vieira (2019)","Uninformative_bk","M_Vieira(1988-2018)",1946.42876221492
"Uninformative_bk_Vieira (2019)","Uninformative_bk","M_Vieira(1988-2018)",2116.70181833197
"Uninformative_bk_Vieira (2019)","Uninformative_bk","M_Vieira(1988-2018)",1963.19920814953
"Uninformative_bk_Vieira (2019)","Uninformative_bk","M_Vieira(1988-2018)",2082.26479268161
"Uninformative_bk_Vieira (2019)","Uninformative_bk","M_Vieira(1988-2018)",4256.21248934227
"Uninformative_bk_Vieira (2019)","Uninformative_bk","M_Vieira(1988-2018)",2267.56315685901
"Uninformative_bk_Vieira (2019)","Uninformative_bk","M_Vieira(1988-2018)",1872.16268939692
"Uninformative_bk_Vieira (2019)","Uninformative_bk","M_Vieira(1988-2018)",2753.17794585731
"Uninformative_bk_Vieira (2019)","Uninformative_bk","M_Vieira(1988-2018)",1912.99363684913
"Uninformative_bk_Vieira (2019)","Uninformative_bk","M_Vieira(1988-2018)",1924.22023688684
"Uninformative_bk_Vieira (2019)","Uninformative_bk","M_Vieira(1988-2018)",1966.97917615367
"Uninformative_bk_Vieira (2019)","Uninformative_bk","M_Vieira(1988-2018)",1932.94930799395
"Uninformative_bk_Vieira (2019)","Uninformative_bk","M_Vieira(1988-2018)",1989.53709611293
"Uninformative_bk_Vieira (2019)","Uninformative_bk","M_Vieira(1988-2018)",1932.5405987685
"Uninformative_bk_Vieira (2019)","Uninformative_bk","M_Vieira(1988-2018)",1911.81390765071
"Uninformative_bk_Vieira (2019)","Uninformative_bk","M_Vieira(1988-2018)",1974.38646041829
"Uninformative_bk_Vieira (2019)","Uninformative_bk","M_Vieira(1988-2018)",4009.19426457799
"Uninformative_bk_Vieira (2019)","Uninformative_bk","M_Vieira(1988-2018)",2042.76260075203
"Uninformative_bk_Vieira (2019)","Uninformative_bk","M_Vieira(1988-2018)",1932.30739298233
"Uninformative_bk_Vieira (2019)","Uninformative_bk","M_Vieira(1988-2018)",1944.77058532234
"Uninformative_bk_Vieira (2019)","Uninformative_bk","M_Vieira(1988-2018)",1786.41475748344
"Uninformative_bk_Vieira (2019)","Uninformative_bk","M_Vieira(1988-2018)",1991.65919965045
"Uninformative_bk_Vieira (2019)","Uninformative_bk","M_Vieira(1988-2018)",1996.51845721384
"Uninformative_bk_Vieira (2019)","Uninformative_bk","M_Vieira(1988-2018)",1784.90498868039
"Uninformative_bk_Vieira (2019)","Uninformative_bk","M_Vieira(1988-2018)",1927.45021132526
"Uninformative_bk_Vieira (2019)","Uninformative_bk","M_Vieira(1988-2018)",6141.5969660899
"Uninformative_bk_Vieira (2019)","Uninformative_bk","M_Vieira(1988-2018)",2636.58392017232
"Uninformative_bk_Vieira (2019)","Uninformative_bk","M_Vieira(1988-2018)",2013.30481247656
"Uninformative_bk_Vieira (2019)","Uninformative_bk","M_Vieira(1988-2018)",3560.43059215551
"Uninformative_bk_Vieira (2019)","Uninformative_bk","M_Vieira(1988-2018)",1884.63945505898
"Uninformative_bk_Vieira (2019)","Uninformative_bk","M_Vieira(1988-2018)",1956.02136154341
"Uninformative_bk_Vieira (2019)","Uninformative_bk","M_Vieira(1988-2018)",1930.84578857035
"Uninformative_bk_Vieira (2019)","Uninformative_bk","M_Vieira(1988-2018)",1964.78542352451
"Uninformative_bk_Vieira (2019)","Uninformative_bk","M_Vieira(1988-2018)",2002.59408786942
"Uninformative_bk_Vieira (2019)","Uninformative_bk","M_Vieira(1988-2018)",1748.42782465281
"Uninformative_bk_Vieira (2019)","Uninformative_bk","M_Vieira(1988-2018)",1951.51166484155
"Uninformative_bk_Vieira (2019)","Uninformative_bk","M_Vieira(1988-2018)",2790.97320879237
"Uninformative_bk_Vieira (2019)","Uninformative_bk","M_Vieira(1988-2018)",1885.62944902127
"Uninformative_bk_Vieira (2019)","Uninformative_bk","M_Vieira(1988-2018)",1943.72303086011
"Uninformative_bk_Vieira (2019)","Uninformative_bk","M_Vieira(1988-2018)",1890.55793300643
"Uninformative_bk_Vieira (2019)","Uninformative_bk","M_Vieira(1988-2018)",1995.38960701055
"Uninformative_bk_Vieira (2019)","Uninformative_bk","M_Vieira(1988-2018)",1896.92684818014
"Uninformative_bk_Vieira (2019)","Uninformative_bk","M_Vieira(1988-2018)",1996.32579420196
"Uninformative_bk_Vieira (2019)","Uninformative_bk","M_Vieira(1988-2018)",2201.94131822057
"Uninformative_bk_Vieira (2019)","Uninformative_bk","M_Vieira(1988-2018)",2026.93422618437
"Uninformative_bk_Vieira (2019)","Uninformative_bk","M_Vieira(1988-2018)",1925.86285404604
"Uninformative_bk_Vieira (2019)","Uninformative_bk","M_Vieira(1988-2018)",1888.69993148201
"Uninformative_bk_Vieira (2019)","Uninformative_bk","M_Vieira(1988-2018)",1885.78400867527
"Uninformative_bk_Vieira (2019)","Uninformative_bk","M_Vieira(1988-2018)",2194.08949586577
"Uninformative_bk_Vieira (2019)","Uninformative_bk","M_Vieira(1988-2018)",1866.75796075817
"Uninformative_bk_Vieira (2019)","Uninformative_bk","M_Vieira(1988-2018)",2104.69705342807
"Uninformative_bk_Vieira (2019)","Uninformative_bk","M_Vieira(1988-2018)",1973.18643784616
"Uninformative_bk_Vieira (2019)","Uninformative_bk","M_Vieira(1988-2018)",1926.71519661715
"Uninformative_bk_Vieira (2019)","Uninformative_bk","M_Vieira(1988-2018)",1890.61406125531
"Uninformative_bk_Vieira (2019)","Uninformative_bk","M_Vieira(1988-2018)",1864.60059154783
"Uninformative_bk_Vieira (2019)","Uninformative_bk","M_Vieira(1988-2018)",2029.9707430358
"Uninformative_bk_Vieira (2019)","Uninformative_bk","M_Vieira(1988-2018)",1748.43085641178
"Uninformative_bk_Vieira (2019)","Uninformative_bk","M_Vieira(1988-2018)",2790.33903493068
"Uninformative_bk_Vieira (2019)","Uninformative_bk","M_Vieira(1988-2018)",1911.83436277731
"Uninformative_bk_Vieira (2019)","Uninformative_bk","M_Vieira(1988-2018)",1930.06588118453
"Uninformative_bk_Vieira (2019)","Uninformative_bk","M_Vieira(1988-2018)",2189.36452214649
"Uninformative_bk_Vieira (2019)","Uninformative_bk","M_Vieira(1988-2018)",3379.41670153224
"Uninformative_bk_Vieira (2019)","Uninformative_bk","M_Vieira(1988-2018)",1942.33464088454
"Uninformative_bk_Vieira (2019)","Uninformative_bk","M_Vieira(1988-2018)",2029.06281390875
"Uninformative_bk_Vieira (2019)","Uninformative_bk","M_Vieira(1988-2018)",1959.54935309738
"Uninformative_bk_Vieira (2019)","Uninformative_bk","M_Vieira(1988-2018)",1931.57413158797
"Uninformative_bk_Vieira (2019)","Uninformative_bk","M_Vieira(1988-2018)",2487.31916916046
"Uninformative_bk_Vieira (2019)","Uninformative_bk","M_Vieira(1988-2018)",1788.91464028935
"Uninformative_bk_Vieira (2019)","Uninformative_bk","M_Vieira(1988-2018)",2388.03715488381
"Uninformative_bk_Vieira (2019)","Uninformative_bk","M_Vieira(1988-2018)",4090.29529230814
"Uninformative_bk_Vieira (2019)","Uninformative_bk","M_Vieira(1988-2018)",1933.3206503471
"Uninformative_bk_Vieira (2019)","Uninformative_bk","M_Vieira(1988-2018)",1793.68743702286
"Uninformative_bk_Vieira (2019)","Uninformative_bk","M_Vieira(1988-2018)",1914.19559620715
"Uninformative_bk_Vieira (2019)","Uninformative_bk","M_Vieira(1988-2018)",1909.28675268234
"Uninformative_bk_Vieira (2019)","Uninformative_bk","M_Vieira(1988-2018)",1964.34292165493
"Uninformative_bk_Vieira (2019)","Uninformative_bk","M_Vieira(1988-2018)",2545.91611506115
"Uninformative_bk_Vieira (2019)","Uninformative_bk","M_Vieira(1988-2018)",1858.28973260866
"Uninformative_bk_Vieira (2019)","Uninformative_bk","M_Vieira(1988-2018)",2413.78190964051
"Uninformative_bk_Vieira (2019)","Uninformative_bk","M_Vieira(1988-2018)",3335.51778981728
"Uninformative_bk_Vieira (2019)","Uninformative_bk","M_Vieira(1988-2018)",1790.51688432504
"Uninformative_bk_Vieira (2019)","Uninformative_bk","M_Vieira(1988-2018)",1947.59586397377
"Uninformative_bk_Vieira (2019)","Uninformative_bk","M_Vieira(1988-2018)",1773.87383146812
"Uninformative_bk_Vieira (2019)","Uninformative_bk","M_Vieira(1988-2018)",1845.3854897402
"Uninformative_bk_Vieira (2019)","Uninformative_bk","M_Vieira(1988-2018)",3553.30457105332
"Uninformative_bk_Vieira (2019)","Uninformative_bk","M_Vieira(1988-2018)",2092.94329468743
"Uninformative_bk_Vieira (2019)","Uninformative_bk","M_Vieira(1988-2018)",1972.47881639306
"Uninformative_bk_Vieira (2019)","Uninformative_bk","M_Vieira(1988-2018)",1988.95484178538
"Uninformative_bk_Vieira (2019)","Uninformative_bk","M_Vieira(1988-2018)",2519.94590481534
"Uninformative_bk_Vieira (2019)","Uninformative_bk","M_Vieira(1988-2018)",1926.84055399719
"Uninformative_bk_Vieira (2019)","Uninformative_bk","M_Vieira(1988-2018)",1988.75433387581
"Uninformative_bk_Vieira (2019)","Uninformative_bk","M_Vieira(1988-2018)",1965.15557113845
"Uninformative_bk_Vieira (2019)","Uninformative_bk","M_Vieira(1988-2018)",1922.85420552685
"Uninformative_bk_Vieira (2019)","Uninformative_bk","M_Vieira(1988-2018)",1935.69273232695
"Uninformative_bk_Vieira (2019)","Uninformative_bk","M_Vieira(1988-2018)",1954.24217978016
"Uninformative_bk_Vieira (2019)","Uninformative_bk","M_Vieira(1988-2018)",1859.93231559737
"Uninformative_bk_Vieira (2019)","Uninformative_bk","M_Vieira(1988-2018)",2025.55160452517
"Uninformative_bk_Vieira (2019)","Uninformative_bk","M_Vieira(1988-2018)",1708.84614179217
"Uninformative_bk_Vieira (2019)","Uninformative_bk","M_Vieira(1988-2018)",1794.74057017621
"Uninformative_bk_Vieira (2019)","Uninformative_bk","M_Vieira(1988-2018)",2745.95555302145
"Uninformative_bk_Vieira (2019)","Uninformative_bk","M_Vieira(1988-2018)",1952.32587670946
"Uninformative_bk_Vieira (2019)","Uninformative_bk","M_Vieira(1988-2018)",3775.43101218017
"Uninformative_bk_Vieira (2019)","Uninformative_bk","M_Vieira(1988-2018)",2229.41995890186
"Uninformative_bk_Vieira (2019)","Uninformative_bk","M_Vieira(1988-2018)",1900.88690167964
"Uninformative_bk_Vieira (2019)","Uninformative_bk","M_Vieira(1988-2018)",1938.0300818441
"Uninformative_bk_Vieira (2019)","Uninformative_bk","M_Vieira(1988-2018)",1873.78740802368
"Uninformative_bk_Vieira (2019)","Uninformative_bk","M_Vieira(1988-2018)",1935.64819589293
"Uninformative_bk_Vieira (2019)","Uninformative_bk","M_Vieira(1988-2018)",1959.6826967485
"Uninformative_bk_Vieira (2019)","Uninformative_bk","M_Vieira(1988-2018)",3641.44078670296
"Uninformative_bk_Vieira (2019)","Uninformative_bk","M_Vieira(1988-2018)",1965.83064323128
"Uninformative_bk_Vieira (2019)","Uninformative_bk","M_Vieira(1988-2018)",1907.46706611615
"Uninformative_bk_Vieira (2019)","Uninformative_bk","M_Vieira(1988-2018)",2067.0683389286
"Uninformative_bk_Vieira (2019)","Uninformative_bk","M_Vieira(1988-2018)",1837.26505313785
"Uninformative_bk_Vieira (2019)","Uninformative_bk","M_Vieira(1988-2018)",1866.45124436145
"Uninformative_bk_Vieira (2019)","Uninformative_bk","M_Vieira(1988-2018)",3253.39564446214
"Uninformative_bk_Vieira (2019)","Uninformative_bk","M_Vieira(1988-2018)",1973.30130399672
"Uninformative_bk_Vieira (2019)","Uninformative_bk","M_Vieira(1988-2018)",2060.34133871043
"Uninformative_bk_Vieira (2019)","Uninformative_bk","M_Vieira(1988-2018)",2105.32706482599
"Uninformative_bk_Vieira (2019)","Uninformative_bk","M_Vieira(1988-2018)",1879.06354859838
"Uninformative_bk_Vieira (2019)","Uninformative_bk","M_Vieira(1988-2018)",1857.0268884931
"Uninformative_bk_Vieira (2019)","Uninformative_bk","M_Vieira(1988-2018)",1924.83301745104
"Uninformative_bk_Vieira (2019)","Uninformative_bk","M_Vieira(1988-2018)",1960.76478333031
"Uninformative_bk_Vieira (2019)","Uninformative_bk","M_Vieira(1988-2018)",1851.09484333218
"Uninformative_bk_Vieira (2019)","Uninformative_bk","M_Vieira(1988-2018)",1900.95836151861
"Uninformative_bk_Vieira (2019)","Uninformative_bk","M_Vieira(1988-2018)",3888.64321335578
"Uninformative_bk_Vieira (2019)","Uninformative_bk","M_Vieira(1988-2018)",1917.73735167743
"Uninformative_bk_Vieira (2019)","Uninformative_bk","M_Vieira(1988-2018)",4301.14688124003
"Uninformative_bk_Vieira (2019)","Uninformative_bk","M_Vieira(1988-2018)",1948.0904516434
"Uninformative_bk_Vieira (2019)","Uninformative_bk","M_Vieira(1988-2018)",3610.85474824324
"Uninformative_bk_Vieira (2019)","Uninformative_bk","M_Vieira(1988-2018)",1798.89002253997
"Uninformative_bk_Vieira (2019)","Uninformative_bk","M_Vieira(1988-2018)",1880.30976061149
"Uninformative_bk_Vieira (2019)","Uninformative_bk","M_Vieira(1988-2018)",1984.24855812355
"Uninformative_bk_Vieira (2019)","Uninformative_bk","M_Vieira(1988-2018)",1730.06674712602
"Uninformative_bk_Vieira (2019)","Uninformative_bk","M_Vieira(1988-2018)",2030.71771782881
"Uninformative_bk_Vieira (2019)","Uninformative_bk","M_Vieira(1988-2018)",1759.10906572876
"Uninformative_bk_Vieira (2019)","Uninformative_bk","M_Vieira(1988-2018)",1866.69713748708
"Uninformative_bk_Vieira (2019)","Uninformative_bk","M_Vieira(1988-2018)",1981.22586238767
"Uninformative_bk_Vieira (2019)","Uninformative_bk","M_Vieira(1988-2018)",1920.65995946274
"Uninformative_bk_Vieira (2019)","Uninformative_bk","M_Vieira(1988-2018)",1976.01830403659
"Uninformative_bk_Vieira (2019)","Uninformative_bk","M_Vieira(1988-2018)",1872.28222467038
"Uninformative_bk_Vieira (2019)","Uninformative_bk","M_Vieira(1988-2018)",1917.07081888207
"Uninformative_bk_Vieira (2019)","Uninformative_bk","M_Vieira(1988-2018)",1892.68548025174
"Uninformative_bk_Vieira (2019)","Uninformative_bk","M_Vieira(1988-2018)",1612.51211564761
"Uninformative_bk_Vieira (2019)","Uninformative_bk","M_Vieira(1988-2018)",1953.36918354469
"Uninformative_bk_Vieira (2019)","Uninformative_bk","M_Vieira(1988-2018)",1966.76158380613
"Uninformative_bk_Vieira (2019)","Uninformative_bk","M_Vieira(1988-2018)",1920.34013347674
"Uninformative_bk_Vieira (2019)","Uninformative_bk","M_Vieira(1988-2018)",1912.78892705861
"Uninformative_bk_Vieira (2019)","Uninformative_bk","M_Vieira(1988-2018)",1966.96745745519
"Uninformative_bk_Vieira (2019)","Uninformative_bk","M_Vieira(1988-2018)",1973.23138840758
"Uninformative_bk_Vieira (2019)","Uninformative_bk","M_Vieira(1988-2018)",1868.81321297608
"Uninformative_bk_Vieira (2019)","Uninformative_bk","M_Vieira(1988-2018)",1986.24386009427
"Uninformative_bk_Vieira (2019)","Uninformative_bk","M_Vieira(1988-2018)",1930.93500312168
"Uninformative_bk_Vieira (2019)","Uninformative_bk","M_Vieira(1988-2018)",1887.66863011052
"Uninformative_bk_Vieira (2019)","Uninformative_bk","M_Vieira(1988-2018)",1903.35551809362
"Uninformative_bk_Vieira (2019)","Uninformative_bk","M_Vieira(1988-2018)",3828.37898923851
"Uninformative_bk_Vieira (2019)","Uninformative_bk","M_Vieira(1988-2018)",1965.02299861267
"Uninformative_bk_Vieira (2019)","Uninformative_bk","M_Vieira(1988-2018)",1870.81496987469
"Uninformative_bk_Vieira (2019)","Uninformative_bk","M_Vieira(1988-2018)",1977.84791765638
"Uninformative_bk_Vieira (2019)","Uninformative_bk","M_Vieira(1988-2018)",2279.58820010044
"Uninformative_bk_Vieira (2019)","Uninformative_bk","M_Vieira(1988-2018)",2015.4854214784
"Uninformative_bk_Vieira (2019)","Uninformative_bk","M_Vieira(1988-2018)",2028.06620144455
"Uninformative_bk_Vieira (2019)","Uninformative_bk","M_Vieira(1988-2018)",1934.45819143157
"Uninformative_bk_Vieira (2019)","Uninformative_bk","M_Vieira(1988-2018)",1956.35744378512
"Uninformative_bk_Vieira (2019)","Uninformative_bk","M_Vieira(1988-2018)",1907.42774305537
"Uninformative_bk_Vieira (2019)","Uninformative_bk","M_Vieira(1988-2018)",2958.80715099221
"Uninformative_bk_Vieira (2019)","Uninformative_bk","M_Vieira(1988-2018)",2149.56295234109
"Uninformative_bk_Vieira (2019)","Uninformative_bk","M_Vieira(1988-2018)",1821.38858433559
"Uninformative_bk_Vieira (2019)","Uninformative_bk","M_Vieira(1988-2018)",2037.74308964645
"Uninformative_bk_Vieira (2019)","Uninformative_bk","M_Vieira(1988-2018)",4946.76132204141
"Uninformative_bk_Vieira (2019)","Uninformative_bk","M_Vieira(1988-2018)",1882.46698753687
"Uninformative_bk_Vieira (2019)","Uninformative_bk","M_Vieira(1988-2018)",1910.46769619747
"Uninformative_bk_Vieira (2019)","Uninformative_bk","M_Vieira(1988-2018)",1911.67314923516
"Uninformative_bk_Vieira (2019)","Uninformative_bk","M_Vieira(1988-2018)",1858.404257253
"Uninformative_bk_Vieira (2019)","Uninformative_bk","M_Vieira(1988-2018)",2115.84145511738
"Uninformative_bk_Vieira (2019)","Uninformative_bk","M_Vieira(1988-2018)",1871.0548706017
"Uninformative_bk_Vieira (2019)","Uninformative_bk","M_Vieira(1988-2018)",3286.17490383935
"Uninformative_bk_Vieira (2019)","Uninformative_bk","M_Vieira(1988-2018)",1981.0244386102
"Uninformative_bk_Vieira (2019)","Uninformative_bk","M_Vieira(1988-2018)",2354.79578087183
"Uninformative_bk_Vieira (2019)","Uninformative_bk","M_Vieira(1988-2018)",1929.79823485327
"Uninformative_bk_Vieira (2019)","Uninformative_bk","M_Vieira(1988-2018)",2295.08244497126
"Uninformative_bk_Vieira (2019)","Uninformative_bk","M_Vieira(1988-2018)",1934.3337443282
"Uninformative_bk_Vieira (2019)","Uninformative_bk","M_Vieira(1988-2018)",1929.58803391069
"Uninformative_bk_Vieira (2019)","Uninformative_bk","M_Vieira(1988-2018)",1923.99832338762
"Uninformative_bk_Vieira (2019)","Uninformative_bk","M_Vieira(1988-2018)",1931.07604954044
"Uninformative_bk_Vieira (2019)","Uninformative_bk","M_Vieira(1988-2018)",1992.26688478951
"Uninformative_bk_Vieira (2019)","Uninformative_bk","M_Vieira(1988-2018)",2805.50936423375
"Uninformative_bk_Vieira (2019)","Uninformative_bk","M_Vieira(1988-2018)",3600.60792460696
"Uninformative_bk_Vieira (2019)","Uninformative_bk","M_Vieira(1988-2018)",1797.72413263762
"Uninformative_bk_Vieira (2019)","Uninformative_bk","M_Vieira(1988-2018)",1862.40289057493
"Uninformative_bk_Vieira (2019)","Uninformative_bk","M_Vieira(1988-2018)",5135.94985396823
"Uninformative_bk_Vieira (2019)","Uninformative_bk","M_Vieira(1988-2018)",1924.79867693618
"Uninformative_bk_Vieira (2019)","Uninformative_bk","M_Vieira(1988-2018)",1997.03388161843
"Uninformative_bk_Vieira (2019)","Uninformative_bk","M_Vieira(1988-2018)",2015.33504542781
"Uninformative_bk_Vieira (2019)","Uninformative_bk","M_Vieira(1988-2018)",1961.92348105568
"Uninformative_bk_Vieira (2019)","Uninformative_bk","M_Vieira(1988-2018)",1984.76742551185
"Uninformative_bk_Vieira (2019)","Uninformative_bk","M_Vieira(1988-2018)",2049.48250431853
"Uninformative_bk_Vieira (2019)","Uninformative_bk","M_Vieira(1988-2018)",2000.56102129518
"Uninformative_bk_Vieira (2019)","Uninformative_bk","M_Vieira(1988-2018)",1979.0236217094
"Uninformative_bk_Vieira (2019)","Uninformative_bk","M_Vieira(1988-2018)",4331.46149090298
"Uninformative_bk_Vieira (2019)","Uninformative_bk","M_Vieira(1988-2018)",2021.29081474924
"Uninformative_bk_Vieira (2019)","Uninformative_bk","M_Vieira(1988-2018)",2569.40572851274
"Uninformative_bk_Vieira (2019)","Uninformative_bk","M_Vieira(1988-2018)",1997.7859963205
"Uninformative_bk_Vieira (2019)","Uninformative_bk","M_Vieira(1988-2018)",2627.32079022349
"Uninformative_bk_Vieira (2019)","Uninformative_bk","M_Vieira(1988-2018)",1931.02088831291
"Uninformative_bk_Vieira (2019)","Uninformative_bk","M_Vieira(1988-2018)",1980.18704967659
"Uninformative_bk_Vieira (2019)","Uninformative_bk","M_Vieira(1988-2018)",1978.46358930388
"Uninformative_bk_Vieira (2019)","Uninformative_bk","M_Vieira(1988-2018)",1990.06037598524
"Uninformative_bk_Vieira (2019)","Uninformative_bk","M_Vieira(1988-2018)",1620.81516794677
"Uninformative_bk_Vieira (2019)","Uninformative_bk","M_Vieira(1988-2018)",4092.49590107511
"Uninformative_bk_Vieira (2019)","Uninformative_bk","M_Vieira(1988-2018)",2059.96948386557
"Uninformative_bk_Vieira (2019)","Uninformative_bk","M_Vieira(1988-2018)",1932.39591429962
"Uninformative_bk_Vieira (2019)","Uninformative_bk","M_Vieira(1988-2018)",1852.82423571522
"Uninformative_bk_Vieira (2019)","Uninformative_bk","M_Vieira(1988-2018)",1888.23332830433
"Uninformative_bk_Vieira (2019)","Uninformative_bk","M_Vieira(1988-2018)",1968.31427407074
"Uninformative_bk_Vieira (2019)","Uninformative_bk","M_Vieira(1988-2018)",1815.72231000492
"Uninformative_bk_Vieira (2019)","Uninformative_bk","M_Vieira(1988-2018)",1911.36979385648
"Uninformative_bk_Vieira (2019)","Uninformative_bk","M_Vieira(1988-2018)",1930.17139788579
"Uninformative_bk_Vieira (2019)","Uninformative_bk","M_Vieira(1988-2018)",1942.14516044333
"Uninformative_bk_Vieira (2019)","Uninformative_bk","M_Vieira(1988-2018)",1842.45748425748
"Uninformative_bk_Vieira (2019)","Uninformative_bk","M_Vieira(1988-2018)",2534.59536834415
"Uninformative_bk_Vieira (2019)","Uninformative_bk","M_Vieira(1988-2018)",1784.3114861744
"Uninformative_bk_Vieira (2019)","Uninformative_bk","M_Vieira(1988-2018)",1967.06795641422
"Uninformative_bk_Vieira (2019)","Uninformative_bk","M_Vieira(1988-2018)",1936.36217379868
"Uninformative_bk_Vieira (2019)","Uninformative_bk","M_Vieira(1988-2018)",1985.60881173484
"Uninformative_bk_Vieira (2019)","Uninformative_bk","M_Vieira(1988-2018)",1797.45194431649
"Uninformative_bk_Vieira (2019)","Uninformative_bk","M_Vieira(1988-2018)",1816.60422851455
"Uninformative_bk_Vieira (2019)","Uninformative_bk","M_Vieira(1988-2018)",1842.1630817635
"Uninformative_bk_Vieira (2019)","Uninformative_bk","M_Vieira(1988-2018)",1856.63028128177
"Uninformative_bk_Vieira (2019)","Uninformative_bk","M_Vieira(1988-2018)",1865.62770917507
"Uninformative_bk_Vieira (2019)","Uninformative_bk","M_Vieira(1988-2018)",2376.73969480259
"Uninformative_bk_Vieira (2019)","Uninformative_bk","M_Vieira(1988-2018)",1950.59010653553
"Uninformative_bk_Vieira (2019)","Uninformative_bk","M_Vieira(1988-2018)",2743.63024315092
"Uninformative_bk_Vieira (2019)","Uninformative_bk","M_Vieira(1988-2018)",1960.69122041517
"Uninformative_bk_Vieira (2019)","Uninformative_bk","M_Vieira(1988-2018)",1984.97458708329
"Uninformative_bk_Vieira (2019)","Uninformative_bk","M_Vieira(1988-2018)",2701.53943964178
"Uninformative_bk_Vieira (2019)","Uninformative_bk","M_Vieira(1988-2018)",1986.22608222521
"Uninformative_bk_Vieira (2019)","Uninformative_bk","M_Vieira(1988-2018)",2280.0799335863
"Uninformative_bk_Vieira (2019)","Uninformative_bk","M_Vieira(1988-2018)",1886.53721065707
"Uninformative_bk_Vieira (2019)","Uninformative_bk","M_Vieira(1988-2018)",2170.87267802239
"Uninformative_bk_Vieira (2019)","Uninformative_bk","M_Vieira(1988-2018)",2230.95168190189
"Uninformative_bk_Vieira (2019)","Uninformative_bk","M_Vieira(1988-2018)",2234.62546997316
"Uninformative_bk_Vieira (2019)","Uninformative_bk","M_Vieira(1988-2018)",1980.81820589002
"Uninformative_bk_Vieira (2019)","Uninformative_bk","M_Vieira(1988-2018)",1821.97487069519
"Uninformative_bk_Vieira (2019)","Uninformative_bk","M_Vieira(1988-2018)",1789.35097810713
"Uninformative_bk_Vieira (2019)","Uninformative_bk","M_Vieira(1988-2018)",1917.96308042319
"Uninformative_bk_Vieira (2019)","Uninformative_bk","M_Vieira(1988-2018)",1922.57366940025
"Uninformative_bk_Vieira (2019)","Uninformative_bk","M_Vieira(1988-2018)",1891.37813230133
"Uninformative_bk_Vieira (2019)","Uninformative_bk","M_Vieira(1988-2018)",1884.32935043645
"Uninformative_bk_Vieira (2019)","Uninformative_bk","M_Vieira(1988-2018)",7215.61968940791
"Uninformative_bk_Vieira (2019)","Uninformative_bk","M_Vieira(1988-2018)",4030.29684202389
"Uninformative_bk_Vieira (2019)","Uninformative_bk","M_Vieira(1988-2018)",1953.33859384501
"Uninformative_bk_Vieira (2019)","Uninformative_bk","M_Vieira(1988-2018)",6030.91828964689
"Uninformative_bk_Vieira (2019)","Uninformative_bk","M_Vieira(1988-2018)",1934.65867045595
"Uninformative_bk_Vieira (2019)","Uninformative_bk","M_Vieira(1988-2018)",2019.33837638524
"Uninformative_bk_Vieira (2019)","Uninformative_bk","M_Vieira(1988-2018)",4337.76747685776
"Uninformative_bk_Vieira (2019)","Uninformative_bk","M_Vieira(1988-2018)",1929.16596769188
"Uninformative_bk_Vieira (2019)","Uninformative_bk","M_Vieira(1988-2018)",1973.04124569084
"Uninformative_bk_Vieira (2019)","Uninformative_bk","M_Vieira(1988-2018)",1726.78038097285
"Uninformative_bk_Vieira (2019)","Uninformative_bk","M_Vieira(1988-2018)",2010.32954239702
"Uninformative_bk_Vieira (2019)","Uninformative_bk","M_Vieira(1988-2018)",1914.497670883
"Uninformative_bk_Vieira (2019)","Uninformative_bk","M_Vieira(1988-2018)",2088.30848852099
"Uninformative_bk_Vieira (2019)","Uninformative_bk","M_Vieira(1988-2018)",1829.89106385622
"Uninformative_bk_Vieira (2019)","Uninformative_bk","M_Vieira(1988-2018)",2411.58043484418
"Uninformative_bk_Vieira (2019)","Uninformative_bk","M_Vieira(1988-2018)",2140.75883597932
"Uninformative_bk_Vieira (2019)","Uninformative_bk","M_Vieira(1988-2018)",1898.78856950267
"Uninformative_bk_Vieira (2019)","Uninformative_bk","M_Vieira(1988-2018)",1981.15085904453
"Uninformative_bk_Vieira (2019)","Uninformative_bk","M_Vieira(1988-2018)",2045.45462002385
"Uninformative_bk_Vieira (2019)","Uninformative_bk","M_Vieira(1988-2018)",1932.08135977999
"Uninformative_bk_Vieira (2019)","Uninformative_bk","M_Vieira(1988-2018)",1907.11139197011
"Uninformative_bk_Vieira (2019)","Uninformative_bk","M_Vieira(1988-2018)",4119.35160703706
"Uninformative_bk_Vieira (2019)","Uninformative_bk","M_Vieira(1988-2018)",1990.73151575702
"Uninformative_bk_Vieira (2019)","Uninformative_bk","M_Vieira(1988-2018)",1874.10214517195
"Uninformative_bk_Vieira (2019)","Uninformative_bk","M_Vieira(1988-2018)",2424.18710521418
"Uninformative_bk_Vieira (2019)","Uninformative_bk","M_Vieira(1988-2018)",1861.50776943889
"Uninformative_bk_Vieira (2019)","Uninformative_bk","M_Vieira(1988-2018)",1895.18143626287
"Uninformative_bk_Vieira (2019)","Uninformative_bk","M_Vieira(1988-2018)",1927.45766551429
"Uninformative_bk_Vieira (2019)","Uninformative_bk","M_Vieira(1988-2018)",1897.26144313695
"Uninformative_bk_Vieira (2019)","Uninformative_bk","M_Vieira(1988-2018)",1940.36295583871
"Uninformative_bk_Vieira (2019)","Uninformative_bk","M_Vieira(1988-2018)",1902.5546987091
"Uninformative_bk_Vieira (2019)","Uninformative_bk","M_Vieira(1988-2018)",2024.00003220894
"Uninformative_bk_Vieira (2019)","Uninformative_bk","M_Vieira(1988-2018)",1918.48131413629
"Uninformative_bk_Vieira (2019)","Uninformative_bk","M_Vieira(1988-2018)",1945.98426988462
"Uninformative_bk_Vieira (2019)","Uninformative_bk","M_Vieira(1988-2018)",1941.409220274
"Uninformative_bk_Vieira (2019)","Uninformative_bk","M_Vieira(1988-2018)",2966.9019929185
"Uninformative_bk_Vieira (2019)","Uninformative_bk","M_Vieira(1988-2018)",2472.64390022309
"Uninformative_bk_Vieira (2019)","Uninformative_bk","M_Vieira(1988-2018)",3668.69070177344
"Uninformative_bk_Vieira (2019)","Uninformative_bk","M_Vieira(1988-2018)",2831.01493691072
"Uninformative_bk_Vieira (2019)","Uninformative_bk","M_Vieira(1988-2018)",1896.26832549632
"Uninformative_bk_Vieira (2019)","Uninformative_bk","M_Vieira(1988-2018)",2062.14588838284
"Uninformative_bk_Vieira (2019)","Uninformative_bk","M_Vieira(1988-2018)",1880.56511086131
"Uninformative_bk_Vieira (2019)","Uninformative_bk","M_Vieira(1988-2018)",1992.43173915812
"Uninformative_bk_Vieira (2019)","Uninformative_bk","M_Vieira(1988-2018)",2325.98527401315
"Uninformative_bk_Vieira (2019)","Uninformative_bk","M_Vieira(1988-2018)",1973.1786955535
"Uninformative_bk_Vieira (2019)","Uninformative_bk","M_Vieira(1988-2018)",1905.87463855067
"Uninformative_bk_Vieira (2019)","Uninformative_bk","M_Vieira(1988-2018)",2554.99984032077
"Uninformative_bk_Vieira (2019)","Uninformative_bk","M_Vieira(1988-2018)",1934.4859412466
"Uninformative_bk_Vieira (2019)","Uninformative_bk","M_Vieira(1988-2018)",1971.2958979406
"Uninformative_bk_Vieira (2019)","Uninformative_bk","M_Vieira(1988-2018)",1978.24502805907
"Uninformative_bk_Vieira (2019)","Uninformative_bk","M_Vieira(1988-2018)",1923.2580426052
"Uninformative_bk_Vieira (2019)","Uninformative_bk","M_Vieira(1988-2018)",1832.83814120122
"Uninformative_bk_Vieira (2019)","Uninformative_bk","M_Vieira(1988-2018)",1904.89003168765
"Uninformative_bk_Vieira (2019)","Uninformative_bk","M_Vieira(1988-2018)",3928.48553546029
"Uninformative_bk_Vieira (2019)","Uninformative_bk","M_Vieira(1988-2018)",1811.57533539524
"Uninformative_bk_Vieira (2019)","Uninformative_bk","M_Vieira(1988-2018)",1956.48180289867
"Uninformative_bk_Vieira (2019)","Uninformative_bk","M_Vieira(1988-2018)",1995.03832926184
"Uninformative_bk_Vieira (2019)","Uninformative_bk","M_Vieira(1988-2018)",1934.41806672795
"Uninformative_bk_Vieira (2019)","Uninformative_bk","M_Vieira(1988-2018)",2127.27587573825
"Uninformative_bk_Vieira (2019)","Uninformative_bk","M_Vieira(1988-2018)",1882.88216206883
"Uninformative_bk_Vieira (2019)","Uninformative_bk","M_Vieira(1988-2018)",1947.06970907848
"Uninformative_bk_Vieira (2019)","Uninformative_bk","M_Vieira(1988-2018)",1893.81294016771
"Uninformative_bk_Vieira (2019)","Uninformative_bk","M_Vieira(1988-2018)",2195.99682058345
"Uninformative_bk_Vieira (2019)","Uninformative_bk","M_Vieira(1988-2018)",1863.63762801931
"Uninformative_bk_Vieira (2019)","Uninformative_bk","M_Vieira(1988-2018)",1987.42433203748
"Uninformative_bk_Vieira (2019)","Uninformative_bk","M_Vieira(1988-2018)",1985.79717903445
"Uninformative_bk_Vieira (2019)","Uninformative_bk","M_Vieira(1988-2018)",3077.30292983442
"Uninformative_bk_Vieira (2019)","Uninformative_bk","M_Vieira(1988-2018)",1920.01560398292
"Uninformative_bk_Vieira (2019)","Uninformative_bk","M_Vieira(1988-2018)",1938.06941859787
"Uninformative_bk_Vieira (2019)","Uninformative_bk","M_Vieira(1988-2018)",1865.09939995791
"Uninformative_bk_Vieira (2019)","Uninformative_bk","M_Vieira(1988-2018)",3074.66105221273
"Uninformative_bk_Vieira (2019)","Uninformative_bk","M_Vieira(1988-2018)",2277.84160020081
"Uninformative_bk_Vieira (2019)","Uninformative_bk","M_Vieira(1988-2018)",2000.56898901974
"Uninformative_bk_Vieira (2019)","Uninformative_bk","M_Vieira(1988-2018)",5630.99124226917
"Uninformative_bk_Vieira (2019)","Uninformative_bk","M_Vieira(1988-2018)",1681.40327029151
"Uninformative_bk_Vieira (2019)","Uninformative_bk","M_Vieira(1988-2018)",1934.70329198583
"Uninformative_bk_Vieira (2019)","Uninformative_bk","M_Vieira(1988-2018)",1938.78332243663
"Uninformative_bk_Vieira (2019)","Uninformative_bk","M_Vieira(1988-2018)",2302.68485493307
"Uninformative_bk_Vieira (2019)","Uninformative_bk","M_Vieira(1988-2018)",2519.83254603721
"Uninformative_bk_Vieira (2019)","Uninformative_bk","M_Vieira(1988-2018)",1846.13559747951
"Uninformative_bk_Vieira (2019)","Uninformative_bk","M_Vieira(1988-2018)",1985.85545058961
"Uninformative_bk_Vieira (2019)","Uninformative_bk","M_Vieira(1988-2018)",1939.94826372741
"Uninformative_bk_Vieira (2019)","Uninformative_bk","M_Vieira(1988-2018)",2038.50735824855
"Uninformative_bk_Vieira (2019)","Uninformative_bk","M_Vieira(1988-2018)",2038.0114380395
"Uninformative_bk_Vieira (2019)","Uninformative_bk","M_Vieira(1988-2018)",2348.79310859446
"Uninformative_bk_Vieira (2019)","Uninformative_bk","M_Vieira(1988-2018)",2555.50211049089
"Uninformative_bk_Vieira (2019)","Uninformative_bk","M_Vieira(1988-2018)",1913.68645631761
"Uninformative_bk_Vieira (2019)","Uninformative_bk","M_Vieira(1988-2018)",1831.85246638449
"Uninformative_bk_Vieira (2019)","Uninformative_bk","M_Vieira(1988-2018)",1742.87757790414
"Uninformative_bk_Vieira (2019)","Uninformative_bk","M_Vieira(1988-2018)",2085.58688584102
"Uninformative_bk_Vieira (2019)","Uninformative_bk","M_Vieira(1988-2018)",2121.4496107783
"Uninformative_bk_Vieira (2019)","Uninformative_bk","M_Vieira(1988-2018)",2006.28516656852
"Uninformative_bk_Vieira (2019)","Uninformative_bk","M_Vieira(1988-2018)",1879.97693750175
"Uninformative_bk_Vieira (2019)","Uninformative_bk","M_Vieira(1988-2018)",2025.03178993331
"Uninformative_bk_Vieira (2019)","Uninformative_bk","M_Vieira(1988-2018)",1903.11155146268
"Uninformative_bk_Vieira (2019)","Uninformative_bk","M_Vieira(1988-2018)",1909.60144878257
"Uninformative_bk_Vieira (2019)","Uninformative_bk","M_Vieira(1988-2018)",1947.36184775011
"Uninformative_bk_Vieira (2019)","Uninformative_bk","M_Vieira(1988-2018)",2066.7236904488
"Uninformative_bk_Vieira (2019)","Uninformative_bk","M_Vieira(1988-2018)",1924.79371266244
"Uninformative_bk_Vieira (2019)","Uninformative_bk","M_Vieira(1988-2018)",2438.42627996008
"Uninformative_bk_Vieira (2019)","Uninformative_bk","M_Vieira(1988-2018)",2082.33064286944
"Uninformative_bk_Vieira (2019)","Uninformative_bk","M_Vieira(1988-2018)",1951.02481436369
"Uninformative_bk_Vieira (2019)","Uninformative_bk","M_Vieira(1988-2018)",1897.14875715135
"Uninformative_bk_Vieira (2019)","Uninformative_bk","M_Vieira(1988-2018)",1780.12028390081
"Uninformative_bk_Vieira (2019)","Uninformative_bk","M_Vieira(1988-2018)",6162.22897696592
"Uninformative_bk_Vieira (2019)","Uninformative_bk","M_Vieira(1988-2018)",2015.56564912261
"Uninformative_bk_Vieira (2019)","Uninformative_bk","M_Vieira(1988-2018)",1970.16946613159
"Uninformative_bk_Vieira (2019)","Uninformative_bk","M_Vieira(1988-2018)",2016.20348518957
"Uninformative_bk_Vieira (2019)","Uninformative_bk","M_Vieira(1988-2018)",1945.71776653838
"Uninformative_bk_Vieira (2019)","Uninformative_bk","M_Vieira(1988-2018)",2550.68995713944
"Uninformative_bk_Vieira (2019)","Uninformative_bk","M_Vieira(1988-2018)",3224.10511354978
"Uninformative_bk_Vieira (2019)","Uninformative_bk","M_Vieira(1988-2018)",2009.52756939394
"Uninformative_bk_Vieira (2019)","Uninformative_bk","M_Vieira(1988-2018)",1807.13164212783
"Uninformative_bk_Vieira (2019)","Uninformative_bk","M_Vieira(1988-2018)",2109.92120120696
"Uninformative_bk_Vieira (2019)","Uninformative_bk","M_Vieira(1988-2018)",1763.10038826751
"Uninformative_bk_Vieira (2019)","Uninformative_bk","M_Vieira(1988-2018)",1977.73555479105
"Uninformative_bk_Vieira (2019)","Uninformative_bk","M_Vieira(1988-2018)",1952.4714447317
"Uninformative_bk_Vieira (2019)","Uninformative_bk","M_Vieira(1988-2018)",1791.19825121048
"Uninformative_bk_Vieira (2019)","Uninformative_bk","M_Vieira(1988-2018)",1899.83982990531
"Uninformative_bk_Vieira (2019)","Uninformative_bk","M_Vieira(1988-2018)",1888.35197519444
"Uninformative_bk_Vieira (2019)","Uninformative_bk","M_Vieira(1988-2018)",1978.59395480364
"Uninformative_bk_Vieira (2019)","Uninformative_bk","M_Vieira(1988-2018)",1969.78594546612
"Uninformative_bk_Vieira (2019)","Uninformative_bk","M_Vieira(1988-2018)",1937.83702017324
"Uninformative_bk_Vieira (2019)","Uninformative_bk","M_Vieira(1988-2018)",2603.04200761795
"Uninformative_bk_Vieira (2019)","Uninformative_bk","M_Vieira(1988-2018)",1884.02935985771
"Uninformative_bk_Vieira (2019)","Uninformative_bk","M_Vieira(1988-2018)",1968.19444681137
"Uninformative_bk_Vieira (2019)","Uninformative_bk","M_Vieira(1988-2018)",1857.03982950077
"Uninformative_bk_Vieira (2019)","Uninformative_bk","M_Vieira(1988-2018)",1653.29268481325
"Uninformative_bk_Vieira (2019)","Uninformative_bk","M_Vieira(1988-2018)",1994.88012412131
"Uninformative_bk_Vieira (2019)","Uninformative_bk","M_Vieira(1988-2018)",1803.2927027242
"Uninformative_bk_Vieira (2019)","Uninformative_bk","M_Vieira(1988-2018)",1937.23076229033
"Uninformative_bk_Vieira (2019)","Uninformative_bk","M_Vieira(1988-2018)",2151.99540182681
"Uninformative_bk_Vieira (2019)","Uninformative_bk","M_Vieira(1988-2018)",1932.56664186296
"Uninformative_bk_Vieira (2019)","Uninformative_bk","M_Vieira(1988-2018)",3481.10937734765
"Uninformative_bk_Vieira (2019)","Uninformative_bk","M_Vieira(1988-2018)",2600.39244812166
"Uninformative_bk_Vieira (2019)","Uninformative_bk","M_Vieira(1988-2018)",1959.04709267737
"Uninformative_bk_Vieira (2019)","Uninformative_bk","M_Vieira(1988-2018)",1848.28004638013
"Uninformative_bk_Vieira (2019)","Uninformative_bk","M_Vieira(1988-2018)",2364.91307358523
"Uninformative_bk_Vieira (2019)","Uninformative_bk","M_Vieira(1988-2018)",1834.61008673988
"Uninformative_bk_Vieira (2019)","Uninformative_bk","M_Vieira(1988-2018)",1988.24990091639
"Uninformative_bk_Vieira (2019)","Uninformative_bk","M_Vieira(1988-2018)",1893.01088246187
"Uninformative_bk_Vieira (2019)","Uninformative_bk","M_Vieira(1988-2018)",3330.0694429126
"Uninformative_bk_Vieira (2019)","Uninformative_bk","M_Vieira(1988-2018)",2079.43376585325
"Uninformative_bk_Vieira (2019)","Uninformative_bk","M_Vieira(1988-2018)",2075.10628566887
"Uninformative_bk_Vieira (2019)","Uninformative_bk","M_Vieira(1988-2018)",1922.84410828049
"Uninformative_bk_Vieira (2019)","Uninformative_bk","M_Vieira(1988-2018)",2211.23218564389
"Uninformative_bk_Vieira (2019)","Uninformative_bk","M_Vieira(1988-2018)",2060.04965155215
"Uninformative_bk_Vieira (2019)","Uninformative_bk","M_Vieira(1988-2018)",2117.56706089585
"Uninformative_bk_Vieira (2019)","Uninformative_bk","M_Vieira(1988-2018)",2125.20999139749
"Uninformative_bk_Vieira (2019)","Uninformative_bk","M_Vieira(1988-2018)",2101.60109256909
"Uninformative_bk_Vieira (2019)","Uninformative_bk","M_Vieira(1988-2018)",1984.02279367946
"Uninformative_bk_Vieira (2019)","Uninformative_bk","M_Vieira(1988-2018)",2753.19573465525
"Uninformative_bk_Vieira (2019)","Uninformative_bk","M_Vieira(1988-2018)",1900.58778122662
"Uninformative_bk_Vieira (2019)","Uninformative_bk","M_Vieira(1988-2018)",1978.21667164731
"Uninformative_bk_Vieira (2019)","Uninformative_bk","M_Vieira(1988-2018)",1901.41455451993
"Uninformative_bk_Vieira (2019)","Uninformative_bk","M_Vieira(1988-2018)",1917.31585959402
"Uninformative_bk_Vieira (2019)","Uninformative_bk","M_Vieira(1988-2018)",2041.28945517066
"Uninformative_bk_Vieira (2019)","Uninformative_bk","M_Vieira(1988-2018)",1878.61028170281
"Uninformative_bk_Vieira (2019)","Uninformative_bk","M_Vieira(1988-2018)",1915.38411275492
"Uninformative_bk_Vieira (2019)","Uninformative_bk","M_Vieira(1988-2018)",1952.64843765421
"Uninformative_bk_Vieira (2019)","Uninformative_bk","M_Vieira(1988-2018)",2058.02296220059
"Uninformative_bk_Vieira (2019)","Uninformative_bk","M_Vieira(1988-2018)",1910.0486028711
"Uninformative_bk_Vieira (2019)","Uninformative_bk","M_Vieira(1988-2018)",2484.85016510453
"Uninformative_bk_Vieira (2019)","Uninformative_bk","M_Vieira(1988-2018)",1925.43335895251
"Uninformative_bk_Vieira (2019)","Uninformative_bk","M_Vieira(1988-2018)",5389.27726938633
"Uninformative_bk_Vieira (2019)","Uninformative_bk","M_Vieira(1988-2018)",1827.66780221207
"Uninformative_bk_Vieira (2019)","Uninformative_bk","M_Vieira(1988-2018)",1964.46716069534
"Uninformative_bk_Vieira (2019)","Uninformative_bk","M_Vieira(1988-2018)",2499.24107829466
"Uninformative_bk_Vieira (2019)","Uninformative_bk","M_Vieira(1988-2018)",1944.88436720096
"Uninformative_bk_Vieira (2019)","Uninformative_bk","M_Vieira(1988-2018)",1800.34557603153
"Uninformative_bk_Vieira (2019)","Uninformative_bk","M_Vieira(1988-2018)",1972.2501466923
"Uninformative_bk_Vieira (2019)","Uninformative_bk","M_Vieira(1988-2018)",5603.88323183392
"Uninformative_bk_Vieira (2019)","Uninformative_bk","M_Vieira(1988-2018)",2249.8340307704
"Uninformative_bk_Vieira (2019)","Uninformative_bk","M_Vieira(1988-2018)",1990.17830010119
"Uninformative_bk_Vieira (2019)","Uninformative_bk","M_Vieira(1988-2018)",2448.62852203776
"Uninformative_bk_Vieira (2019)","Uninformative_bk","M_Vieira(1988-2018)",2033.99455169326
"Uninformative_bk_Vieira (2019)","Uninformative_bk","M_Vieira(1988-2018)",1991.23445559095
"Uninformative_bk_Vieira (2019)","Uninformative_bk","M_Vieira(1988-2018)",1953.01477143431
"Uninformative_bk_Vieira (2019)","Uninformative_bk","M_Vieira(1988-2018)",1947.67433538557
"Uninformative_bk_Vieira (2019)","Uninformative_bk","M_Vieira(1988-2018)",2603.84529230597
"Uninformative_bk_Vieira (2019)","Uninformative_bk","M_Vieira(1988-2018)",1821.46429759885
"Uninformative_bk_Vieira (2019)","Uninformative_bk","M_Vieira(1988-2018)",1862.1566371829
"Uninformative_bk_Vieira (2019)","Uninformative_bk","M_Vieira(1988-2018)",1721.68269128522
"Uninformative_bk_Vieira (2019)","Uninformative_bk","M_Vieira(1988-2018)",1982.58166084444
"Uninformative_bk_Vieira (2019)","Uninformative_bk","M_Vieira(1988-2018)",2284.1637265468
"Uninformative_bk_Vieira (2019)","Uninformative_bk","M_Vieira(1988-2018)",2732.72292106473
"Uninformative_bk_Vieira (2019)","Uninformative_bk","M_Vieira(1988-2018)",2049.70619304355
"Uninformative_bk_Vieira (2019)","Uninformative_bk","M_Vieira(1988-2018)",2103.27034968331
"Uninformative_bk_Vieira (2019)","Uninformative_bk","M_Vieira(1988-2018)",1927.25548561204
"Uninformative_bk_Vieira (2019)","Uninformative_bk","M_Vieira(1988-2018)",1951.24785256747
"Uninformative_bk_Vieira (2019)","Uninformative_bk","M_Vieira(1988-2018)",3383.38325282363
"Uninformative_bk_Vieira (2019)","Uninformative_bk","M_Vieira(1988-2018)",1981.71151168154
"Uninformative_bk_Vieira (2019)","Uninformative_bk","M_Vieira(1988-2018)",3259.92166901767
"Uninformative_bk_Vieira (2019)","Uninformative_bk","M_Vieira(1988-2018)",1881.24934433714
"Uninformative_bk_Vieira (2019)","Uninformative_bk","M_Vieira(1988-2018)",1925.93741927656
"Uninformative_bk_Vieira (2019)","Uninformative_bk","M_Vieira(1988-2018)",1926.50223962316
"Uninformative_bk_Vieira (2019)","Uninformative_bk","M_Vieira(1988-2018)",1829.47909087477
"Uninformative_bk_Vieira (2019)","Uninformative_bk","M_Vieira(1988-2018)",2091.2888725941
"Uninformative_bk_Vieira (2019)","Uninformative_bk","M_Vieira(1988-2018)",2570.36645195988
"Uninformative_bk_Vieira (2019)","Uninformative_bk","M_Vieira(1988-2018)",2476.39469492074
"Uninformative_bk_Vieira (2019)","Uninformative_bk","M_Vieira(1988-2018)",1636.11560789693
"Uninformative_bk_Vieira (2019)","Uninformative_bk","M_Vieira(1988-2018)",1983.09813403293
"Uninformative_bk_Vieira (2019)","Uninformative_bk","M_Vieira(1988-2018)",1822.52761077129
"Uninformative_bk_Vieira (2019)","Uninformative_bk","M_Vieira(1988-2018)",2091.28989082817
"Uninformative_bk_Vieira (2019)","Uninformative_bk","M_Vieira(1988-2018)",1917.62126010081
"Uninformative_bk_Vieira (2019)","Uninformative_bk","M_Vieira(1988-2018)",1852.76618898048
"Uninformative_bk_Vieira (2019)","Uninformative_bk","M_Vieira(1988-2018)",1869.74336100272
"Uninformative_bk_Vieira (2019)","Uninformative_bk","M_Vieira(1988-2018)",1941.38172880755
"Uninformative_bk_Vieira (2019)","Uninformative_bk","M_Vieira(1988-2018)",1762.21407247948
"Uninformative_bk_Vieira (2019)","Uninformative_bk","M_Vieira(1988-2018)",2056.57162080456
"Uninformative_bk_Vieira (2019)","Uninformative_bk","M_Vieira(1988-2018)",5120.15759303874
"Uninformative_bk_Vieira (2019)","Uninformative_bk","M_Vieira(1988-2018)",2020.79780308303
"Uninformative_bk_Vieira (2019)","Uninformative_bk","M_Vieira(1988-2018)",2122.02169203809
"Uninformative_bk_Vieira (2019)","Uninformative_bk","M_Vieira(1988-2018)",1760.57567916878
"Uninformative_bk_Vieira (2019)","Uninformative_bk","M_Vieira(1988-2018)",1975.41727012805
"Uninformative_bk_Vieira (2019)","Uninformative_bk","M_Vieira(1988-2018)",3712.50572037821
"Uninformative_bk_Vieira (2019)","Uninformative_bk","M_Vieira(1988-2018)",1977.13248923193
"Uninformative_bk_Vieira (2019)","Uninformative_bk","M_Vieira(1988-2018)",1930.79929861066
"Uninformative_bk_Vieira (2019)","Uninformative_bk","M_Vieira(1988-2018)",4653.01231818347
"Uninformative_bk_Vieira (2019)","Uninformative_bk","M_Vieira(1988-2018)",2147.44023855555
"Uninformative_bk_Vieira (2019)","Uninformative_bk","M_Vieira(1988-2018)",1872.5814716949
"Uninformative_bk_Vieira (2019)","Uninformative_bk","M_Vieira(1988-2018)",1862.14758122852
"Uninformative_bk_Vieira (2019)","Uninformative_bk","M_Vieira(1988-2018)",1948.08666094418
"Uninformative_bk_Vieira (2019)","Uninformative_bk","M_Vieira(1988-2018)",1951.50425848746
"Uninformative_bk_Vieira (2019)","Uninformative_bk","M_Vieira(1988-2018)",2020.53338328665
"Uninformative_bk_Vieira (2019)","Uninformative_bk","M_Vieira(1988-2018)",1773.68057309851
"Uninformative_bk_Vieira (2019)","Uninformative_bk","M_Vieira(1988-2018)",1794.08048340254
"Uninformative_bk_Vieira (2019)","Uninformative_bk","M_Vieira(1988-2018)",1878.52879985833
"Uninformative_bk_Vieira (2019)","Uninformative_bk","M_Vieira(1988-2018)",1956.473846677
"Uninformative_bk_Vieira (2019)","Uninformative_bk","M_Vieira(1988-2018)",1910.41985286354
"Uninformative_bk_Vieira (2019)","Uninformative_bk","M_Vieira(1988-2018)",1691.66506460772
"Uninformative_bk_Vieira (2019)","Uninformative_bk","M_Vieira(1988-2018)",1903.00887663179
"Uninformative_bk_Vieira (2019)","Uninformative_bk","M_Vieira(1988-2018)",1820.96143316243
"Uninformative_bk_Vieira (2019)","Uninformative_bk","M_Vieira(1988-2018)",4784.88462841303
"Uninformative_bk_Vieira (2019)","Uninformative_bk","M_Vieira(1988-2018)",2128.70245410316
"Uninformative_bk_Vieira (2019)","Uninformative_bk","M_Vieira(1988-2018)",1992.83651076853
"Uninformative_bk_Vieira (2019)","Uninformative_bk","M_Vieira(1988-2018)",2468.95416093223
"Uninformative_bk_Vieira (2019)","Uninformative_bk","M_Vieira(1988-2018)",2199.89967679769
"Uninformative_bk_Vieira (2019)","Uninformative_bk","M_Vieira(1988-2018)",2066.61458477649
"Uninformative_bk_Vieira (2019)","Uninformative_bk","M_Vieira(1988-2018)",1951.38911046006
"Uninformative_bk_Vieira (2019)","Uninformative_bk","M_Vieira(1988-2018)",1836.05125816018
"Uninformative_bk_Vieira (2019)","Uninformative_bk","M_Vieira(1988-2018)",1858.7988617508
"Uninformative_bk_Vieira (2019)","Uninformative_bk","M_Vieira(1988-2018)",1946.73045096406
"Uninformative_bk_Vieira (2019)","Uninformative_bk","M_Vieira(1988-2018)",4512.50241693516
"Uninformative_bk_Vieira (2019)","Uninformative_bk","M_Vieira(1988-2018)",1937.48724971071
"Uninformative_bk_Vieira (2019)","Uninformative_bk","M_Vieira(1988-2018)",2990.15946535709
"Uninformative_bk_Vieira (2019)","Uninformative_bk","M_Vieira(1988-2018)",1940.3163703404
"Uninformative_bk_Vieira (2019)","Uninformative_bk","M_Vieira(1988-2018)",2127.51551172896
"Uninformative_bk_Vieira (2019)","Uninformative_bk","M_Vieira(1988-2018)",1956.3698454777
"Uninformative_bk_Vieira (2019)","Uninformative_bk","M_Vieira(1988-2018)",1831.89383185557
"Uninformative_bk_Vieira (2019)","Uninformative_bk","M_Vieira(1988-2018)",1921.96628806949
"Uninformative_bk_Vieira (2019)","Uninformative_bk","M_Vieira(1988-2018)",1846.59720772419
"Uninformative_bk_Vieira (2019)","Uninformative_bk","M_Vieira(1988-2018)",1840.04311778653
"Uninformative_bk_Vieira (2019)","Uninformative_bk","M_Vieira(1988-2018)",2076.71919309382
"zBRT_Jardim (1999)","zBRT","M_Jardim(1981-1994)",1475.95123541252
"zBRT_Jardim (1999)","zBRT","M_Jardim(1981-1994)",1802.84547313963
"zBRT_Jardim (1999)","zBRT","M_Jardim(1981-1994)",1817.71017675297
"zBRT_Jardim (1999)","zBRT","M_Jardim(1981-1994)",1731.23246485129
"zBRT_Jardim (1999)","zBRT","M_Jardim(1981-1994)",1752.06707152956
"zBRT_Jardim (1999)","zBRT","M_Jardim(1981-1994)",1791.14492009732
"zBRT_Jardim (1999)","zBRT","M_Jardim(1981-1994)",1686.98460789924
"zBRT_Jardim (1999)","zBRT","M_Jardim(1981-1994)",1772.52859739557
"zBRT_Jardim (1999)","zBRT","M_Jardim(1981-1994)",1753.93268870844
"zBRT_Jardim (1999)","zBRT","M_Jardim(1981-1994)",1766.71247999787
"zBRT_Jardim (1999)","zBRT","M_Jardim(1981-1994)",1777.54751356652
"zBRT_Jardim (1999)","zBRT","M_Jardim(1981-1994)",1821.1412359798
"zBRT_Jardim (1999)","zBRT","M_Jardim(1981-1994)",1767.32347807592
"zBRT_Jardim (1999)","zBRT","M_Jardim(1981-1994)",1732.06520709724
"zBRT_Jardim (1999)","zBRT","M_Jardim(1981-1994)",1735.79992731012
"zBRT_Jardim (1999)","zBRT","M_Jardim(1981-1994)",1746.01679874735
"zBRT_Jardim (1999)","zBRT","M_Jardim(1981-1994)",1692.67497383804
"zBRT_Jardim (1999)","zBRT","M_Jardim(1981-1994)",1772.04774763143
"zBRT_Jardim (1999)","zBRT","M_Jardim(1981-1994)",1496.11861199446
"zBRT_Jardim (1999)","zBRT","M_Jardim(1981-1994)",1772.79389713783
"zBRT_Jardim (1999)","zBRT","M_Jardim(1981-1994)",1733.30007398865
"zBRT_Jardim (1999)","zBRT","M_Jardim(1981-1994)",1744.94290400549
"zBRT_Jardim (1999)","zBRT","M_Jardim(1981-1994)",1766.04966081077
"zBRT_Jardim (1999)","zBRT","M_Jardim(1981-1994)",1546.99881603869
"zBRT_Jardim (1999)","zBRT","M_Jardim(1981-1994)",1783.06324742925
"zBRT_Jardim (1999)","zBRT","M_Jardim(1981-1994)",1707.09838747011
"zBRT_Jardim (1999)","zBRT","M_Jardim(1981-1994)",1539.72174497942
"zBRT_Jardim (1999)","zBRT","M_Jardim(1981-1994)",1739.393755286
"zBRT_Jardim (1999)","zBRT","M_Jardim(1981-1994)",1803.40699744506
"zBRT_Jardim (1999)","zBRT","M_Jardim(1981-1994)",1898.87274962876
"zBRT_Jardim (1999)","zBRT","M_Jardim(1981-1994)",1707.98568166501
"zBRT_Jardim (1999)","zBRT","M_Jardim(1981-1994)",1614.40283429118
"zBRT_Jardim (1999)","zBRT","M_Jardim(1981-1994)",1668.79984104425
"zBRT_Jardim (1999)","zBRT","M_Jardim(1981-1994)",1645.95158963714
"zBRT_Jardim (1999)","zBRT","M_Jardim(1981-1994)",1652.42894001199
"zBRT_Jardim (1999)","zBRT","M_Jardim(1981-1994)",1821.80106309673
"zBRT_Jardim (1999)","zBRT","M_Jardim(1981-1994)",1789.12928865364
"zBRT_Jardim (1999)","zBRT","M_Jardim(1981-1994)",1613.41828139251
"zBRT_Jardim (1999)","zBRT","M_Jardim(1981-1994)",1768.41562169852
"zBRT_Jardim (1999)","zBRT","M_Jardim(1981-1994)",1728.333215977
"zBRT_Jardim (1999)","zBRT","M_Jardim(1981-1994)",1706.99103264706
"zBRT_Jardim (1999)","zBRT","M_Jardim(1981-1994)",1773.66841038756
"zBRT_Jardim (1999)","zBRT","M_Jardim(1981-1994)",1758.25705582608
"zBRT_Jardim (1999)","zBRT","M_Jardim(1981-1994)",1822.43908644768
"zBRT_Jardim (1999)","zBRT","M_Jardim(1981-1994)",1806.55528790172
"zBRT_Jardim (1999)","zBRT","M_Jardim(1981-1994)",1537.7591666085
"zBRT_Jardim (1999)","zBRT","M_Jardim(1981-1994)",1764.73222452924
"zBRT_Jardim (1999)","zBRT","M_Jardim(1981-1994)",1804.22940410109
"zBRT_Jardim (1999)","zBRT","M_Jardim(1981-1994)",1744.50086738862
"zBRT_Jardim (1999)","zBRT","M_Jardim(1981-1994)",1424.18653403486
"zBRT_Jardim (1999)","zBRT","M_Jardim(1981-1994)",1654.76746194877
"zBRT_Jardim (1999)","zBRT","M_Jardim(1981-1994)",1901.17338281747
"zBRT_Jardim (1999)","zBRT","M_Jardim(1981-1994)",1721.9540575758
"zBRT_Jardim (1999)","zBRT","M_Jardim(1981-1994)",1729.36618918505
"zBRT_Jardim (1999)","zBRT","M_Jardim(1981-1994)",1803.64924069033
"zBRT_Jardim (1999)","zBRT","M_Jardim(1981-1994)",1580.35101769049
"zBRT_Jardim (1999)","zBRT","M_Jardim(1981-1994)",1685.25773680918
"zBRT_Jardim (1999)","zBRT","M_Jardim(1981-1994)",1777.78247525246
"zBRT_Jardim (1999)","zBRT","M_Jardim(1981-1994)",1639.05291653645
"zBRT_Jardim (1999)","zBRT","M_Jardim(1981-1994)",1588.19688609993
"zBRT_Jardim (1999)","zBRT","M_Jardim(1981-1994)",1787.50753899355
"zBRT_Jardim (1999)","zBRT","M_Jardim(1981-1994)",1633.725293783
"zBRT_Jardim (1999)","zBRT","M_Jardim(1981-1994)",1776.26803645208
"zBRT_Jardim (1999)","zBRT","M_Jardim(1981-1994)",1735.4204369559
"zBRT_Jardim (1999)","zBRT","M_Jardim(1981-1994)",1690.8761776042
"zBRT_Jardim (1999)","zBRT","M_Jardim(1981-1994)",1733.64125208131
"zBRT_Jardim (1999)","zBRT","M_Jardim(1981-1994)",1669.49302421853
"zBRT_Jardim (1999)","zBRT","M_Jardim(1981-1994)",1803.55455465152
"zBRT_Jardim (1999)","zBRT","M_Jardim(1981-1994)",1845.54952879384
"zBRT_Jardim (1999)","zBRT","M_Jardim(1981-1994)",1705.33063635363
"zBRT_Jardim (1999)","zBRT","M_Jardim(1981-1994)",1690.04807635155
"zBRT_Jardim (1999)","zBRT","M_Jardim(1981-1994)",1700.44516020729
"zBRT_Jardim (1999)","zBRT","M_Jardim(1981-1994)",1724.86050079425
"zBRT_Jardim (1999)","zBRT","M_Jardim(1981-1994)",1786.86839824417
"zBRT_Jardim (1999)","zBRT","M_Jardim(1981-1994)",1761.12729577004
"zBRT_Jardim (1999)","zBRT","M_Jardim(1981-1994)",1399.12557576658
"zBRT_Jardim (1999)","zBRT","M_Jardim(1981-1994)",1806.93306878751
"zBRT_Jardim (1999)","zBRT","M_Jardim(1981-1994)",1499.80709879331
"zBRT_Jardim (1999)","zBRT","M_Jardim(1981-1994)",1789.92916323652
"zBRT_Jardim (1999)","zBRT","M_Jardim(1981-1994)",1764.85102482416
"zBRT_Jardim (1999)","zBRT","M_Jardim(1981-1994)",1715.24897897011
"zBRT_Jardim (1999)","zBRT","M_Jardim(1981-1994)",1775.00427666754
"zBRT_Jardim (1999)","zBRT","M_Jardim(1981-1994)",1734.89436897235
"zBRT_Jardim (1999)","zBRT","M_Jardim(1981-1994)",1697.72303687913
"zBRT_Jardim (1999)","zBRT","M_Jardim(1981-1994)",1857.33657507353
"zBRT_Jardim (1999)","zBRT","M_Jardim(1981-1994)",1737.83463949583
"zBRT_Jardim (1999)","zBRT","M_Jardim(1981-1994)",1759.35468591994
"zBRT_Jardim (1999)","zBRT","M_Jardim(1981-1994)",1723.63002917579
"zBRT_Jardim (1999)","zBRT","M_Jardim(1981-1994)",1651.55418822729
"zBRT_Jardim (1999)","zBRT","M_Jardim(1981-1994)",1838.88972793461
"zBRT_Jardim (1999)","zBRT","M_Jardim(1981-1994)",1655.15754323799
"zBRT_Jardim (1999)","zBRT","M_Jardim(1981-1994)",1751.49966586077
"zBRT_Jardim (1999)","zBRT","M_Jardim(1981-1994)",1768.17519128911
"zBRT_Jardim (1999)","zBRT","M_Jardim(1981-1994)",1832.66167781165
"zBRT_Jardim (1999)","zBRT","M_Jardim(1981-1994)",1751.17105895912
"zBRT_Jardim (1999)","zBRT","M_Jardim(1981-1994)",1766.46547868143
"zBRT_Jardim (1999)","zBRT","M_Jardim(1981-1994)",1925.01207370818
"zBRT_Jardim (1999)","zBRT","M_Jardim(1981-1994)",2160.21846859272
"zBRT_Jardim (1999)","zBRT","M_Jardim(1981-1994)",1825.64414358406
"zBRT_Jardim (1999)","zBRT","M_Jardim(1981-1994)",1670.37100149862
"zBRT_Jardim (1999)","zBRT","M_Jardim(1981-1994)",1633.76586860697
"zBRT_Jardim (1999)","zBRT","M_Jardim(1981-1994)",1722.40416938963
"zBRT_Jardim (1999)","zBRT","M_Jardim(1981-1994)",1637.45894765478
"zBRT_Jardim (1999)","zBRT","M_Jardim(1981-1994)",1657.12151318797
"zBRT_Jardim (1999)","zBRT","M_Jardim(1981-1994)",1781.03261969367
"zBRT_Jardim (1999)","zBRT","M_Jardim(1981-1994)",1826.53487671472
"zBRT_Jardim (1999)","zBRT","M_Jardim(1981-1994)",1912.15706980034
"zBRT_Jardim (1999)","zBRT","M_Jardim(1981-1994)",1789.64696140348
"zBRT_Jardim (1999)","zBRT","M_Jardim(1981-1994)",1714.33880339818
"zBRT_Jardim (1999)","zBRT","M_Jardim(1981-1994)",1783.9204456711
"zBRT_Jardim (1999)","zBRT","M_Jardim(1981-1994)",1774.94613484694
"zBRT_Jardim (1999)","zBRT","M_Jardim(1981-1994)",1866.94661869804
"zBRT_Jardim (1999)","zBRT","M_Jardim(1981-1994)",1746.45846909283
"zBRT_Jardim (1999)","zBRT","M_Jardim(1981-1994)",1681.52419644177
"zBRT_Jardim (1999)","zBRT","M_Jardim(1981-1994)",1728.94704176433
"zBRT_Jardim (1999)","zBRT","M_Jardim(1981-1994)",1751.31117942014
"zBRT_Jardim (1999)","zBRT","M_Jardim(1981-1994)",1812.57507225678
"zBRT_Jardim (1999)","zBRT","M_Jardim(1981-1994)",1726.88181006984
"zBRT_Jardim (1999)","zBRT","M_Jardim(1981-1994)",1797.54285533469
"zBRT_Jardim (1999)","zBRT","M_Jardim(1981-1994)",1916.10577167297
"zBRT_Jardim (1999)","zBRT","M_Jardim(1981-1994)",1867.69208132398
"zBRT_Jardim (1999)","zBRT","M_Jardim(1981-1994)",1770.89167854179
"zBRT_Jardim (1999)","zBRT","M_Jardim(1981-1994)",1785.86457899937
"zBRT_Jardim (1999)","zBRT","M_Jardim(1981-1994)",1901.10088491125
"zBRT_Jardim (1999)","zBRT","M_Jardim(1981-1994)",1798.85517994274
"zBRT_Jardim (1999)","zBRT","M_Jardim(1981-1994)",1566.36365347631
"zBRT_Jardim (1999)","zBRT","M_Jardim(1981-1994)",1812.44290769477
"zBRT_Jardim (1999)","zBRT","M_Jardim(1981-1994)",1792.33681231163
"zBRT_Jardim (1999)","zBRT","M_Jardim(1981-1994)",1715.26785577888
"zBRT_Jardim (1999)","zBRT","M_Jardim(1981-1994)",1689.09000150214
"zBRT_Jardim (1999)","zBRT","M_Jardim(1981-1994)",1609.1242423793
"zBRT_Jardim (1999)","zBRT","M_Jardim(1981-1994)",1723.83057785059
"zBRT_Jardim (1999)","zBRT","M_Jardim(1981-1994)",1790.56422634135
"zBRT_Jardim (1999)","zBRT","M_Jardim(1981-1994)",1803.8571614723
"zBRT_Jardim (1999)","zBRT","M_Jardim(1981-1994)",1832.59844094685
"zBRT_Jardim (1999)","zBRT","M_Jardim(1981-1994)",1761.64426996242
"zBRT_Jardim (1999)","zBRT","M_Jardim(1981-1994)",1695.62670352515
"zBRT_Jardim (1999)","zBRT","M_Jardim(1981-1994)",1847.54307004076
"zBRT_Jardim (1999)","zBRT","M_Jardim(1981-1994)",1805.38938695498
"zBRT_Jardim (1999)","zBRT","M_Jardim(1981-1994)",1738.26635417144
"zBRT_Jardim (1999)","zBRT","M_Jardim(1981-1994)",1786.93460772504
"zBRT_Jardim (1999)","zBRT","M_Jardim(1981-1994)",1841.74698560995
"zBRT_Jardim (1999)","zBRT","M_Jardim(1981-1994)",1650.53541729419
"zBRT_Jardim (1999)","zBRT","M_Jardim(1981-1994)",1753.22583515587
"zBRT_Jardim (1999)","zBRT","M_Jardim(1981-1994)",1904.91896501136
"zBRT_Jardim (1999)","zBRT","M_Jardim(1981-1994)",1627.46855513775
"zBRT_Jardim (1999)","zBRT","M_Jardim(1981-1994)",1815.76463668214
"zBRT_Jardim (1999)","zBRT","M_Jardim(1981-1994)",1748.89974451339
"zBRT_Jardim (1999)","zBRT","M_Jardim(1981-1994)",1792.67535588175
"zBRT_Jardim (1999)","zBRT","M_Jardim(1981-1994)",1741.90882114281
"zBRT_Jardim (1999)","zBRT","M_Jardim(1981-1994)",1915.60452836125
"zBRT_Jardim (1999)","zBRT","M_Jardim(1981-1994)",1801.50328571222
"zBRT_Jardim (1999)","zBRT","M_Jardim(1981-1994)",1843.93554638207
"zBRT_Jardim (1999)","zBRT","M_Jardim(1981-1994)",1725.76168480214
"zBRT_Jardim (1999)","zBRT","M_Jardim(1981-1994)",1776.91691937397
"zBRT_Jardim (1999)","zBRT","M_Jardim(1981-1994)",1764.22360714433
"zBRT_Jardim (1999)","zBRT","M_Jardim(1981-1994)",1751.5605194448
"zBRT_Jardim (1999)","zBRT","M_Jardim(1981-1994)",1722.11066333025
"zBRT_Jardim (1999)","zBRT","M_Jardim(1981-1994)",1745.08427605865
"zBRT_Jardim (1999)","zBRT","M_Jardim(1981-1994)",1876.02959250136
"zBRT_Jardim (1999)","zBRT","M_Jardim(1981-1994)",1672.34469627635
"zBRT_Jardim (1999)","zBRT","M_Jardim(1981-1994)",1768.54082414442
"zBRT_Jardim (1999)","zBRT","M_Jardim(1981-1994)",1838.4577610839
"zBRT_Jardim (1999)","zBRT","M_Jardim(1981-1994)",1777.09205773733
"zBRT_Jardim (1999)","zBRT","M_Jardim(1981-1994)",1785.68051210959
"zBRT_Jardim (1999)","zBRT","M_Jardim(1981-1994)",1760.10812381607
"zBRT_Jardim (1999)","zBRT","M_Jardim(1981-1994)",1635.97848494995
"zBRT_Jardim (1999)","zBRT","M_Jardim(1981-1994)",1530.90691611502
"zBRT_Jardim (1999)","zBRT","M_Jardim(1981-1994)",1745.18353402279
"zBRT_Jardim (1999)","zBRT","M_Jardim(1981-1994)",1739.68969150604
"zBRT_Jardim (1999)","zBRT","M_Jardim(1981-1994)",1766.87637382761
"zBRT_Jardim (1999)","zBRT","M_Jardim(1981-1994)",1685.9504141334
"zBRT_Jardim (1999)","zBRT","M_Jardim(1981-1994)",1781.76269819215
"zBRT_Jardim (1999)","zBRT","M_Jardim(1981-1994)",1783.91159923597
"zBRT_Jardim (1999)","zBRT","M_Jardim(1981-1994)",1842.63805396183
"zBRT_Jardim (1999)","zBRT","M_Jardim(1981-1994)",1908.59352860671
"zBRT_Jardim (1999)","zBRT","M_Jardim(1981-1994)",1188.57154892592
"zBRT_Jardim (1999)","zBRT","M_Jardim(1981-1994)",1552.09798153296
"zBRT_Jardim (1999)","zBRT","M_Jardim(1981-1994)",1903.14300343038
"zBRT_Jardim (1999)","zBRT","M_Jardim(1981-1994)",1748.84269483624
"zBRT_Jardim (1999)","zBRT","M_Jardim(1981-1994)",1735.98805893812
"zBRT_Jardim (1999)","zBRT","M_Jardim(1981-1994)",1788.73905744421
"zBRT_Jardim (1999)","zBRT","M_Jardim(1981-1994)",1732.53865676498
"zBRT_Jardim (1999)","zBRT","M_Jardim(1981-1994)",1666.70415376082
"zBRT_Jardim (1999)","zBRT","M_Jardim(1981-1994)",1746.80524111172
"zBRT_Jardim (1999)","zBRT","M_Jardim(1981-1994)",1896.55262361753
"zBRT_Jardim (1999)","zBRT","M_Jardim(1981-1994)",1647.53406837846
"zBRT_Jardim (1999)","zBRT","M_Jardim(1981-1994)",1518.89772208038
"zBRT_Jardim (1999)","zBRT","M_Jardim(1981-1994)",1755.31673977139
"zBRT_Jardim (1999)","zBRT","M_Jardim(1981-1994)",1668.90308690022
"zBRT_Jardim (1999)","zBRT","M_Jardim(1981-1994)",1743.48381346058
"zBRT_Jardim (1999)","zBRT","M_Jardim(1981-1994)",1507.27086333428
"zBRT_Jardim (1999)","zBRT","M_Jardim(1981-1994)",1958.31844185571
"zBRT_Jardim (1999)","zBRT","M_Jardim(1981-1994)",1921.33527378728
"zBRT_Jardim (1999)","zBRT","M_Jardim(1981-1994)",1698.39512760186
"zBRT_Jardim (1999)","zBRT","M_Jardim(1981-1994)",1788.97078190827
"zBRT_Jardim (1999)","zBRT","M_Jardim(1981-1994)",1706.97682577144
"zBRT_Jardim (1999)","zBRT","M_Jardim(1981-1994)",1868.47493347113
"zBRT_Jardim (1999)","zBRT","M_Jardim(1981-1994)",1679.83689979375
"zBRT_Jardim (1999)","zBRT","M_Jardim(1981-1994)",1712.25030165368
"zBRT_Jardim (1999)","zBRT","M_Jardim(1981-1994)",1725.16434853833
"zBRT_Jardim (1999)","zBRT","M_Jardim(1981-1994)",1817.86748596452
"zBRT_Jardim (1999)","zBRT","M_Jardim(1981-1994)",1572.28294887467
"zBRT_Jardim (1999)","zBRT","M_Jardim(1981-1994)",1679.5712285715
"zBRT_Jardim (1999)","zBRT","M_Jardim(1981-1994)",1583.90745883754
"zBRT_Jardim (1999)","zBRT","M_Jardim(1981-1994)",1820.16158943578
"zBRT_Jardim (1999)","zBRT","M_Jardim(1981-1994)",1630.51716248951
"zBRT_Jardim (1999)","zBRT","M_Jardim(1981-1994)",1774.66572845889
"zBRT_Jardim (1999)","zBRT","M_Jardim(1981-1994)",1790.01786365365
"zBRT_Jardim (1999)","zBRT","M_Jardim(1981-1994)",1684.47270949096
"zBRT_Jardim (1999)","zBRT","M_Jardim(1981-1994)",1713.95366205658
"zBRT_Jardim (1999)","zBRT","M_Jardim(1981-1994)",1834.19817951064
"zBRT_Jardim (1999)","zBRT","M_Jardim(1981-1994)",1747.04028803187
"zBRT_Jardim (1999)","zBRT","M_Jardim(1981-1994)",1818.13200370781
"zBRT_Jardim (1999)","zBRT","M_Jardim(1981-1994)",1608.57791460735
"zBRT_Jardim (1999)","zBRT","M_Jardim(1981-1994)",1810.40603437306
"zBRT_Jardim (1999)","zBRT","M_Jardim(1981-1994)",1722.37241490218
"zBRT_Jardim (1999)","zBRT","M_Jardim(1981-1994)",1864.13666218288
"zBRT_Jardim (1999)","zBRT","M_Jardim(1981-1994)",1663.27565280868
"zBRT_Jardim (1999)","zBRT","M_Jardim(1981-1994)",1749.82970365002
"zBRT_Jardim (1999)","zBRT","M_Jardim(1981-1994)",1766.94769115004
"zBRT_Jardim (1999)","zBRT","M_Jardim(1981-1994)",1721.71306617177
"zBRT_Jardim (1999)","zBRT","M_Jardim(1981-1994)",1759.28820479796
"zBRT_Jardim (1999)","zBRT","M_Jardim(1981-1994)",1746.30251061143
"zBRT_Jardim (1999)","zBRT","M_Jardim(1981-1994)",1781.62775220145
"zBRT_Jardim (1999)","zBRT","M_Jardim(1981-1994)",1666.58551095077
"zBRT_Jardim (1999)","zBRT","M_Jardim(1981-1994)",1821.7123878408
"zBRT_Jardim (1999)","zBRT","M_Jardim(1981-1994)",1768.44234936268
"zBRT_Jardim (1999)","zBRT","M_Jardim(1981-1994)",1526.86194498987
"zBRT_Jardim (1999)","zBRT","M_Jardim(1981-1994)",1922.94682099902
"zBRT_Jardim (1999)","zBRT","M_Jardim(1981-1994)",1805.32064303916
"zBRT_Jardim (1999)","zBRT","M_Jardim(1981-1994)",1792.83965608305
"zBRT_Jardim (1999)","zBRT","M_Jardim(1981-1994)",1701.12664705776
"zBRT_Jardim (1999)","zBRT","M_Jardim(1981-1994)",1731.71890621281
"zBRT_Jardim (1999)","zBRT","M_Jardim(1981-1994)",1723.65230816663
"zBRT_Jardim (1999)","zBRT","M_Jardim(1981-1994)",1508.32095168672
"zBRT_Jardim (1999)","zBRT","M_Jardim(1981-1994)",1676.13907466702
"zBRT_Jardim (1999)","zBRT","M_Jardim(1981-1994)",1787.33858298013
"zBRT_Jardim (1999)","zBRT","M_Jardim(1981-1994)",1645.19982762196
"zBRT_Jardim (1999)","zBRT","M_Jardim(1981-1994)",1728.62571174615
"zBRT_Jardim (1999)","zBRT","M_Jardim(1981-1994)",1771.54655190433
"zBRT_Jardim (1999)","zBRT","M_Jardim(1981-1994)",1650.91248867039
"zBRT_Jardim (1999)","zBRT","M_Jardim(1981-1994)",1676.48512368005
"zBRT_Jardim (1999)","zBRT","M_Jardim(1981-1994)",1746.57310309003
"zBRT_Jardim (1999)","zBRT","M_Jardim(1981-1994)",1742.81529078698
"zBRT_Jardim (1999)","zBRT","M_Jardim(1981-1994)",1776.72692792779
"zBRT_Jardim (1999)","zBRT","M_Jardim(1981-1994)",1710.50039198235
"zBRT_Jardim (1999)","zBRT","M_Jardim(1981-1994)",1717.05939994886
"zBRT_Jardim (1999)","zBRT","M_Jardim(1981-1994)",1723.07668258359
"zBRT_Jardim (1999)","zBRT","M_Jardim(1981-1994)",1654.19352043171
"zBRT_Jardim (1999)","zBRT","M_Jardim(1981-1994)",1796.22599309318
"zBRT_Jardim (1999)","zBRT","M_Jardim(1981-1994)",1838.28883893521
"zBRT_Jardim (1999)","zBRT","M_Jardim(1981-1994)",1771.69835963719
"zBRT_Jardim (1999)","zBRT","M_Jardim(1981-1994)",1745.53857563541
"zBRT_Jardim (1999)","zBRT","M_Jardim(1981-1994)",1602.26070960947
"zBRT_Jardim (1999)","zBRT","M_Jardim(1981-1994)",1443.96004894077
"zBRT_Jardim (1999)","zBRT","M_Jardim(1981-1994)",1828.06627175059
"zBRT_Jardim (1999)","zBRT","M_Jardim(1981-1994)",1907.78083042291
"zBRT_Jardim (1999)","zBRT","M_Jardim(1981-1994)",1904.84923163879
"zBRT_Jardim (1999)","zBRT","M_Jardim(1981-1994)",1846.00239552794
"zBRT_Jardim (1999)","zBRT","M_Jardim(1981-1994)",1661.21919751136
"zBRT_Jardim (1999)","zBRT","M_Jardim(1981-1994)",1862.08445060377
"zBRT_Jardim (1999)","zBRT","M_Jardim(1981-1994)",1819.11459326822
"zBRT_Jardim (1999)","zBRT","M_Jardim(1981-1994)",1841.73923733069
"zBRT_Jardim (1999)","zBRT","M_Jardim(1981-1994)",1745.93998108584
"zBRT_Jardim (1999)","zBRT","M_Jardim(1981-1994)",1742.17007550158
"zBRT_Jardim (1999)","zBRT","M_Jardim(1981-1994)",1843.76374169766
"zBRT_Jardim (1999)","zBRT","M_Jardim(1981-1994)",1744.0570695786
"zBRT_Jardim (1999)","zBRT","M_Jardim(1981-1994)",1808.03639271662
"zBRT_Jardim (1999)","zBRT","M_Jardim(1981-1994)",1713.87251036755
"zBRT_Jardim (1999)","zBRT","M_Jardim(1981-1994)",1493.33763736731
"zBRT_Jardim (1999)","zBRT","M_Jardim(1981-1994)",1734.06932459839
"zBRT_Jardim (1999)","zBRT","M_Jardim(1981-1994)",1776.89114935074
"zBRT_Jardim (1999)","zBRT","M_Jardim(1981-1994)",1444.43252722053
"zBRT_Jardim (1999)","zBRT","M_Jardim(1981-1994)",1772.80990915394
"zBRT_Jardim (1999)","zBRT","M_Jardim(1981-1994)",1746.15775582238
"zBRT_Jardim (1999)","zBRT","M_Jardim(1981-1994)",1838.67414429824
"zBRT_Jardim (1999)","zBRT","M_Jardim(1981-1994)",1651.05223621805
"zBRT_Jardim (1999)","zBRT","M_Jardim(1981-1994)",1715.89957457387
"zBRT_Jardim (1999)","zBRT","M_Jardim(1981-1994)",1661.35723138282
"zBRT_Jardim (1999)","zBRT","M_Jardim(1981-1994)",1804.12582305477
"zBRT_Jardim (1999)","zBRT","M_Jardim(1981-1994)",1807.09521908583
"zBRT_Jardim (1999)","zBRT","M_Jardim(1981-1994)",1670.68446148039
"zBRT_Jardim (1999)","zBRT","M_Jardim(1981-1994)",1738.56051493121
"zBRT_Jardim (1999)","zBRT","M_Jardim(1981-1994)",1730.51875972381
"zBRT_Jardim (1999)","zBRT","M_Jardim(1981-1994)",1835.20377274948
"zBRT_Jardim (1999)","zBRT","M_Jardim(1981-1994)",1734.08794002992
"zBRT_Jardim (1999)","zBRT","M_Jardim(1981-1994)",1715.95664417705
"zBRT_Jardim (1999)","zBRT","M_Jardim(1981-1994)",1929.06837784362
"zBRT_Jardim (1999)","zBRT","M_Jardim(1981-1994)",1298.52405116214
"zBRT_Jardim (1999)","zBRT","M_Jardim(1981-1994)",1730.19149634961
"zBRT_Jardim (1999)","zBRT","M_Jardim(1981-1994)",1723.24803268751
"zBRT_Jardim (1999)","zBRT","M_Jardim(1981-1994)",1717.87762580279
"zBRT_Jardim (1999)","zBRT","M_Jardim(1981-1994)",1930.67478655584
"zBRT_Jardim (1999)","zBRT","M_Jardim(1981-1994)",1778.13293772222
"zBRT_Jardim (1999)","zBRT","M_Jardim(1981-1994)",1713.04063038546
"zBRT_Jardim (1999)","zBRT","M_Jardim(1981-1994)",1829.00974611657
"zBRT_Jardim (1999)","zBRT","M_Jardim(1981-1994)",1822.63336961918
"zBRT_Jardim (1999)","zBRT","M_Jardim(1981-1994)",1745.95986257826
"zBRT_Jardim (1999)","zBRT","M_Jardim(1981-1994)",2492.23772431589
"zBRT_Jardim (1999)","zBRT","M_Jardim(1981-1994)",1845.25931986412
"zBRT_Jardim (1999)","zBRT","M_Jardim(1981-1994)",1516.13009160866
"zBRT_Jardim (1999)","zBRT","M_Jardim(1981-1994)",1795.31323934783
"zBRT_Jardim (1999)","zBRT","M_Jardim(1981-1994)",1788.10167189146
"zBRT_Jardim (1999)","zBRT","M_Jardim(1981-1994)",1765.21862891642
"zBRT_Jardim (1999)","zBRT","M_Jardim(1981-1994)",1702.3184060043
"zBRT_Jardim (1999)","zBRT","M_Jardim(1981-1994)",1707.91590626984
"zBRT_Jardim (1999)","zBRT","M_Jardim(1981-1994)",1764.92276131506
"zBRT_Jardim (1999)","zBRT","M_Jardim(1981-1994)",1901.77743269303
"zBRT_Jardim (1999)","zBRT","M_Jardim(1981-1994)",1771.7246613129
"zBRT_Jardim (1999)","zBRT","M_Jardim(1981-1994)",1928.35141406513
"zBRT_Jardim (1999)","zBRT","M_Jardim(1981-1994)",1626.34975593191
"zBRT_Jardim (1999)","zBRT","M_Jardim(1981-1994)",1757.54366122254
"zBRT_Jardim (1999)","zBRT","M_Jardim(1981-1994)",1689.15588419013
"zBRT_Jardim (1999)","zBRT","M_Jardim(1981-1994)",1804.58459133791
"zBRT_Jardim (1999)","zBRT","M_Jardim(1981-1994)",1839.61268012354
"zBRT_Jardim (1999)","zBRT","M_Jardim(1981-1994)",1936.9825987567
"zBRT_Jardim (1999)","zBRT","M_Jardim(1981-1994)",1668.79079993929
"zBRT_Jardim (1999)","zBRT","M_Jardim(1981-1994)",1771.16701891195
"zBRT_Jardim (1999)","zBRT","M_Jardim(1981-1994)",1504.95555082983
"zBRT_Jardim (1999)","zBRT","M_Jardim(1981-1994)",1686.2846020693
"zBRT_Jardim (1999)","zBRT","M_Jardim(1981-1994)",1704.8639882971
"zBRT_Jardim (1999)","zBRT","M_Jardim(1981-1994)",1805.05757278695
"zBRT_Jardim (1999)","zBRT","M_Jardim(1981-1994)",1764.19663555807
"zBRT_Jardim (1999)","zBRT","M_Jardim(1981-1994)",1867.6774040625
"zBRT_Jardim (1999)","zBRT","M_Jardim(1981-1994)",1693.92371176819
"zBRT_Jardim (1999)","zBRT","M_Jardim(1981-1994)",1725.15599731254
"zBRT_Jardim (1999)","zBRT","M_Jardim(1981-1994)",1729.13071607376
"zBRT_Jardim (1999)","zBRT","M_Jardim(1981-1994)",1693.50717133164
"zBRT_Jardim (1999)","zBRT","M_Jardim(1981-1994)",1716.90329698184
"zBRT_Jardim (1999)","zBRT","M_Jardim(1981-1994)",1545.15724490977
"zBRT_Jardim (1999)","zBRT","M_Jardim(1981-1994)",1782.44182672745
"zBRT_Jardim (1999)","zBRT","M_Jardim(1981-1994)",1787.76421657331
"zBRT_Jardim (1999)","zBRT","M_Jardim(1981-1994)",1771.79055059171
"zBRT_Jardim (1999)","zBRT","M_Jardim(1981-1994)",1733.06339611353
"zBRT_Jardim (1999)","zBRT","M_Jardim(1981-1994)",1901.68296621523
"zBRT_Jardim (1999)","zBRT","M_Jardim(1981-1994)",1784.0118684137
"zBRT_Jardim (1999)","zBRT","M_Jardim(1981-1994)",1825.38963748242
"zBRT_Jardim (1999)","zBRT","M_Jardim(1981-1994)",1688.47897223436
"zBRT_Jardim (1999)","zBRT","M_Jardim(1981-1994)",1831.07928091599
"zBRT_Jardim (1999)","zBRT","M_Jardim(1981-1994)",1668.43375832129
"zBRT_Jardim (1999)","zBRT","M_Jardim(1981-1994)",1806.724284354
"zBRT_Jardim (1999)","zBRT","M_Jardim(1981-1994)",1840.73424749388
"zBRT_Jardim (1999)","zBRT","M_Jardim(1981-1994)",1675.93998071576
"zBRT_Jardim (1999)","zBRT","M_Jardim(1981-1994)",1710.90203846358
"zBRT_Jardim (1999)","zBRT","M_Jardim(1981-1994)",1913.09541875669
"zBRT_Jardim (1999)","zBRT","M_Jardim(1981-1994)",1780.79636491103
"zBRT_Jardim (1999)","zBRT","M_Jardim(1981-1994)",1608.79424639985
"zBRT_Jardim (1999)","zBRT","M_Jardim(1981-1994)",1788.26999277528
"zBRT_Jardim (1999)","zBRT","M_Jardim(1981-1994)",1838.69927017546
"zBRT_Jardim (1999)","zBRT","M_Jardim(1981-1994)",1817.98959331182
"zBRT_Jardim (1999)","zBRT","M_Jardim(1981-1994)",1762.60975346564
"zBRT_Jardim (1999)","zBRT","M_Jardim(1981-1994)",1702.0747431313
"zBRT_Jardim (1999)","zBRT","M_Jardim(1981-1994)",1393.17252965579
"zBRT_Jardim (1999)","zBRT","M_Jardim(1981-1994)",1793.58172662653
"zBRT_Jardim (1999)","zBRT","M_Jardim(1981-1994)",1592.64124106868
"zBRT_Jardim (1999)","zBRT","M_Jardim(1981-1994)",1635.87734849276
"zBRT_Jardim (1999)","zBRT","M_Jardim(1981-1994)",1793.30451353148
"zBRT_Jardim (1999)","zBRT","M_Jardim(1981-1994)",1583.39516993174
"zBRT_Jardim (1999)","zBRT","M_Jardim(1981-1994)",1834.02280828284
"zBRT_Jardim (1999)","zBRT","M_Jardim(1981-1994)",1917.7266773355
"zBRT_Jardim (1999)","zBRT","M_Jardim(1981-1994)",1782.22416725906
"zBRT_Jardim (1999)","zBRT","M_Jardim(1981-1994)",1669.01854528098
"zBRT_Jardim (1999)","zBRT","M_Jardim(1981-1994)",1743.36030519481
"zBRT_Jardim (1999)","zBRT","M_Jardim(1981-1994)",1700.19613125541
"zBRT_Jardim (1999)","zBRT","M_Jardim(1981-1994)",1755.07701707473
"zBRT_Jardim (1999)","zBRT","M_Jardim(1981-1994)",1655.49736191854
"zBRT_Jardim (1999)","zBRT","M_Jardim(1981-1994)",1530.99545027914
"zBRT_Jardim (1999)","zBRT","M_Jardim(1981-1994)",1740.33550659011
"zBRT_Jardim (1999)","zBRT","M_Jardim(1981-1994)",1948.70236595238
"zBRT_Jardim (1999)","zBRT","M_Jardim(1981-1994)",1543.80678439408
"zBRT_Jardim (1999)","zBRT","M_Jardim(1981-1994)",1840.17607372972
"zBRT_Jardim (1999)","zBRT","M_Jardim(1981-1994)",1796.46050617922
"zBRT_Jardim (1999)","zBRT","M_Jardim(1981-1994)",1720.24915851577
"zBRT_Jardim (1999)","zBRT","M_Jardim(1981-1994)",1640.9976534736
"zBRT_Jardim (1999)","zBRT","M_Jardim(1981-1994)",1774.7882989288
"zBRT_Jardim (1999)","zBRT","M_Jardim(1981-1994)",1814.91695223601
"zBRT_Jardim (1999)","zBRT","M_Jardim(1981-1994)",1659.95760622769
"zBRT_Jardim (1999)","zBRT","M_Jardim(1981-1994)",1751.82901585784
"zBRT_Jardim (1999)","zBRT","M_Jardim(1981-1994)",1045.996506922
"zBRT_Jardim (1999)","zBRT","M_Jardim(1981-1994)",1757.72627242653
"zBRT_Jardim (1999)","zBRT","M_Jardim(1981-1994)",1912.70151539713
"zBRT_Jardim (1999)","zBRT","M_Jardim(1981-1994)",1585.70826966046
"zBRT_Jardim (1999)","zBRT","M_Jardim(1981-1994)",1825.8317093904
"zBRT_Jardim (1999)","zBRT","M_Jardim(1981-1994)",1722.26966748041
"zBRT_Jardim (1999)","zBRT","M_Jardim(1981-1994)",1710.55540179016
"zBRT_Jardim (1999)","zBRT","M_Jardim(1981-1994)",1726.40386469995
"zBRT_Jardim (1999)","zBRT","M_Jardim(1981-1994)",1739.13262102446
"zBRT_Jardim (1999)","zBRT","M_Jardim(1981-1994)",1832.06488637064
"zBRT_Jardim (1999)","zBRT","M_Jardim(1981-1994)",1700.6782232532
"zBRT_Jardim (1999)","zBRT","M_Jardim(1981-1994)",1722.19099202459
"zBRT_Jardim (1999)","zBRT","M_Jardim(1981-1994)",1304.02345857385
"zBRT_Jardim (1999)","zBRT","M_Jardim(1981-1994)",1786.56421887438
"zBRT_Jardim (1999)","zBRT","M_Jardim(1981-1994)",1726.94048058529
"zBRT_Jardim (1999)","zBRT","M_Jardim(1981-1994)",1844.29691193334
"zBRT_Jardim (1999)","zBRT","M_Jardim(1981-1994)",1611.97286481419
"zBRT_Jardim (1999)","zBRT","M_Jardim(1981-1994)",1922.75899512101
"zBRT_Jardim (1999)","zBRT","M_Jardim(1981-1994)",1842.16224664773
"zBRT_Jardim (1999)","zBRT","M_Jardim(1981-1994)",1750.32281112504
"zBRT_Jardim (1999)","zBRT","M_Jardim(1981-1994)",1916.7400899159
"zBRT_Jardim (1999)","zBRT","M_Jardim(1981-1994)",1673.50029517138
"zBRT_Jardim (1999)","zBRT","M_Jardim(1981-1994)",1735.11278473893
"zBRT_Jardim (1999)","zBRT","M_Jardim(1981-1994)",1820.84685981407
"zBRT_Jardim (1999)","zBRT","M_Jardim(1981-1994)",1606.73118805683
"zBRT_Jardim (1999)","zBRT","M_Jardim(1981-1994)",1639.40598086689
"zBRT_Jardim (1999)","zBRT","M_Jardim(1981-1994)",1838.3952691508
"zBRT_Jardim (1999)","zBRT","M_Jardim(1981-1994)",1485.5776518418
"zBRT_Jardim (1999)","zBRT","M_Jardim(1981-1994)",1705.84508940611
"zBRT_Jardim (1999)","zBRT","M_Jardim(1981-1994)",1882.53493727195
"zBRT_Jardim (1999)","zBRT","M_Jardim(1981-1994)",1510.47831700949
"zBRT_Jardim (1999)","zBRT","M_Jardim(1981-1994)",1659.39541612099
"zBRT_Jardim (1999)","zBRT","M_Jardim(1981-1994)",1598.86368391139
"zBRT_Jardim (1999)","zBRT","M_Jardim(1981-1994)",1713.55663194161
"zBRT_Jardim (1999)","zBRT","M_Jardim(1981-1994)",1678.69012260955
"zBRT_Jardim (1999)","zBRT","M_Jardim(1981-1994)",1667.3594909733
"zBRT_Jardim (1999)","zBRT","M_Jardim(1981-1994)",1736.87975608692
"zBRT_Jardim (1999)","zBRT","M_Jardim(1981-1994)",1791.09268606176
"zBRT_Jardim (1999)","zBRT","M_Jardim(1981-1994)",1649.69917586066
"zBRT_Jardim (1999)","zBRT","M_Jardim(1981-1994)",1692.00115461267
"zBRT_Jardim (1999)","zBRT","M_Jardim(1981-1994)",1486.62705360147
"zBRT_Jardim (1999)","zBRT","M_Jardim(1981-1994)",1719.57225237024
"zBRT_Jardim (1999)","zBRT","M_Jardim(1981-1994)",1861.07692573753
"zBRT_Jardim (1999)","zBRT","M_Jardim(1981-1994)",1640.14382638844
"zBRT_Jardim (1999)","zBRT","M_Jardim(1981-1994)",1798.82068257361
"zBRT_Jardim (1999)","zBRT","M_Jardim(1981-1994)",1781.53472264426
"zBRT_Jardim (1999)","zBRT","M_Jardim(1981-1994)",1857.81627065126
"zBRT_Jardim (1999)","zBRT","M_Jardim(1981-1994)",1706.91449881889
"zBRT_Jardim (1999)","zBRT","M_Jardim(1981-1994)",1726.57577045479
"zBRT_Jardim (1999)","zBRT","M_Jardim(1981-1994)",1785.52016697317
"zBRT_Jardim (1999)","zBRT","M_Jardim(1981-1994)",1814.69522212428
"zBRT_Jardim (1999)","zBRT","M_Jardim(1981-1994)",1790.56822895093
"zBRT_Jardim (1999)","zBRT","M_Jardim(1981-1994)",1846.93026994836
"zBRT_Jardim (1999)","zBRT","M_Jardim(1981-1994)",1656.81724961235
"zBRT_Jardim (1999)","zBRT","M_Jardim(1981-1994)",1835.18422703811
"zBRT_Jardim (1999)","zBRT","M_Jardim(1981-1994)",1957.30230680585
"zBRT_Jardim (1999)","zBRT","M_Jardim(1981-1994)",1632.41207570648
"zBRT_Jardim (1999)","zBRT","M_Jardim(1981-1994)",1802.95780529368
"zBRT_Jardim (1999)","zBRT","M_Jardim(1981-1994)",1705.1546474606
"zBRT_Jardim (1999)","zBRT","M_Jardim(1981-1994)",1828.41983960958
"zBRT_Jardim (1999)","zBRT","M_Jardim(1981-1994)",1826.63339865825
"zBRT_Jardim (1999)","zBRT","M_Jardim(1981-1994)",1579.46600823652
"zBRT_Jardim (1999)","zBRT","M_Jardim(1981-1994)",1736.03795883636
"zBRT_Jardim (1999)","zBRT","M_Jardim(1981-1994)",1712.52042258774
"zBRT_Jardim (1999)","zBRT","M_Jardim(1981-1994)",1699.15437573706
"zBRT_Jardim (1999)","zBRT","M_Jardim(1981-1994)",1859.76316834793
"zBRT_Jardim (1999)","zBRT","M_Jardim(1981-1994)",1672.02419328619
"zBRT_Jardim (1999)","zBRT","M_Jardim(1981-1994)",1802.967145858
"zBRT_Jardim (1999)","zBRT","M_Jardim(1981-1994)",1762.66475276718
"zBRT_Jardim (1999)","zBRT","M_Jardim(1981-1994)",1714.06408443078
"zBRT_Jardim (1999)","zBRT","M_Jardim(1981-1994)",1468.97750298179
"zBRT_Jardim (1999)","zBRT","M_Jardim(1981-1994)",1676.52962477227
"zBRT_Jardim (1999)","zBRT","M_Jardim(1981-1994)",1831.31472708098
"zBRT_Jardim (1999)","zBRT","M_Jardim(1981-1994)",1643.24586036823
"zBRT_Jardim (1999)","zBRT","M_Jardim(1981-1994)",1626.94734299638
"zBRT_Jardim (1999)","zBRT","M_Jardim(1981-1994)",1681.39059710799
"zBRT_Jardim (1999)","zBRT","M_Jardim(1981-1994)",1838.00609626265
"zBRT_Jardim (1999)","zBRT","M_Jardim(1981-1994)",1734.9755052206
"zBRT_Jardim (1999)","zBRT","M_Jardim(1981-1994)",1464.68930448084
"zBRT_Jardim (1999)","zBRT","M_Jardim(1981-1994)",1700.86451695015
"zBRT_Jardim (1999)","zBRT","M_Jardim(1981-1994)",1772.18702512366
"zBRT_Jardim (1999)","zBRT","M_Jardim(1981-1994)",1692.00157222556
"zBRT_Jardim (1999)","zBRT","M_Jardim(1981-1994)",1668.49882609679
"zBRT_Jardim (1999)","zBRT","M_Jardim(1981-1994)",1776.60482443158
"zBRT_Jardim (1999)","zBRT","M_Jardim(1981-1994)",1740.58996736024
"zBRT_Jardim (1999)","zBRT","M_Jardim(1981-1994)",1712.69480135477
"zBRT_Jardim (1999)","zBRT","M_Jardim(1981-1994)",1663.31529380775
"zBRT_Jardim (1999)","zBRT","M_Jardim(1981-1994)",1632.5694697241
"zBRT_Jardim (1999)","zBRT","M_Jardim(1981-1994)",1799.5898380552
"zBRT_Jardim (1999)","zBRT","M_Jardim(1981-1994)",1569.38918860426
"zBRT_Jardim (1999)","zBRT","M_Jardim(1981-1994)",1670.38232681291
"zBRT_Jardim (1999)","zBRT","M_Jardim(1981-1994)",1575.44792958117
"zBRT_Jardim (1999)","zBRT","M_Jardim(1981-1994)",1758.13637663399
"zBRT_Jardim (1999)","zBRT","M_Jardim(1981-1994)",1808.7826949088
"zBRT_Jardim (1999)","zBRT","M_Jardim(1981-1994)",1804.11251656281
"zBRT_Jardim (1999)","zBRT","M_Jardim(1981-1994)",1509.83910511732
"zBRT_Jardim (1999)","zBRT","M_Jardim(1981-1994)",1808.58515531522
"zBRT_Jardim (1999)","zBRT","M_Jardim(1981-1994)",1561.08687107082
"zBRT_Jardim (1999)","zBRT","M_Jardim(1981-1994)",1734.17719849113
"zBRT_Jardim (1999)","zBRT","M_Jardim(1981-1994)",1907.04213433029
"zBRT_Jardim (1999)","zBRT","M_Jardim(1981-1994)",1804.27557180452
"zBRT_Jardim (1999)","zBRT","M_Jardim(1981-1994)",1795.87516202561
"zBRT_Jardim (1999)","zBRT","M_Jardim(1981-1994)",1753.9251695411
"zBRT_Jardim (1999)","zBRT","M_Jardim(1981-1994)",1793.92203979978
"zBRT_Jardim (1999)","zBRT","M_Jardim(1981-1994)",1794.51723373767
"zBRT_Jardim (1999)","zBRT","M_Jardim(1981-1994)",1840.79611304218
"zBRT_Jardim (1999)","zBRT","M_Jardim(1981-1994)",1790.51545577764
"zBRT_Jardim (1999)","zBRT","M_Jardim(1981-1994)",1767.86914632613
"zBRT_Jardim (1999)","zBRT","M_Jardim(1981-1994)",1731.18476580451
"zBRT_Jardim (1999)","zBRT","M_Jardim(1981-1994)",1921.30785750886
"zBRT_Jardim (1999)","zBRT","M_Jardim(1981-1994)",1913.13867701343
"zBRT_Jardim (1999)","zBRT","M_Jardim(1981-1994)",1853.00497949719
"zBRT_Jardim (1999)","zBRT","M_Jardim(1981-1994)",1739.47072706302
"zBRT_Jardim (1999)","zBRT","M_Jardim(1981-1994)",1743.18450951478
"zBRT_Jardim (1999)","zBRT","M_Jardim(1981-1994)",1769.87517065613
"zBRT_Jardim (1999)","zBRT","M_Jardim(1981-1994)",1738.83962444223
"zBRT_Jardim (1999)","zBRT","M_Jardim(1981-1994)",1684.07167950543
"zBRT_Jardim (1999)","zBRT","M_Jardim(1981-1994)",1856.76913810292
"zBRT_Jardim (1999)","zBRT","M_Jardim(1981-1994)",1707.37198460838
"zBRT_Jardim (1999)","zBRT","M_Jardim(1981-1994)",1693.03724201739
"zBRT_Jardim (1999)","zBRT","M_Jardim(1981-1994)",1742.31159594016
"zBRT_Jardim (1999)","zBRT","M_Jardim(1981-1994)",1751.56911576459
"zBRT_Jardim (1999)","zBRT","M_Jardim(1981-1994)",1670.17932670818
"zBRT_Jardim (1999)","zBRT","M_Jardim(1981-1994)",1814.33600286431
"zBRT_Jardim (1999)","zBRT","M_Jardim(1981-1994)",1663.63844310236
"zBRT_Jardim (1999)","zBRT","M_Jardim(1981-1994)",1813.15314726361
"zBRT_Jardim (1999)","zBRT","M_Jardim(1981-1994)",1770.52148830797
"zBRT_Jardim (1999)","zBRT","M_Jardim(1981-1994)",1735.91795303594
"zBRT_Jardim (1999)","zBRT","M_Jardim(1981-1994)",1579.54516508571
"zBRT_Jardim (1999)","zBRT","M_Jardim(1981-1994)",1635.25106186808
"zBRT_Jardim (1999)","zBRT","M_Jardim(1981-1994)",1818.24344715218
"zBRT_Jardim (1999)","zBRT","M_Jardim(1981-1994)",1769.53966389206
"zBRT_Jardim (1999)","zBRT","M_Jardim(1981-1994)",1614.56682150939
"zBRT_Jardim (1999)","zBRT","M_Jardim(1981-1994)",1765.10539204173
"zBRT_Jardim (1999)","zBRT","M_Jardim(1981-1994)",1833.76582573058
"zBRT_Jardim (1999)","zBRT","M_Jardim(1981-1994)",1588.92584667019
"zBRT_Jardim (1999)","zBRT","M_Jardim(1981-1994)",1780.02849853942
"zBRT_Jardim (1999)","zBRT","M_Jardim(1981-1994)",1540.88225031636
"zBRT_Jardim (1999)","zBRT","M_Jardim(1981-1994)",1750.4630907392
"zBRT_Jardim (1999)","zBRT","M_Jardim(1981-1994)",1615.70350749493
"zBRT_Jardim (1999)","zBRT","M_Jardim(1981-1994)",1608.97790402882
"zBRT_Jardim (1999)","zBRT","M_Jardim(1981-1994)",1744.64613512588
"zBRT_Jardim (1999)","zBRT","M_Jardim(1981-1994)",1563.07255635612
"zBRT_Jardim (1999)","zBRT","M_Jardim(1981-1994)",1661.22276968177
"zBRT_Jardim (1999)","zBRT","M_Jardim(1981-1994)",1744.24280692411
"zBRT_Jardim (1999)","zBRT","M_Jardim(1981-1994)",1716.40176170538
"zBRT_Jardim (1999)","zBRT","M_Jardim(1981-1994)",1779.35671966828
"zBRT_Jardim (1999)","zBRT","M_Jardim(1981-1994)",1747.141589166
"zBRT_Jardim (1999)","zBRT","M_Jardim(1981-1994)",1524.63786688522
"zBRT_Jardim (1999)","zBRT","M_Jardim(1981-1994)",1734.33881036335
"zBRT_Jardim (1999)","zBRT","M_Jardim(1981-1994)",1796.35373035088
"zBRT_Jardim (1999)","zBRT","M_Jardim(1981-1994)",1806.93074016282
"zBRT_Jardim (1999)","zBRT","M_Jardim(1981-1994)",1924.01087035483
"zBRT_Jardim (1999)","zBRT","M_Jardim(1981-1994)",1805.77612018509
"zBRT_Jardim (1999)","zBRT","M_Jardim(1981-1994)",1699.33093748812
"zBRT_Jardim (1999)","zBRT","M_Jardim(1981-1994)",1757.68894851163
"zBRT_Jardim (1999)","zBRT","M_Jardim(1981-1994)",1776.91325391146
"zBRT_Jardim (1999)","zBRT","M_Jardim(1981-1994)",1782.42194163233
"zBRT_Jardim (1999)","zBRT","M_Jardim(1981-1994)",1765.82799093542
"zBRT_Jardim (1999)","zBRT","M_Jardim(1981-1994)",1806.92035443042
"zBRT_Jardim (1999)","zBRT","M_Jardim(1981-1994)",1613.78289034508
"zBRT_Jardim (1999)","zBRT","M_Jardim(1981-1994)",1724.23805701268
"zBRT_Jardim (1999)","zBRT","M_Jardim(1981-1994)",1817.55989623023
"zBRT_Jardim (1999)","zBRT","M_Jardim(1981-1994)",1730.42426247717
"zBRT_Jardim (1999)","zBRT","M_Jardim(1981-1994)",1761.15217790391
"zBRT_Jardim (1999)","zBRT","M_Jardim(1981-1994)",1772.68046418236
"zBRT_Jardim (1999)","zBRT","M_Jardim(1981-1994)",1796.58833621151
"zBRT_Jardim (1999)","zBRT","M_Jardim(1981-1994)",1818.15645953772
"zBRT_Jardim (1999)","zBRT","M_Jardim(1981-1994)",1681.62214449914
"zBRT_Jardim (1999)","zBRT","M_Jardim(1981-1994)",1772.24839842026
"zBRT_Jardim (1999)","zBRT","M_Jardim(1981-1994)",1575.23420425177
"zBRT_Jardim (1999)","zBRT","M_Jardim(1981-1994)",1729.70413919984
"zBRT_Jardim (1999)","zBRT","M_Jardim(1981-1994)",1752.17167961497
"zBRT_Jardim (1999)","zBRT","M_Jardim(1981-1994)",1911.86035369955
"zBRT_Jardim (1999)","zBRT","M_Jardim(1981-1994)",1769.90071402807
"zBRT_Jardim (1999)","zBRT","M_Jardim(1981-1994)",1645.62913588435
"zBRT_Jardim (1999)","zBRT","M_Jardim(1981-1994)",1774.24155690328
"zBRT_Jardim (1999)","zBRT","M_Jardim(1981-1994)",1720.19738926947
"zBRT_Jardim (1999)","zBRT","M_Jardim(1981-1994)",1819.54055062524
"zBRT_Jardim (1999)","zBRT","M_Jardim(1981-1994)",1802.69027034552
"zBRT_Jardim (1999)","zBRT","M_Jardim(1981-1994)",1688.71928494963
"zBRT_Jardim (1999)","zBRT","M_Jardim(1981-1994)",1943.81271233517
"zBRT_Jardim (1999)","zBRT","M_Jardim(1981-1994)",1956.63477564957
"zBRT_Jardim (1999)","zBRT","M_Jardim(1981-1994)",1542.84237913002
"zBRT_Jardim (1999)","zBRT","M_Jardim(1981-1994)",1607.21665491964
"zBRT_Jardim (1999)","zBRT","M_Jardim(1981-1994)",1693.50575525963
"zBRT_Jardim (1999)","zBRT","M_Jardim(1981-1994)",1776.88471389966
"zBRT_Jardim (1999)","zBRT","M_Jardim(1981-1994)",1745.8039527175
"zBRT_Jardim (1999)","zBRT","M_Jardim(1981-1994)",1670.76308111171
"zBRT_Jardim (1999)","zBRT","M_Jardim(1981-1994)",1774.48324897323
"zBRT_Jardim (1999)","zBRT","M_Jardim(1981-1994)",1514.78720065241
"zBRT_Jardim (1999)","zBRT","M_Jardim(1981-1994)",1783.91774804999
"zBRT_Jardim (1999)","zBRT","M_Jardim(1981-1994)",1787.65701017211
"zBRT_Jardim (1999)","zBRT","M_Jardim(1981-1994)",1778.36899334458
"zBRT_Jardim (1999)","zBRT","M_Jardim(1981-1994)",1822.98191131572
"zBRT_Jardim (1999)","zBRT","M_Jardim(1981-1994)",1740.71326878869
"zBRT_Jardim (1999)","zBRT","M_Jardim(1981-1994)",1760.78788489357
"zBRT_Jardim (1999)","zBRT","M_Jardim(1981-1994)",1451.90419347593
"zBRT_Jardim (1999)","zBRT","M_Jardim(1981-1994)",1723.04239837941
"zBRT_Jardim (1999)","zBRT","M_Jardim(1981-1994)",1406.94300009866
"zBRT_Jardim (1999)","zBRT","M_Jardim(1981-1994)",1567.60552046926
"zBRT_Jardim (1999)","zBRT","M_Jardim(1981-1994)",1760.22656443749
"zBRT_Jardim (1999)","zBRT","M_Jardim(1981-1994)",1763.25003461142
"zBRT_Jardim (1999)","zBRT","M_Jardim(1981-1994)",1761.71753064847
"zBRT_Santos (2018)","zBRT","M_Santos(2005-2018)",1759.5352527393
"zBRT_Santos (2018)","zBRT","M_Santos(2005-2018)",1783.8190558362
"zBRT_Santos (2018)","zBRT","M_Santos(2005-2018)",1712.53036209453
"zBRT_Santos (2018)","zBRT","M_Santos(2005-2018)",1708.6845747172
"zBRT_Santos (2018)","zBRT","M_Santos(2005-2018)",1810.29771002666
"zBRT_Santos (2018)","zBRT","M_Santos(2005-2018)",1727.12970274172
"zBRT_Santos (2018)","zBRT","M_Santos(2005-2018)",1974.91153310497
"zBRT_Santos (2018)","zBRT","M_Santos(2005-2018)",1851.90924594487
"zBRT_Santos (2018)","zBRT","M_Santos(2005-2018)",1749.97175414912
"zBRT_Santos (2018)","zBRT","M_Santos(2005-2018)",1805.8385445369
"zBRT_Santos (2018)","zBRT","M_Santos(2005-2018)",1780.74412048462
"zBRT_Santos (2018)","zBRT","M_Santos(2005-2018)",1525.687421238
"zBRT_Santos (2018)","zBRT","M_Santos(2005-2018)",1706.25926069805
"zBRT_Santos (2018)","zBRT","M_Santos(2005-2018)",1714.88332131064
"zBRT_Santos (2018)","zBRT","M_Santos(2005-2018)",1772.88680330458
"zBRT_Santos (2018)","zBRT","M_Santos(2005-2018)",1770.18313918394
"zBRT_Santos (2018)","zBRT","M_Santos(2005-2018)",1839.22944351042
"zBRT_Santos (2018)","zBRT","M_Santos(2005-2018)",1709.81172173187
"zBRT_Santos (2018)","zBRT","M_Santos(2005-2018)",1823.63252317296
"zBRT_Santos (2018)","zBRT","M_Santos(2005-2018)",1836.08948620137
"zBRT_Santos (2018)","zBRT","M_Santos(2005-2018)",1742.74482914142
"zBRT_Santos (2018)","zBRT","M_Santos(2005-2018)",1556.31686981414
"zBRT_Santos (2018)","zBRT","M_Santos(2005-2018)",1789.54168886367
"zBRT_Santos (2018)","zBRT","M_Santos(2005-2018)",1753.80854954138
"zBRT_Santos (2018)","zBRT","M_Santos(2005-2018)",1766.02346143676
"zBRT_Santos (2018)","zBRT","M_Santos(2005-2018)",1778.76863306258
"zBRT_Santos (2018)","zBRT","M_Santos(2005-2018)",1808.53554578752
"zBRT_Santos (2018)","zBRT","M_Santos(2005-2018)",1776.23347577074
"zBRT_Santos (2018)","zBRT","M_Santos(2005-2018)",1661.91595592363
"zBRT_Santos (2018)","zBRT","M_Santos(2005-2018)",1738.89993741898
"zBRT_Santos (2018)","zBRT","M_Santos(2005-2018)",1619.9242632982
"zBRT_Santos (2018)","zBRT","M_Santos(2005-2018)",1934.50736547308
"zBRT_Santos (2018)","zBRT","M_Santos(2005-2018)",1738.70448767858
"zBRT_Santos (2018)","zBRT","M_Santos(2005-2018)",1913.29151260324
"zBRT_Santos (2018)","zBRT","M_Santos(2005-2018)",1838.97608513572
"zBRT_Santos (2018)","zBRT","M_Santos(2005-2018)",1779.18849330137
"zBRT_Santos (2018)","zBRT","M_Santos(2005-2018)",1816.02360473811
"zBRT_Santos (2018)","zBRT","M_Santos(2005-2018)",1861.35078895389
"zBRT_Santos (2018)","zBRT","M_Santos(2005-2018)",1631.58726752182
"zBRT_Santos (2018)","zBRT","M_Santos(2005-2018)",1796.25738915303
"zBRT_Santos (2018)","zBRT","M_Santos(2005-2018)",1766.43312079216
"zBRT_Santos (2018)","zBRT","M_Santos(2005-2018)",1438.38252089254
"zBRT_Santos (2018)","zBRT","M_Santos(2005-2018)",1734.39376986078
"zBRT_Santos (2018)","zBRT","M_Santos(2005-2018)",1699.89433043928
"zBRT_Santos (2018)","zBRT","M_Santos(2005-2018)",1724.84326338746
"zBRT_Santos (2018)","zBRT","M_Santos(2005-2018)",1898.00356386193
"zBRT_Santos (2018)","zBRT","M_Santos(2005-2018)",1753.01657833664
"zBRT_Santos (2018)","zBRT","M_Santos(2005-2018)",1804.63309223295
"zBRT_Santos (2018)","zBRT","M_Santos(2005-2018)",1586.21854835077
"zBRT_Santos (2018)","zBRT","M_Santos(2005-2018)",1718.28819950932
"zBRT_Santos (2018)","zBRT","M_Santos(2005-2018)",1766.93668735115
"zBRT_Santos (2018)","zBRT","M_Santos(2005-2018)",1803.60352728891
"zBRT_Santos (2018)","zBRT","M_Santos(2005-2018)",1925.37923141704
"zBRT_Santos (2018)","zBRT","M_Santos(2005-2018)",1754.97849662401
"zBRT_Santos (2018)","zBRT","M_Santos(2005-2018)",1742.98290104628
"zBRT_Santos (2018)","zBRT","M_Santos(2005-2018)",1794.3488536216
"zBRT_Santos (2018)","zBRT","M_Santos(2005-2018)",1738.61834498539
"zBRT_Santos (2018)","zBRT","M_Santos(2005-2018)",1796.77302127965
"zBRT_Santos (2018)","zBRT","M_Santos(2005-2018)",1813.39409389546
"zBRT_Santos (2018)","zBRT","M_Santos(2005-2018)",1904.89684133982
"zBRT_Santos (2018)","zBRT","M_Santos(2005-2018)",1564.57692289739
"zBRT_Santos (2018)","zBRT","M_Santos(2005-2018)",1897.92129749771
"zBRT_Santos (2018)","zBRT","M_Santos(2005-2018)",1775.42595249345
"zBRT_Santos (2018)","zBRT","M_Santos(2005-2018)",1733.59854987069
"zBRT_Santos (2018)","zBRT","M_Santos(2005-2018)",1781.7025214923
"zBRT_Santos (2018)","zBRT","M_Santos(2005-2018)",1520.5741253186
"zBRT_Santos (2018)","zBRT","M_Santos(2005-2018)",1738.4577072221
"zBRT_Santos (2018)","zBRT","M_Santos(2005-2018)",1842.37488529557
"zBRT_Santos (2018)","zBRT","M_Santos(2005-2018)",1362.36586635606
"zBRT_Santos (2018)","zBRT","M_Santos(2005-2018)",1787.48799025162
"zBRT_Santos (2018)","zBRT","M_Santos(2005-2018)",1764.30461641822
"zBRT_Santos (2018)","zBRT","M_Santos(2005-2018)",1618.82135872602
"zBRT_Santos (2018)","zBRT","M_Santos(2005-2018)",1744.11001165917
"zBRT_Santos (2018)","zBRT","M_Santos(2005-2018)",1729.27512920708
"zBRT_Santos (2018)","zBRT","M_Santos(2005-2018)",1812.61728111595
"zBRT_Santos (2018)","zBRT","M_Santos(2005-2018)",1809.57802151349
"zBRT_Santos (2018)","zBRT","M_Santos(2005-2018)",1845.45886021737
"zBRT_Santos (2018)","zBRT","M_Santos(2005-2018)",1662.68199097921
"zBRT_Santos (2018)","zBRT","M_Santos(2005-2018)",1771.60471012274
"zBRT_Santos (2018)","zBRT","M_Santos(2005-2018)",1736.93561369707
"zBRT_Santos (2018)","zBRT","M_Santos(2005-2018)",1801.37173678562
"zBRT_Santos (2018)","zBRT","M_Santos(2005-2018)",1597.09387426449
"zBRT_Santos (2018)","zBRT","M_Santos(2005-2018)",1710.02914029031
"zBRT_Santos (2018)","zBRT","M_Santos(2005-2018)",1914.10865556413
"zBRT_Santos (2018)","zBRT","M_Santos(2005-2018)",1705.9325187935
"zBRT_Santos (2018)","zBRT","M_Santos(2005-2018)",1771.3767980624
"zBRT_Santos (2018)","zBRT","M_Santos(2005-2018)",1907.21212962993
"zBRT_Santos (2018)","zBRT","M_Santos(2005-2018)",1809.70041689391
"zBRT_Santos (2018)","zBRT","M_Santos(2005-2018)",1872.90657931707
"zBRT_Santos (2018)","zBRT","M_Santos(2005-2018)",1778.04591478196
"zBRT_Santos (2018)","zBRT","M_Santos(2005-2018)",1916.80745562656
"zBRT_Santos (2018)","zBRT","M_Santos(2005-2018)",1811.50619883915
"zBRT_Santos (2018)","zBRT","M_Santos(2005-2018)",1757.28246277785
"zBRT_Santos (2018)","zBRT","M_Santos(2005-2018)",1713.91884876585
"zBRT_Santos (2018)","zBRT","M_Santos(2005-2018)",1825.88264573848
"zBRT_Santos (2018)","zBRT","M_Santos(2005-2018)",1795.352606952
"zBRT_Santos (2018)","zBRT","M_Santos(2005-2018)",1777.2171922982
"zBRT_Santos (2018)","zBRT","M_Santos(2005-2018)",1957.3909553959
"zBRT_Santos (2018)","zBRT","M_Santos(2005-2018)",1725.65530863496
"zBRT_Santos (2018)","zBRT","M_Santos(2005-2018)",1630.27159458254
"zBRT_Santos (2018)","zBRT","M_Santos(2005-2018)",1911.74856484221
"zBRT_Santos (2018)","zBRT","M_Santos(2005-2018)",1765.88624514553
"zBRT_Santos (2018)","zBRT","M_Santos(2005-2018)",1738.07094753852
"zBRT_Santos (2018)","zBRT","M_Santos(2005-2018)",1700.03764036814
"zBRT_Santos (2018)","zBRT","M_Santos(2005-2018)",1848.96441436713
"zBRT_Santos (2018)","zBRT","M_Santos(2005-2018)",1862.79571398699
"zBRT_Santos (2018)","zBRT","M_Santos(2005-2018)",1764.4042696816
"zBRT_Santos (2018)","zBRT","M_Santos(2005-2018)",1716.57762500198
"zBRT_Santos (2018)","zBRT","M_Santos(2005-2018)",1522.52158000443
"zBRT_Santos (2018)","zBRT","M_Santos(2005-2018)",1796.91087161649
"zBRT_Santos (2018)","zBRT","M_Santos(2005-2018)",1697.27081536415
"zBRT_Santos (2018)","zBRT","M_Santos(2005-2018)",1716.85337351585
"zBRT_Santos (2018)","zBRT","M_Santos(2005-2018)",1650.96596694968
"zBRT_Santos (2018)","zBRT","M_Santos(2005-2018)",1707.74912829123
"zBRT_Santos (2018)","zBRT","M_Santos(2005-2018)",1810.21300920726
"zBRT_Santos (2018)","zBRT","M_Santos(2005-2018)",1775.75730846109
"zBRT_Santos (2018)","zBRT","M_Santos(2005-2018)",1760.34713947406
"zBRT_Santos (2018)","zBRT","M_Santos(2005-2018)",1743.99325604859
"zBRT_Santos (2018)","zBRT","M_Santos(2005-2018)",1964.60463236647
"zBRT_Santos (2018)","zBRT","M_Santos(2005-2018)",1719.73665314202
"zBRT_Santos (2018)","zBRT","M_Santos(2005-2018)",1461.92199230737
"zBRT_Santos (2018)","zBRT","M_Santos(2005-2018)",1741.46479083389
"zBRT_Santos (2018)","zBRT","M_Santos(2005-2018)",1677.08183181131
"zBRT_Santos (2018)","zBRT","M_Santos(2005-2018)",1939.34121430456
"zBRT_Santos (2018)","zBRT","M_Santos(2005-2018)",1765.4293166696
"zBRT_Santos (2018)","zBRT","M_Santos(2005-2018)",1673.69250771791
"zBRT_Santos (2018)","zBRT","M_Santos(2005-2018)",1769.80999195774
"zBRT_Santos (2018)","zBRT","M_Santos(2005-2018)",1703.21226439589
"zBRT_Santos (2018)","zBRT","M_Santos(2005-2018)",1766.96321438093
"zBRT_Santos (2018)","zBRT","M_Santos(2005-2018)",1755.65236523486
"zBRT_Santos (2018)","zBRT","M_Santos(2005-2018)",1537.0066201916
"zBRT_Santos (2018)","zBRT","M_Santos(2005-2018)",1346.33097453853
"zBRT_Santos (2018)","zBRT","M_Santos(2005-2018)",1638.68666553828
"zBRT_Santos (2018)","zBRT","M_Santos(2005-2018)",1765.58305906107
"zBRT_Santos (2018)","zBRT","M_Santos(2005-2018)",1691.87248474339
"zBRT_Santos (2018)","zBRT","M_Santos(2005-2018)",1664.12143178806
"zBRT_Santos (2018)","zBRT","M_Santos(2005-2018)",1740.60086701309
"zBRT_Santos (2018)","zBRT","M_Santos(2005-2018)",1860.05481030999
"zBRT_Santos (2018)","zBRT","M_Santos(2005-2018)",1694.07735730957
"zBRT_Santos (2018)","zBRT","M_Santos(2005-2018)",1679.43732888726
"zBRT_Santos (2018)","zBRT","M_Santos(2005-2018)",1668.10971276271
"zBRT_Santos (2018)","zBRT","M_Santos(2005-2018)",1936.1640670249
"zBRT_Santos (2018)","zBRT","M_Santos(2005-2018)",1726.21182121195
"zBRT_Santos (2018)","zBRT","M_Santos(2005-2018)",2180.58671495269
"zBRT_Santos (2018)","zBRT","M_Santos(2005-2018)",1812.1623247018
"zBRT_Santos (2018)","zBRT","M_Santos(2005-2018)",1692.77540106369
"zBRT_Santos (2018)","zBRT","M_Santos(2005-2018)",1787.29019281102
"zBRT_Santos (2018)","zBRT","M_Santos(2005-2018)",1939.56925522106
"zBRT_Santos (2018)","zBRT","M_Santos(2005-2018)",1634.97317517896
"zBRT_Santos (2018)","zBRT","M_Santos(2005-2018)",1843.11607345367
"zBRT_Santos (2018)","zBRT","M_Santos(2005-2018)",1728.16278283065
"zBRT_Santos (2018)","zBRT","M_Santos(2005-2018)",1786.72906704862
"zBRT_Santos (2018)","zBRT","M_Santos(2005-2018)",1715.18591589896
"zBRT_Santos (2018)","zBRT","M_Santos(2005-2018)",1763.93000938133
"zBRT_Santos (2018)","zBRT","M_Santos(2005-2018)",1727.12500407887
"zBRT_Santos (2018)","zBRT","M_Santos(2005-2018)",1552.74167192502
"zBRT_Santos (2018)","zBRT","M_Santos(2005-2018)",1866.55195898323
"zBRT_Santos (2018)","zBRT","M_Santos(2005-2018)",1717.45775942086
"zBRT_Santos (2018)","zBRT","M_Santos(2005-2018)",1750.88289403411
"zBRT_Santos (2018)","zBRT","M_Santos(2005-2018)",1694.73808397011
"zBRT_Santos (2018)","zBRT","M_Santos(2005-2018)",1776.4751025791
"zBRT_Santos (2018)","zBRT","M_Santos(2005-2018)",1786.17895056057
"zBRT_Santos (2018)","zBRT","M_Santos(2005-2018)",1754.76986355892
"zBRT_Santos (2018)","zBRT","M_Santos(2005-2018)",1784.08732052571
"zBRT_Santos (2018)","zBRT","M_Santos(2005-2018)",1905.45108107567
"zBRT_Santos (2018)","zBRT","M_Santos(2005-2018)",1664.76545226384
"zBRT_Santos (2018)","zBRT","M_Santos(2005-2018)",1792.68932572172
"zBRT_Santos (2018)","zBRT","M_Santos(2005-2018)",1538.92178468106
"zBRT_Santos (2018)","zBRT","M_Santos(2005-2018)",1718.41501422827
"zBRT_Santos (2018)","zBRT","M_Santos(2005-2018)",1717.70670371965
"zBRT_Santos (2018)","zBRT","M_Santos(2005-2018)",1795.2786176359
"zBRT_Santos (2018)","zBRT","M_Santos(2005-2018)",1728.28563531894
"zBRT_Santos (2018)","zBRT","M_Santos(2005-2018)",1942.96747094372
"zBRT_Santos (2018)","zBRT","M_Santos(2005-2018)",1795.48493092383
"zBRT_Santos (2018)","zBRT","M_Santos(2005-2018)",1759.69291515328
"zBRT_Santos (2018)","zBRT","M_Santos(2005-2018)",1733.13760854569
"zBRT_Santos (2018)","zBRT","M_Santos(2005-2018)",1738.03288270828
"zBRT_Santos (2018)","zBRT","M_Santos(2005-2018)",1891.32072359412
"zBRT_Santos (2018)","zBRT","M_Santos(2005-2018)",1737.71939668468
"zBRT_Santos (2018)","zBRT","M_Santos(2005-2018)",1751.91980322243
"zBRT_Santos (2018)","zBRT","M_Santos(2005-2018)",1719.98675914961
"zBRT_Santos (2018)","zBRT","M_Santos(2005-2018)",1792.13335912519
"zBRT_Santos (2018)","zBRT","M_Santos(2005-2018)",1848.87580132001
"zBRT_Santos (2018)","zBRT","M_Santos(2005-2018)",1863.91758347609
"zBRT_Santos (2018)","zBRT","M_Santos(2005-2018)",1750.39917368466
"zBRT_Santos (2018)","zBRT","M_Santos(2005-2018)",1808.59255540694
"zBRT_Santos (2018)","zBRT","M_Santos(2005-2018)",1723.28143115364
"zBRT_Santos (2018)","zBRT","M_Santos(2005-2018)",1915.18741595471
"zBRT_Santos (2018)","zBRT","M_Santos(2005-2018)",1723.73174061577
"zBRT_Santos (2018)","zBRT","M_Santos(2005-2018)",1581.17418512596
"zBRT_Santos (2018)","zBRT","M_Santos(2005-2018)",1725.95104301999
"zBRT_Santos (2018)","zBRT","M_Santos(2005-2018)",1764.93369873849
"zBRT_Santos (2018)","zBRT","M_Santos(2005-2018)",1740.33153168206
"zBRT_Santos (2018)","zBRT","M_Santos(2005-2018)",1916.47030792165
"zBRT_Santos (2018)","zBRT","M_Santos(2005-2018)",1734.08244082075
"zBRT_Santos (2018)","zBRT","M_Santos(2005-2018)",1669.95158767475
"zBRT_Santos (2018)","zBRT","M_Santos(2005-2018)",1809.17741710414
"zBRT_Santos (2018)","zBRT","M_Santos(2005-2018)",1720.5174573102
"zBRT_Santos (2018)","zBRT","M_Santos(2005-2018)",1778.22705854554
"zBRT_Santos (2018)","zBRT","M_Santos(2005-2018)",1758.36672618566
"zBRT_Santos (2018)","zBRT","M_Santos(2005-2018)",1743.51015504637
"zBRT_Santos (2018)","zBRT","M_Santos(2005-2018)",1755.69201404934
"zBRT_Santos (2018)","zBRT","M_Santos(2005-2018)",1675.38811970626
"zBRT_Santos (2018)","zBRT","M_Santos(2005-2018)",1909.25490304436
"zBRT_Santos (2018)","zBRT","M_Santos(2005-2018)",1602.441194424
"zBRT_Santos (2018)","zBRT","M_Santos(2005-2018)",1766.45602267922
"zBRT_Santos (2018)","zBRT","M_Santos(2005-2018)",1825.1641581462
"zBRT_Santos (2018)","zBRT","M_Santos(2005-2018)",1812.74923032972
"zBRT_Santos (2018)","zBRT","M_Santos(2005-2018)",1535.11119845009
"zBRT_Santos (2018)","zBRT","M_Santos(2005-2018)",1706.1278957365
"zBRT_Santos (2018)","zBRT","M_Santos(2005-2018)",1878.08603535994
"zBRT_Santos (2018)","zBRT","M_Santos(2005-2018)",1896.19952531127
"zBRT_Santos (2018)","zBRT","M_Santos(2005-2018)",1795.6936663165
"zBRT_Santos (2018)","zBRT","M_Santos(2005-2018)",1644.89567979006
"zBRT_Santos (2018)","zBRT","M_Santos(2005-2018)",1675.61810169587
"zBRT_Santos (2018)","zBRT","M_Santos(2005-2018)",1807.20415948028
"zBRT_Santos (2018)","zBRT","M_Santos(2005-2018)",1646.82443805937
"zBRT_Santos (2018)","zBRT","M_Santos(2005-2018)",1802.46008671636
"zBRT_Santos (2018)","zBRT","M_Santos(2005-2018)",1903.42553911531
"zBRT_Santos (2018)","zBRT","M_Santos(2005-2018)",1509.43585165088
"zBRT_Santos (2018)","zBRT","M_Santos(2005-2018)",1949.00023404444
"zBRT_Santos (2018)","zBRT","M_Santos(2005-2018)",1764.9070973062
"zBRT_Santos (2018)","zBRT","M_Santos(2005-2018)",1464.68512625546
"zBRT_Santos (2018)","zBRT","M_Santos(2005-2018)",1928.89095599625
"zBRT_Santos (2018)","zBRT","M_Santos(2005-2018)",1795.69643925135
"zBRT_Santos (2018)","zBRT","M_Santos(2005-2018)",1762.57310463203
"zBRT_Santos (2018)","zBRT","M_Santos(2005-2018)",1699.508291545
"zBRT_Santos (2018)","zBRT","M_Santos(2005-2018)",1775.08541140547
"zBRT_Santos (2018)","zBRT","M_Santos(2005-2018)",1725.14029663819
"zBRT_Santos (2018)","zBRT","M_Santos(2005-2018)",1422.60109444565
"zBRT_Santos (2018)","zBRT","M_Santos(2005-2018)",1716.4452060681
"zBRT_Santos (2018)","zBRT","M_Santos(2005-2018)",1760.23629650866
"zBRT_Santos (2018)","zBRT","M_Santos(2005-2018)",1796.10008534597
"zBRT_Santos (2018)","zBRT","M_Santos(2005-2018)",1734.55907587856
"zBRT_Santos (2018)","zBRT","M_Santos(2005-2018)",1716.76477126224
"zBRT_Santos (2018)","zBRT","M_Santos(2005-2018)",1763.79648440473
"zBRT_Santos (2018)","zBRT","M_Santos(2005-2018)",1911.91345406653
"zBRT_Santos (2018)","zBRT","M_Santos(2005-2018)",1796.39750886767
"zBRT_Santos (2018)","zBRT","M_Santos(2005-2018)",1729.11163606881
"zBRT_Santos (2018)","zBRT","M_Santos(2005-2018)",1473.88761916049
"zBRT_Santos (2018)","zBRT","M_Santos(2005-2018)",1699.40856951476
"zBRT_Santos (2018)","zBRT","M_Santos(2005-2018)",1802.80152144757
"zBRT_Santos (2018)","zBRT","M_Santos(2005-2018)",1744.63020037454
"zBRT_Santos (2018)","zBRT","M_Santos(2005-2018)",1704.75192652302
"zBRT_Santos (2018)","zBRT","M_Santos(2005-2018)",1807.71602343141
"zBRT_Santos (2018)","zBRT","M_Santos(2005-2018)",1692.91605436829
"zBRT_Santos (2018)","zBRT","M_Santos(2005-2018)",1738.17235287935
"zBRT_Santos (2018)","zBRT","M_Santos(2005-2018)",1319.41216284239
"zBRT_Santos (2018)","zBRT","M_Santos(2005-2018)",1763.48407965825
"zBRT_Santos (2018)","zBRT","M_Santos(2005-2018)",1826.91780872451
"zBRT_Santos (2018)","zBRT","M_Santos(2005-2018)",1646.64946532958
"zBRT_Santos (2018)","zBRT","M_Santos(2005-2018)",1870.44809066985
"zBRT_Santos (2018)","zBRT","M_Santos(2005-2018)",1709.22989346782
"zBRT_Santos (2018)","zBRT","M_Santos(2005-2018)",1320.3172963081
"zBRT_Santos (2018)","zBRT","M_Santos(2005-2018)",1851.90961254973
"zBRT_Santos (2018)","zBRT","M_Santos(2005-2018)",1885.20439533761
"zBRT_Santos (2018)","zBRT","M_Santos(2005-2018)",1791.60561619794
"zBRT_Santos (2018)","zBRT","M_Santos(2005-2018)",1719.72169107573
"zBRT_Santos (2018)","zBRT","M_Santos(2005-2018)",1688.25879827736
"zBRT_Santos (2018)","zBRT","M_Santos(2005-2018)",1772.76815590343
"zBRT_Santos (2018)","zBRT","M_Santos(2005-2018)",2104.0145253552
"zBRT_Santos (2018)","zBRT","M_Santos(2005-2018)",1435.55018297612
"zBRT_Santos (2018)","zBRT","M_Santos(2005-2018)",1742.57844077879
"zBRT_Santos (2018)","zBRT","M_Santos(2005-2018)",1747.28209404655
"zBRT_Santos (2018)","zBRT","M_Santos(2005-2018)",1738.42653712079
"zBRT_Santos (2018)","zBRT","M_Santos(2005-2018)",1722.54769066908
"zBRT_Santos (2018)","zBRT","M_Santos(2005-2018)",1923.54552851516
"zBRT_Santos (2018)","zBRT","M_Santos(2005-2018)",1917.36952162733
"zBRT_Santos (2018)","zBRT","M_Santos(2005-2018)",1694.64616813528
"zBRT_Santos (2018)","zBRT","M_Santos(2005-2018)",1737.05544846848
"zBRT_Santos (2018)","zBRT","M_Santos(2005-2018)",1739.1854041543
"zBRT_Santos (2018)","zBRT","M_Santos(2005-2018)",1791.87734816911
"zBRT_Santos (2018)","zBRT","M_Santos(2005-2018)",1807.23870439242
"zBRT_Santos (2018)","zBRT","M_Santos(2005-2018)",1742.28293164163
"zBRT_Santos (2018)","zBRT","M_Santos(2005-2018)",1472.34822033546
"zBRT_Santos (2018)","zBRT","M_Santos(2005-2018)",1741.50501392269
"zBRT_Santos (2018)","zBRT","M_Santos(2005-2018)",1759.64677088513
"zBRT_Santos (2018)","zBRT","M_Santos(2005-2018)",1790.22502827347
"zBRT_Santos (2018)","zBRT","M_Santos(2005-2018)",1715.75028302795
"zBRT_Santos (2018)","zBRT","M_Santos(2005-2018)",1804.09911619846
"zBRT_Santos (2018)","zBRT","M_Santos(2005-2018)",1799.40260266988
"zBRT_Santos (2018)","zBRT","M_Santos(2005-2018)",1765.35442593285
"zBRT_Santos (2018)","zBRT","M_Santos(2005-2018)",1902.57951601353
"zBRT_Santos (2018)","zBRT","M_Santos(2005-2018)",1435.06317146957
"zBRT_Santos (2018)","zBRT","M_Santos(2005-2018)",1964.53297187246
"zBRT_Santos (2018)","zBRT","M_Santos(2005-2018)",1581.41513160416
"zBRT_Santos (2018)","zBRT","M_Santos(2005-2018)",1751.00527832884
"zBRT_Santos (2018)","zBRT","M_Santos(2005-2018)",1835.6153267169
"zBRT_Santos (2018)","zBRT","M_Santos(2005-2018)",1718.13870494999
"zBRT_Santos (2018)","zBRT","M_Santos(2005-2018)",1688.81402494919
"zBRT_Santos (2018)","zBRT","M_Santos(2005-2018)",1784.84277519494
"zBRT_Santos (2018)","zBRT","M_Santos(2005-2018)",1312.60801153488
"zBRT_Santos (2018)","zBRT","M_Santos(2005-2018)",1709.19170128843
"zBRT_Santos (2018)","zBRT","M_Santos(2005-2018)",1830.36531170299
"zBRT_Santos (2018)","zBRT","M_Santos(2005-2018)",1907.83845432763
"zBRT_Santos (2018)","zBRT","M_Santos(2005-2018)",1729.50778950122
"zBRT_Santos (2018)","zBRT","M_Santos(2005-2018)",1782.93899719214
"zBRT_Santos (2018)","zBRT","M_Santos(2005-2018)",1590.51500612304
"zBRT_Santos (2018)","zBRT","M_Santos(2005-2018)",1820.55197872816
"zBRT_Santos (2018)","zBRT","M_Santos(2005-2018)",1908.50651042725
"zBRT_Santos (2018)","zBRT","M_Santos(2005-2018)",1754.64175005385
"zBRT_Santos (2018)","zBRT","M_Santos(2005-2018)",1793.55306098824
"zBRT_Santos (2018)","zBRT","M_Santos(2005-2018)",1593.17900710349
"zBRT_Santos (2018)","zBRT","M_Santos(2005-2018)",1738.14045012251
"zBRT_Santos (2018)","zBRT","M_Santos(2005-2018)",1591.83248019371
"zBRT_Santos (2018)","zBRT","M_Santos(2005-2018)",1808.76806665601
"zBRT_Santos (2018)","zBRT","M_Santos(2005-2018)",1820.36797943766
"zBRT_Santos (2018)","zBRT","M_Santos(2005-2018)",1727.39013472626
"zBRT_Santos (2018)","zBRT","M_Santos(2005-2018)",1722.96824452875
"zBRT_Santos (2018)","zBRT","M_Santos(2005-2018)",1539.72363794304
"zBRT_Santos (2018)","zBRT","M_Santos(2005-2018)",1621.87104527641
"zBRT_Santos (2018)","zBRT","M_Santos(2005-2018)",1752.60044110034
"zBRT_Santos (2018)","zBRT","M_Santos(2005-2018)",1717.40621668061
"zBRT_Santos (2018)","zBRT","M_Santos(2005-2018)",1619.02480002937
"zBRT_Santos (2018)","zBRT","M_Santos(2005-2018)",1894.96424899995
"zBRT_Santos (2018)","zBRT","M_Santos(2005-2018)",1706.00071806463
"zBRT_Santos (2018)","zBRT","M_Santos(2005-2018)",1788.77988288868
"zBRT_Santos (2018)","zBRT","M_Santos(2005-2018)",1649.88865508215
"zBRT_Santos (2018)","zBRT","M_Santos(2005-2018)",1769.71916478715
"zBRT_Santos (2018)","zBRT","M_Santos(2005-2018)",1747.9146095245
"zBRT_Santos (2018)","zBRT","M_Santos(2005-2018)",1611.55134370746
"zBRT_Santos (2018)","zBRT","M_Santos(2005-2018)",1726.00310304773
"zBRT_Santos (2018)","zBRT","M_Santos(2005-2018)",1817.24535882121
"zBRT_Santos (2018)","zBRT","M_Santos(2005-2018)",1753.97469121362
"zBRT_Santos (2018)","zBRT","M_Santos(2005-2018)",1607.92454794219
"zBRT_Santos (2018)","zBRT","M_Santos(2005-2018)",1774.58167710132
"zBRT_Santos (2018)","zBRT","M_Santos(2005-2018)",1773.43769773012
"zBRT_Santos (2018)","zBRT","M_Santos(2005-2018)",1602.2818061071
"zBRT_Santos (2018)","zBRT","M_Santos(2005-2018)",1706.66309608981
"zBRT_Santos (2018)","zBRT","M_Santos(2005-2018)",1360.47884348085
"zBRT_Santos (2018)","zBRT","M_Santos(2005-2018)",1421.67273401928
"zBRT_Santos (2018)","zBRT","M_Santos(2005-2018)",1798.00818222234
"zBRT_Santos (2018)","zBRT","M_Santos(2005-2018)",1685.88862429938
"zBRT_Santos (2018)","zBRT","M_Santos(2005-2018)",1776.46132163039
"zBRT_Santos (2018)","zBRT","M_Santos(2005-2018)",1619.77272520013
"zBRT_Santos (2018)","zBRT","M_Santos(2005-2018)",1816.91624025571
"zBRT_Santos (2018)","zBRT","M_Santos(2005-2018)",1635.9728188318
"zBRT_Santos (2018)","zBRT","M_Santos(2005-2018)",1774.13338281307
"zBRT_Santos (2018)","zBRT","M_Santos(2005-2018)",1760.7035533569
"zBRT_Santos (2018)","zBRT","M_Santos(2005-2018)",1684.37946887492
"zBRT_Santos (2018)","zBRT","M_Santos(2005-2018)",1718.42301347146
"zBRT_Santos (2018)","zBRT","M_Santos(2005-2018)",1898.4581849122
"zBRT_Santos (2018)","zBRT","M_Santos(2005-2018)",1587.59277605279
"zBRT_Santos (2018)","zBRT","M_Santos(2005-2018)",1649.47396391769
"zBRT_Santos (2018)","zBRT","M_Santos(2005-2018)",1786.02830321215
"zBRT_Santos (2018)","zBRT","M_Santos(2005-2018)",1738.42512945595
"zBRT_Santos (2018)","zBRT","M_Santos(2005-2018)",1628.74008139474
"zBRT_Santos (2018)","zBRT","M_Santos(2005-2018)",1807.73784391132
"zBRT_Santos (2018)","zBRT","M_Santos(2005-2018)",1786.71922166662
"zBRT_Santos (2018)","zBRT","M_Santos(2005-2018)",1791.19177126831
"zBRT_Santos (2018)","zBRT","M_Santos(2005-2018)",1740.71468460162
"zBRT_Santos (2018)","zBRT","M_Santos(2005-2018)",1799.76768575634
"zBRT_Santos (2018)","zBRT","M_Santos(2005-2018)",1922.06889712554
"zBRT_Santos (2018)","zBRT","M_Santos(2005-2018)",1740.47449673381
"zBRT_Santos (2018)","zBRT","M_Santos(2005-2018)",1790.12721227984
"zBRT_Santos (2018)","zBRT","M_Santos(2005-2018)",1821.63839040269
"zBRT_Santos (2018)","zBRT","M_Santos(2005-2018)",1770.93637573805
"zBRT_Santos (2018)","zBRT","M_Santos(2005-2018)",1621.26858776061
"zBRT_Santos (2018)","zBRT","M_Santos(2005-2018)",1773.99708556565
"zBRT_Santos (2018)","zBRT","M_Santos(2005-2018)",1761.0493402007
"zBRT_Santos (2018)","zBRT","M_Santos(2005-2018)",1808.26414302882
"zBRT_Santos (2018)","zBRT","M_Santos(2005-2018)",1691.27548544106
"zBRT_Santos (2018)","zBRT","M_Santos(2005-2018)",1807.0696845359
"zBRT_Santos (2018)","zBRT","M_Santos(2005-2018)",1808.77255694553
"zBRT_Santos (2018)","zBRT","M_Santos(2005-2018)",1664.93214826118
"zBRT_Santos (2018)","zBRT","M_Santos(2005-2018)",1835.15227673723
"zBRT_Santos (2018)","zBRT","M_Santos(2005-2018)",1790.94003877458
"zBRT_Santos (2018)","zBRT","M_Santos(2005-2018)",1882.12097549962
"zBRT_Santos (2018)","zBRT","M_Santos(2005-2018)",1800.09083572069
"zBRT_Santos (2018)","zBRT","M_Santos(2005-2018)",1743.10395073
"zBRT_Santos (2018)","zBRT","M_Santos(2005-2018)",1765.1939828468
"zBRT_Santos (2018)","zBRT","M_Santos(2005-2018)",1921.23003397926
"zBRT_Santos (2018)","zBRT","M_Santos(2005-2018)",1912.27536500342
"zBRT_Santos (2018)","zBRT","M_Santos(2005-2018)",1591.8267589222
"zBRT_Santos (2018)","zBRT","M_Santos(2005-2018)",1811.56197843894
"zBRT_Santos (2018)","zBRT","M_Santos(2005-2018)",1789.16659898461
"zBRT_Santos (2018)","zBRT","M_Santos(2005-2018)",1764.80930102862
"zBRT_Santos (2018)","zBRT","M_Santos(2005-2018)",1837.44355251615
"zBRT_Santos (2018)","zBRT","M_Santos(2005-2018)",1770.94648547518
"zBRT_Santos (2018)","zBRT","M_Santos(2005-2018)",1759.05191836775
"zBRT_Santos (2018)","zBRT","M_Santos(2005-2018)",1677.52793344
"zBRT_Santos (2018)","zBRT","M_Santos(2005-2018)",1867.75551442524
"zBRT_Santos (2018)","zBRT","M_Santos(2005-2018)",1627.58013832
"zBRT_Santos (2018)","zBRT","M_Santos(2005-2018)",1937.94767837257
"zBRT_Santos (2018)","zBRT","M_Santos(2005-2018)",1977.10794023195
"zBRT_Santos (2018)","zBRT","M_Santos(2005-2018)",1698.15222322274
"zBRT_Santos (2018)","zBRT","M_Santos(2005-2018)",1594.42489608723
"zBRT_Santos (2018)","zBRT","M_Santos(2005-2018)",1796.56794221044
"zBRT_Santos (2018)","zBRT","M_Santos(2005-2018)",1809.83100567434
"zBRT_Santos (2018)","zBRT","M_Santos(2005-2018)",1632.34636172554
"zBRT_Santos (2018)","zBRT","M_Santos(2005-2018)",1646.84619478363
"zBRT_Santos (2018)","zBRT","M_Santos(2005-2018)",1664.51896830102
"zBRT_Santos (2018)","zBRT","M_Santos(2005-2018)",1834.18657297391
"zBRT_Santos (2018)","zBRT","M_Santos(2005-2018)",1927.6212194704
"zBRT_Santos (2018)","zBRT","M_Santos(2005-2018)",1750.26954520185
"zBRT_Santos (2018)","zBRT","M_Santos(2005-2018)",1837.53043584219
"zBRT_Santos (2018)","zBRT","M_Santos(2005-2018)",1810.16803291098
"zBRT_Santos (2018)","zBRT","M_Santos(2005-2018)",1431.47875875266
"zBRT_Santos (2018)","zBRT","M_Santos(2005-2018)",1776.69000980619
"zBRT_Santos (2018)","zBRT","M_Santos(2005-2018)",1722.42734536352
"zBRT_Santos (2018)","zBRT","M_Santos(2005-2018)",1907.71155794114
"zBRT_Santos (2018)","zBRT","M_Santos(2005-2018)",1800.34479131089
"zBRT_Santos (2018)","zBRT","M_Santos(2005-2018)",1768.58925092351
"zBRT_Santos (2018)","zBRT","M_Santos(2005-2018)",1231.09497552855
"zBRT_Santos (2018)","zBRT","M_Santos(2005-2018)",1694.64127540491
"zBRT_Santos (2018)","zBRT","M_Santos(2005-2018)",1711.70459299896
"zBRT_Santos (2018)","zBRT","M_Santos(2005-2018)",2289.6177286343
"zBRT_Santos (2018)","zBRT","M_Santos(2005-2018)",1731.33398567529
"zBRT_Santos (2018)","zBRT","M_Santos(2005-2018)",1727.04328548013
"zBRT_Santos (2018)","zBRT","M_Santos(2005-2018)",1760.39512401158
"zBRT_Santos (2018)","zBRT","M_Santos(2005-2018)",1787.87097318517
"zBRT_Santos (2018)","zBRT","M_Santos(2005-2018)",1784.04505613632
"zBRT_Santos (2018)","zBRT","M_Santos(2005-2018)",1618.11348804952
"zBRT_Santos (2018)","zBRT","M_Santos(2005-2018)",1715.61694124612
"zBRT_Santos (2018)","zBRT","M_Santos(2005-2018)",1690.96756563211
"zBRT_Santos (2018)","zBRT","M_Santos(2005-2018)",1935.77851515048
"zBRT_Santos (2018)","zBRT","M_Santos(2005-2018)",1723.34607484903
"zBRT_Santos (2018)","zBRT","M_Santos(2005-2018)",1746.97829876875
"zBRT_Santos (2018)","zBRT","M_Santos(2005-2018)",1882.8012593015
"zBRT_Santos (2018)","zBRT","M_Santos(2005-2018)",1762.32012528979
"zBRT_Santos (2018)","zBRT","M_Santos(2005-2018)",1509.40583298578
"zBRT_Santos (2018)","zBRT","M_Santos(2005-2018)",1571.81925075687
"zBRT_Santos (2018)","zBRT","M_Santos(2005-2018)",1849.02148794156
"zBRT_Santos (2018)","zBRT","M_Santos(2005-2018)",1766.27032616996
"zBRT_Santos (2018)","zBRT","M_Santos(2005-2018)",1501.70698706547
"zBRT_Santos (2018)","zBRT","M_Santos(2005-2018)",1770.38303051214
"zBRT_Santos (2018)","zBRT","M_Santos(2005-2018)",1716.5263563177
"zBRT_Santos (2018)","zBRT","M_Santos(2005-2018)",1691.16129348336
"zBRT_Santos (2018)","zBRT","M_Santos(2005-2018)",1729.72335633037
"zBRT_Santos (2018)","zBRT","M_Santos(2005-2018)",1783.14777574156
"zBRT_Santos (2018)","zBRT","M_Santos(2005-2018)",1916.04433100852
"zBRT_Santos (2018)","zBRT","M_Santos(2005-2018)",1773.58072871313
"zBRT_Santos (2018)","zBRT","M_Santos(2005-2018)",1608.55511492568
"zBRT_Santos (2018)","zBRT","M_Santos(2005-2018)",1796.32886705556
"zBRT_Santos (2018)","zBRT","M_Santos(2005-2018)",1759.62024436513
"zBRT_Santos (2018)","zBRT","M_Santos(2005-2018)",1713.3407480367
"zBRT_Santos (2018)","zBRT","M_Santos(2005-2018)",1804.43856596103
"zBRT_Santos (2018)","zBRT","M_Santos(2005-2018)",1701.46891306201
"zBRT_Santos (2018)","zBRT","M_Santos(2005-2018)",1661.01275285389
"zBRT_Santos (2018)","zBRT","M_Santos(2005-2018)",1812.64316176396
"zBRT_Santos (2018)","zBRT","M_Santos(2005-2018)",1767.62641130893
"zBRT_Santos (2018)","zBRT","M_Santos(2005-2018)",1903.1560599901
"zBRT_Santos (2018)","zBRT","M_Santos(2005-2018)",1924.53860179411
"zBRT_Santos (2018)","zBRT","M_Santos(2005-2018)",1867.63361060904
"zBRT_Santos (2018)","zBRT","M_Santos(2005-2018)",1719.2912462704
"zBRT_Santos (2018)","zBRT","M_Santos(2005-2018)",1750.51517080031
"zBRT_Santos (2018)","zBRT","M_Santos(2005-2018)",1567.47608975457
"zBRT_Santos (2018)","zBRT","M_Santos(2005-2018)",1613.84895288977
"zBRT_Santos (2018)","zBRT","M_Santos(2005-2018)",1802.13080381554
"zBRT_Santos (2018)","zBRT","M_Santos(2005-2018)",1832.91917773323
"zBRT_Santos (2018)","zBRT","M_Santos(2005-2018)",1790.22712555054
"zBRT_Santos (2018)","zBRT","M_Santos(2005-2018)",1828.32251439348
"zBRT_Santos (2018)","zBRT","M_Santos(2005-2018)",1858.14052006759
"zBRT_Santos (2018)","zBRT","M_Santos(2005-2018)",1705.86927584118
"zBRT_Santos (2018)","zBRT","M_Santos(2005-2018)",1859.81705246991
"zBRT_Santos (2018)","zBRT","M_Santos(2005-2018)",1712.13434914079
"zBRT_Santos (2018)","zBRT","M_Santos(2005-2018)",1784.79334392758
"zBRT_Santos (2018)","zBRT","M_Santos(2005-2018)",1806.77236391594
"zBRT_Santos (2018)","zBRT","M_Santos(2005-2018)",1610.92082195694
"zBRT_Santos (2018)","zBRT","M_Santos(2005-2018)",1795.91904847695
"zBRT_Santos (2018)","zBRT","M_Santos(2005-2018)",1807.3135133472
"zBRT_Santos (2018)","zBRT","M_Santos(2005-2018)",1563.00903252339
"zBRT_Santos (2018)","zBRT","M_Santos(2005-2018)",1728.93373049868
"zBRT_Santos (2018)","zBRT","M_Santos(2005-2018)",1778.59054279203
"zBRT_Santos (2018)","zBRT","M_Santos(2005-2018)",1477.95968799434
"zBRT_Santos (2018)","zBRT","M_Santos(2005-2018)",1656.5146271497
"zBRT_Santos (2018)","zBRT","M_Santos(2005-2018)",1857.23892903116
"zBRT_Santos (2018)","zBRT","M_Santos(2005-2018)",1689.13325389536
"zBRT_Santos (2018)","zBRT","M_Santos(2005-2018)",1735.47986423376
"zBRT_Santos (2018)","zBRT","M_Santos(2005-2018)",1792.60130263205
"zBRT_Santos (2018)","zBRT","M_Santos(2005-2018)",1653.48659864265
"zBRT_Santos (2018)","zBRT","M_Santos(2005-2018)",1766.45777410329
"zBRT_Santos (2018)","zBRT","M_Santos(2005-2018)",1703.16044905727
"zBRT_Santos (2018)","zBRT","M_Santos(2005-2018)",1491.17954484456
"zBRT_Santos (2018)","zBRT","M_Santos(2005-2018)",1790.94570605173
"zBRT_Santos (2018)","zBRT","M_Santos(2005-2018)",1645.24797113912
"zBRT_Santos (2018)","zBRT","M_Santos(2005-2018)",1801.25107197591
"zBRT_Santos (2018)","zBRT","M_Santos(2005-2018)",1741.89080072025
"zBRT_Santos (2018)","zBRT","M_Santos(2005-2018)",1729.0162739677
"zBRT_Santos (2018)","zBRT","M_Santos(2005-2018)",1544.93456643397
"zBRT_Santos (2018)","zBRT","M_Santos(2005-2018)",1796.29090076234
"zBRT_Santos (2018)","zBRT","M_Santos(2005-2018)",1810.23089792371
"zBRT_Santos (2018)","zBRT","M_Santos(2005-2018)",1760.53113641051
"zBRT_Santos (2018)","zBRT","M_Santos(2005-2018)",1652.59149066964
"zBRT_Santos (2018)","zBRT","M_Santos(2005-2018)",1487.84376511274
"zBRT_Santos (2018)","zBRT","M_Santos(2005-2018)",1754.96118475725
"zBRT_Santos (2018)","zBRT","M_Santos(2005-2018)",1710.81663462402
"zBRT_Santos (2018)","zBRT","M_Santos(2005-2018)",1825.22072848918
"zBRT_Santos (2018)","zBRT","M_Santos(2005-2018)",1723.62559345251
"zBRT_Santos (2018)","zBRT","M_Santos(2005-2018)",1769.21856565292
"zBRT_Santos (2018)","zBRT","M_Santos(2005-2018)",1787.36550044043
"zBRT_Santos (2018)","zBRT","M_Santos(2005-2018)",1700.23315855881
"zBRT_Santos (2018)","zBRT","M_Santos(2005-2018)",1816.83203729218
"zBRT_Santos (2018)","zBRT","M_Santos(2005-2018)",1885.69369239083
"zBRT_Santos (2018)","zBRT","M_Santos(2005-2018)",1703.3738085764
"zBRT_Santos (2018)","zBRT","M_Santos(2005-2018)",1764.20122896477
"zBRT_Santos (2018)","zBRT","M_Santos(2005-2018)",1686.34997984694
"zBRT_Santos (2018)","zBRT","M_Santos(2005-2018)",1696.3614513925
"zBRT_Santos (2018)","zBRT","M_Santos(2005-2018)",1830.08751819621
"zBRT_Santos (2018)","zBRT","M_Santos(2005-2018)",1373.4212408014
"zBRT_Santos (2018)","zBRT","M_Santos(2005-2018)",1982.9559393558
"zBRT_Santos (2018)","zBRT","M_Santos(2005-2018)",1717.01289504696
"zBRT_Santos (2018)","zBRT","M_Santos(2005-2018)",1688.28022299221
"zBRT_Santos (2018)","zBRT","M_Santos(2005-2018)",1609.99120732802
"zBRT_Santos (2018)","zBRT","M_Santos(2005-2018)",1678.45468274675
"zBRT_Santos (2018)","zBRT","M_Santos(2005-2018)",1770.23661176576
"zBRT_Santos (2018)","zBRT","M_Santos(2005-2018)",1911.53815859033
"zBRT_Santos (2018)","zBRT","M_Santos(2005-2018)",1763.38452240279
"zBRT_Santos (2018)","zBRT","M_Santos(2005-2018)",1797.05555152389
"zBRT_Santos (2018)","zBRT","M_Santos(2005-2018)",1797.02247920328
"zBRT_Santos (2018)","zBRT","M_Santos(2005-2018)",1759.52675373347
"zBRT_Santos (2018)","zBRT","M_Santos(2005-2018)",1790.50482122632
"zBRT_Santos (2018)","zBRT","M_Santos(2005-2018)",1727.23338656424
"zBRT_Santos (2018)","zBRT","M_Santos(2005-2018)",1582.06585954593
"zBRT_Santos (2018)","zBRT","M_Santos(2005-2018)",1916.52527718154
"zBRT_Santos (2018)","zBRT","M_Santos(2005-2018)",1742.53966060721
"zBRT_Santos (2018)","zBRT","M_Santos(2005-2018)",1750.01265643174
"zBRT_Santos (2018)","zBRT","M_Santos(2005-2018)",1758.30724819008
"zBRT_Santos (2018)","zBRT","M_Santos(2005-2018)",1760.99161782792
"zBRT_Santos (2018)","zBRT","M_Santos(2005-2018)",1731.49178063975
"zBRT_Santos (2018)","zBRT","M_Santos(2005-2018)",1644.96552885927
"zBRT_Santos (2018)","zBRT","M_Santos(2005-2018)",1837.34590859335
"zBRT_Santos (2018)","zBRT","M_Santos(2005-2018)",1745.20121977489
"zBRT_Santos (2018)","zBRT","M_Santos(2005-2018)",1794.67271823619
"zBRT_Santos (2018)","zBRT","M_Santos(2005-2018)",1806.50709259136
"zBRT_Santos (2018)","zBRT","M_Santos(2005-2018)",1785.39274516836
"zBRT_Santos (2018)","zBRT","M_Santos(2005-2018)",1756.08241009264
"zBRT_Santos (2018)","zBRT","M_Santos(2005-2018)",1789.54253742783
"zBRT_Santos (2018)","zBRT","M_Santos(2005-2018)",1905.69763201404
"zBRT_Vieira (2019)","zBRT","M_Vieira(1988-2018)",1769.82084558877
"zBRT_Vieira (2019)","zBRT","M_Vieira(1988-2018)",1811.20041787296
"zBRT_Vieira (2019)","zBRT","M_Vieira(1988-2018)",1736.98580247016
"zBRT_Vieira (2019)","zBRT","M_Vieira(1988-2018)",1865.05227266279
"zBRT_Vieira (2019)","zBRT","M_Vieira(1988-2018)",1879.94529605533
"zBRT_Vieira (2019)","zBRT","M_Vieira(1988-2018)",1614.96306843842
"zBRT_Vieira (2019)","zBRT","M_Vieira(1988-2018)",1929.5892473884
"zBRT_Vieira (2019)","zBRT","M_Vieira(1988-2018)",1713.00883575245
"zBRT_Vieira (2019)","zBRT","M_Vieira(1988-2018)",1814.28116553987
"zBRT_Vieira (2019)","zBRT","M_Vieira(1988-2018)",1795.30353754419
"zBRT_Vieira (2019)","zBRT","M_Vieira(1988-2018)",1951.14892097389
"zBRT_Vieira (2019)","zBRT","M_Vieira(1988-2018)",1870.64942014685
"zBRT_Vieira (2019)","zBRT","M_Vieira(1988-2018)",1718.49633410715
"zBRT_Vieira (2019)","zBRT","M_Vieira(1988-2018)",1789.99021760549
"zBRT_Vieira (2019)","zBRT","M_Vieira(1988-2018)",1790.25010419453
"zBRT_Vieira (2019)","zBRT","M_Vieira(1988-2018)",1658.29740710546
"zBRT_Vieira (2019)","zBRT","M_Vieira(1988-2018)",1746.10716368222
"zBRT_Vieira (2019)","zBRT","M_Vieira(1988-2018)",1665.32218468676
"zBRT_Vieira (2019)","zBRT","M_Vieira(1988-2018)",1835.85192750394
"zBRT_Vieira (2019)","zBRT","M_Vieira(1988-2018)",1841.26283315987
"zBRT_Vieira (2019)","zBRT","M_Vieira(1988-2018)",1719.67635801775
"zBRT_Vieira (2019)","zBRT","M_Vieira(1988-2018)",1865.55404138167
"zBRT_Vieira (2019)","zBRT","M_Vieira(1988-2018)",1905.77671954013
"zBRT_Vieira (2019)","zBRT","M_Vieira(1988-2018)",1711.67205254083
"zBRT_Vieira (2019)","zBRT","M_Vieira(1988-2018)",1915.10633976047
"zBRT_Vieira (2019)","zBRT","M_Vieira(1988-2018)",1944.3674333571
"zBRT_Vieira (2019)","zBRT","M_Vieira(1988-2018)",1899.7611924563
"zBRT_Vieira (2019)","zBRT","M_Vieira(1988-2018)",1767.70424029015
"zBRT_Vieira (2019)","zBRT","M_Vieira(1988-2018)",1965.18880094838
"zBRT_Vieira (2019)","zBRT","M_Vieira(1988-2018)",1654.99807680462
"zBRT_Vieira (2019)","zBRT","M_Vieira(1988-2018)",1849.92834021989
"zBRT_Vieira (2019)","zBRT","M_Vieira(1988-2018)",1730.12913604218
"zBRT_Vieira (2019)","zBRT","M_Vieira(1988-2018)",1773.01754463327
"zBRT_Vieira (2019)","zBRT","M_Vieira(1988-2018)",1806.92510376376
"zBRT_Vieira (2019)","zBRT","M_Vieira(1988-2018)",1789.98263477976
"zBRT_Vieira (2019)","zBRT","M_Vieira(1988-2018)",1753.39034148071
"zBRT_Vieira (2019)","zBRT","M_Vieira(1988-2018)",1714.44967552736
"zBRT_Vieira (2019)","zBRT","M_Vieira(1988-2018)",1705.88341263567
"zBRT_Vieira (2019)","zBRT","M_Vieira(1988-2018)",1934.86937952702
"zBRT_Vieira (2019)","zBRT","M_Vieira(1988-2018)",1896.46287022336
"zBRT_Vieira (2019)","zBRT","M_Vieira(1988-2018)",1908.92674943189
"zBRT_Vieira (2019)","zBRT","M_Vieira(1988-2018)",1712.55331274678
"zBRT_Vieira (2019)","zBRT","M_Vieira(1988-2018)",1941.49544309734
"zBRT_Vieira (2019)","zBRT","M_Vieira(1988-2018)",1938.14553757154
"zBRT_Vieira (2019)","zBRT","M_Vieira(1988-2018)",1906.65106191818
"zBRT_Vieira (2019)","zBRT","M_Vieira(1988-2018)",1772.23172150078
"zBRT_Vieira (2019)","zBRT","M_Vieira(1988-2018)",1934.39534594242
"zBRT_Vieira (2019)","zBRT","M_Vieira(1988-2018)",1928.50153981825
"zBRT_Vieira (2019)","zBRT","M_Vieira(1988-2018)",1798.78337630595
"zBRT_Vieira (2019)","zBRT","M_Vieira(1988-2018)",1807.93452377905
"zBRT_Vieira (2019)","zBRT","M_Vieira(1988-2018)",1622.87013634431
"zBRT_Vieira (2019)","zBRT","M_Vieira(1988-2018)",1850.6303461291
"zBRT_Vieira (2019)","zBRT","M_Vieira(1988-2018)",1786.68629971117
"zBRT_Vieira (2019)","zBRT","M_Vieira(1988-2018)",1770.94129385639
"zBRT_Vieira (2019)","zBRT","M_Vieira(1988-2018)",1825.21422439693
"zBRT_Vieira (2019)","zBRT","M_Vieira(1988-2018)",1913.30667667789
"zBRT_Vieira (2019)","zBRT","M_Vieira(1988-2018)",1786.27591993731
"zBRT_Vieira (2019)","zBRT","M_Vieira(1988-2018)",1788.32427895849
"zBRT_Vieira (2019)","zBRT","M_Vieira(1988-2018)",1762.41148809494
"zBRT_Vieira (2019)","zBRT","M_Vieira(1988-2018)",1892.97234745475
"zBRT_Vieira (2019)","zBRT","M_Vieira(1988-2018)",1749.02670963057
"zBRT_Vieira (2019)","zBRT","M_Vieira(1988-2018)",1769.01947846569
"zBRT_Vieira (2019)","zBRT","M_Vieira(1988-2018)",1741.61850132606
"zBRT_Vieira (2019)","zBRT","M_Vieira(1988-2018)",1648.15800666981
"zBRT_Vieira (2019)","zBRT","M_Vieira(1988-2018)",1707.65021970476
"zBRT_Vieira (2019)","zBRT","M_Vieira(1988-2018)",1583.92737124911
"zBRT_Vieira (2019)","zBRT","M_Vieira(1988-2018)",1939.83923519419
"zBRT_Vieira (2019)","zBRT","M_Vieira(1988-2018)",1821.341557632
"zBRT_Vieira (2019)","zBRT","M_Vieira(1988-2018)",1695.22335912124
"zBRT_Vieira (2019)","zBRT","M_Vieira(1988-2018)",1741.12765595506
"zBRT_Vieira (2019)","zBRT","M_Vieira(1988-2018)",1751.98055329817
"zBRT_Vieira (2019)","zBRT","M_Vieira(1988-2018)",1723.06559031174
"zBRT_Vieira (2019)","zBRT","M_Vieira(1988-2018)",1778.65552691345
"zBRT_Vieira (2019)","zBRT","M_Vieira(1988-2018)",1685.51419278685
"zBRT_Vieira (2019)","zBRT","M_Vieira(1988-2018)",1800.01539500609
"zBRT_Vieira (2019)","zBRT","M_Vieira(1988-2018)",1771.48579567437
"zBRT_Vieira (2019)","zBRT","M_Vieira(1988-2018)",1706.27374070435
"zBRT_Vieira (2019)","zBRT","M_Vieira(1988-2018)",1952.80561704645
"zBRT_Vieira (2019)","zBRT","M_Vieira(1988-2018)",1654.48315646294
"zBRT_Vieira (2019)","zBRT","M_Vieira(1988-2018)",1933.36008731297
"zBRT_Vieira (2019)","zBRT","M_Vieira(1988-2018)",1735.96487773088
"zBRT_Vieira (2019)","zBRT","M_Vieira(1988-2018)",1741.43974084838
"zBRT_Vieira (2019)","zBRT","M_Vieira(1988-2018)",1896.63026778206
"zBRT_Vieira (2019)","zBRT","M_Vieira(1988-2018)",1784.2024742757
"zBRT_Vieira (2019)","zBRT","M_Vieira(1988-2018)",1931.04339149099
"zBRT_Vieira (2019)","zBRT","M_Vieira(1988-2018)",1821.79720823026
"zBRT_Vieira (2019)","zBRT","M_Vieira(1988-2018)",1921.86702404496
"zBRT_Vieira (2019)","zBRT","M_Vieira(1988-2018)",1794.34354692005
"zBRT_Vieira (2019)","zBRT","M_Vieira(1988-2018)",2270.88444886589
"zBRT_Vieira (2019)","zBRT","M_Vieira(1988-2018)",1809.93081883122
"zBRT_Vieira (2019)","zBRT","M_Vieira(1988-2018)",1906.5782445522
"zBRT_Vieira (2019)","zBRT","M_Vieira(1988-2018)",1647.05180102343
"zBRT_Vieira (2019)","zBRT","M_Vieira(1988-2018)",1845.22636392551
"zBRT_Vieira (2019)","zBRT","M_Vieira(1988-2018)",1971.96508073101
"zBRT_Vieira (2019)","zBRT","M_Vieira(1988-2018)",1725.39558532596
"zBRT_Vieira (2019)","zBRT","M_Vieira(1988-2018)",1772.37374864684
"zBRT_Vieira (2019)","zBRT","M_Vieira(1988-2018)",1646.38928042311
"zBRT_Vieira (2019)","zBRT","M_Vieira(1988-2018)",1903.05248186289
"zBRT_Vieira (2019)","zBRT","M_Vieira(1988-2018)",1681.22561331309
"zBRT_Vieira (2019)","zBRT","M_Vieira(1988-2018)",1910.85130363088
"zBRT_Vieira (2019)","zBRT","M_Vieira(1988-2018)",1907.23938425568
"zBRT_Vieira (2019)","zBRT","M_Vieira(1988-2018)",1915.81751445749
"zBRT_Vieira (2019)","zBRT","M_Vieira(1988-2018)",1715.82344190215
"zBRT_Vieira (2019)","zBRT","M_Vieira(1988-2018)",1811.32488543996
"zBRT_Vieira (2019)","zBRT","M_Vieira(1988-2018)",1763.51776356489
"zBRT_Vieira (2019)","zBRT","M_Vieira(1988-2018)",1745.25559352341
"zBRT_Vieira (2019)","zBRT","M_Vieira(1988-2018)",1744.05139977001
"zBRT_Vieira (2019)","zBRT","M_Vieira(1988-2018)",1773.65215223769
"zBRT_Vieira (2019)","zBRT","M_Vieira(1988-2018)",1776.14438892428
"zBRT_Vieira (2019)","zBRT","M_Vieira(1988-2018)",1772.94311772811
"zBRT_Vieira (2019)","zBRT","M_Vieira(1988-2018)",1736.91045162243
"zBRT_Vieira (2019)","zBRT","M_Vieira(1988-2018)",1798.0062198244
"zBRT_Vieira (2019)","zBRT","M_Vieira(1988-2018)",1887.34178204463
"zBRT_Vieira (2019)","zBRT","M_Vieira(1988-2018)",1797.11086663971
"zBRT_Vieira (2019)","zBRT","M_Vieira(1988-2018)",1612.28584345323
"zBRT_Vieira (2019)","zBRT","M_Vieira(1988-2018)",1685.84542986
"zBRT_Vieira (2019)","zBRT","M_Vieira(1988-2018)",1739.1320917291
"zBRT_Vieira (2019)","zBRT","M_Vieira(1988-2018)",1909.43120990868
"zBRT_Vieira (2019)","zBRT","M_Vieira(1988-2018)",1885.60684433797
"zBRT_Vieira (2019)","zBRT","M_Vieira(1988-2018)",1818.9647386253
"zBRT_Vieira (2019)","zBRT","M_Vieira(1988-2018)",1821.86458678487
"zBRT_Vieira (2019)","zBRT","M_Vieira(1988-2018)",1923.23348035031
"zBRT_Vieira (2019)","zBRT","M_Vieira(1988-2018)",1908.1303011672
"zBRT_Vieira (2019)","zBRT","M_Vieira(1988-2018)",1653.89513303374
"zBRT_Vieira (2019)","zBRT","M_Vieira(1988-2018)",1798.81171198376
"zBRT_Vieira (2019)","zBRT","M_Vieira(1988-2018)",1763.81219925065
"zBRT_Vieira (2019)","zBRT","M_Vieira(1988-2018)",1910.35948909925
"zBRT_Vieira (2019)","zBRT","M_Vieira(1988-2018)",1791.78375799131
"zBRT_Vieira (2019)","zBRT","M_Vieira(1988-2018)",1848.81145380539
"zBRT_Vieira (2019)","zBRT","M_Vieira(1988-2018)",1673.79983735782
"zBRT_Vieira (2019)","zBRT","M_Vieira(1988-2018)",1916.2107499744
"zBRT_Vieira (2019)","zBRT","M_Vieira(1988-2018)",1779.1193287009
"zBRT_Vieira (2019)","zBRT","M_Vieira(1988-2018)",1905.37067845314
"zBRT_Vieira (2019)","zBRT","M_Vieira(1988-2018)",1948.92302899402
"zBRT_Vieira (2019)","zBRT","M_Vieira(1988-2018)",1735.54184997143
"zBRT_Vieira (2019)","zBRT","M_Vieira(1988-2018)",1814.53087885061
"zBRT_Vieira (2019)","zBRT","M_Vieira(1988-2018)",1832.3063038996
"zBRT_Vieira (2019)","zBRT","M_Vieira(1988-2018)",1925.19628364282
"zBRT_Vieira (2019)","zBRT","M_Vieira(1988-2018)",1764.45738354646
"zBRT_Vieira (2019)","zBRT","M_Vieira(1988-2018)",1774.32073999982
"zBRT_Vieira (2019)","zBRT","M_Vieira(1988-2018)",1685.60323565623
"zBRT_Vieira (2019)","zBRT","M_Vieira(1988-2018)",1830.64642690841
"zBRT_Vieira (2019)","zBRT","M_Vieira(1988-2018)",1706.75188586066
"zBRT_Vieira (2019)","zBRT","M_Vieira(1988-2018)",1829.83308153737
"zBRT_Vieira (2019)","zBRT","M_Vieira(1988-2018)",1761.15489467347
"zBRT_Vieira (2019)","zBRT","M_Vieira(1988-2018)",1835.90258784308
"zBRT_Vieira (2019)","zBRT","M_Vieira(1988-2018)",1886.19779026868
"zBRT_Vieira (2019)","zBRT","M_Vieira(1988-2018)",1837.22807916186
"zBRT_Vieira (2019)","zBRT","M_Vieira(1988-2018)",1856.2149463638
"zBRT_Vieira (2019)","zBRT","M_Vieira(1988-2018)",1915.25979135016
"zBRT_Vieira (2019)","zBRT","M_Vieira(1988-2018)",1752.33119576957
"zBRT_Vieira (2019)","zBRT","M_Vieira(1988-2018)",1822.74620070359
"zBRT_Vieira (2019)","zBRT","M_Vieira(1988-2018)",1775.31054054584
"zBRT_Vieira (2019)","zBRT","M_Vieira(1988-2018)",1761.80531709069
"zBRT_Vieira (2019)","zBRT","M_Vieira(1988-2018)",1657.30856134049
"zBRT_Vieira (2019)","zBRT","M_Vieira(1988-2018)",1704.3291898859
"zBRT_Vieira (2019)","zBRT","M_Vieira(1988-2018)",1812.3530521728
"zBRT_Vieira (2019)","zBRT","M_Vieira(1988-2018)",1915.0068907606
"zBRT_Vieira (2019)","zBRT","M_Vieira(1988-2018)",1760.4016133049
"zBRT_Vieira (2019)","zBRT","M_Vieira(1988-2018)",1923.92056480892
"zBRT_Vieira (2019)","zBRT","M_Vieira(1988-2018)",1734.36454157579
"zBRT_Vieira (2019)","zBRT","M_Vieira(1988-2018)",1976.77037294722
"zBRT_Vieira (2019)","zBRT","M_Vieira(1988-2018)",1812.32009315538
"zBRT_Vieira (2019)","zBRT","M_Vieira(1988-2018)",1760.91780700168
"zBRT_Vieira (2019)","zBRT","M_Vieira(1988-2018)",1861.38812523385
"zBRT_Vieira (2019)","zBRT","M_Vieira(1988-2018)",1902.71221680911
"zBRT_Vieira (2019)","zBRT","M_Vieira(1988-2018)",1823.12525817224
"zBRT_Vieira (2019)","zBRT","M_Vieira(1988-2018)",1783.4087371288
"zBRT_Vieira (2019)","zBRT","M_Vieira(1988-2018)",1918.03510683874
"zBRT_Vieira (2019)","zBRT","M_Vieira(1988-2018)",1919.66468814401
"zBRT_Vieira (2019)","zBRT","M_Vieira(1988-2018)",1948.00728657764
"zBRT_Vieira (2019)","zBRT","M_Vieira(1988-2018)",1917.74537809363
"zBRT_Vieira (2019)","zBRT","M_Vieira(1988-2018)",1340.58398435348
"zBRT_Vieira (2019)","zBRT","M_Vieira(1988-2018)",1826.30701463864
"zBRT_Vieira (2019)","zBRT","M_Vieira(1988-2018)",1679.71844082755
"zBRT_Vieira (2019)","zBRT","M_Vieira(1988-2018)",1659.46750114541
"zBRT_Vieira (2019)","zBRT","M_Vieira(1988-2018)",1908.76647387341
"zBRT_Vieira (2019)","zBRT","M_Vieira(1988-2018)",1902.14757096931
"zBRT_Vieira (2019)","zBRT","M_Vieira(1988-2018)",1625.39023507274
"zBRT_Vieira (2019)","zBRT","M_Vieira(1988-2018)",1545.34400479759
"zBRT_Vieira (2019)","zBRT","M_Vieira(1988-2018)",1839.36320912642
"zBRT_Vieira (2019)","zBRT","M_Vieira(1988-2018)",1928.5865818378
"zBRT_Vieira (2019)","zBRT","M_Vieira(1988-2018)",1715.43434547417
"zBRT_Vieira (2019)","zBRT","M_Vieira(1988-2018)",1716.36714403943
"zBRT_Vieira (2019)","zBRT","M_Vieira(1988-2018)",1737.0968843338
"zBRT_Vieira (2019)","zBRT","M_Vieira(1988-2018)",1935.74958338376
"zBRT_Vieira (2019)","zBRT","M_Vieira(1988-2018)",1775.22094056084
"zBRT_Vieira (2019)","zBRT","M_Vieira(1988-2018)",1926.50843735512
"zBRT_Vieira (2019)","zBRT","M_Vieira(1988-2018)",1896.14942113256
"zBRT_Vieira (2019)","zBRT","M_Vieira(1988-2018)",1681.02546446024
"zBRT_Vieira (2019)","zBRT","M_Vieira(1988-2018)",1789.86865116802
"zBRT_Vieira (2019)","zBRT","M_Vieira(1988-2018)",1914.27311483304
"zBRT_Vieira (2019)","zBRT","M_Vieira(1988-2018)",1598.65813540495
"zBRT_Vieira (2019)","zBRT","M_Vieira(1988-2018)",1829.49839883999
"zBRT_Vieira (2019)","zBRT","M_Vieira(1988-2018)",1917.93362546734
"zBRT_Vieira (2019)","zBRT","M_Vieira(1988-2018)",1730.86206457981
"zBRT_Vieira (2019)","zBRT","M_Vieira(1988-2018)",1828.73840041876
"zBRT_Vieira (2019)","zBRT","M_Vieira(1988-2018)",1905.67067299922
"zBRT_Vieira (2019)","zBRT","M_Vieira(1988-2018)",1918.35453916645
"zBRT_Vieira (2019)","zBRT","M_Vieira(1988-2018)",1729.22326931236
"zBRT_Vieira (2019)","zBRT","M_Vieira(1988-2018)",1506.36628778318
"zBRT_Vieira (2019)","zBRT","M_Vieira(1988-2018)",1695.81862091727
"zBRT_Vieira (2019)","zBRT","M_Vieira(1988-2018)",1906.25084450649
"zBRT_Vieira (2019)","zBRT","M_Vieira(1988-2018)",1763.10887864965
"zBRT_Vieira (2019)","zBRT","M_Vieira(1988-2018)",1906.71512942434
"zBRT_Vieira (2019)","zBRT","M_Vieira(1988-2018)",2052.61001110226
"zBRT_Vieira (2019)","zBRT","M_Vieira(1988-2018)",1766.43230707885
"zBRT_Vieira (2019)","zBRT","M_Vieira(1988-2018)",1906.03507419997
"zBRT_Vieira (2019)","zBRT","M_Vieira(1988-2018)",1803.55315733861
"zBRT_Vieira (2019)","zBRT","M_Vieira(1988-2018)",1862.06102490611
"zBRT_Vieira (2019)","zBRT","M_Vieira(1988-2018)",1709.77945210986
"zBRT_Vieira (2019)","zBRT","M_Vieira(1988-2018)",1696.51872308997
"zBRT_Vieira (2019)","zBRT","M_Vieira(1988-2018)",1916.54840505936
"zBRT_Vieira (2019)","zBRT","M_Vieira(1988-2018)",1794.78801171387
"zBRT_Vieira (2019)","zBRT","M_Vieira(1988-2018)",1750.88474985577
"zBRT_Vieira (2019)","zBRT","M_Vieira(1988-2018)",1710.41762948659
"zBRT_Vieira (2019)","zBRT","M_Vieira(1988-2018)",1741.60405653874
"zBRT_Vieira (2019)","zBRT","M_Vieira(1988-2018)",1945.57376306319
"zBRT_Vieira (2019)","zBRT","M_Vieira(1988-2018)",1764.72036449486
"zBRT_Vieira (2019)","zBRT","M_Vieira(1988-2018)",1729.41515478609
"zBRT_Vieira (2019)","zBRT","M_Vieira(1988-2018)",1775.9441313227
"zBRT_Vieira (2019)","zBRT","M_Vieira(1988-2018)",1820.8318814977
"zBRT_Vieira (2019)","zBRT","M_Vieira(1988-2018)",1731.56285578943
"zBRT_Vieira (2019)","zBRT","M_Vieira(1988-2018)",1919.51780368806
"zBRT_Vieira (2019)","zBRT","M_Vieira(1988-2018)",1730.69124413242
"zBRT_Vieira (2019)","zBRT","M_Vieira(1988-2018)",1822.44436853032
"zBRT_Vieira (2019)","zBRT","M_Vieira(1988-2018)",1745.15761234263
"zBRT_Vieira (2019)","zBRT","M_Vieira(1988-2018)",1814.83095383099
"zBRT_Vieira (2019)","zBRT","M_Vieira(1988-2018)",1824.09644315995
"zBRT_Vieira (2019)","zBRT","M_Vieira(1988-2018)",1665.57588771468
"zBRT_Vieira (2019)","zBRT","M_Vieira(1988-2018)",1841.09337287359
"zBRT_Vieira (2019)","zBRT","M_Vieira(1988-2018)",2173.82630727073
"zBRT_Vieira (2019)","zBRT","M_Vieira(1988-2018)",1923.86421850796
"zBRT_Vieira (2019)","zBRT","M_Vieira(1988-2018)",1738.12089528937
"zBRT_Vieira (2019)","zBRT","M_Vieira(1988-2018)",1660.08758253756
"zBRT_Vieira (2019)","zBRT","M_Vieira(1988-2018)",1652.71562831207
"zBRT_Vieira (2019)","zBRT","M_Vieira(1988-2018)",1796.94475872257
"zBRT_Vieira (2019)","zBRT","M_Vieira(1988-2018)",1693.20804787804
"zBRT_Vieira (2019)","zBRT","M_Vieira(1988-2018)",1948.45399707363
"zBRT_Vieira (2019)","zBRT","M_Vieira(1988-2018)",1827.79561584836
"zBRT_Vieira (2019)","zBRT","M_Vieira(1988-2018)",1739.92774178991
"zBRT_Vieira (2019)","zBRT","M_Vieira(1988-2018)",1750.80132589182
"zBRT_Vieira (2019)","zBRT","M_Vieira(1988-2018)",1696.95066433346
"zBRT_Vieira (2019)","zBRT","M_Vieira(1988-2018)",1779.78120994189
"zBRT_Vieira (2019)","zBRT","M_Vieira(1988-2018)",1774.56444947157
"zBRT_Vieira (2019)","zBRT","M_Vieira(1988-2018)",1834.17170073789
"zBRT_Vieira (2019)","zBRT","M_Vieira(1988-2018)",1730.29809946153
"zBRT_Vieira (2019)","zBRT","M_Vieira(1988-2018)",1439.95505864785
"zBRT_Vieira (2019)","zBRT","M_Vieira(1988-2018)",1850.93324839005
"zBRT_Vieira (2019)","zBRT","M_Vieira(1988-2018)",1675.49327293862
"zBRT_Vieira (2019)","zBRT","M_Vieira(1988-2018)",1939.11613997236
"zBRT_Vieira (2019)","zBRT","M_Vieira(1988-2018)",1906.87661043121
"zBRT_Vieira (2019)","zBRT","M_Vieira(1988-2018)",1771.76578461576
"zBRT_Vieira (2019)","zBRT","M_Vieira(1988-2018)",1722.04155837581
"zBRT_Vieira (2019)","zBRT","M_Vieira(1988-2018)",1744.94381169068
"zBRT_Vieira (2019)","zBRT","M_Vieira(1988-2018)",1909.62707441265
"zBRT_Vieira (2019)","zBRT","M_Vieira(1988-2018)",1768.25679500411
"zBRT_Vieira (2019)","zBRT","M_Vieira(1988-2018)",1899.70949724997
"zBRT_Vieira (2019)","zBRT","M_Vieira(1988-2018)",1733.90281177741
"zBRT_Vieira (2019)","zBRT","M_Vieira(1988-2018)",1822.24396646958
"zBRT_Vieira (2019)","zBRT","M_Vieira(1988-2018)",1832.59665713664
"zBRT_Vieira (2019)","zBRT","M_Vieira(1988-2018)",1771.11352031202
"zBRT_Vieira (2019)","zBRT","M_Vieira(1988-2018)",1803.34279469898
"zBRT_Vieira (2019)","zBRT","M_Vieira(1988-2018)",1765.72757475174
"zBRT_Vieira (2019)","zBRT","M_Vieira(1988-2018)",1845.12920919905
"zBRT_Vieira (2019)","zBRT","M_Vieira(1988-2018)",1807.1298560205
"zBRT_Vieira (2019)","zBRT","M_Vieira(1988-2018)",1925.97967902625
"zBRT_Vieira (2019)","zBRT","M_Vieira(1988-2018)",1899.43620061165
"zBRT_Vieira (2019)","zBRT","M_Vieira(1988-2018)",1793.46518785528
"zBRT_Vieira (2019)","zBRT","M_Vieira(1988-2018)",1569.97357637517
"zBRT_Vieira (2019)","zBRT","M_Vieira(1988-2018)",1447.90908549079
"zBRT_Vieira (2019)","zBRT","M_Vieira(1988-2018)",1774.63868666867
"zBRT_Vieira (2019)","zBRT","M_Vieira(1988-2018)",1431.62855927852
"zBRT_Vieira (2019)","zBRT","M_Vieira(1988-2018)",1757.07641872011
"zBRT_Vieira (2019)","zBRT","M_Vieira(1988-2018)",1817.24960604739
"zBRT_Vieira (2019)","zBRT","M_Vieira(1988-2018)",1786.31733225863
"zBRT_Vieira (2019)","zBRT","M_Vieira(1988-2018)",1745.73827985004
"zBRT_Vieira (2019)","zBRT","M_Vieira(1988-2018)",1842.20467359503
"zBRT_Vieira (2019)","zBRT","M_Vieira(1988-2018)",1692.05198304665
"zBRT_Vieira (2019)","zBRT","M_Vieira(1988-2018)",1906.1786486699
"zBRT_Vieira (2019)","zBRT","M_Vieira(1988-2018)",1731.99737914957
"zBRT_Vieira (2019)","zBRT","M_Vieira(1988-2018)",1748.42195860257
"zBRT_Vieira (2019)","zBRT","M_Vieira(1988-2018)",1848.28117454778
"zBRT_Vieira (2019)","zBRT","M_Vieira(1988-2018)",1816.0679159943
"zBRT_Vieira (2019)","zBRT","M_Vieira(1988-2018)",1455.25986522758
"zBRT_Vieira (2019)","zBRT","M_Vieira(1988-2018)",1778.810008195
"zBRT_Vieira (2019)","zBRT","M_Vieira(1988-2018)",1705.8843578656
"zBRT_Vieira (2019)","zBRT","M_Vieira(1988-2018)",1778.00786338406
"zBRT_Vieira (2019)","zBRT","M_Vieira(1988-2018)",1742.36377179982
"zBRT_Vieira (2019)","zBRT","M_Vieira(1988-2018)",1676.94403160524
"zBRT_Vieira (2019)","zBRT","M_Vieira(1988-2018)",1958.17968786193
"zBRT_Vieira (2019)","zBRT","M_Vieira(1988-2018)",1815.62729899555
"zBRT_Vieira (2019)","zBRT","M_Vieira(1988-2018)",1827.08986013879
"zBRT_Vieira (2019)","zBRT","M_Vieira(1988-2018)",1930.17329042116
"zBRT_Vieira (2019)","zBRT","M_Vieira(1988-2018)",1687.51116852944
"zBRT_Vieira (2019)","zBRT","M_Vieira(1988-2018)",1917.10604039665
"zBRT_Vieira (2019)","zBRT","M_Vieira(1988-2018)",1585.1322282964
"zBRT_Vieira (2019)","zBRT","M_Vieira(1988-2018)",1929.38163143441
"zBRT_Vieira (2019)","zBRT","M_Vieira(1988-2018)",1923.15376775095
"zBRT_Vieira (2019)","zBRT","M_Vieira(1988-2018)",1792.29618012936
"zBRT_Vieira (2019)","zBRT","M_Vieira(1988-2018)",1767.84438187607
"zBRT_Vieira (2019)","zBRT","M_Vieira(1988-2018)",1691.99683807965
"zBRT_Vieira (2019)","zBRT","M_Vieira(1988-2018)",1755.37197093561
"zBRT_Vieira (2019)","zBRT","M_Vieira(1988-2018)",1709.40215580898
