"cenario_id","hipotese","m_fonte","bk_lo","bk_hi","ano","variavel","mediana","p2.5","p97.5"
"NN_CMSY_Jardim (1999)","NN_CMSY","Jardim (1999)",0.03,0.25,1989,"BK",0.639044764293663,0.509266801450284,0.793211207906234
"NN_CMSY_Jardim (1999)","NN_CMSY","Jardim (1999)",0.03,0.25,1990,"BK",0.566489207225465,0.442217187587564,0.733364076348978
"NN_CMSY_Jardim (1999)","NN_CMSY","Jardim (1999)",0.03,0.25,1991,"BK",0.526168568062728,0.389544205818223,0.705126247458544
"NN_CMSY_Jardim (1999)","NN_CMSY","Jardim (1999)",0.03,0.25,1992,"BK",0.527102769740566,0.416082013190696,0.683211039873251
"NN_CMSY_Jardim (1999)","NN_CMSY","Jardim (1999)",0.03,0.25,1993,"BK",0.498440968868479,0.398454214592858,0.638773453120637
"NN_CMSY_Jardim (1999)","NN_CMSY","Jardim (1999)",0.03,0.25,1994,"BK",0.49978125707486,0.408464490003867,0.617176190304151
"NN_CMSY_Jardim (1999)","NN_CMSY","Jardim (1999)",0.03,0.25,1995,"BK",0.479067105816707,0.391781804174531,0.587736280166433
"NN_CMSY_Jardim (1999)","NN_CMSY","Jardim (1999)",0.03,0.25,1996,"BK",0.476115154419519,0.391643944454118,0.576650233426662
"NN_CMSY_Jardim (1999)","NN_CMSY","Jardim (1999)",0.03,0.25,1997,"BK",0.46868113511084,0.3849493608562,0.557384775135608
"NN_CMSY_Jardim (1999)","NN_CMSY","Jardim (1999)",0.03,0.25,1998,"BK",0.408696757668792,0.332159334135808,0.495566439357277
"NN_CMSY_Jardim (1999)","NN_CMSY","Jardim (1999)",0.03,0.25,1999,"BK",0.350989471730859,0.280671477593882,0.439131866057994
"NN_CMSY_Jardim (1999)","NN_CMSY","Jardim (1999)",0.03,0.25,2000,"BK",0.306608552785132,0.238646027989745,0.392559266936422
"NN_CMSY_Jardim (1999)","NN_CMSY","Jardim (1999)",0.03,0.25,2001,"BK",0.295286558512984,0.233690822942216,0.388320726430851
"NN_CMSY_Jardim (1999)","NN_CMSY","Jardim (1999)",0.03,0.25,2002,"BK",0.311265492681806,0.237453745478042,0.414174073037183
"NN_CMSY_Jardim (1999)","NN_CMSY","Jardim (1999)",0.03,0.25,2003,"BK",0.290951661479718,0.218852001746521,0.390456845665742
"NN_CMSY_Jardim (1999)","NN_CMSY","Jardim (1999)",0.03,0.25,2004,"BK",0.285097537302372,0.217487983500208,0.383325191996237
"NN_CMSY_Jardim (1999)","NN_CMSY","Jardim (1999)",0.03,0.25,2005,"BK",0.281833562572207,0.219583055117119,0.380272543163217
"NN_CMSY_Jardim (1999)","NN_CMSY","Jardim (1999)",0.03,0.25,2006,"BK",0.259360175808162,0.20365505778567,0.359443209051674
"NN_CMSY_Jardim (1999)","NN_CMSY","Jardim (1999)",0.03,0.25,2007,"BK",0.223261501794649,0.170175015241817,0.320143415126693
"NN_CMSY_Jardim (1999)","NN_CMSY","Jardim (1999)",0.03,0.25,2008,"BK",0.178320557821052,0.126728413407422,0.271717805667981
"NN_CMSY_Jardim (1999)","NN_CMSY","Jardim (1999)",0.03,0.25,2009,"BK",0.151045316025377,0.103646634382339,0.241501507810823
"NN_CMSY_Jardim (1999)","NN_CMSY","Jardim (1999)",0.03,0.25,2010,"BK",0.147429406732947,0.103818972155084,0.233593688051042
"NN_CMSY_Jardim (1999)","NN_CMSY","Jardim (1999)",0.03,0.25,2011,"BK",0.141659681707858,0.0992624074303261,0.222871312400655
"NN_CMSY_Jardim (1999)","NN_CMSY","Jardim (1999)",0.03,0.25,2012,"BK",0.117989061367644,0.0804304440574682,0.192039533348665
"NN_CMSY_Jardim (1999)","NN_CMSY","Jardim (1999)",0.03,0.25,2013,"BK",0.0745044304214459,0.0453812868227614,0.152165387539232
"NN_CMSY_Jardim (1999)","NN_CMSY","Jardim (1999)",0.03,0.25,2014,"BK",0.0493886843248527,0.0232821815715239,0.121256834419198
"NN_CMSY_Jardim (1999)","NN_CMSY","Jardim (1999)",0.03,0.25,2015,"BK",0.0499763758067216,0.0257250718825245,0.111969997619898
"NN_CMSY_Jardim (1999)","NN_CMSY","Jardim (1999)",0.03,0.25,2016,"BK",0.0647947687516775,0.0381563868451083,0.128812370335056
"NN_CMSY_Jardim (1999)","NN_CMSY","Jardim (1999)",0.03,0.25,2017,"BK",0.0693135996062874,0.0333213952804483,0.131630392452396
"NN_CMSY_Jardim (1999)","NN_CMSY","Jardim (1999)",0.03,0.25,2018,"BK",0.0722706295999472,0.0305405326399394,0.133032126868361
"NN_CMSY_Jardim (1999)","NN_CMSY","Jardim (1999)",0.03,0.25,2019,"BK",0.0904327109651431,0.0369064534059128,0.151262322203065
"NN_CMSY_Jardim (1999)","NN_CMSY","Jardim (1999)",0.03,0.25,2020,"BK",0.0964527682795995,0.0349340641321315,0.155496235164469
"NN_CMSY_Jardim (1999)","NN_CMSY","Jardim (1999)",0.03,0.25,2021,"BK",0.123757673572558,0.040151931308232,0.177908893327211
"NN_CMSY_Jardim (1999)","NN_CMSY","Jardim (1999)",0.03,0.25,2022,"BK",0.158604158930513,0.053507721988166,0.210078486345798
"NN_CMSY_Jardim (1999)","NN_CMSY","Jardim (1999)",0.03,0.25,2023,"BK",0.201330535641,0.0659530019366226,0.247996562394954
"NN_CMSY_Jardim (1999)","NN_CMSY","Jardim (1999)",0.03,0.25,2024,"BK",0.242961950093679,0.0798120370105063,0.306195323190675
"NN_CMSY_Jardim (1999)","NN_CMSY","Jardim (1999)",0.03,0.25,1989,"BBmsy",2.24389728885738,1.25135189199569,5.05133128989439
"NN_CMSY_Jardim (1999)","NN_CMSY","Jardim (1999)",0.03,0.25,1990,"BBmsy",2.02864678575572,1.11308221735811,4.7735243834801
"NN_CMSY_Jardim (1999)","NN_CMSY","Jardim (1999)",0.03,0.25,1991,"BBmsy",1.88958699927851,1.02833480676169,4.60710624265383
"NN_CMSY_Jardim (1999)","NN_CMSY","Jardim (1999)",0.03,0.25,1992,"BBmsy",1.87154354946179,1.06633933401687,4.51402234905081
"NN_CMSY_Jardim (1999)","NN_CMSY","Jardim (1999)",0.03,0.25,1993,"BBmsy",1.74890546332752,1.03458103896678,4.27819400112729
"NN_CMSY_Jardim (1999)","NN_CMSY","Jardim (1999)",0.03,0.25,1994,"BBmsy",1.728621469745,1.0661021083319,4.14536310370389
"NN_CMSY_Jardim (1999)","NN_CMSY","Jardim (1999)",0.03,0.25,1995,"BBmsy",1.65046661395455,1.05361218354299,3.91281317410901
"NN_CMSY_Jardim (1999)","NN_CMSY","Jardim (1999)",0.03,0.25,1996,"BBmsy",1.63596323305585,1.07145721768693,3.76337403320384
"NN_CMSY_Jardim (1999)","NN_CMSY","Jardim (1999)",0.03,0.25,1997,"BBmsy",1.60351820023192,1.07520252890244,3.58855273334531
"NN_CMSY_Jardim (1999)","NN_CMSY","Jardim (1999)",0.03,0.25,1998,"BBmsy",1.40030589745605,0.977681937788737,3.18978618316879
"NN_CMSY_Jardim (1999)","NN_CMSY","Jardim (1999)",0.03,0.25,1999,"BBmsy",1.19116429465412,0.877297369983925,2.79476342570042
"NN_CMSY_Jardim (1999)","NN_CMSY","Jardim (1999)",0.03,0.25,2000,"BBmsy",1.04366564954649,0.770892083604684,2.46591434277981
"NN_CMSY_Jardim (1999)","NN_CMSY","Jardim (1999)",0.03,0.25,2001,"BBmsy",1.01168563375711,0.784175262170132,2.31465168166942
"NN_CMSY_Jardim (1999)","NN_CMSY","Jardim (1999)",0.03,0.25,2002,"BBmsy",1.05207750126694,0.830005261912661,2.27137889890141
"NN_CMSY_Jardim (1999)","NN_CMSY","Jardim (1999)",0.03,0.25,2003,"BBmsy",0.976523735105235,0.787471828125581,2.07633770290482
"NN_CMSY_Jardim (1999)","NN_CMSY","Jardim (1999)",0.03,0.25,2004,"BBmsy",0.969936497408395,0.779033871099204,1.96569281679502
"NN_CMSY_Jardim (1999)","NN_CMSY","Jardim (1999)",0.03,0.25,2005,"BBmsy",0.963635404875117,0.780594621530236,1.90183961073159
"NN_CMSY_Jardim (1999)","NN_CMSY","Jardim (1999)",0.03,0.25,2006,"BBmsy",0.904892927639044,0.739067992264278,1.76739441216209
"NN_CMSY_Jardim (1999)","NN_CMSY","Jardim (1999)",0.03,0.25,2007,"BBmsy",0.779221429783249,0.654925236515559,1.55935935593604
"NN_CMSY_Jardim (1999)","NN_CMSY","Jardim (1999)",0.03,0.25,2008,"BBmsy",0.623423608579813,0.545785079787726,1.3142210565692
"NN_CMSY_Jardim (1999)","NN_CMSY","Jardim (1999)",0.03,0.25,2009,"BBmsy",0.528465391359429,0.464422448836499,1.08082754493683
"NN_CMSY_Jardim (1999)","NN_CMSY","Jardim (1999)",0.03,0.25,2010,"BBmsy",0.51945840141314,0.470321613515419,0.986823294060875
"NN_CMSY_Jardim (1999)","NN_CMSY","Jardim (1999)",0.03,0.25,2011,"BBmsy",0.503227388882551,0.448241661352532,0.904107646170658
"NN_CMSY_Jardim (1999)","NN_CMSY","Jardim (1999)",0.03,0.25,2012,"BBmsy",0.414340077804694,0.372272991518692,0.743233146875583
"NN_CMSY_Jardim (1999)","NN_CMSY","Jardim (1999)",0.03,0.25,2013,"BBmsy",0.268708451771938,0.194709719347831,0.568045437467275
"NN_CMSY_Jardim (1999)","NN_CMSY","Jardim (1999)",0.03,0.25,2014,"BBmsy",0.17814304743395,0.0873060377734492,0.448606106952615
"NN_CMSY_Jardim (1999)","NN_CMSY","Jardim (1999)",0.03,0.25,2015,"BBmsy",0.17127113185016,0.106237390987685,0.43389670771023
"NN_CMSY_Jardim (1999)","NN_CMSY","Jardim (1999)",0.03,0.25,2016,"BBmsy",0.229053113597956,0.155609624726335,0.524060639510466
"NN_CMSY_Jardim (1999)","NN_CMSY","Jardim (1999)",0.03,0.25,2017,"BBmsy",0.242722743813971,0.127613146907802,0.607348619567451
"NN_CMSY_Jardim (1999)","NN_CMSY","Jardim (1999)",0.03,0.25,2018,"BBmsy",0.254981676439552,0.107907300890218,0.688438830103449
"NN_CMSY_Jardim (1999)","NN_CMSY","Jardim (1999)",0.03,0.25,2019,"BBmsy",0.298944087151159,0.138484048090258,0.792225018718225
"NN_CMSY_Jardim (1999)","NN_CMSY","Jardim (1999)",0.03,0.25,2020,"BBmsy",0.3283780158853,0.10763339171158,0.872984130781809
"NN_CMSY_Jardim (1999)","NN_CMSY","Jardim (1999)",0.03,0.25,2021,"BBmsy",0.414365004456817,0.125512061983609,1.0394856437301
"NN_CMSY_Jardim (1999)","NN_CMSY","Jardim (1999)",0.03,0.25,2022,"BBmsy",0.555634396500523,0.190552823239842,1.30254376649071
"NN_CMSY_Jardim (1999)","NN_CMSY","Jardim (1999)",0.03,0.25,2023,"BBmsy",0.714816106284109,0.242234159045123,1.56982698987468
"NN_CMSY_Jardim (1999)","NN_CMSY","Jardim (1999)",0.03,0.25,2024,"BBmsy",0.857674359214938,0.295467002448582,1.75535321380854
"NN_CMSY_Jardim (1999)","NN_CMSY","Jardim (1999)",0.03,0.25,1989,"FFmsy",0.434559322532022,0.261362916346872,0.733565656016776
"NN_CMSY_Jardim (1999)","NN_CMSY","Jardim (1999)",0.03,0.25,1990,"FFmsy",0.29134389047883,0.16422155245873,0.498226276595174
"NN_CMSY_Jardim (1999)","NN_CMSY","Jardim (1999)",0.03,0.25,1991,"FFmsy",0.392847093446647,0.213753457723287,0.678790724868651
"NN_CMSY_Jardim (1999)","NN_CMSY","Jardim (1999)",0.03,0.25,1992,"FFmsy",0.686577722462269,0.378452455110192,1.12677575625302
"NN_CMSY_Jardim (1999)","NN_CMSY","Jardim (1999)",0.03,0.25,1993,"FFmsy",0.483793922353654,0.265796474241613,0.764097025717585
"NN_CMSY_Jardim (1999)","NN_CMSY","Jardim (1999)",0.03,0.25,1994,"FFmsy",0.660961844826787,0.373935551357641,1.01287176543486
"NN_CMSY_Jardim (1999)","NN_CMSY","Jardim (1999)",0.03,0.25,1995,"FFmsy",0.560735070092538,0.317964016931338,0.833875970767435
"NN_CMSY_Jardim (1999)","NN_CMSY","Jardim (1999)",0.03,0.25,1996,"FFmsy",0.620684395931269,0.360161794372012,0.901570298875205
"NN_CMSY_Jardim (1999)","NN_CMSY","Jardim (1999)",0.03,0.25,1997,"FFmsy",1.07194771466069,0.635762758047289,1.51734817021578
"NN_CMSY_Jardim (1999)","NN_CMSY","Jardim (1999)",0.03,0.25,1998,"FFmsy",1.24778405922493,0.709677699469882,1.70923667982011
"NN_CMSY_Jardim (1999)","NN_CMSY","Jardim (1999)",0.03,0.25,1999,"FFmsy",1.31583484340587,0.713299159531858,1.71011855824752
"NN_CMSY_Jardim (1999)","NN_CMSY","Jardim (1999)",0.03,0.25,2000,"FFmsy",1.05232555511956,0.551271504941405,1.2945862158344
"NN_CMSY_Jardim (1999)","NN_CMSY","Jardim (1999)",0.03,0.25,2001,"FFmsy",0.797740457791726,0.434879267802126,0.943454577691438
"NN_CMSY_Jardim (1999)","NN_CMSY","Jardim (1999)",0.03,0.25,2002,"FFmsy",1.22935041779237,0.718589934696832,1.4615932529132
"NN_CMSY_Jardim (1999)","NN_CMSY","Jardim (1999)",0.03,0.25,2003,"FFmsy",1.08120350316627,0.64517860333695,1.2734853773917
"NN_CMSY_Jardim (1999)","NN_CMSY","Jardim (1999)",0.03,0.25,2004,"FFmsy",1.02777247730886,0.650273512188826,1.23341096514825
"NN_CMSY_Jardim (1999)","NN_CMSY","Jardim (1999)",0.03,0.25,2005,"FFmsy",1.28011531940391,0.857570313249129,1.55648574747082
"NN_CMSY_Jardim (1999)","NN_CMSY","Jardim (1999)",0.03,0.25,2006,"FFmsy",1.6488499983104,1.13626077146411,1.98078922994954
"NN_CMSY_Jardim (1999)","NN_CMSY","Jardim (1999)",0.03,0.25,2007,"FFmsy",2.09315379670348,1.42294422123124,2.43425690939216
"NN_CMSY_Jardim (1999)","NN_CMSY","Jardim (1999)",0.03,0.25,2008,"FFmsy",2.21258461967263,1.43951108391314,2.44599121588213
"NN_CMSY_Jardim (1999)","NN_CMSY","Jardim (1999)",0.03,0.25,2009,"FFmsy",1.92917699441314,1.25407444279622,2.10774154964397
"NN_CMSY_Jardim (1999)","NN_CMSY","Jardim (1999)",0.03,0.25,2010,"FFmsy",1.93809184205706,1.34974157616998,2.12504218261669
"NN_CMSY_Jardim (1999)","NN_CMSY","Jardim (1999)",0.03,0.25,2011,"FFmsy",2.4848612561416,1.81995800778934,2.76543250648937
"NN_CMSY_Jardim (1999)","NN_CMSY","Jardim (1999)",0.03,0.25,2012,"FFmsy",3.63709622174895,2.61139073761399,4.09802767246934
"NN_CMSY_Jardim (1999)","NN_CMSY","Jardim (1999)",0.03,0.25,2013,"FFmsy",4.79962249352848,2.89251483008791,6.20159229921795
"NN_CMSY_Jardim (1999)","NN_CMSY","Jardim (1999)",0.03,0.25,2014,"FFmsy",4.80525747066633,2.37158237681306,8.57528798860681
"NN_CMSY_Jardim (1999)","NN_CMSY","Jardim (1999)",0.03,0.25,2015,"FFmsy",2.21485910322321,1.09538970403368,3.33046444132778
"NN_CMSY_Jardim (1999)","NN_CMSY","Jardim (1999)",0.03,0.25,2016,"FFmsy",1.66030283305289,0.909315996512677,2.35326238348742
"NN_CMSY_Jardim (1999)","NN_CMSY","Jardim (1999)",0.03,0.25,2017,"FFmsy",1.59648091629059,0.792659255923625,2.84677192300978
"NN_CMSY_Jardim (1999)","NN_CMSY","Jardim (1999)",0.03,0.25,2018,"FFmsy",1.2828020222496,0.590088039952893,2.70498328872581
"NN_CMSY_Jardim (1999)","NN_CMSY","Jardim (1999)",0.03,0.25,2019,"FFmsy",1.53501466256447,0.722696556209892,3.13276176266226
"NN_CMSY_Jardim (1999)","NN_CMSY","Jardim (1999)",0.03,0.25,2020,"FFmsy",0.731913153076086,0.32533277960224,2.04024881110638
"NN_CMSY_Jardim (1999)","NN_CMSY","Jardim (1999)",0.03,0.25,2021,"FFmsy",0.226291007047212,0.101781473633574,0.681485403929521
"NN_CMSY_Jardim (1999)","NN_CMSY","Jardim (1999)",0.03,0.25,2022,"FFmsy",0.181011655488474,0.0968141151921406,0.512481117135076
"NN_CMSY_Jardim (1999)","NN_CMSY","Jardim (1999)",0.03,0.25,2023,"FFmsy",0.201633048627397,0.113155064772741,0.567992370784774
"NN_CMSY_Santos (2018)","NN_CMSY","Santos (2018)",0.03,0.25,1989,"BK",0.650132766279302,0.505906524015255,0.790708264026283
"NN_CMSY_Santos (2018)","NN_CMSY","Santos (2018)",0.03,0.25,1990,"BK",0.587036149961364,0.442505418787412,0.727812201070473
"NN_CMSY_Santos (2018)","NN_CMSY","Santos (2018)",0.03,0.25,1991,"BK",0.547971299509698,0.395257379460428,0.694340706895429
"NN_CMSY_Santos (2018)","NN_CMSY","Santos (2018)",0.03,0.25,1992,"BK",0.538092887074599,0.414728248234386,0.676498727656927
"NN_CMSY_Santos (2018)","NN_CMSY","Santos (2018)",0.03,0.25,1993,"BK",0.506776943418735,0.395818609073634,0.634376859245413
"NN_CMSY_Santos (2018)","NN_CMSY","Santos (2018)",0.03,0.25,1994,"BK",0.506436554683554,0.404802855734824,0.618829266562763
"NN_CMSY_Santos (2018)","NN_CMSY","Santos (2018)",0.03,0.25,1995,"BK",0.486346549077732,0.386571856784061,0.584684384395143
"NN_CMSY_Santos (2018)","NN_CMSY","Santos (2018)",0.03,0.25,1996,"BK",0.484558982937913,0.383944462265809,0.570851142504723
"NN_CMSY_Santos (2018)","NN_CMSY","Santos (2018)",0.03,0.25,1997,"BK",0.471496261671847,0.373684545732519,0.56311188986806
"NN_CMSY_Santos (2018)","NN_CMSY","Santos (2018)",0.03,0.25,1998,"BK",0.413396212327909,0.330440673038867,0.50214674009622
"NN_CMSY_Santos (2018)","NN_CMSY","Santos (2018)",0.03,0.25,1999,"BK",0.3532627052874,0.28111078119351,0.441430603603209
"NN_CMSY_Santos (2018)","NN_CMSY","Santos (2018)",0.03,0.25,2000,"BK",0.307086557631784,0.242942048948873,0.393681038917054
"NN_CMSY_Santos (2018)","NN_CMSY","Santos (2018)",0.03,0.25,2001,"BK",0.297319220061645,0.233354765689382,0.386468608689591
"NN_CMSY_Santos (2018)","NN_CMSY","Santos (2018)",0.03,0.25,2002,"BK",0.309529019890124,0.242213006188944,0.398510693187768
"NN_CMSY_Santos (2018)","NN_CMSY","Santos (2018)",0.03,0.25,2003,"BK",0.287230081711425,0.223416438786183,0.375577657234301
"NN_CMSY_Santos (2018)","NN_CMSY","Santos (2018)",0.03,0.25,2004,"BK",0.281090839191662,0.218760572092651,0.368924842827763
"NN_CMSY_Santos (2018)","NN_CMSY","Santos (2018)",0.03,0.25,2005,"BK",0.278611162276183,0.215088316518435,0.366104578988668
"NN_CMSY_Santos (2018)","NN_CMSY","Santos (2018)",0.03,0.25,2006,"BK",0.259054812067816,0.198148675375976,0.344852719740267
"NN_CMSY_Santos (2018)","NN_CMSY","Santos (2018)",0.03,0.25,2007,"BK",0.223013348364077,0.168254616044934,0.305181267944258
"NN_CMSY_Santos (2018)","NN_CMSY","Santos (2018)",0.03,0.25,2008,"BK",0.177451767509254,0.128289988849042,0.256100566859507
"NN_CMSY_Santos (2018)","NN_CMSY","Santos (2018)",0.03,0.25,2009,"BK",0.149842194380814,0.104537270985557,0.225368057122129
"NN_CMSY_Santos (2018)","NN_CMSY","Santos (2018)",0.03,0.25,2010,"BK",0.146769951807953,0.101991839053175,0.217638819973713
"NN_CMSY_Santos (2018)","NN_CMSY","Santos (2018)",0.03,0.25,2011,"BK",0.139831545494235,0.0970863157814154,0.207807245782016
"NN_CMSY_Santos (2018)","NN_CMSY","Santos (2018)",0.03,0.25,2012,"BK",0.116303614181082,0.0793002278726577,0.178557526614166
"NN_CMSY_Santos (2018)","NN_CMSY","Santos (2018)",0.03,0.25,2013,"BK",0.0751781501335193,0.0436169703286495,0.129145132736464
"NN_CMSY_Santos (2018)","NN_CMSY","Santos (2018)",0.03,0.25,2014,"BK",0.0462201815646939,0.0204563591562527,0.103387896721153
"NN_CMSY_Santos (2018)","NN_CMSY","Santos (2018)",0.03,0.25,2015,"BK",0.046763171705511,0.0236235230367995,0.0947380214959122
"NN_CMSY_Santos (2018)","NN_CMSY","Santos (2018)",0.03,0.25,2016,"BK",0.0637486242530173,0.0391214404758998,0.110032318136318
"NN_CMSY_Santos (2018)","NN_CMSY","Santos (2018)",0.03,0.25,2017,"BK",0.0678786273295212,0.0343125773982486,0.119927723944942
"NN_CMSY_Santos (2018)","NN_CMSY","Santos (2018)",0.03,0.25,2018,"BK",0.0720453075918622,0.0279691306721937,0.121234725106918
"NN_CMSY_Santos (2018)","NN_CMSY","Santos (2018)",0.03,0.25,2019,"BK",0.089925145834761,0.0374360038713519,0.136703522373212
"NN_CMSY_Santos (2018)","NN_CMSY","Santos (2018)",0.03,0.25,2020,"BK",0.098764149034675,0.0279141054808124,0.144972396638003
"NN_CMSY_Santos (2018)","NN_CMSY","Santos (2018)",0.03,0.25,2021,"BK",0.125913943722451,0.0328706012666039,0.168434946316121
"NN_CMSY_Santos (2018)","NN_CMSY","Santos (2018)",0.03,0.25,2022,"BK",0.167055989425448,0.0499983301362031,0.204431759211432
"NN_CMSY_Santos (2018)","NN_CMSY","Santos (2018)",0.03,0.25,2023,"BK",0.205423424045382,0.0638102489863591,0.246839060329857
"NN_CMSY_Santos (2018)","NN_CMSY","Santos (2018)",0.03,0.25,2024,"BK",0.243616268744017,0.0787125768447072,0.300309480156173
"NN_CMSY_Santos (2018)","NN_CMSY","Santos (2018)",0.03,0.25,1989,"BBmsy",2.32821550947622,1.45652066667274,5.35440950123472
"NN_CMSY_Santos (2018)","NN_CMSY","Santos (2018)",0.03,0.25,1990,"BBmsy",2.07576861543979,1.24506107159033,5.04730328864851
"NN_CMSY_Santos (2018)","NN_CMSY","Santos (2018)",0.03,0.25,1991,"BBmsy",1.91945059057834,1.12696346902054,4.86333361851159
"NN_CMSY_Santos (2018)","NN_CMSY","Santos (2018)",0.03,0.25,1992,"BBmsy",1.91277460089326,1.16937212533751,4.71516597138876
"NN_CMSY_Santos (2018)","NN_CMSY","Santos (2018)",0.03,0.25,1993,"BBmsy",1.78976620773375,1.12435547131967,4.4172296266395
"NN_CMSY_Santos (2018)","NN_CMSY","Santos (2018)",0.03,0.25,1994,"BBmsy",1.79610066646834,1.17848046106803,4.26554080495995
"NN_CMSY_Santos (2018)","NN_CMSY","Santos (2018)",0.03,0.25,1995,"BBmsy",1.72163552801834,1.1665974218229,4.02305473594104
"NN_CMSY_Santos (2018)","NN_CMSY","Santos (2018)",0.03,0.25,1996,"BBmsy",1.70908843535139,1.19231311862748,3.86248200482949
"NN_CMSY_Santos (2018)","NN_CMSY","Santos (2018)",0.03,0.25,1997,"BBmsy",1.66889902763603,1.18866127336455,3.67863637121505
"NN_CMSY_Santos (2018)","NN_CMSY","Santos (2018)",0.03,0.25,1998,"BBmsy",1.45350614874424,1.06609742699737,3.27255994144766
"NN_CMSY_Santos (2018)","NN_CMSY","Santos (2018)",0.03,0.25,1999,"BBmsy",1.23121732744952,0.918650550686776,2.91026894588944
"NN_CMSY_Santos (2018)","NN_CMSY","Santos (2018)",0.03,0.25,2000,"BBmsy",1.06765111600475,0.79371654617538,2.61889706317699
"NN_CMSY_Santos (2018)","NN_CMSY","Santos (2018)",0.03,0.25,2001,"BBmsy",1.03447855005776,0.798858421252585,2.47410650172544
"NN_CMSY_Santos (2018)","NN_CMSY","Santos (2018)",0.03,0.25,2002,"BBmsy",1.07630481300856,0.869667063460622,2.41842132752421
"NN_CMSY_Santos (2018)","NN_CMSY","Santos (2018)",0.03,0.25,2003,"BBmsy",1.00766444112618,0.818271153629937,2.237118820517
"NN_CMSY_Santos (2018)","NN_CMSY","Santos (2018)",0.03,0.25,2004,"BBmsy",0.983569467114758,0.810496555816832,2.12407262245549
"NN_CMSY_Santos (2018)","NN_CMSY","Santos (2018)",0.03,0.25,2005,"BBmsy",0.982374379238092,0.810156289370842,2.02682522550802
"NN_CMSY_Santos (2018)","NN_CMSY","Santos (2018)",0.03,0.25,2006,"BBmsy",0.914144095652549,0.765223343402412,1.86191352248414
"NN_CMSY_Santos (2018)","NN_CMSY","Santos (2018)",0.03,0.25,2007,"BBmsy",0.789575142764154,0.674457853794617,1.62263443885151
"NN_CMSY_Santos (2018)","NN_CMSY","Santos (2018)",0.03,0.25,2008,"BBmsy",0.631462064694977,0.551203102716149,1.34295927846346
"NN_CMSY_Santos (2018)","NN_CMSY","Santos (2018)",0.03,0.25,2009,"BBmsy",0.534084783040666,0.466541020637865,1.14708614362569
"NN_CMSY_Santos (2018)","NN_CMSY","Santos (2018)",0.03,0.25,2010,"BBmsy",0.520249453868969,0.467028271811268,1.0784556027428
"NN_CMSY_Santos (2018)","NN_CMSY","Santos (2018)",0.03,0.25,2011,"BBmsy",0.504098535281334,0.450149438085276,1.01422948539262
"NN_CMSY_Santos (2018)","NN_CMSY","Santos (2018)",0.03,0.25,2012,"BBmsy",0.422792866703869,0.374095364948254,0.845748429654121
"NN_CMSY_Santos (2018)","NN_CMSY","Santos (2018)",0.03,0.25,2013,"BBmsy",0.267065168419667,0.20847451777921,0.665826302716048
"NN_CMSY_Santos (2018)","NN_CMSY","Santos (2018)",0.03,0.25,2014,"BBmsy",0.17400847289665,0.098764979052015,0.517446516681839
"NN_CMSY_Santos (2018)","NN_CMSY","Santos (2018)",0.03,0.25,2015,"BBmsy",0.173018773942501,0.107256609613516,0.494302728173966
"NN_CMSY_Santos (2018)","NN_CMSY","Santos (2018)",0.03,0.25,2016,"BBmsy",0.236710963876296,0.151953817764784,0.605921854657803
"NN_CMSY_Santos (2018)","NN_CMSY","Santos (2018)",0.03,0.25,2017,"BBmsy",0.252825455107727,0.130670388980976,0.706328252733839
"NN_CMSY_Santos (2018)","NN_CMSY","Santos (2018)",0.03,0.25,2018,"BBmsy",0.269204868566206,0.105995229225044,0.795801128968922
"NN_CMSY_Santos (2018)","NN_CMSY","Santos (2018)",0.03,0.25,2019,"BBmsy",0.32308225997953,0.13506831025803,0.880994165529369
"NN_CMSY_Santos (2018)","NN_CMSY","Santos (2018)",0.03,0.25,2020,"BBmsy",0.348466574029398,0.104746779567863,0.964026964088565
"NN_CMSY_Santos (2018)","NN_CMSY","Santos (2018)",0.03,0.25,2021,"BBmsy",0.425677847218194,0.123351552512526,1.12671713015429
"NN_CMSY_Santos (2018)","NN_CMSY","Santos (2018)",0.03,0.25,2022,"BBmsy",0.586191949043805,0.188395616913011,1.34243291958495
"NN_CMSY_Santos (2018)","NN_CMSY","Santos (2018)",0.03,0.25,2023,"BBmsy",0.749751934560531,0.22065195374169,1.56170444609501
"NN_CMSY_Santos (2018)","NN_CMSY","Santos (2018)",0.03,0.25,2024,"BBmsy",0.912665144267915,0.251351516830159,1.78985966284893
"NN_CMSY_Santos (2018)","NN_CMSY","Santos (2018)",0.03,0.25,1989,"FFmsy",0.41094518224279,0.233176683524815,0.645151496134281
"NN_CMSY_Santos (2018)","NN_CMSY","Santos (2018)",0.03,0.25,1990,"FFmsy",0.276789905662491,0.149727943156434,0.441568201370608
"NN_CMSY_Santos (2018)","NN_CMSY","Santos (2018)",0.03,0.25,1991,"FFmsy",0.376564558443572,0.195579901619693,0.613424500034143
"NN_CMSY_Santos (2018)","NN_CMSY","Santos (2018)",0.03,0.25,1992,"FFmsy",0.651233968885091,0.345557616272731,1.01179537227283
"NN_CMSY_Santos (2018)","NN_CMSY","Santos (2018)",0.03,0.25,1993,"FFmsy",0.461581608914966,0.241576016688646,0.692910309974475
"NN_CMSY_Santos (2018)","NN_CMSY","Santos (2018)",0.03,0.25,1994,"FFmsy",0.62633077857355,0.34077778787774,0.91498914287874
"NN_CMSY_Santos (2018)","NN_CMSY","Santos (2018)",0.03,0.25,1995,"FFmsy",0.532477186957561,0.292700881675848,0.756792101189289
"NN_CMSY_Santos (2018)","NN_CMSY","Santos (2018)",0.03,0.25,1996,"FFmsy",0.592646010536238,0.335914109866045,0.820779596012316
"NN_CMSY_Santos (2018)","NN_CMSY","Santos (2018)",0.03,0.25,1997,"FFmsy",1.03302147812352,0.599121712792233,1.39147023333245
"NN_CMSY_Santos (2018)","NN_CMSY","Santos (2018)",0.03,0.25,1998,"FFmsy",1.19475505202147,0.672895990722309,1.58963607908565
"NN_CMSY_Santos (2018)","NN_CMSY","Santos (2018)",0.03,0.25,1999,"FFmsy",1.28663233402705,0.679832968883984,1.62789970987287
"NN_CMSY_Santos (2018)","NN_CMSY","Santos (2018)",0.03,0.25,2000,"FFmsy",1.01918431378198,0.5265652169093,1.24315246256371
"NN_CMSY_Santos (2018)","NN_CMSY","Santos (2018)",0.03,0.25,2001,"FFmsy",0.780857956134719,0.414454706136959,0.923956475606896
"NN_CMSY_Santos (2018)","NN_CMSY","Santos (2018)",0.03,0.25,2002,"FFmsy",1.19977988387241,0.684276415705426,1.42469135151171
"NN_CMSY_Santos (2018)","NN_CMSY","Santos (2018)",0.03,0.25,2003,"FFmsy",1.05598423492674,0.610493224979866,1.24288939322283
"NN_CMSY_Santos (2018)","NN_CMSY","Santos (2018)",0.03,0.25,2004,"FFmsy",1.01550768011957,0.612251532530406,1.19537708825595
"NN_CMSY_Santos (2018)","NN_CMSY","Santos (2018)",0.03,0.25,2005,"FFmsy",1.2569744450466,0.803445811909539,1.49362149289631
"NN_CMSY_Santos (2018)","NN_CMSY","Santos (2018)",0.03,0.25,2006,"FFmsy",1.61168215287081,1.05819421128147,1.91094503994991
"NN_CMSY_Santos (2018)","NN_CMSY","Santos (2018)",0.03,0.25,2007,"FFmsy",2.04995896307791,1.33640846726609,2.37533046749346
"NN_CMSY_Santos (2018)","NN_CMSY","Santos (2018)",0.03,0.25,2008,"FFmsy",2.19723539286507,1.35045170227198,2.41614733181265
"NN_CMSY_Santos (2018)","NN_CMSY","Santos (2018)",0.03,0.25,2009,"FFmsy",1.91090630568761,1.20131833027075,2.08401727138279
"NN_CMSY_Santos (2018)","NN_CMSY","Santos (2018)",0.03,0.25,2010,"FFmsy",1.91948201799018,1.29512613668033,2.11581190075396
"NN_CMSY_Santos (2018)","NN_CMSY","Santos (2018)",0.03,0.25,2011,"FFmsy",2.45200775011904,1.69982685676694,2.7411539785536
"NN_CMSY_Santos (2018)","NN_CMSY","Santos (2018)",0.03,0.25,2012,"FFmsy",3.60630411771874,2.38704860636579,4.06723820201211
"NN_CMSY_Santos (2018)","NN_CMSY","Santos (2018)",0.03,0.25,2013,"FFmsy",4.81572531002525,2.52166681495286,5.99979553492621
"NN_CMSY_Santos (2018)","NN_CMSY","Santos (2018)",0.03,0.25,2014,"FFmsy",4.80988167620638,2.12635247965535,8.37687310238908
"NN_CMSY_Santos (2018)","NN_CMSY","Santos (2018)",0.03,0.25,2015,"FFmsy",2.17726120781912,1.00317096755823,3.50897737955899
"NN_CMSY_Santos (2018)","NN_CMSY","Santos (2018)",0.03,0.25,2016,"FFmsy",1.60466227214867,0.826317056358772,2.41883442905764
"NN_CMSY_Santos (2018)","NN_CMSY","Santos (2018)",0.03,0.25,2017,"FFmsy",1.53181780189665,0.731584407668149,2.73970120411067
"NN_CMSY_Santos (2018)","NN_CMSY","Santos (2018)",0.03,0.25,2018,"FFmsy",1.20826864336644,0.535089912250546,2.81597889073523
"NN_CMSY_Santos (2018)","NN_CMSY","Santos (2018)",0.03,0.25,2019,"FFmsy",1.4578024429786,0.677435040868498,3.46227448218209
"NN_CMSY_Santos (2018)","NN_CMSY","Santos (2018)",0.03,0.25,2020,"FFmsy",0.691889439367773,0.299333090342327,2.17123560103762
"NN_CMSY_Santos (2018)","NN_CMSY","Santos (2018)",0.03,0.25,2021,"FFmsy",0.218236725896989,0.099036051365594,0.7294062018036
"NN_CMSY_Santos (2018)","NN_CMSY","Santos (2018)",0.03,0.25,2022,"FFmsy",0.173393656348044,0.0871509436785092,0.55748318609297
"NN_CMSY_Santos (2018)","NN_CMSY","Santos (2018)",0.03,0.25,2023,"FFmsy",0.198178925271747,0.104008092146111,0.670150419476957
"NN_CMSY_Vieira (2019)","NN_CMSY","Vieira (2019)",0.03,0.25,1989,"BK",0.640144744061424,0.50114320372529,0.787387759256329
"NN_CMSY_Vieira (2019)","NN_CMSY","Vieira (2019)",0.03,0.25,1990,"BK",0.563844326926706,0.433401258755487,0.727370015963069
"NN_CMSY_Vieira (2019)","NN_CMSY","Vieira (2019)",0.03,0.25,1991,"BK",0.531211191358209,0.383360068902302,0.698272412036943
"NN_CMSY_Vieira (2019)","NN_CMSY","Vieira (2019)",0.03,0.25,1992,"BK",0.524841453250039,0.398369382244678,0.677223672624987
"NN_CMSY_Vieira (2019)","NN_CMSY","Vieira (2019)",0.03,0.25,1993,"BK",0.48718896843909,0.378166529089218,0.631214361789608
"NN_CMSY_Vieira (2019)","NN_CMSY","Vieira (2019)",0.03,0.25,1994,"BK",0.489671903811134,0.392315587486928,0.609176286998127
"NN_CMSY_Vieira (2019)","NN_CMSY","Vieira (2019)",0.03,0.25,1995,"BK",0.469246206458736,0.38089992694037,0.572015050479837
"NN_CMSY_Vieira (2019)","NN_CMSY","Vieira (2019)",0.03,0.25,1996,"BK",0.477478253240516,0.386368315740108,0.550722108457314
"NN_CMSY_Vieira (2019)","NN_CMSY","Vieira (2019)",0.03,0.25,1997,"BK",0.477350683080241,0.382232846773728,0.535061681701108
"NN_CMSY_Vieira (2019)","NN_CMSY","Vieira (2019)",0.03,0.25,1998,"BK",0.407876267294946,0.327325009265335,0.46715888392295
"NN_CMSY_Vieira (2019)","NN_CMSY","Vieira (2019)",0.03,0.25,1999,"BK",0.337339609396504,0.264816888854206,0.408400235539762
"NN_CMSY_Vieira (2019)","NN_CMSY","Vieira (2019)",0.03,0.25,2000,"BK",0.285906475795976,0.215091570120619,0.36228664366444
"NN_CMSY_Vieira (2019)","NN_CMSY","Vieira (2019)",0.03,0.25,2001,"BK",0.282949761436205,0.211085326325499,0.343939424794416
"NN_CMSY_Vieira (2019)","NN_CMSY","Vieira (2019)",0.03,0.25,2002,"BK",0.306577353967627,0.225710399607355,0.353555580413313
"NN_CMSY_Vieira (2019)","NN_CMSY","Vieira (2019)",0.03,0.25,2003,"BK",0.282418053579901,0.207671265966199,0.33024032044337
"NN_CMSY_Vieira (2019)","NN_CMSY","Vieira (2019)",0.03,0.25,2004,"BK",0.278182083470844,0.206019343307,0.329112160840973
"NN_CMSY_Vieira (2019)","NN_CMSY","Vieira (2019)",0.03,0.25,2005,"BK",0.272747828279286,0.206948615354451,0.338241794828941
"NN_CMSY_Vieira (2019)","NN_CMSY","Vieira (2019)",0.03,0.25,2006,"BK",0.255451804752086,0.18914806733774,0.319965275474944
"NN_CMSY_Vieira (2019)","NN_CMSY","Vieira (2019)",0.03,0.25,2007,"BK",0.221838906187994,0.156728857429652,0.275468623488174
"NN_CMSY_Vieira (2019)","NN_CMSY","Vieira (2019)",0.03,0.25,2008,"BK",0.17361605592043,0.115517329685714,0.222829675903481
"NN_CMSY_Vieira (2019)","NN_CMSY","Vieira (2019)",0.03,0.25,2009,"BK",0.147534152731097,0.0917327178720498,0.193078002808512
"NN_CMSY_Vieira (2019)","NN_CMSY","Vieira (2019)",0.03,0.25,2010,"BK",0.146319686158829,0.0900547754434382,0.191447722040427
"NN_CMSY_Vieira (2019)","NN_CMSY","Vieira (2019)",0.03,0.25,2011,"BK",0.141975637886765,0.0877279356946772,0.187631970937851
"NN_CMSY_Vieira (2019)","NN_CMSY","Vieira (2019)",0.03,0.25,2012,"BK",0.116492868124173,0.0709178330939866,0.154470839994151
"NN_CMSY_Vieira (2019)","NN_CMSY","Vieira (2019)",0.03,0.25,2013,"BK",0.0698267421396051,0.0363329423894794,0.107931918947892
"NN_CMSY_Vieira (2019)","NN_CMSY","Vieira (2019)",0.03,0.25,2014,"BK",0.0394881967534201,0.0149193665856259,0.0879359958234789
"NN_CMSY_Vieira (2019)","NN_CMSY","Vieira (2019)",0.03,0.25,2015,"BK",0.040012851510495,0.0188276992087821,0.0849832350087972
"NN_CMSY_Vieira (2019)","NN_CMSY","Vieira (2019)",0.03,0.25,2016,"BK",0.0580584652517993,0.0348996436254787,0.101090682293578
"NN_CMSY_Vieira (2019)","NN_CMSY","Vieira (2019)",0.03,0.25,2017,"BK",0.0577937857093247,0.0294207323595711,0.112914578404035
"NN_CMSY_Vieira (2019)","NN_CMSY","Vieira (2019)",0.03,0.25,2018,"BK",0.058423902400434,0.0301406341515825,0.127195879850343
"NN_CMSY_Vieira (2019)","NN_CMSY","Vieira (2019)",0.03,0.25,2019,"BK",0.075894635152744,0.0483050378819219,0.145066141646743
"NN_CMSY_Vieira (2019)","NN_CMSY","Vieira (2019)",0.03,0.25,2020,"BK",0.0773307740864715,0.0429438081140427,0.15742057287901
"NN_CMSY_Vieira (2019)","NN_CMSY","Vieira (2019)",0.03,0.25,2021,"BK",0.100689909614446,0.0529744583459897,0.179745795470016
"NN_CMSY_Vieira (2019)","NN_CMSY","Vieira (2019)",0.03,0.25,2022,"BK",0.1533263172398,0.0810566249242937,0.210438505691702
"NN_CMSY_Vieira (2019)","NN_CMSY","Vieira (2019)",0.03,0.25,2023,"BK",0.194271981828594,0.104327826097524,0.247162197786232
"NN_CMSY_Vieira (2019)","NN_CMSY","Vieira (2019)",0.03,0.25,2024,"BK",0.235884651721939,0.129624587490355,0.31277461902312
"NN_CMSY_Vieira (2019)","NN_CMSY","Vieira (2019)",0.03,0.25,1989,"BBmsy",2.28406402697272,1.54913386603906,6.28378356362072
"NN_CMSY_Vieira (2019)","NN_CMSY","Vieira (2019)",0.03,0.25,1990,"BBmsy",1.96458581218459,1.28102033285375,5.90831902914056
"NN_CMSY_Vieira (2019)","NN_CMSY","Vieira (2019)",0.03,0.25,1991,"BBmsy",1.82822712029858,1.10478313797029,5.68339981967639
"NN_CMSY_Vieira (2019)","NN_CMSY","Vieira (2019)",0.03,0.25,1992,"BBmsy",1.80149886914996,1.18453425985334,5.5040132705526
"NN_CMSY_Vieira (2019)","NN_CMSY","Vieira (2019)",0.03,0.25,1993,"BBmsy",1.67262551470627,1.1351813607812,5.14012344053214
"NN_CMSY_Vieira (2019)","NN_CMSY","Vieira (2019)",0.03,0.25,1994,"BBmsy",1.67099297830103,1.22229637532685,4.95424003365483
"NN_CMSY_Vieira (2019)","NN_CMSY","Vieira (2019)",0.03,0.25,1995,"BBmsy",1.59741973870402,1.21701085837123,4.66022999102663
"NN_CMSY_Vieira (2019)","NN_CMSY","Vieira (2019)",0.03,0.25,1996,"BBmsy",1.60610373937494,1.26289970517719,4.46564786245489
"NN_CMSY_Vieira (2019)","NN_CMSY","Vieira (2019)",0.03,0.25,1997,"BBmsy",1.59241331771261,1.28112986817909,4.24276199461241
"NN_CMSY_Vieira (2019)","NN_CMSY","Vieira (2019)",0.03,0.25,1998,"BBmsy",1.36016198667764,1.11043046492602,3.75683469553244
"NN_CMSY_Vieira (2019)","NN_CMSY","Vieira (2019)",0.03,0.25,1999,"BBmsy",1.15679816324849,0.922870572051933,3.27305939348003
"NN_CMSY_Vieira (2019)","NN_CMSY","Vieira (2019)",0.03,0.25,2000,"BBmsy",0.995173520424523,0.780857374120368,2.86876514896486
"NN_CMSY_Vieira (2019)","NN_CMSY","Vieira (2019)",0.03,0.25,2001,"BBmsy",0.971787159585952,0.792861400150019,2.67558333511085
"NN_CMSY_Vieira (2019)","NN_CMSY","Vieira (2019)",0.03,0.25,2002,"BBmsy",1.0290626354721,0.885772164115865,2.61183409103983
"NN_CMSY_Vieira (2019)","NN_CMSY","Vieira (2019)",0.03,0.25,2003,"BBmsy",0.957703733263929,0.829488119094343,2.37240602773845
"NN_CMSY_Vieira (2019)","NN_CMSY","Vieira (2019)",0.03,0.25,2004,"BBmsy",0.948089723361728,0.834719678511765,2.23050278679398
"NN_CMSY_Vieira (2019)","NN_CMSY","Vieira (2019)",0.03,0.25,2005,"BBmsy",0.964309685099847,0.842105380829103,2.11089768669466
"NN_CMSY_Vieira (2019)","NN_CMSY","Vieira (2019)",0.03,0.25,2006,"BBmsy",0.900630580478779,0.791668981132899,1.90072085285952
"NN_CMSY_Vieira (2019)","NN_CMSY","Vieira (2019)",0.03,0.25,2007,"BBmsy",0.766715333238402,0.683883353386135,1.59494764831265
"NN_CMSY_Vieira (2019)","NN_CMSY","Vieira (2019)",0.03,0.25,2008,"BBmsy",0.592217097212508,0.547040865798673,1.24164065385026
"NN_CMSY_Vieira (2019)","NN_CMSY","Vieira (2019)",0.03,0.25,2009,"BBmsy",0.501855569988089,0.463246044155208,1.00641143218822
"NN_CMSY_Vieira (2019)","NN_CMSY","Vieira (2019)",0.03,0.25,2010,"BBmsy",0.502630051105772,0.467691195993158,0.940950924360092
"NN_CMSY_Vieira (2019)","NN_CMSY","Vieira (2019)",0.03,0.25,2011,"BBmsy",0.497383954509179,0.452001318843563,0.89244366252866
"NN_CMSY_Vieira (2019)","NN_CMSY","Vieira (2019)",0.03,0.25,2012,"BBmsy",0.402253051184947,0.371908456107604,0.788006339467076
"NN_CMSY_Vieira (2019)","NN_CMSY","Vieira (2019)",0.03,0.25,2013,"BBmsy",0.23515977449865,0.196398063333605,0.618106918463772
"NN_CMSY_Vieira (2019)","NN_CMSY","Vieira (2019)",0.03,0.25,2014,"BBmsy",0.135417887916751,0.0800470545862072,0.476580068826875
"NN_CMSY_Vieira (2019)","NN_CMSY","Vieira (2019)",0.03,0.25,2015,"BBmsy",0.138892231699792,0.113682243979402,0.47568048750123
"NN_CMSY_Vieira (2019)","NN_CMSY","Vieira (2019)",0.03,0.25,2016,"BBmsy",0.199553332079434,0.165505477840781,0.597820763459132
"NN_CMSY_Vieira (2019)","NN_CMSY","Vieira (2019)",0.03,0.25,2017,"BBmsy",0.193262474363979,0.144107204271589,0.689799831551228
"NN_CMSY_Vieira (2019)","NN_CMSY","Vieira (2019)",0.03,0.25,2018,"BBmsy",0.19305714493544,0.132595183478732,0.780369511721551
"NN_CMSY_Vieira (2019)","NN_CMSY","Vieira (2019)",0.03,0.25,2019,"BBmsy",0.253682883908295,0.161354337384229,0.889159127534645
"NN_CMSY_Vieira (2019)","NN_CMSY","Vieira (2019)",0.03,0.25,2020,"BBmsy",0.267105175898421,0.138698303305016,0.966264636465338
"NN_CMSY_Vieira (2019)","NN_CMSY","Vieira (2019)",0.03,0.25,2021,"BBmsy",0.351190554448913,0.168946519836149,1.14092634427136
"NN_CMSY_Vieira (2019)","NN_CMSY","Vieira (2019)",0.03,0.25,2022,"BBmsy",0.519622798782907,0.26665183388879,1.45488187872511
"NN_CMSY_Vieira (2019)","NN_CMSY","Vieira (2019)",0.03,0.25,2023,"BBmsy",0.694039095473824,0.34493260383999,1.81654552815128
"NN_CMSY_Vieira (2019)","NN_CMSY","Vieira (2019)",0.03,0.25,2024,"BBmsy",0.870396640435544,0.424679447936429,2.20356825536895
"NN_CMSY_Vieira (2019)","NN_CMSY","Vieira (2019)",0.03,0.25,1989,"FFmsy",0.408910177580358,0.183643002752244,0.576233720633327
"NN_CMSY_Vieira (2019)","NN_CMSY","Vieira (2019)",0.03,0.25,1990,"FFmsy",0.277086808875787,0.118503068489257,0.408119986664457
"NN_CMSY_Vieira (2019)","NN_CMSY","Vieira (2019)",0.03,0.25,1991,"FFmsy",0.379005439813204,0.157385504105986,0.585962826822253
"NN_CMSY_Vieira (2019)","NN_CMSY","Vieira (2019)",0.03,0.25,1992,"FFmsy",0.662878273659374,0.27650794564155,0.949079559234407
"NN_CMSY_Vieira (2019)","NN_CMSY","Vieira (2019)",0.03,0.25,1993,"FFmsy",0.471465227957513,0.195106556995985,0.6512281798447
"NN_CMSY_Vieira (2019)","NN_CMSY","Vieira (2019)",0.03,0.25,1994,"FFmsy",0.637644073049898,0.274576222980576,0.836751182554024
"NN_CMSY_Vieira (2019)","NN_CMSY","Vieira (2019)",0.03,0.25,1995,"FFmsy",0.540898289032138,0.237196858505606,0.69338223267223
"NN_CMSY_Vieira (2019)","NN_CMSY","Vieira (2019)",0.03,0.25,1996,"FFmsy",0.593684133988857,0.271971182617841,0.758655049378795
"NN_CMSY_Vieira (2019)","NN_CMSY","Vieira (2019)",0.03,0.25,1997,"FFmsy",1.02581859444662,0.485965591526547,1.30080416776368
"NN_CMSY_Vieira (2019)","NN_CMSY","Vieira (2019)",0.03,0.25,1998,"FFmsy",1.21523360787646,0.559842920685409,1.48302906046203
"NN_CMSY_Vieira (2019)","NN_CMSY","Vieira (2019)",0.03,0.25,1999,"FFmsy",1.31300597231559,0.584798420046398,1.54043546774508
"NN_CMSY_Vieira (2019)","NN_CMSY","Vieira (2019)",0.03,0.25,2000,"FFmsy",1.07001252106067,0.466890376319264,1.23194857743521
"NN_CMSY_Vieira (2019)","NN_CMSY","Vieira (2019)",0.03,0.25,2001,"FFmsy",0.813479754300035,0.368035476279284,0.906693719228749
"NN_CMSY_Vieira (2019)","NN_CMSY","Vieira (2019)",0.03,0.25,2002,"FFmsy",1.20560956632015,0.600810818019294,1.38271618904962
"NN_CMSY_Vieira (2019)","NN_CMSY","Vieira (2019)",0.03,0.25,2003,"FFmsy",1.06012241478577,0.542525215364911,1.20621439385173
"NN_CMSY_Vieira (2019)","NN_CMSY","Vieira (2019)",0.03,0.25,2004,"FFmsy",1.00959126187989,0.544486453334202,1.15984196255802
"NN_CMSY_Vieira (2019)","NN_CMSY","Vieira (2019)",0.03,0.25,2005,"FFmsy",1.24207728166982,0.713408795289299,1.447872981244
"NN_CMSY_Vieira (2019)","NN_CMSY","Vieira (2019)",0.03,0.25,2006,"FFmsy",1.58246692729562,0.952225422707129,1.8519245266235
"NN_CMSY_Vieira (2019)","NN_CMSY","Vieira (2019)",0.03,0.25,2007,"FFmsy",2.01884922212703,1.24456497011133,2.31086817215949
"NN_CMSY_Vieira (2019)","NN_CMSY","Vieira (2019)",0.03,0.25,2008,"FFmsy",2.18059321504039,1.37418095373822,2.39905302427935
"NN_CMSY_Vieira (2019)","NN_CMSY","Vieira (2019)",0.03,0.25,2009,"FFmsy",1.90699455054718,1.24757103659272,2.0836626049835
"NN_CMSY_Vieira (2019)","NN_CMSY","Vieira (2019)",0.03,0.25,2010,"FFmsy",1.84418393443004,1.33150980624449,2.10052630650716
"NN_CMSY_Vieira (2019)","NN_CMSY","Vieira (2019)",0.03,0.25,2011,"FFmsy",2.30523853507224,1.73661567667561,2.68825097435755
"NN_CMSY_Vieira (2019)","NN_CMSY","Vieira (2019)",0.03,0.25,2012,"FFmsy",3.49236165633254,2.40471728049015,4.01941940190096
"NN_CMSY_Vieira (2019)","NN_CMSY","Vieira (2019)",0.03,0.25,2013,"FFmsy",5.13680101150095,2.57311791355804,6.11693349557253
"NN_CMSY_Vieira (2019)","NN_CMSY","Vieira (2019)",0.03,0.25,2014,"FFmsy",5.8962340172016,2.12082027810206,10.0913327238188
"NN_CMSY_Vieira (2019)","NN_CMSY","Vieira (2019)",0.03,0.25,2015,"FFmsy",2.54786550717866,0.958868056386099,3.16039830730019
"NN_CMSY_Vieira (2019)","NN_CMSY","Vieira (2019)",0.03,0.25,2016,"FFmsy",1.73342546707659,0.782849148272384,2.22679589652737
"NN_CMSY_Vieira (2019)","NN_CMSY","Vieira (2019)",0.03,0.25,2017,"FFmsy",1.88060398898442,0.68508017447565,2.49586388433397
"NN_CMSY_Vieira (2019)","NN_CMSY","Vieira (2019)",0.03,0.25,2018,"FFmsy",1.57192600624915,0.510767034770252,2.31498102668485
"NN_CMSY_Vieira (2019)","NN_CMSY","Vieira (2019)",0.03,0.25,2019,"FFmsy",1.68716015537798,0.65109125479595,2.67328901656364
"NN_CMSY_Vieira (2019)","NN_CMSY","Vieira (2019)",0.03,0.25,2020,"FFmsy",0.821979620858964,0.295247104872494,1.54964503911421
"NN_CMSY_Vieira (2019)","NN_CMSY","Vieira (2019)",0.03,0.25,2021,"FFmsy",0.244506111330193,0.0939768885396266,0.494612317783259
"NN_CMSY_Vieira (2019)","NN_CMSY","Vieira (2019)",0.03,0.25,2022,"FFmsy",0.18590723670076,0.0769825809347607,0.362288858729885
"NN_CMSY_Vieira (2019)","NN_CMSY","Vieira (2019)",0.03,0.25,2023,"FFmsy",0.202079968005655,0.0809475669835131,0.401902173532045
"Target_switch_Jardim (1999)","Target_switch","Jardim (1999)",0.01,0.5,1989,"BK",0.649410185212576,0.507038867807501,0.787282817139017
"Target_switch_Jardim (1999)","Target_switch","Jardim (1999)",0.01,0.5,1990,"BK",0.580258826054337,0.430362918241473,0.723566197930939
"Target_switch_Jardim (1999)","Target_switch","Jardim (1999)",0.01,0.5,1991,"BK",0.539758041720886,0.383483476071068,0.687570040821708
"Target_switch_Jardim (1999)","Target_switch","Jardim (1999)",0.01,0.5,1992,"BK",0.536754345790864,0.402811678276285,0.66717369897428
"Target_switch_Jardim (1999)","Target_switch","Jardim (1999)",0.01,0.5,1993,"BK",0.503827078930935,0.384751596392494,0.624651780397887
"Target_switch_Jardim (1999)","Target_switch","Jardim (1999)",0.01,0.5,1994,"BK",0.50716862130422,0.402009242011287,0.612862869929989
"Target_switch_Jardim (1999)","Target_switch","Jardim (1999)",0.01,0.5,1995,"BK",0.488118388954002,0.394487816880922,0.583794778948118
"Target_switch_Jardim (1999)","Target_switch","Jardim (1999)",0.01,0.5,1996,"BK",0.488056546317529,0.398759991955917,0.576182578796604
"Target_switch_Jardim (1999)","Target_switch","Jardim (1999)",0.01,0.5,1997,"BK",0.480018204014674,0.396095499234141,0.56571680484778
"Target_switch_Jardim (1999)","Target_switch","Jardim (1999)",0.01,0.5,1998,"BK",0.419460788554348,0.343964404987892,0.50846419401197
"Target_switch_Jardim (1999)","Target_switch","Jardim (1999)",0.01,0.5,1999,"BK",0.358869401680309,0.288604502686547,0.454213333503774
"Target_switch_Jardim (1999)","Target_switch","Jardim (1999)",0.01,0.5,2000,"BK",0.313214700766333,0.244595455038357,0.412703905919693
"Target_switch_Jardim (1999)","Target_switch","Jardim (1999)",0.01,0.5,2001,"BK",0.306391589960438,0.239819241544787,0.400112136279836
"Target_switch_Jardim (1999)","Target_switch","Jardim (1999)",0.01,0.5,2002,"BK",0.322588725328156,0.255849047146008,0.41196869234928
"Target_switch_Jardim (1999)","Target_switch","Jardim (1999)",0.01,0.5,2003,"BK",0.303103663249053,0.239079442390078,0.391810406706859
"Target_switch_Jardim (1999)","Target_switch","Jardim (1999)",0.01,0.5,2004,"BK",0.300275618232601,0.236955160150811,0.387982203128325
"Target_switch_Jardim (1999)","Target_switch","Jardim (1999)",0.01,0.5,2005,"BK",0.302664573812966,0.238003331096297,0.389366425826204
"Target_switch_Jardim (1999)","Target_switch","Jardim (1999)",0.01,0.5,2006,"BK",0.285837622900544,0.222405245547228,0.372433170417178
"Target_switch_Jardim (1999)","Target_switch","Jardim (1999)",0.01,0.5,2007,"BK",0.249241572460497,0.189065914943145,0.337355210505724
"Target_switch_Jardim (1999)","Target_switch","Jardim (1999)",0.01,0.5,2008,"BK",0.20359922039689,0.145536760004643,0.297518202131312
"Target_switch_Jardim (1999)","Target_switch","Jardim (1999)",0.01,0.5,2009,"BK",0.178197797784013,0.119969513319984,0.273485059491898
"Target_switch_Jardim (1999)","Target_switch","Jardim (1999)",0.01,0.5,2010,"BK",0.178543587402134,0.120099603534132,0.274755602628542
"Target_switch_Jardim (1999)","Target_switch","Jardim (1999)",0.01,0.5,2011,"BK",0.177500188646078,0.119122756338406,0.271865839777359
"Target_switch_Jardim (1999)","Target_switch","Jardim (1999)",0.01,0.5,2012,"BK",0.153721129048124,0.0995884080221667,0.251003624692464
"Target_switch_Jardim (1999)","Target_switch","Jardim (1999)",0.01,0.5,2013,"BK",0.110757890757267,0.0603039835871607,0.215735255050249
"Target_switch_Jardim (1999)","Target_switch","Jardim (1999)",0.01,0.5,2014,"BK",0.0871481604617878,0.0369476251022079,0.198938087853519
"Target_switch_Jardim (1999)","Target_switch","Jardim (1999)",0.01,0.5,2015,"BK",0.09327758020895,0.0430889250520252,0.205286882030063
"Target_switch_Jardim (1999)","Target_switch","Jardim (1999)",0.01,0.5,2016,"BK",0.123285073890981,0.0629741815902064,0.234218076593347
"Target_switch_Jardim (1999)","Target_switch","Jardim (1999)",0.01,0.5,2017,"BK",0.144962782235477,0.06708794989912,0.25950974993736
"Target_switch_Jardim (1999)","Target_switch","Jardim (1999)",0.01,0.5,2018,"BK",0.170099895746946,0.0696598667136194,0.291620570502189
"Target_switch_Jardim (1999)","Target_switch","Jardim (1999)",0.01,0.5,2019,"BK",0.208844585366818,0.0872962735172665,0.318082408259583
"Target_switch_Jardim (1999)","Target_switch","Jardim (1999)",0.01,0.5,2020,"BK",0.240644430618839,0.092983241375622,0.342071695487852
"Target_switch_Jardim (1999)","Target_switch","Jardim (1999)",0.01,0.5,2021,"BK",0.294538364722264,0.117272898591947,0.382409903592122
"Target_switch_Jardim (1999)","Target_switch","Jardim (1999)",0.01,0.5,2022,"BK",0.36127003298783,0.147884483049471,0.433743404693348
"Target_switch_Jardim (1999)","Target_switch","Jardim (1999)",0.01,0.5,2023,"BK",0.426162166109578,0.186102272298052,0.497392241368031
"Target_switch_Jardim (1999)","Target_switch","Jardim (1999)",0.01,0.5,2024,"BK",0.487510680148966,0.223384295262459,0.580407989848802
"Target_switch_Jardim (1999)","Target_switch","Jardim (1999)",0.01,0.5,1989,"BBmsy",2.21305633821481,1.35871363224536,4.03927338484616
"Target_switch_Jardim (1999)","Target_switch","Jardim (1999)",0.01,0.5,1990,"BBmsy",1.96727985772547,1.17377141980022,3.73073795755258
"Target_switch_Jardim (1999)","Target_switch","Jardim (1999)",0.01,0.5,1991,"BBmsy",1.82211263271233,1.04780557550485,3.56343645622899
"Target_switch_Jardim (1999)","Target_switch","Jardim (1999)",0.01,0.5,1992,"BBmsy",1.80867736869005,1.11420885081528,3.49213083092882
"Target_switch_Jardim (1999)","Target_switch","Jardim (1999)",0.01,0.5,1993,"BBmsy",1.69441110102704,1.07843903467122,3.31569873995036
"Target_switch_Jardim (1999)","Target_switch","Jardim (1999)",0.01,0.5,1994,"BBmsy",1.70277404025791,1.13052692618216,3.26402134973629
"Target_switch_Jardim (1999)","Target_switch","Jardim (1999)",0.01,0.5,1995,"BBmsy",1.63805200908155,1.12098449494828,3.12384545542177
"Target_switch_Jardim (1999)","Target_switch","Jardim (1999)",0.01,0.5,1996,"BBmsy",1.6343123039428,1.15302333851742,3.04445269800115
"Target_switch_Jardim (1999)","Target_switch","Jardim (1999)",0.01,0.5,1997,"BBmsy",1.60847444142394,1.16164830337496,2.94202909850095
"Target_switch_Jardim (1999)","Target_switch","Jardim (1999)",0.01,0.5,1998,"BBmsy",1.40385665985216,1.04202151733705,2.621220142904
"Target_switch_Jardim (1999)","Target_switch","Jardim (1999)",0.01,0.5,1999,"BBmsy",1.19499715170787,0.906805998616102,2.38424215086336
"Target_switch_Jardim (1999)","Target_switch","Jardim (1999)",0.01,0.5,2000,"BBmsy",1.03769528222459,0.798625387827633,2.1470718791444
"Target_switch_Jardim (1999)","Target_switch","Jardim (1999)",0.01,0.5,2001,"BBmsy",1.01242994068735,0.80649623766243,2.02799412242515
"Target_switch_Jardim (1999)","Target_switch","Jardim (1999)",0.01,0.5,2002,"BBmsy",1.06692908227781,0.873342010925457,2.02132321271781
"Target_switch_Jardim (1999)","Target_switch","Jardim (1999)",0.01,0.5,2003,"BBmsy",1.00301043609623,0.827635949969618,1.89877629216912
"Target_switch_Jardim (1999)","Target_switch","Jardim (1999)",0.01,0.5,2004,"BBmsy",0.997772343890986,0.834972856387656,1.86262622280923
"Target_switch_Jardim (1999)","Target_switch","Jardim (1999)",0.01,0.5,2005,"BBmsy",1.00384755490852,0.848579443128587,1.78876580795618
"Target_switch_Jardim (1999)","Target_switch","Jardim (1999)",0.01,0.5,2006,"BBmsy",0.946749689492192,0.804840135349665,1.71511209732766
"Target_switch_Jardim (1999)","Target_switch","Jardim (1999)",0.01,0.5,2007,"BBmsy",0.824465418146994,0.711529693012364,1.57054147957742
"Target_switch_Jardim (1999)","Target_switch","Jardim (1999)",0.01,0.5,2008,"BBmsy",0.669182946049391,0.573651251120417,1.33291092088128
"Target_switch_Jardim (1999)","Target_switch","Jardim (1999)",0.01,0.5,2009,"BBmsy",0.582499873696492,0.491847000974479,1.24938217872712
"Target_switch_Jardim (1999)","Target_switch","Jardim (1999)",0.01,0.5,2010,"BBmsy",0.580963251731046,0.502699943810171,1.24402088600894
"Target_switch_Jardim (1999)","Target_switch","Jardim (1999)",0.01,0.5,2011,"BBmsy",0.574533193331646,0.490748982671296,1.23669787108328
"Target_switch_Jardim (1999)","Target_switch","Jardim (1999)",0.01,0.5,2012,"BBmsy",0.50441067909587,0.406946198121174,1.16074561602346
"Target_switch_Jardim (1999)","Target_switch","Jardim (1999)",0.01,0.5,2013,"BBmsy",0.369765916133957,0.244229371531538,1.02888388260016
"Target_switch_Jardim (1999)","Target_switch","Jardim (1999)",0.01,0.5,2014,"BBmsy",0.291471038434076,0.146768305596396,0.971593718667457
"Target_switch_Jardim (1999)","Target_switch","Jardim (1999)",0.01,0.5,2015,"BBmsy",0.309904619825743,0.157545310283329,1.00752736397932
"Target_switch_Jardim (1999)","Target_switch","Jardim (1999)",0.01,0.5,2016,"BBmsy",0.40419139602663,0.217360932838453,1.14946213383658
"Target_switch_Jardim (1999)","Target_switch","Jardim (1999)",0.01,0.5,2017,"BBmsy",0.471434613303603,0.220424181932264,1.2818385347717
"Target_switch_Jardim (1999)","Target_switch","Jardim (1999)",0.01,0.5,2018,"BBmsy",0.551843538960258,0.228337253871032,1.43168164896435
"Target_switch_Jardim (1999)","Target_switch","Jardim (1999)",0.01,0.5,2019,"BBmsy",0.67831762390704,0.27358848149437,1.56960358963558
"Target_switch_Jardim (1999)","Target_switch","Jardim (1999)",0.01,0.5,2020,"BBmsy",0.786385798219511,0.288779433553023,1.69953312721283
"Target_switch_Jardim (1999)","Target_switch","Jardim (1999)",0.01,0.5,2021,"BBmsy",0.962297401174896,0.35437914374108,1.92345316644875
"Target_switch_Jardim (1999)","Target_switch","Jardim (1999)",0.01,0.5,2022,"BBmsy",1.19551078417786,0.476036239231621,2.15523685847304
"Target_switch_Jardim (1999)","Target_switch","Jardim (1999)",0.01,0.5,2023,"BBmsy",1.4221721564582,0.570987548881064,2.44433983816497
"Target_switch_Jardim (1999)","Target_switch","Jardim (1999)",0.01,0.5,2024,"BBmsy",1.6385788223823,0.677726701642869,2.67943065366389
"Target_switch_Jardim (1999)","Target_switch","Jardim (1999)",0.01,0.5,1989,"FFmsy",0.420490243939166,0.24205544064843,0.6614644298085
"Target_switch_Jardim (1999)","Target_switch","Jardim (1999)",0.01,0.5,1990,"FFmsy",0.284791272412786,0.160199519986858,0.454226101791067
"Target_switch_Jardim (1999)","Target_switch","Jardim (1999)",0.01,0.5,1991,"FFmsy",0.388639249334632,0.212297580400167,0.634944861690613
"Target_switch_Jardim (1999)","Target_switch","Jardim (1999)",0.01,0.5,1992,"FFmsy",0.669868863783761,0.376388679305293,1.03501880455725
"Target_switch_Jardim (1999)","Target_switch","Jardim (1999)",0.01,0.5,1993,"FFmsy",0.471230484411402,0.262949283955752,0.702886183616346
"Target_switch_Jardim (1999)","Target_switch","Jardim (1999)",0.01,0.5,1994,"FFmsy",0.640319504475023,0.368932325290642,0.917285531474768
"Target_switch_Jardim (1999)","Target_switch","Jardim (1999)",0.01,0.5,1995,"FFmsy",0.541593996804236,0.315001936586806,0.753356572120837
"Target_switch_Jardim (1999)","Target_switch","Jardim (1999)",0.01,0.5,1996,"FFmsy",0.599432839936055,0.356028563825987,0.820608744193204
"Target_switch_Jardim (1999)","Target_switch","Jardim (1999)",0.01,0.5,1997,"FFmsy",1.03711328977914,0.633760830358614,1.38530353773794
"Target_switch_Jardim (1999)","Target_switch","Jardim (1999)",0.01,0.5,1998,"FFmsy",1.20345562675479,0.719869447847183,1.55719703128627
"Target_switch_Jardim (1999)","Target_switch","Jardim (1999)",0.01,0.5,1999,"FFmsy",1.27202134264428,0.722063510131553,1.58710747857898
"Target_switch_Jardim (1999)","Target_switch","Jardim (1999)",0.01,0.5,2000,"FFmsy",1.01500036030421,0.552855038039792,1.22213946886221
"Target_switch_Jardim (1999)","Target_switch","Jardim (1999)",0.01,0.5,2001,"FFmsy",0.767438335926719,0.424138850209724,0.90187944076733
"Target_switch_Jardim (1999)","Target_switch","Jardim (1999)",0.01,0.5,2002,"FFmsy",1.16845267475635,0.688705634500421,1.38175465449323
"Target_switch_Jardim (1999)","Target_switch","Jardim (1999)",0.01,0.5,2003,"FFmsy",1.02313111646106,0.594653648919917,1.1946201468583
"Target_switch_Jardim (1999)","Target_switch","Jardim (1999)",0.01,0.5,2004,"FFmsy",0.975840657564696,0.576058776381335,1.14819179835718
"Target_switch_Jardim (1999)","Target_switch","Jardim (1999)",0.01,0.5,2005,"FFmsy",1.20465253659192,0.735379650949015,1.42964260862252
"Target_switch_Jardim (1999)","Target_switch","Jardim (1999)",0.01,0.5,2006,"FFmsy",1.53575624155319,0.925747025529104,1.82402515669153
"Target_switch_Jardim (1999)","Target_switch","Jardim (1999)",0.01,0.5,2007,"FFmsy",1.92181167596838,1.09642194619063,2.23196943106212
"Target_switch_Jardim (1999)","Target_switch","Jardim (1999)",0.01,0.5,2008,"FFmsy",1.99364467243399,1.02609619637498,2.26936631938934
"Target_switch_Jardim (1999)","Target_switch","Jardim (1999)",0.01,0.5,2009,"FFmsy",1.69158764812083,0.822591364337497,1.963268940545
"Target_switch_Jardim (1999)","Target_switch","Jardim (1999)",0.01,0.5,2010,"FFmsy",1.66465616020234,0.83118738454271,1.98160639714693
"Target_switch_Jardim (1999)","Target_switch","Jardim (1999)",0.01,0.5,2011,"FFmsy",2.07210761580113,1.04269619581838,2.54253987109995
"Target_switch_Jardim (1999)","Target_switch","Jardim (1999)",0.01,0.5,2012,"FFmsy",2.90156926643782,1.33851742981029,3.7185936559217
"Target_switch_Jardim (1999)","Target_switch","Jardim (1999)",0.01,0.5,2013,"FFmsy",3.3549355260905,1.24156733359927,4.97447190659997
"Target_switch_Jardim (1999)","Target_switch","Jardim (1999)",0.01,0.5,2014,"FFmsy",2.75536422834699,0.856587554873168,5.28494748023277
"Target_switch_Jardim (1999)","Target_switch","Jardim (1999)",0.01,0.5,2015,"FFmsy",1.16612127909537,0.378209599136524,2.30228248093788
"Target_switch_Jardim (1999)","Target_switch","Jardim (1999)",0.01,0.5,2016,"FFmsy",0.885609427722011,0.33085838708622,1.6809287334211
"Target_switch_Jardim (1999)","Target_switch","Jardim (1999)",0.01,0.5,2017,"FFmsy",0.772169583675876,0.302225091254835,1.64744804689405
"Target_switch_Jardim (1999)","Target_switch","Jardim (1999)",0.01,0.5,2018,"FFmsy",0.560620312621988,0.226435022459095,1.37585743477963
"Target_switch_Jardim (1999)","Target_switch","Jardim (1999)",0.01,0.5,2019,"FFmsy",0.662690556247803,0.298347845156549,1.63975925192183
"Target_switch_Jardim (1999)","Target_switch","Jardim (1999)",0.01,0.5,2020,"FFmsy",0.29092185544927,0.137376915214967,0.799033059029413
"Target_switch_Jardim (1999)","Target_switch","Jardim (1999)",0.01,0.5,2021,"FFmsy",0.0922535058397451,0.0472899580423195,0.257222829845499
"Target_switch_Jardim (1999)","Target_switch","Jardim (1999)",0.01,0.5,2022,"FFmsy",0.0820372957468023,0.0459867819118886,0.217379936832397
"Target_switch_Jardim (1999)","Target_switch","Jardim (1999)",0.01,0.5,2023,"FFmsy",0.0968764250349024,0.0574074026630892,0.256903610544878
"Target_switch_Santos (2018)","Target_switch","Santos (2018)",0.01,0.5,1989,"BK",0.6462319935477,0.505622356012336,0.79136371015074
"Target_switch_Santos (2018)","Target_switch","Santos (2018)",0.01,0.5,1990,"BK",0.57396040847549,0.430099893906065,0.719096373663449
"Target_switch_Santos (2018)","Target_switch","Santos (2018)",0.01,0.5,1991,"BK",0.531957075096537,0.382503971126808,0.681170195863468
"Target_switch_Santos (2018)","Target_switch","Santos (2018)",0.01,0.5,1992,"BK",0.529413723264578,0.401636116149483,0.663404435775723
"Target_switch_Santos (2018)","Target_switch","Santos (2018)",0.01,0.5,1993,"BK",0.496168375574594,0.381453188361957,0.619100792045867
"Target_switch_Santos (2018)","Target_switch","Santos (2018)",0.01,0.5,1994,"BK",0.503838052374412,0.399214213183235,0.607072358389847
"Target_switch_Santos (2018)","Target_switch","Santos (2018)",0.01,0.5,1995,"BK",0.484693437286309,0.389859596796176,0.581525908547562
"Target_switch_Santos (2018)","Target_switch","Santos (2018)",0.01,0.5,1996,"BK",0.485546931644587,0.397503443740349,0.571225388886859
"Target_switch_Santos (2018)","Target_switch","Santos (2018)",0.01,0.5,1997,"BK",0.477115026790593,0.393164012224585,0.56068094212317
"Target_switch_Santos (2018)","Target_switch","Santos (2018)",0.01,0.5,1998,"BK",0.416516766963876,0.339256073552601,0.502438155689834
"Target_switch_Santos (2018)","Target_switch","Santos (2018)",0.01,0.5,1999,"BK",0.35576487441737,0.282268570760441,0.446833194503505
"Target_switch_Santos (2018)","Target_switch","Santos (2018)",0.01,0.5,2000,"BK",0.309504361667723,0.235790945155898,0.404764317339448
"Target_switch_Santos (2018)","Target_switch","Santos (2018)",0.01,0.5,2001,"BK",0.302626066135968,0.232813365942835,0.395063680004567
"Target_switch_Santos (2018)","Target_switch","Santos (2018)",0.01,0.5,2002,"BK",0.319697366429207,0.251706295280785,0.408304313336215
"Target_switch_Santos (2018)","Target_switch","Santos (2018)",0.01,0.5,2003,"BK",0.30030429187746,0.233429960585521,0.387842905768195
"Target_switch_Santos (2018)","Target_switch","Santos (2018)",0.01,0.5,2004,"BK",0.298646849233513,0.231984564012564,0.384365743675374
"Target_switch_Santos (2018)","Target_switch","Santos (2018)",0.01,0.5,2005,"BK",0.301512959464203,0.233880030221747,0.383836575278824
"Target_switch_Santos (2018)","Target_switch","Santos (2018)",0.01,0.5,2006,"BK",0.285210378201474,0.218921071631826,0.36736512508196
"Target_switch_Santos (2018)","Target_switch","Santos (2018)",0.01,0.5,2007,"BK",0.248519468249522,0.183884042454083,0.332411749310407
"Target_switch_Santos (2018)","Target_switch","Santos (2018)",0.01,0.5,2008,"BK",0.202299954755807,0.140049814557696,0.293936278018969
"Target_switch_Santos (2018)","Target_switch","Santos (2018)",0.01,0.5,2009,"BK",0.17704486971019,0.116090800035651,0.27039558110597
"Target_switch_Santos (2018)","Target_switch","Santos (2018)",0.01,0.5,2010,"BK",0.177469603179695,0.115878359778468,0.266123467660923
"Target_switch_Santos (2018)","Target_switch","Santos (2018)",0.01,0.5,2011,"BK",0.175330666453235,0.114444020992057,0.263561160137601
"Target_switch_Santos (2018)","Target_switch","Santos (2018)",0.01,0.5,2012,"BK",0.151991820200101,0.0942880041960655,0.247057869288474
"Target_switch_Santos (2018)","Target_switch","Santos (2018)",0.01,0.5,2013,"BK",0.108024748809268,0.054970792982338,0.212051219085462
"Target_switch_Santos (2018)","Target_switch","Santos (2018)",0.01,0.5,2014,"BK",0.0837948508813818,0.0326352335372743,0.191407052060518
"Target_switch_Santos (2018)","Target_switch","Santos (2018)",0.01,0.5,2015,"BK",0.0897059481849699,0.0389261262884993,0.195374889617484
"Target_switch_Santos (2018)","Target_switch","Santos (2018)",0.01,0.5,2016,"BK",0.120177886455477,0.0571260139577037,0.224872322375692
"Target_switch_Santos (2018)","Target_switch","Santos (2018)",0.01,0.5,2017,"BK",0.142596391573339,0.0600906567678004,0.253199580548198
"Target_switch_Santos (2018)","Target_switch","Santos (2018)",0.01,0.5,2018,"BK",0.166265843214154,0.0606300991428081,0.280952717546376
"Target_switch_Santos (2018)","Target_switch","Santos (2018)",0.01,0.5,2019,"BK",0.203343771376588,0.073716833658994,0.314440399352225
"Target_switch_Santos (2018)","Target_switch","Santos (2018)",0.01,0.5,2020,"BK",0.237229168080634,0.07764022588369,0.33981232810079
"Target_switch_Santos (2018)","Target_switch","Santos (2018)",0.01,0.5,2021,"BK",0.293353265846306,0.100732024560594,0.382394248333838
"Target_switch_Santos (2018)","Target_switch","Santos (2018)",0.01,0.5,2022,"BK",0.364410800488296,0.141845919404359,0.432454090601321
"Target_switch_Santos (2018)","Target_switch","Santos (2018)",0.01,0.5,2023,"BK",0.433134365126817,0.171260586950063,0.498195782733035
"Target_switch_Santos (2018)","Target_switch","Santos (2018)",0.01,0.5,2024,"BK",0.496268916414143,0.207055668667262,0.586694109028421
"Target_switch_Santos (2018)","Target_switch","Santos (2018)",0.01,0.5,1989,"BBmsy",2.15548427798565,1.38696908279326,4.05248682863504
"Target_switch_Santos (2018)","Target_switch","Santos (2018)",0.01,0.5,1990,"BBmsy",1.91714657739268,1.18808787424596,3.74674922865556
"Target_switch_Santos (2018)","Target_switch","Santos (2018)",0.01,0.5,1991,"BBmsy",1.76233018972456,1.0628492391234,3.57344508357809
"Target_switch_Santos (2018)","Target_switch","Santos (2018)",0.01,0.5,1992,"BBmsy",1.75596282719278,1.13005691509333,3.50185035049841
"Target_switch_Santos (2018)","Target_switch","Santos (2018)",0.01,0.5,1993,"BBmsy",1.64810910536256,1.09417993802061,3.28013870390994
"Target_switch_Santos (2018)","Target_switch","Santos (2018)",0.01,0.5,1994,"BBmsy",1.66093953206714,1.14595823824224,3.19824824106808
"Target_switch_Santos (2018)","Target_switch","Santos (2018)",0.01,0.5,1995,"BBmsy",1.60189315815948,1.13848328631252,3.0362256071101
"Target_switch_Santos (2018)","Target_switch","Santos (2018)",0.01,0.5,1996,"BBmsy",1.60543235071343,1.16967040304924,2.95529040136209
"Target_switch_Santos (2018)","Target_switch","Santos (2018)",0.01,0.5,1997,"BBmsy",1.58241194839931,1.18243782159608,2.83766767183347
"Target_switch_Santos (2018)","Target_switch","Santos (2018)",0.01,0.5,1998,"BBmsy",1.37948831900763,1.05578400845271,2.50207415720073
"Target_switch_Santos (2018)","Target_switch","Santos (2018)",0.01,0.5,1999,"BBmsy",1.1695090399894,0.918336666619318,2.19320953608275
"Target_switch_Santos (2018)","Target_switch","Santos (2018)",0.01,0.5,2000,"BBmsy",1.0133160338249,0.795492122746719,1.92980275084363
"Target_switch_Santos (2018)","Target_switch","Santos (2018)",0.01,0.5,2001,"BBmsy",0.991821666646365,0.806711235100743,1.83458840644873
"Target_switch_Santos (2018)","Target_switch","Santos (2018)",0.01,0.5,2002,"BBmsy",1.0539205378057,0.877724754560384,1.86832210430444
"Target_switch_Santos (2018)","Target_switch","Santos (2018)",0.01,0.5,2003,"BBmsy",0.990287433964451,0.831612332134431,1.74429541076287
"Target_switch_Santos (2018)","Target_switch","Santos (2018)",0.01,0.5,2004,"BBmsy",0.988164118084135,0.833003794923487,1.70220122137669
"Target_switch_Santos (2018)","Target_switch","Santos (2018)",0.01,0.5,2005,"BBmsy",0.998691601979129,0.847393353307414,1.65931059613728
"Target_switch_Santos (2018)","Target_switch","Santos (2018)",0.01,0.5,2006,"BBmsy",0.943209374874886,0.807164737289092,1.54038167287587
"Target_switch_Santos (2018)","Target_switch","Santos (2018)",0.01,0.5,2007,"BBmsy",0.818029587347936,0.714760066664838,1.38512216041707
"Target_switch_Santos (2018)","Target_switch","Santos (2018)",0.01,0.5,2008,"BBmsy",0.662478624754092,0.571445178520773,1.2036628250064
"Target_switch_Santos (2018)","Target_switch","Santos (2018)",0.01,0.5,2009,"BBmsy",0.576330957820562,0.481187304677563,1.09061445877146
"Target_switch_Santos (2018)","Target_switch","Santos (2018)",0.01,0.5,2010,"BBmsy",0.576187888585812,0.500319293474581,1.0552951099879
"Target_switch_Santos (2018)","Target_switch","Santos (2018)",0.01,0.5,2011,"BBmsy",0.572650396903725,0.491267552866673,1.05755894929142
"Target_switch_Santos (2018)","Target_switch","Santos (2018)",0.01,0.5,2012,"BBmsy",0.498410359476281,0.401984440054493,0.986083892995186
"Target_switch_Santos (2018)","Target_switch","Santos (2018)",0.01,0.5,2013,"BBmsy",0.358619295293585,0.230731638013256,0.853258184567525
"Target_switch_Santos (2018)","Target_switch","Santos (2018)",0.01,0.5,2014,"BBmsy",0.278087187162963,0.127344282956938,0.78122340191399
"Target_switch_Santos (2018)","Target_switch","Santos (2018)",0.01,0.5,2015,"BBmsy",0.296935694922936,0.141629866320702,0.817705801066154
"Target_switch_Santos (2018)","Target_switch","Santos (2018)",0.01,0.5,2016,"BBmsy",0.397776727769019,0.205401072565128,0.954730208559229
"Target_switch_Santos (2018)","Target_switch","Santos (2018)",0.01,0.5,2017,"BBmsy",0.46225736755596,0.208300862868823,1.08872761653348
"Target_switch_Santos (2018)","Target_switch","Santos (2018)",0.01,0.5,2018,"BBmsy",0.536157381991703,0.214627778165604,1.2415341913381
"Target_switch_Santos (2018)","Target_switch","Santos (2018)",0.01,0.5,2019,"BBmsy",0.666733663347993,0.268235245302711,1.40699394273302
"Target_switch_Santos (2018)","Target_switch","Santos (2018)",0.01,0.5,2020,"BBmsy",0.775028119879432,0.285270857198672,1.54169649395734
"Target_switch_Santos (2018)","Target_switch","Santos (2018)",0.01,0.5,2021,"BBmsy",0.959179255002825,0.344696654533679,1.74765075490601
"Target_switch_Santos (2018)","Target_switch","Santos (2018)",0.01,0.5,2022,"BBmsy",1.19098200981967,0.481954215108163,1.99400938019656
"Target_switch_Santos (2018)","Target_switch","Santos (2018)",0.01,0.5,2023,"BBmsy",1.41686254652174,0.600183552151032,2.25155361792011
"Target_switch_Santos (2018)","Target_switch","Santos (2018)",0.01,0.5,2024,"BBmsy",1.63647400946335,0.729600493635383,2.52213881149808
"Target_switch_Santos (2018)","Target_switch","Santos (2018)",0.01,0.5,1989,"FFmsy",0.4304988883187,0.250443921342316,0.646967753013293
"Target_switch_Santos (2018)","Target_switch","Santos (2018)",0.01,0.5,1990,"FFmsy",0.293217404425335,0.164614614394236,0.44793561015415
"Target_switch_Santos (2018)","Target_switch","Santos (2018)",0.01,0.5,1991,"FFmsy",0.401356262856612,0.22035206234313,0.625323647330279
"Target_switch_Santos (2018)","Target_switch","Santos (2018)",0.01,0.5,1992,"FFmsy",0.688894877854498,0.388670138749034,1.01927873297462
"Target_switch_Santos (2018)","Target_switch","Santos (2018)",0.01,0.5,1993,"FFmsy",0.483883318156885,0.27225385050865,0.694016091264988
"Target_switch_Santos (2018)","Target_switch","Santos (2018)",0.01,0.5,1994,"FFmsy",0.654869192312658,0.379523306459818,0.907759626099997
"Target_switch_Santos (2018)","Target_switch","Santos (2018)",0.01,0.5,1995,"FFmsy",0.553157896271982,0.324255468397261,0.7473095381337
"Target_switch_Santos (2018)","Target_switch","Santos (2018)",0.01,0.5,1996,"FFmsy",0.609568620835411,0.368812311401263,0.80900922040098
"Target_switch_Santos (2018)","Target_switch","Santos (2018)",0.01,0.5,1997,"FFmsy",1.04892084686909,0.652080769625243,1.37241199811613
"Target_switch_Santos (2018)","Target_switch","Santos (2018)",0.01,0.5,1998,"FFmsy",1.21095753781491,0.733599215934963,1.55341460844273
"Target_switch_Santos (2018)","Target_switch","Santos (2018)",0.01,0.5,1999,"FFmsy",1.29146489524659,0.770181975810985,1.57868694505162
"Target_switch_Santos (2018)","Target_switch","Santos (2018)",0.01,0.5,2000,"FFmsy",1.02517767447631,0.593028363383851,1.21966350102035
"Target_switch_Santos (2018)","Target_switch","Santos (2018)",0.01,0.5,2001,"FFmsy",0.773194034327873,0.455817309470607,0.897344725789043
"Target_switch_Santos (2018)","Target_switch","Santos (2018)",0.01,0.5,2002,"FFmsy",1.18007226857261,0.729096633857639,1.37205540421947
"Target_switch_Santos (2018)","Target_switch","Santos (2018)",0.01,0.5,2003,"FFmsy",1.02952158660455,0.634934441863566,1.18128875945013
"Target_switch_Santos (2018)","Target_switch","Santos (2018)",0.01,0.5,2004,"FFmsy",0.980160363846628,0.620989328195105,1.12919062002509
"Target_switch_Santos (2018)","Target_switch","Santos (2018)",0.01,0.5,2005,"FFmsy",1.20765939672689,0.791914092885199,1.41077582093679
"Target_switch_Santos (2018)","Target_switch","Santos (2018)",0.01,0.5,2006,"FFmsy",1.54148237256412,1.01150537998645,1.79259562027504
"Target_switch_Santos (2018)","Target_switch","Santos (2018)",0.01,0.5,2007,"FFmsy",1.92906254657709,1.23057620838203,2.20586538485425
"Target_switch_Santos (2018)","Target_switch","Santos (2018)",0.01,0.5,2008,"FFmsy",2.00278665931177,1.19901873121819,2.23266134177377
"Target_switch_Santos (2018)","Target_switch","Santos (2018)",0.01,0.5,2009,"FFmsy",1.70277762739858,0.982343095778383,1.94662480671091
"Target_switch_Santos (2018)","Target_switch","Santos (2018)",0.01,0.5,2010,"FFmsy",1.67236429110536,0.990615160398472,1.9352143295658
"Target_switch_Santos (2018)","Target_switch","Santos (2018)",0.01,0.5,2011,"FFmsy",2.07743181626317,1.22732065109086,2.50672980165522
"Target_switch_Santos (2018)","Target_switch","Santos (2018)",0.01,0.5,2012,"FFmsy",2.92140226956655,1.59578044579116,3.6706824688294
"Target_switch_Santos (2018)","Target_switch","Santos (2018)",0.01,0.5,2013,"FFmsy",3.43728129945864,1.53521868780738,5.23073146326656
"Target_switch_Santos (2018)","Target_switch","Santos (2018)",0.01,0.5,2014,"FFmsy",2.8707865098277,1.08135947142028,6.11941053118177
"Target_switch_Santos (2018)","Target_switch","Santos (2018)",0.01,0.5,2015,"FFmsy",1.20233055631937,0.463801068516745,2.5054122603164
"Target_switch_Santos (2018)","Target_switch","Santos (2018)",0.01,0.5,2016,"FFmsy",0.904328283565398,0.396842674814443,1.7831524561321
"Target_switch_Santos (2018)","Target_switch","Santos (2018)",0.01,0.5,2017,"FFmsy",0.78177960371157,0.349896531255456,1.77038229412174
"Target_switch_Santos (2018)","Target_switch","Santos (2018)",0.01,0.5,2018,"FFmsy",0.570314361680321,0.261308762328611,1.48272481619885
"Target_switch_Santos (2018)","Target_switch","Santos (2018)",0.01,0.5,2019,"FFmsy",0.668221538439425,0.328866317660289,1.71652808460391
"Target_switch_Santos (2018)","Target_switch","Santos (2018)",0.01,0.5,2020,"FFmsy",0.292282041297183,0.151706330114793,0.842632404911469
"Target_switch_Santos (2018)","Target_switch","Santos (2018)",0.01,0.5,2021,"FFmsy",0.092343522763448,0.0522047881986513,0.261894979883918
"Target_switch_Santos (2018)","Target_switch","Santos (2018)",0.01,0.5,2022,"FFmsy",0.0823649327687909,0.0501865912183147,0.213945796289777
"Target_switch_Santos (2018)","Target_switch","Santos (2018)",0.01,0.5,2023,"FFmsy",0.0976143196199086,0.0618058679614512,0.245085157586785
"Target_switch_Vieira (2019)","Target_switch","Vieira (2019)",0.01,0.5,1989,"BK",0.660173260051766,0.506852633606258,0.789302365191372
"Target_switch_Vieira (2019)","Target_switch","Vieira (2019)",0.01,0.5,1990,"BK",0.582495386200388,0.429042826579912,0.718374893068591
"Target_switch_Vieira (2019)","Target_switch","Vieira (2019)",0.01,0.5,1991,"BK",0.533912283059188,0.375097703956331,0.678000253141943
"Target_switch_Vieira (2019)","Target_switch","Vieira (2019)",0.01,0.5,1992,"BK",0.529779333642721,0.39653600000356,0.656060828486057
"Target_switch_Vieira (2019)","Target_switch","Vieira (2019)",0.01,0.5,1993,"BK",0.490933604125537,0.372438246586048,0.613006158786917
"Target_switch_Vieira (2019)","Target_switch","Vieira (2019)",0.01,0.5,1994,"BK",0.495699737733908,0.39530392269958,0.596882006860417
"Target_switch_Vieira (2019)","Target_switch","Vieira (2019)",0.01,0.5,1995,"BK",0.475039834677796,0.384641814032005,0.565946717369384
"Target_switch_Vieira (2019)","Target_switch","Vieira (2019)",0.01,0.5,1996,"BK",0.475795607368787,0.38863144662353,0.555467702882479
"Target_switch_Vieira (2019)","Target_switch","Vieira (2019)",0.01,0.5,1997,"BK",0.468285916662397,0.386387360772714,0.541559461722017
"Target_switch_Vieira (2019)","Target_switch","Vieira (2019)",0.01,0.5,1998,"BK",0.402067553997626,0.329086502823299,0.481291183561477
"Target_switch_Vieira (2019)","Target_switch","Vieira (2019)",0.01,0.5,1999,"BK",0.335393920403389,0.268199807174951,0.423232122687287
"Target_switch_Vieira (2019)","Target_switch","Vieira (2019)",0.01,0.5,2000,"BK",0.284323246800453,0.218560441551142,0.379426150327777
"Target_switch_Vieira (2019)","Target_switch","Vieira (2019)",0.01,0.5,2001,"BK",0.279566794333065,0.218135416543414,0.369300785095574
"Target_switch_Vieira (2019)","Target_switch","Vieira (2019)",0.01,0.5,2002,"BK",0.299142018362119,0.238708266613475,0.377618218515177
"Target_switch_Vieira (2019)","Target_switch","Vieira (2019)",0.01,0.5,2003,"BK",0.279686899928673,0.220316257323648,0.357102769642497
"Target_switch_Vieira (2019)","Target_switch","Vieira (2019)",0.01,0.5,2004,"BK",0.281271427011521,0.220194629017195,0.355155743735755
"Target_switch_Vieira (2019)","Target_switch","Vieira (2019)",0.01,0.5,2005,"BK",0.286211392231422,0.221948217150795,0.357931344456257
"Target_switch_Vieira (2019)","Target_switch","Vieira (2019)",0.01,0.5,2006,"BK",0.269424290215793,0.205873760814843,0.340776768850495
"Target_switch_Vieira (2019)","Target_switch","Vieira (2019)",0.01,0.5,2007,"BK",0.231252874761539,0.171251387882746,0.303205079749043
"Target_switch_Vieira (2019)","Target_switch","Vieira (2019)",0.01,0.5,2008,"BK",0.181783566303815,0.12706792506646,0.261642700955628
"Target_switch_Vieira (2019)","Target_switch","Vieira (2019)",0.01,0.5,2009,"BK",0.15569876761981,0.10106361332512,0.235065441988567
"Target_switch_Vieira (2019)","Target_switch","Vieira (2019)",0.01,0.5,2010,"BK",0.157923555575037,0.102022552979093,0.236205105249378
"Target_switch_Vieira (2019)","Target_switch","Vieira (2019)",0.01,0.5,2011,"BK",0.159187356225144,0.104558795684101,0.229577583711339
"Target_switch_Vieira (2019)","Target_switch","Vieira (2019)",0.01,0.5,2012,"BK",0.134050170485273,0.087244467302489,0.207286459730231
"Target_switch_Vieira (2019)","Target_switch","Vieira (2019)",0.01,0.5,2013,"BK",0.0863015569972467,0.0476394995501084,0.169561291010931
"Target_switch_Vieira (2019)","Target_switch","Vieira (2019)",0.01,0.5,2014,"BK",0.0615474375661695,0.025907743578268,0.150462897459912
"Target_switch_Vieira (2019)","Target_switch","Vieira (2019)",0.01,0.5,2015,"BK",0.0693658150715659,0.0357783539459729,0.159088254840312
"Target_switch_Vieira (2019)","Target_switch","Vieira (2019)",0.01,0.5,2016,"BK",0.101614443499393,0.0548496094044685,0.189778886517539
"Target_switch_Vieira (2019)","Target_switch","Vieira (2019)",0.01,0.5,2017,"BK",0.119968024889459,0.0486184535310331,0.218738032299931
"Target_switch_Vieira (2019)","Target_switch","Vieira (2019)",0.01,0.5,2018,"BK",0.143237218428135,0.0497700091528124,0.25057408712634
"Target_switch_Vieira (2019)","Target_switch","Vieira (2019)",0.01,0.5,2019,"BK",0.184328181648592,0.0723081932237203,0.286565140278611
"Target_switch_Vieira (2019)","Target_switch","Vieira (2019)",0.01,0.5,2020,"BK",0.221692471800982,0.0809792788677452,0.319334003767783
"Target_switch_Vieira (2019)","Target_switch","Vieira (2019)",0.01,0.5,2021,"BK",0.281391658161039,0.102916316406024,0.368586651274698
"Target_switch_Vieira (2019)","Target_switch","Vieira (2019)",0.01,0.5,2022,"BK",0.363561648966509,0.137682894242628,0.427666170289996
"Target_switch_Vieira (2019)","Target_switch","Vieira (2019)",0.01,0.5,2023,"BK",0.440071490359167,0.178480538569849,0.497869936223957
"Target_switch_Vieira (2019)","Target_switch","Vieira (2019)",0.01,0.5,2024,"BK",0.506557966436783,0.220012828724442,0.595720429250261
"Target_switch_Vieira (2019)","Target_switch","Vieira (2019)",0.01,0.5,1989,"BBmsy",2.40715075320385,1.55266178994129,4.4868608587712
"Target_switch_Vieira (2019)","Target_switch","Vieira (2019)",0.01,0.5,1990,"BBmsy",2.10554938641047,1.31121874375295,4.14394018336096
"Target_switch_Vieira (2019)","Target_switch","Vieira (2019)",0.01,0.5,1991,"BBmsy",1.92397393129425,1.1421938636897,3.92327108672792
"Target_switch_Vieira (2019)","Target_switch","Vieira (2019)",0.01,0.5,1992,"BBmsy",1.89560565704859,1.22192812647168,3.80238354148618
"Target_switch_Vieira (2019)","Target_switch","Vieira (2019)",0.01,0.5,1993,"BBmsy",1.75216657903826,1.17234074150669,3.51575755713361
"Target_switch_Vieira (2019)","Target_switch","Vieira (2019)",0.01,0.5,1994,"BBmsy",1.77340662552106,1.24356605364582,3.40671253692654
"Target_switch_Vieira (2019)","Target_switch","Vieira (2019)",0.01,0.5,1995,"BBmsy",1.69020152817576,1.23649111754643,3.20794028034446
"Target_switch_Vieira (2019)","Target_switch","Vieira (2019)",0.01,0.5,1996,"BBmsy",1.69897325670931,1.27619122128281,3.10656974647189
"Target_switch_Vieira (2019)","Target_switch","Vieira (2019)",0.01,0.5,1997,"BBmsy",1.67704892265933,1.29227030764663,2.97763689551422
"Target_switch_Vieira (2019)","Target_switch","Vieira (2019)",0.01,0.5,1998,"BBmsy",1.43467122387366,1.12976491447729,2.58916272505857
"Target_switch_Vieira (2019)","Target_switch","Vieira (2019)",0.01,0.5,1999,"BBmsy",1.1884011070727,0.947487081419909,2.23304728836351
"Target_switch_Vieira (2019)","Target_switch","Vieira (2019)",0.01,0.5,2000,"BBmsy",1.01383249237463,0.793165740477481,2.00211171059518
"Target_switch_Vieira (2019)","Target_switch","Vieira (2019)",0.01,0.5,2001,"BBmsy",0.992778147334395,0.807648985910771,1.91761189857575
"Target_switch_Vieira (2019)","Target_switch","Vieira (2019)",0.01,0.5,2002,"BBmsy",1.06331362301139,0.902532482648944,1.92515522133965
"Target_switch_Vieira (2019)","Target_switch","Vieira (2019)",0.01,0.5,2003,"BBmsy",0.995241929762357,0.850032654670569,1.78637873358443
"Target_switch_Vieira (2019)","Target_switch","Vieira (2019)",0.01,0.5,2004,"BBmsy",0.997002433035874,0.857163936064849,1.72522531285823
"Target_switch_Vieira (2019)","Target_switch","Vieira (2019)",0.01,0.5,2005,"BBmsy",1.01880002191534,0.883135333423176,1.68711733112676
"Target_switch_Vieira (2019)","Target_switch","Vieira (2019)",0.01,0.5,2006,"BBmsy",0.95970025922488,0.835530014771551,1.60090352171523
"Target_switch_Vieira (2019)","Target_switch","Vieira (2019)",0.01,0.5,2007,"BBmsy",0.819974276961256,0.728443936229535,1.42181555737318
"Target_switch_Vieira (2019)","Target_switch","Vieira (2019)",0.01,0.5,2008,"BBmsy",0.650398196812855,0.566707982691442,1.1588802175504
"Target_switch_Vieira (2019)","Target_switch","Vieira (2019)",0.01,0.5,2009,"BBmsy",0.556721560781826,0.474750727481934,0.999019041866149
"Target_switch_Vieira (2019)","Target_switch","Vieira (2019)",0.01,0.5,2010,"BBmsy",0.560533712033516,0.497680909794956,0.981325226300404
"Target_switch_Vieira (2019)","Target_switch","Vieira (2019)",0.01,0.5,2011,"BBmsy",0.559440207035355,0.493289470194883,0.970852560460384
"Target_switch_Vieira (2019)","Target_switch","Vieira (2019)",0.01,0.5,2012,"BBmsy",0.479678518761389,0.399917761377482,0.883076654049309
"Target_switch_Vieira (2019)","Target_switch","Vieira (2019)",0.01,0.5,2013,"BBmsy",0.320848533924138,0.215158649784978,0.720947904626192
"Target_switch_Vieira (2019)","Target_switch","Vieira (2019)",0.01,0.5,2014,"BBmsy",0.23080993690355,0.109544139083585,0.636588163550619
"Target_switch_Vieira (2019)","Target_switch","Vieira (2019)",0.01,0.5,2015,"BBmsy",0.260255767801172,0.137262397771778,0.688093432457786
"Target_switch_Vieira (2019)","Target_switch","Vieira (2019)",0.01,0.5,2016,"BBmsy",0.370584520946053,0.198875407897694,0.87365689692047
"Target_switch_Vieira (2019)","Target_switch","Vieira (2019)",0.01,0.5,2017,"BBmsy",0.430078614988692,0.186113081685844,1.08635088820774
"Target_switch_Vieira (2019)","Target_switch","Vieira (2019)",0.01,0.5,2018,"BBmsy",0.509018299357853,0.179772430794304,1.30189011598807
"Target_switch_Vieira (2019)","Target_switch","Vieira (2019)",0.01,0.5,2019,"BBmsy",0.658925153626797,0.237944867423116,1.54855017186192
"Target_switch_Vieira (2019)","Target_switch","Vieira (2019)",0.01,0.5,2020,"BBmsy",0.782462142872523,0.24190267803179,1.75589057455362
"Target_switch_Vieira (2019)","Target_switch","Vieira (2019)",0.01,0.5,2021,"BBmsy",0.986008011425934,0.303989198464097,2.05061949094705
"Target_switch_Vieira (2019)","Target_switch","Vieira (2019)",0.01,0.5,2022,"BBmsy",1.27276661583034,0.437610576621314,2.37820900293396
"Target_switch_Vieira (2019)","Target_switch","Vieira (2019)",0.01,0.5,2023,"BBmsy",1.56211542669605,0.568200149853345,2.63169348450096
"Target_switch_Vieira (2019)","Target_switch","Vieira (2019)",0.01,0.5,2024,"BBmsy",1.83987852458937,0.706500293587735,2.9761374534924
"Target_switch_Vieira (2019)","Target_switch","Vieira (2019)",0.01,0.5,1989,"FFmsy",0.37581007837106,0.220282246632192,0.570628071789307
"Target_switch_Vieira (2019)","Target_switch","Vieira (2019)",0.01,0.5,1990,"FFmsy",0.25730467590564,0.14205758589408,0.402505324043014
"Target_switch_Vieira (2019)","Target_switch","Vieira (2019)",0.01,0.5,1991,"FFmsy",0.355220067839785,0.188750102777711,0.579697020041554
"Target_switch_Vieira (2019)","Target_switch","Vieira (2019)",0.01,0.5,1992,"FFmsy",0.619333628023131,0.333610242795132,0.932788735454593
"Target_switch_Vieira (2019)","Target_switch","Vieira (2019)",0.01,0.5,1993,"FFmsy",0.442213101747647,0.236433997437519,0.639896497174294
"Target_switch_Vieira (2019)","Target_switch","Vieira (2019)",0.01,0.5,1994,"FFmsy",0.599121791201088,0.332663848144284,0.824477171745493
"Target_switch_Vieira (2019)","Target_switch","Vieira (2019)",0.01,0.5,1995,"FFmsy",0.510173015771904,0.289712554799865,0.678619281229029
"Target_switch_Vieira (2019)","Target_switch","Vieira (2019)",0.01,0.5,1996,"FFmsy",0.559039186134702,0.333215805879058,0.734886875208958
"Target_switch_Vieira (2019)","Target_switch","Vieira (2019)",0.01,0.5,1997,"FFmsy",0.96922466842741,0.597966400646528,1.25769068002247
"Target_switch_Vieira (2019)","Target_switch","Vieira (2019)",0.01,0.5,1998,"FFmsy",1.14628837039197,0.69249045611355,1.4292503547493
"Target_switch_Vieira (2019)","Target_switch","Vieira (2019)",0.01,0.5,1999,"FFmsy",1.23927320412918,0.711970129589494,1.4950922023109
"Target_switch_Vieira (2019)","Target_switch","Vieira (2019)",0.01,0.5,2000,"FFmsy",1.01639695614493,0.558680748415761,1.2083269828321
"Target_switch_Vieira (2019)","Target_switch","Vieira (2019)",0.01,0.5,2001,"FFmsy",0.76589949641399,0.436632821777462,0.881889475450982
"Target_switch_Vieira (2019)","Target_switch","Vieira (2019)",0.01,0.5,2002,"FFmsy",1.13860762071254,0.703153122575999,1.31746633754764
"Target_switch_Vieira (2019)","Target_switch","Vieira (2019)",0.01,0.5,2003,"FFmsy",0.999615119050619,0.624959339047677,1.14493624533037
"Target_switch_Vieira (2019)","Target_switch","Vieira (2019)",0.01,0.5,2004,"FFmsy",0.946888514840422,0.604366025119927,1.09242085875602
"Target_switch_Vieira (2019)","Target_switch","Vieira (2019)",0.01,0.5,2005,"FFmsy",1.15605042233841,0.758842494091991,1.36562225738196
"Target_switch_Vieira (2019)","Target_switch","Vieira (2019)",0.01,0.5,2006,"FFmsy",1.47623096648954,0.972962406790595,1.74921129173352
"Target_switch_Vieira (2019)","Target_switch","Vieira (2019)",0.01,0.5,2007,"FFmsy",1.88379862873172,1.20061041316512,2.15919011778767
"Target_switch_Vieira (2019)","Target_switch","Vieira (2019)",0.01,0.5,2008,"FFmsy",2.01596395678235,1.20062877601779,2.23166502273386
"Target_switch_Vieira (2019)","Target_switch","Vieira (2019)",0.01,0.5,2009,"FFmsy",1.74649071928221,1.03472716874065,1.95498465538413
"Target_switch_Vieira (2019)","Target_switch","Vieira (2019)",0.01,0.5,2010,"FFmsy",1.70048762931548,1.04355714384384,1.92507020762145
"Target_switch_Vieira (2019)","Target_switch","Vieira (2019)",0.01,0.5,2011,"FFmsy",2.08636165098476,1.29119666451648,2.45764953270172
"Target_switch_Vieira (2019)","Target_switch","Vieira (2019)",0.01,0.5,2012,"FFmsy",3.01388729373045,1.72340134887404,3.57604974139135
"Target_switch_Vieira (2019)","Target_switch","Vieira (2019)",0.01,0.5,2013,"FFmsy",3.85023513618584,1.78886695902317,5.54262579647102
"Target_switch_Vieira (2019)","Target_switch","Vieira (2019)",0.01,0.5,2014,"FFmsy",3.43199489619306,1.29642423184748,6.86030406837574
"Target_switch_Vieira (2019)","Target_switch","Vieira (2019)",0.01,0.5,2015,"FFmsy",1.36626060451469,0.538577001551367,2.62424972581358
"Target_switch_Vieira (2019)","Target_switch","Vieira (2019)",0.01,0.5,2016,"FFmsy",0.961029515804963,0.422083382617389,1.81720398530563
"Target_switch_Vieira (2019)","Target_switch","Vieira (2019)",0.01,0.5,2017,"FFmsy",0.83554434764267,0.342446406373237,1.87929241669106
"Target_switch_Vieira (2019)","Target_switch","Vieira (2019)",0.01,0.5,2018,"FFmsy",0.594128793279259,0.245762907048568,1.60791769020673
"Target_switch_Vieira (2019)","Target_switch","Vieira (2019)",0.01,0.5,2019,"FFmsy",0.668671478913811,0.298197367565532,1.81308380946221
"Target_switch_Vieira (2019)","Target_switch","Vieira (2019)",0.01,0.5,2020,"FFmsy",0.286398987571309,0.131066820252665,0.906873562804925
"Target_switch_Vieira (2019)","Target_switch","Vieira (2019)",0.01,0.5,2021,"FFmsy",0.0877185625393064,0.044814434705376,0.281667776267745
"Target_switch_Vieira (2019)","Target_switch","Vieira (2019)",0.01,0.5,2022,"FFmsy",0.0750875785987826,0.0426141192726799,0.219267146385235
"Target_switch_Vieira (2019)","Target_switch","Vieira (2019)",0.01,0.5,2023,"FFmsy",0.0865473630108137,0.0522592031339624,0.244767085685732
"Uninformative_bk_Jardim (1999)","Uninformative_bk","Jardim (1999)",0.01,1,1989,"BK",0.643655512023332,0.509477661193547,0.792483498006842
"Uninformative_bk_Jardim (1999)","Uninformative_bk","Jardim (1999)",0.01,1,1990,"BK",0.565778777712846,0.430469638298945,0.73007459813098
"Uninformative_bk_Jardim (1999)","Uninformative_bk","Jardim (1999)",0.01,1,1991,"BK",0.521156763364186,0.376528619182133,0.702432640846386
"Uninformative_bk_Jardim (1999)","Uninformative_bk","Jardim (1999)",0.01,1,1992,"BK",0.530625714223663,0.401517694371838,0.697770837443681
"Uninformative_bk_Jardim (1999)","Uninformative_bk","Jardim (1999)",0.01,1,1993,"BK",0.510073086497912,0.387835067857969,0.688935313164312
"Uninformative_bk_Jardim (1999)","Uninformative_bk","Jardim (1999)",0.01,1,1994,"BK",0.52297222573277,0.412625558947448,0.717922410674805
"Uninformative_bk_Jardim (1999)","Uninformative_bk","Jardim (1999)",0.01,1,1995,"BK",0.510635015814812,0.408049959416866,0.735789137574462
"Uninformative_bk_Jardim (1999)","Uninformative_bk","Jardim (1999)",0.01,1,1996,"BK",0.518393289252554,0.419710191970604,0.759100825880682
"Uninformative_bk_Jardim (1999)","Uninformative_bk","Jardim (1999)",0.01,1,1997,"BK",0.516569918261969,0.421134681882978,0.772453587094404
"Uninformative_bk_Jardim (1999)","Uninformative_bk","Jardim (1999)",0.01,1,1998,"BK",0.455008390541157,0.364465986307526,0.754686662632582
"Uninformative_bk_Jardim (1999)","Uninformative_bk","Jardim (1999)",0.01,1,1999,"BK",0.394352020226594,0.303333726399213,0.732774468709471
"Uninformative_bk_Jardim (1999)","Uninformative_bk","Jardim (1999)",0.01,1,2000,"BK",0.348495177918682,0.255368841543118,0.722835987739888
"Uninformative_bk_Jardim (1999)","Uninformative_bk","Jardim (1999)",0.01,1,2001,"BK",0.345567059546501,0.25495819824894,0.729501964417255
"Uninformative_bk_Jardim (1999)","Uninformative_bk","Jardim (1999)",0.01,1,2002,"BK",0.36936903753954,0.27956414567999,0.748869599382185
"Uninformative_bk_Jardim (1999)","Uninformative_bk","Jardim (1999)",0.01,1,2003,"BK",0.353932927639304,0.261541922900597,0.753463527379683
"Uninformative_bk_Jardim (1999)","Uninformative_bk","Jardim (1999)",0.01,1,2004,"BK",0.356826799722919,0.262463668010278,0.768339917603314
"Uninformative_bk_Jardim (1999)","Uninformative_bk","Jardim (1999)",0.01,1,2005,"BK",0.36315883346926,0.265800837466266,0.780946803179524
"Uninformative_bk_Jardim (1999)","Uninformative_bk","Jardim (1999)",0.01,1,2006,"BK",0.349876420621932,0.247515586114592,0.780587873096763
"Uninformative_bk_Jardim (1999)","Uninformative_bk","Jardim (1999)",0.01,1,2007,"BK",0.31480848367733,0.212999653564476,0.764769598470137
"Uninformative_bk_Jardim (1999)","Uninformative_bk","Jardim (1999)",0.01,1,2008,"BK",0.268859327312923,0.167032596762359,0.745844890991651
"Uninformative_bk_Jardim (1999)","Uninformative_bk","Jardim (1999)",0.01,1,2009,"BK",0.245080749128307,0.140120434910063,0.737947086989601
"Uninformative_bk_Jardim (1999)","Uninformative_bk","Jardim (1999)",0.01,1,2010,"BK",0.250712797262177,0.140940696688916,0.744378507744669
"Uninformative_bk_Jardim (1999)","Uninformative_bk","Jardim (1999)",0.01,1,2011,"BK",0.252722640279973,0.139538040486636,0.755336987103359
"Uninformative_bk_Jardim (1999)","Uninformative_bk","Jardim (1999)",0.01,1,2012,"BK",0.234426771426381,0.118804348092041,0.757385563127028
"Uninformative_bk_Jardim (1999)","Uninformative_bk","Jardim (1999)",0.01,1,2013,"BK",0.194651996311833,0.0770569146449903,0.750508937744064
"Uninformative_bk_Jardim (1999)","Uninformative_bk","Jardim (1999)",0.01,1,2014,"BK",0.176850258721124,0.049188854990751,0.74975632517597
"Uninformative_bk_Jardim (1999)","Uninformative_bk","Jardim (1999)",0.01,1,2015,"BK",0.193482960917395,0.0609234534857629,0.765246757164087
"Uninformative_bk_Jardim (1999)","Uninformative_bk","Jardim (1999)",0.01,1,2016,"BK",0.242862991532004,0.0869965096664176,0.800832985407281
"Uninformative_bk_Jardim (1999)","Uninformative_bk","Jardim (1999)",0.01,1,2017,"BK",0.288745662232386,0.0981932814440818,0.841328515887314
"Uninformative_bk_Jardim (1999)","Uninformative_bk","Jardim (1999)",0.01,1,2018,"BK",0.338647726958017,0.111817125440817,0.879068783537501
"Uninformative_bk_Jardim (1999)","Uninformative_bk","Jardim (1999)",0.01,1,2019,"BK",0.396056967871895,0.139750515870805,0.909943345788413
"Uninformative_bk_Jardim (1999)","Uninformative_bk","Jardim (1999)",0.01,1,2020,"BK",0.446679925569266,0.159876393639429,0.925199738701477
"Uninformative_bk_Jardim (1999)","Uninformative_bk","Jardim (1999)",0.01,1,2021,"BK",0.519377952920045,0.201549507740493,0.939401811422356
"Uninformative_bk_Jardim (1999)","Uninformative_bk","Jardim (1999)",0.01,1,2022,"BK",0.603767365615486,0.255933419435512,0.954058294775034
"Uninformative_bk_Jardim (1999)","Uninformative_bk","Jardim (1999)",0.01,1,2023,"BK",0.680938825122011,0.310268182319518,0.973688226036148
"Uninformative_bk_Jardim (1999)","Uninformative_bk","Jardim (1999)",0.01,1,2024,"BK",0.749887181930728,0.359521163449855,0.985052285638087
"Uninformative_bk_Jardim (1999)","Uninformative_bk","Jardim (1999)",0.01,1,1989,"BBmsy",1.96876355902431,1.31099461558929,3.48034547811314
"Uninformative_bk_Jardim (1999)","Uninformative_bk","Jardim (1999)",0.01,1,1990,"BBmsy",1.73224800471903,1.12428468721266,3.19329528425161
"Uninformative_bk_Jardim (1999)","Uninformative_bk","Jardim (1999)",0.01,1,1991,"BBmsy",1.58620638082765,1.00678452137749,3.06438018733669
"Uninformative_bk_Jardim (1999)","Uninformative_bk","Jardim (1999)",0.01,1,1992,"BBmsy",1.60732830144526,1.07950055442586,3.01249636339189
"Uninformative_bk_Jardim (1999)","Uninformative_bk","Jardim (1999)",0.01,1,1993,"BBmsy",1.52994994936538,1.05565802995256,2.79243459875161
"Uninformative_bk_Jardim (1999)","Uninformative_bk","Jardim (1999)",0.01,1,1994,"BBmsy",1.57006311351035,1.11593330964543,2.78836705290903
"Uninformative_bk_Jardim (1999)","Uninformative_bk","Jardim (1999)",0.01,1,1995,"BBmsy",1.5294880092774,1.11803584431144,2.78979965676347
"Uninformative_bk_Jardim (1999)","Uninformative_bk","Jardim (1999)",0.01,1,1996,"BBmsy",1.55645382727785,1.15560866691984,2.79764547562643
"Uninformative_bk_Jardim (1999)","Uninformative_bk","Jardim (1999)",0.01,1,1997,"BBmsy",1.55397234935773,1.16908444098547,2.76670233182212
"Uninformative_bk_Jardim (1999)","Uninformative_bk","Jardim (1999)",0.01,1,1998,"BBmsy",1.36729045946169,1.05587016750518,2.70431094101552
"Uninformative_bk_Jardim (1999)","Uninformative_bk","Jardim (1999)",0.01,1,1999,"BBmsy",1.17396990598944,0.919764648305493,2.60962022847285
"Uninformative_bk_Jardim (1999)","Uninformative_bk","Jardim (1999)",0.01,1,2000,"BBmsy",1.03419844486363,0.803866352855956,2.55535793263798
"Uninformative_bk_Jardim (1999)","Uninformative_bk","Jardim (1999)",0.01,1,2001,"BBmsy",1.02996034051439,0.814092439275588,2.56735587566101
"Uninformative_bk_Jardim (1999)","Uninformative_bk","Jardim (1999)",0.01,1,2002,"BBmsy",1.10172693811904,0.893235089983221,2.61444834138371
"Uninformative_bk_Jardim (1999)","Uninformative_bk","Jardim (1999)",0.01,1,2003,"BBmsy",1.05738759157951,0.847586226872952,2.60382769959269
"Uninformative_bk_Jardim (1999)","Uninformative_bk","Jardim (1999)",0.01,1,2004,"BBmsy",1.06646005234158,0.852622027534635,2.63061973247749
"Uninformative_bk_Jardim (1999)","Uninformative_bk","Jardim (1999)",0.01,1,2005,"BBmsy",1.09065977280482,0.873970750026773,2.66207573019994
"Uninformative_bk_Jardim (1999)","Uninformative_bk","Jardim (1999)",0.01,1,2006,"BBmsy",1.0503124738245,0.831995531896402,2.66259230169063
"Uninformative_bk_Jardim (1999)","Uninformative_bk","Jardim (1999)",0.01,1,2007,"BBmsy",0.943325729100347,0.74179321150534,2.61066339369574
"Uninformative_bk_Jardim (1999)","Uninformative_bk","Jardim (1999)",0.01,1,2008,"BBmsy",0.803308571594508,0.594524501296192,2.54336174313621
"Uninformative_bk_Jardim (1999)","Uninformative_bk","Jardim (1999)",0.01,1,2009,"BBmsy",0.728695579854746,0.512885022505661,2.5025064443115
"Uninformative_bk_Jardim (1999)","Uninformative_bk","Jardim (1999)",0.01,1,2010,"BBmsy",0.74565305099462,0.525370353733221,2.52393013352224
"Uninformative_bk_Jardim (1999)","Uninformative_bk","Jardim (1999)",0.01,1,2011,"BBmsy",0.756764974691337,0.528049482552359,2.55315801435584
"Uninformative_bk_Jardim (1999)","Uninformative_bk","Jardim (1999)",0.01,1,2012,"BBmsy",0.703088084454961,0.440054445252021,2.55358463123862
"Uninformative_bk_Jardim (1999)","Uninformative_bk","Jardim (1999)",0.01,1,2013,"BBmsy",0.582883106995449,0.268437760528559,2.51496286394991
"Uninformative_bk_Jardim (1999)","Uninformative_bk","Jardim (1999)",0.01,1,2014,"BBmsy",0.527594880218799,0.175802445616278,2.50545320946204
"Uninformative_bk_Jardim (1999)","Uninformative_bk","Jardim (1999)",0.01,1,2015,"BBmsy",0.579953103568147,0.210884280031266,2.5533592853075
"Uninformative_bk_Jardim (1999)","Uninformative_bk","Jardim (1999)",0.01,1,2016,"BBmsy",0.749009813906979,0.302088330605231,2.67165102730018
"Uninformative_bk_Jardim (1999)","Uninformative_bk","Jardim (1999)",0.01,1,2017,"BBmsy",0.90610953927273,0.332766387190599,2.81166672497104
"Uninformative_bk_Jardim (1999)","Uninformative_bk","Jardim (1999)",0.01,1,2018,"BBmsy",1.0527254283665,0.388121193863851,2.92657715626429
"Uninformative_bk_Jardim (1999)","Uninformative_bk","Jardim (1999)",0.01,1,2019,"BBmsy",1.23790860083782,0.475492699974181,3.02508439244278
"Uninformative_bk_Jardim (1999)","Uninformative_bk","Jardim (1999)",0.01,1,2020,"BBmsy",1.3770299991364,0.560665409508465,3.09508871305015
"Uninformative_bk_Jardim (1999)","Uninformative_bk","Jardim (1999)",0.01,1,2021,"BBmsy",1.58144855144147,0.689798981958185,3.22867344132127
"Uninformative_bk_Jardim (1999)","Uninformative_bk","Jardim (1999)",0.01,1,2022,"BBmsy",1.82433172033995,0.842293132186922,3.33780164148707
"Uninformative_bk_Jardim (1999)","Uninformative_bk","Jardim (1999)",0.01,1,2023,"BBmsy",2.07697882876819,1.00140861939225,3.42700964238692
"Uninformative_bk_Jardim (1999)","Uninformative_bk","Jardim (1999)",0.01,1,2024,"BBmsy",2.27928759233019,1.1859029632336,3.50000620221617
"Uninformative_bk_Jardim (1999)","Uninformative_bk","Jardim (1999)",0.01,1,1989,"FFmsy",0.426459926229217,0.166901788115335,0.654587111086816
"Uninformative_bk_Jardim (1999)","Uninformative_bk","Jardim (1999)",0.01,1,1990,"FFmsy",0.293852143295978,0.104427043445828,0.456294033842203
"Uninformative_bk_Jardim (1999)","Uninformative_bk","Jardim (1999)",0.01,1,1991,"FFmsy",0.402755998440093,0.135365401775258,0.638430460209364
"Uninformative_bk_Jardim (1999)","Uninformative_bk","Jardim (1999)",0.01,1,1992,"FFmsy",0.688993905296546,0.228001347324408,1.03517088529019
"Uninformative_bk_Jardim (1999)","Uninformative_bk","Jardim (1999)",0.01,1,1993,"FFmsy",0.482009468107636,0.148573347553369,0.695060829175762
"Uninformative_bk_Jardim (1999)","Uninformative_bk","Jardim (1999)",0.01,1,1994,"FFmsy",0.642617133590203,0.195389706528481,0.902631424446419
"Uninformative_bk_Jardim (1999)","Uninformative_bk","Jardim (1999)",0.01,1,1995,"FFmsy",0.536365043330375,0.156118028722134,0.73942297017284
"Uninformative_bk_Jardim (1999)","Uninformative_bk","Jardim (1999)",0.01,1,1996,"FFmsy",0.582525015064794,0.166690774733959,0.791067291371331
"Uninformative_bk_Jardim (1999)","Uninformative_bk","Jardim (1999)",0.01,1,1997,"FFmsy",0.998550651620495,0.278378576284232,1.33238382383429
"Uninformative_bk_Jardim (1999)","Uninformative_bk","Jardim (1999)",0.01,1,1998,"FFmsy",1.15346312157192,0.288034346074717,1.49858575401291
"Uninformative_bk_Jardim (1999)","Uninformative_bk","Jardim (1999)",0.01,1,1999,"FFmsy",1.2041774623251,0.263101451079159,1.53424358166689
"Uninformative_bk_Jardim (1999)","Uninformative_bk","Jardim (1999)",0.01,1,2000,"FFmsy",0.947620389975006,0.183467364793933,1.19348130463836
"Uninformative_bk_Jardim (1999)","Uninformative_bk","Jardim (1999)",0.01,1,2001,"FFmsy",0.704041944191914,0.1353257031269,0.878163946447986
"Uninformative_bk_Jardim (1999)","Uninformative_bk","Jardim (1999)",0.01,1,2002,"FFmsy",1.06259311578089,0.215604148586001,1.32157453237893
"Uninformative_bk_Jardim (1999)","Uninformative_bk","Jardim (1999)",0.01,1,2003,"FFmsy",0.914390667339142,0.17816605039095,1.13701993756958
"Uninformative_bk_Jardim (1999)","Uninformative_bk","Jardim (1999)",0.01,1,2004,"FFmsy",0.86275434861641,0.167560622412016,1.08347936298847
"Uninformative_bk_Jardim (1999)","Uninformative_bk","Jardim (1999)",0.01,1,2005,"FFmsy",1.05839851151073,0.206512398323003,1.34353664101798
"Uninformative_bk_Jardim (1999)","Uninformative_bk","Jardim (1999)",0.01,1,2006,"FFmsy",1.33160108533077,0.248544116776185,1.69105776100916
"Uninformative_bk_Jardim (1999)","Uninformative_bk","Jardim (1999)",0.01,1,2007,"FFmsy",1.61752939603482,0.274614197660754,2.05813604268668
"Uninformative_bk_Jardim (1999)","Uninformative_bk","Jardim (1999)",0.01,1,2008,"FFmsy",1.59187384828525,0.235712028051912,2.12507382471381
"Uninformative_bk_Jardim (1999)","Uninformative_bk","Jardim (1999)",0.01,1,2009,"FFmsy",1.30782276402865,0.176072015424148,1.83979358993161
"Uninformative_bk_Jardim (1999)","Uninformative_bk","Jardim (1999)",0.01,1,2010,"FFmsy",1.25894764887216,0.171765838670672,1.80231630865655
"Uninformative_bk_Jardim (1999)","Uninformative_bk","Jardim (1999)",0.01,1,2011,"FFmsy",1.52200983727659,0.209352150241062,2.28472216301586
"Uninformative_bk_Jardim (1999)","Uninformative_bk","Jardim (1999)",0.01,1,2012,"FFmsy",1.99084537151833,0.254954728103101,3.27421148910597
"Uninformative_bk_Jardim (1999)","Uninformative_bk","Jardim (1999)",0.01,1,2013,"FFmsy",2.00191991309666,0.216027352515644,4.34924296161044
"Uninformative_bk_Jardim (1999)","Uninformative_bk","Jardim (1999)",0.01,1,2014,"FFmsy",1.43431809882519,0.139516137924035,4.31398684316075
"Uninformative_bk_Jardim (1999)","Uninformative_bk","Jardim (1999)",0.01,1,2015,"FFmsy",0.583369978815938,0.0614925771179814,1.65313087176192
"Uninformative_bk_Jardim (1999)","Uninformative_bk","Jardim (1999)",0.01,1,2016,"FFmsy",0.464328369226534,0.0587466694304225,1.19098039121542
"Uninformative_bk_Jardim (1999)","Uninformative_bk","Jardim (1999)",0.01,1,2017,"FFmsy",0.391239591943013,0.0569567408826713,1.08254745886877
"Uninformative_bk_Jardim (1999)","Uninformative_bk","Jardim (1999)",0.01,1,2018,"FFmsy",0.277731097357834,0.04647279298923,0.809309221038882
"Uninformative_bk_Jardim (1999)","Uninformative_bk","Jardim (1999)",0.01,1,2019,"FFmsy",0.342357274959861,0.0656246954204086,0.961730801859319
"Uninformative_bk_Jardim (1999)","Uninformative_bk","Jardim (1999)",0.01,1,2020,"FFmsy",0.156306528322821,0.0325515687332904,0.438582133989065
"Uninformative_bk_Jardim (1999)","Uninformative_bk","Jardim (1999)",0.01,1,2021,"FFmsy",0.0527645061616314,0.0123667302701202,0.145399663516115
"Uninformative_bk_Jardim (1999)","Uninformative_bk","Jardim (1999)",0.01,1,2022,"FFmsy",0.0504251113265061,0.0134210365732691,0.121383208391773
"Uninformative_bk_Jardim (1999)","Uninformative_bk","Jardim (1999)",0.01,1,2023,"FFmsy",0.0623280074673159,0.0185239856744954,0.140220138144233
"Uninformative_bk_Santos (2018)","Uninformative_bk","Santos (2018)",0.01,1,1989,"BK",0.658047288522086,0.505820215933049,0.791920737999495
"Uninformative_bk_Santos (2018)","Uninformative_bk","Santos (2018)",0.01,1,1990,"BK",0.580674049048476,0.426077278551109,0.736081643402332
"Uninformative_bk_Santos (2018)","Uninformative_bk","Santos (2018)",0.01,1,1991,"BK",0.536102367983919,0.371078778108073,0.707321122182559
"Uninformative_bk_Santos (2018)","Uninformative_bk","Santos (2018)",0.01,1,1992,"BK",0.542708524382144,0.402840699767154,0.710180771192666
"Uninformative_bk_Santos (2018)","Uninformative_bk","Santos (2018)",0.01,1,1993,"BK",0.513771079847747,0.38754377139988,0.70924766810269
"Uninformative_bk_Santos (2018)","Uninformative_bk","Santos (2018)",0.01,1,1994,"BK",0.526571267749281,0.411796890199815,0.732005089172562
"Uninformative_bk_Santos (2018)","Uninformative_bk","Santos (2018)",0.01,1,1995,"BK",0.513252019342108,0.409399924732171,0.740232875475198
"Uninformative_bk_Santos (2018)","Uninformative_bk","Santos (2018)",0.01,1,1996,"BK",0.519969430222058,0.417479656374763,0.757759548116668
"Uninformative_bk_Santos (2018)","Uninformative_bk","Santos (2018)",0.01,1,1997,"BK",0.517485444404018,0.415474723706087,0.772426670768801
"Uninformative_bk_Santos (2018)","Uninformative_bk","Santos (2018)",0.01,1,1998,"BK",0.457466142998889,0.361762561344688,0.755426382142488
"Uninformative_bk_Santos (2018)","Uninformative_bk","Santos (2018)",0.01,1,1999,"BK",0.395298773093581,0.299506424860169,0.731323663104588
"Uninformative_bk_Santos (2018)","Uninformative_bk","Santos (2018)",0.01,1,2000,"BK",0.350354385559957,0.247798639086954,0.716359356198279
"Uninformative_bk_Santos (2018)","Uninformative_bk","Santos (2018)",0.01,1,2001,"BK",0.346792542460046,0.247673195912054,0.720476780224101
"Uninformative_bk_Santos (2018)","Uninformative_bk","Santos (2018)",0.01,1,2002,"BK",0.372010301726254,0.276730690152823,0.742134094263891
"Uninformative_bk_Santos (2018)","Uninformative_bk","Santos (2018)",0.01,1,2003,"BK",0.354526845605754,0.260514824803906,0.744664644531817
"Uninformative_bk_Santos (2018)","Uninformative_bk","Santos (2018)",0.01,1,2004,"BK",0.358360055601455,0.26002052018834,0.756691353267676
"Uninformative_bk_Santos (2018)","Uninformative_bk","Santos (2018)",0.01,1,2005,"BK",0.366459861412823,0.263564876629529,0.76840014451515
"Uninformative_bk_Santos (2018)","Uninformative_bk","Santos (2018)",0.01,1,2006,"BK",0.352832037085765,0.248083919937286,0.769755555623342
"Uninformative_bk_Santos (2018)","Uninformative_bk","Santos (2018)",0.01,1,2007,"BK",0.318201420391311,0.212331729844465,0.76162796356702
"Uninformative_bk_Santos (2018)","Uninformative_bk","Santos (2018)",0.01,1,2008,"BK",0.272688316798614,0.165884769516992,0.739120155411011
"Uninformative_bk_Santos (2018)","Uninformative_bk","Santos (2018)",0.01,1,2009,"BK",0.249194839401685,0.139273814978921,0.730348404670943
"Uninformative_bk_Santos (2018)","Uninformative_bk","Santos (2018)",0.01,1,2010,"BK",0.254926297850744,0.142989005055048,0.73776603061692
"Uninformative_bk_Santos (2018)","Uninformative_bk","Santos (2018)",0.01,1,2011,"BK",0.260858483393292,0.141708369934769,0.748769958628482
"Uninformative_bk_Santos (2018)","Uninformative_bk","Santos (2018)",0.01,1,2012,"BK",0.244137050679245,0.12025861743515,0.751967916419365
"Uninformative_bk_Santos (2018)","Uninformative_bk","Santos (2018)",0.01,1,2013,"BK",0.20314185345768,0.0762079096306077,0.743445584060012
"Uninformative_bk_Santos (2018)","Uninformative_bk","Santos (2018)",0.01,1,2014,"BK",0.185764988416432,0.0480539169389789,0.742472948179866
"Uninformative_bk_Santos (2018)","Uninformative_bk","Santos (2018)",0.01,1,2015,"BK",0.202717673332348,0.0612848671435762,0.764050354781259
"Uninformative_bk_Santos (2018)","Uninformative_bk","Santos (2018)",0.01,1,2016,"BK",0.253032246320453,0.0881757786868715,0.79397615994431
"Uninformative_bk_Santos (2018)","Uninformative_bk","Santos (2018)",0.01,1,2017,"BK",0.299369310583924,0.0991884324260924,0.829209256259038
"Uninformative_bk_Santos (2018)","Uninformative_bk","Santos (2018)",0.01,1,2018,"BK",0.35066288240492,0.115500523755739,0.860885992475212
"Uninformative_bk_Santos (2018)","Uninformative_bk","Santos (2018)",0.01,1,2019,"BK",0.406946012965796,0.154987890972501,0.897706940870063
"Uninformative_bk_Santos (2018)","Uninformative_bk","Santos (2018)",0.01,1,2020,"BK",0.458627404665016,0.180747362392849,0.911998866686514
"Uninformative_bk_Santos (2018)","Uninformative_bk","Santos (2018)",0.01,1,2021,"BK",0.530542553269467,0.228194148442085,0.929606057922158
"Uninformative_bk_Santos (2018)","Uninformative_bk","Santos (2018)",0.01,1,2022,"BK",0.614251148457643,0.288031190920575,0.949267819708661
"Uninformative_bk_Santos (2018)","Uninformative_bk","Santos (2018)",0.01,1,2023,"BK",0.689952387741927,0.332419736484215,0.968467006758695
"Uninformative_bk_Santos (2018)","Uninformative_bk","Santos (2018)",0.01,1,2024,"BK",0.762442264230524,0.388519682564149,0.986762951471664
"Uninformative_bk_Santos (2018)","Uninformative_bk","Santos (2018)",0.01,1,1989,"BBmsy",2.02535134591895,1.30164964622573,3.46237019922238
"Uninformative_bk_Santos (2018)","Uninformative_bk","Santos (2018)",0.01,1,1990,"BBmsy",1.79566864170448,1.12379443062623,3.22488577220832
"Uninformative_bk_Santos (2018)","Uninformative_bk","Santos (2018)",0.01,1,1991,"BBmsy",1.65666533516458,0.996040981025062,3.10882142809751
"Uninformative_bk_Santos (2018)","Uninformative_bk","Santos (2018)",0.01,1,1992,"BBmsy",1.67257947632492,1.07394374474894,3.07477850856232
"Uninformative_bk_Santos (2018)","Uninformative_bk","Santos (2018)",0.01,1,1993,"BBmsy",1.59265237507087,1.05065774274246,2.9792192405826
"Uninformative_bk_Santos (2018)","Uninformative_bk","Santos (2018)",0.01,1,1994,"BBmsy",1.6244841988832,1.12216717841534,2.94176557964142
"Uninformative_bk_Santos (2018)","Uninformative_bk","Santos (2018)",0.01,1,1995,"BBmsy",1.5787688033031,1.12095846792609,2.88328593519007
"Uninformative_bk_Santos (2018)","Uninformative_bk","Santos (2018)",0.01,1,1996,"BBmsy",1.60356676444752,1.16726675618036,2.91203473930362
"Uninformative_bk_Santos (2018)","Uninformative_bk","Santos (2018)",0.01,1,1997,"BBmsy",1.59865567098746,1.18769612693265,2.90223178951566
"Uninformative_bk_Santos (2018)","Uninformative_bk","Santos (2018)",0.01,1,1998,"BBmsy",1.39812152901381,1.06115595606355,2.84952121866549
"Uninformative_bk_Santos (2018)","Uninformative_bk","Santos (2018)",0.01,1,1999,"BBmsy",1.1943918069264,0.922286832329723,2.71860457752351
"Uninformative_bk_Santos (2018)","Uninformative_bk","Santos (2018)",0.01,1,2000,"BBmsy",1.05607740437128,0.806758399220771,2.63559334078812
"Uninformative_bk_Santos (2018)","Uninformative_bk","Santos (2018)",0.01,1,2001,"BBmsy",1.04768141068619,0.82034645866351,2.64376984751257
"Uninformative_bk_Santos (2018)","Uninformative_bk","Santos (2018)",0.01,1,2002,"BBmsy",1.1237786001213,0.898383749541021,2.7018486341325
"Uninformative_bk_Santos (2018)","Uninformative_bk","Santos (2018)",0.01,1,2003,"BBmsy",1.07423279982892,0.852046944640618,2.71104318515029
"Uninformative_bk_Santos (2018)","Uninformative_bk","Santos (2018)",0.01,1,2004,"BBmsy",1.07850891609569,0.865274386997725,2.71780654441247
"Uninformative_bk_Santos (2018)","Uninformative_bk","Santos (2018)",0.01,1,2005,"BBmsy",1.10869248835423,0.888502599481851,2.73084488497049
"Uninformative_bk_Santos (2018)","Uninformative_bk","Santos (2018)",0.01,1,2006,"BBmsy",1.06045901076844,0.853867537396391,2.7096833693019
"Uninformative_bk_Santos (2018)","Uninformative_bk","Santos (2018)",0.01,1,2007,"BBmsy",0.947056969464789,0.751662263247832,2.64298643433211
"Uninformative_bk_Santos (2018)","Uninformative_bk","Santos (2018)",0.01,1,2008,"BBmsy",0.798598759864372,0.59582860674432,2.58464791632116
"Uninformative_bk_Santos (2018)","Uninformative_bk","Santos (2018)",0.01,1,2009,"BBmsy",0.724250203571917,0.511648489618524,2.56081938105486
"Uninformative_bk_Santos (2018)","Uninformative_bk","Santos (2018)",0.01,1,2010,"BBmsy",0.746591874515076,0.528300330141721,2.58875656104971
"Uninformative_bk_Santos (2018)","Uninformative_bk","Santos (2018)",0.01,1,2011,"BBmsy",0.762462446380121,0.531471529844569,2.62690139976866
"Uninformative_bk_Santos (2018)","Uninformative_bk","Santos (2018)",0.01,1,2012,"BBmsy",0.71489791561703,0.443743087550527,2.62773018801488
"Uninformative_bk_Santos (2018)","Uninformative_bk","Santos (2018)",0.01,1,2013,"BBmsy",0.602199835032372,0.270551653504989,2.59399179224925
"Uninformative_bk_Santos (2018)","Uninformative_bk","Santos (2018)",0.01,1,2014,"BBmsy",0.548014795632657,0.175859845339117,2.59207667043585
"Uninformative_bk_Santos (2018)","Uninformative_bk","Santos (2018)",0.01,1,2015,"BBmsy",0.610663588264475,0.201272744801382,2.63932849860904
"Uninformative_bk_Santos (2018)","Uninformative_bk","Santos (2018)",0.01,1,2016,"BBmsy",0.758482191582204,0.296729644782465,2.77479952165223
"Uninformative_bk_Santos (2018)","Uninformative_bk","Santos (2018)",0.01,1,2017,"BBmsy",0.917396009154519,0.318919253869615,2.88846557182009
"Uninformative_bk_Santos (2018)","Uninformative_bk","Santos (2018)",0.01,1,2018,"BBmsy",1.08681941306899,0.37735225947651,3.01877339675546
"Uninformative_bk_Santos (2018)","Uninformative_bk","Santos (2018)",0.01,1,2019,"BBmsy",1.27859373803912,0.500723591895335,3.1499048381985
"Uninformative_bk_Santos (2018)","Uninformative_bk","Santos (2018)",0.01,1,2020,"BBmsy",1.44674985452617,0.577261007696364,3.22106341900259
"Uninformative_bk_Santos (2018)","Uninformative_bk","Santos (2018)",0.01,1,2021,"BBmsy",1.66196782716239,0.735592830850553,3.34600658583967
"Uninformative_bk_Santos (2018)","Uninformative_bk","Santos (2018)",0.01,1,2022,"BBmsy",1.90133099738376,0.951994283611751,3.49918578535622
"Uninformative_bk_Santos (2018)","Uninformative_bk","Santos (2018)",0.01,1,2023,"BBmsy",2.11663422575551,1.12376542240635,3.58059736549722
"Uninformative_bk_Santos (2018)","Uninformative_bk","Santos (2018)",0.01,1,2024,"BBmsy",2.33235120812768,1.32705884241736,3.71671777203423
"Uninformative_bk_Santos (2018)","Uninformative_bk","Santos (2018)",0.01,1,1989,"FFmsy",0.411232012465415,0.164421064873659,0.641798015601417
"Uninformative_bk_Santos (2018)","Uninformative_bk","Santos (2018)",0.01,1,1990,"FFmsy",0.280114878546102,0.103737332057312,0.44902583877891
"Uninformative_bk_Santos (2018)","Uninformative_bk","Santos (2018)",0.01,1,1991,"FFmsy",0.385205655990657,0.135643479223806,0.637363401397681
"Uninformative_bk_Santos (2018)","Uninformative_bk","Santos (2018)",0.01,1,1992,"FFmsy",0.6623284441448,0.222907777370493,1.02187440746942
"Uninformative_bk_Santos (2018)","Uninformative_bk","Santos (2018)",0.01,1,1993,"FFmsy",0.461984471104909,0.141100091804806,0.691533848898372
"Uninformative_bk_Santos (2018)","Uninformative_bk","Santos (2018)",0.01,1,1994,"FFmsy",0.615592561018681,0.181931418669478,0.890780024106795
"Uninformative_bk_Santos (2018)","Uninformative_bk","Santos (2018)",0.01,1,1995,"FFmsy",0.517702490946581,0.145623290611028,0.727360481059817
"Uninformative_bk_Santos (2018)","Uninformative_bk","Santos (2018)",0.01,1,1996,"FFmsy",0.564590188783595,0.156098145380269,0.77379226080711
"Uninformative_bk_Santos (2018)","Uninformative_bk","Santos (2018)",0.01,1,1997,"FFmsy",0.969975360697989,0.26126457440816,1.30014127611648
"Uninformative_bk_Santos (2018)","Uninformative_bk","Santos (2018)",0.01,1,1998,"FFmsy",1.11195777260937,0.26905011233934,1.47470020182186
"Uninformative_bk_Santos (2018)","Uninformative_bk","Santos (2018)",0.01,1,1999,"FFmsy",1.17392697014092,0.248951911446235,1.52041861487834
"Uninformative_bk_Santos (2018)","Uninformative_bk","Santos (2018)",0.01,1,2000,"FFmsy",0.927873007552749,0.174423915682882,1.18551882413495
"Uninformative_bk_Santos (2018)","Uninformative_bk","Santos (2018)",0.01,1,2001,"FFmsy",0.694966137791401,0.128870466964523,0.869559312400049
"Uninformative_bk_Santos (2018)","Uninformative_bk","Santos (2018)",0.01,1,2002,"FFmsy",1.04883021122386,0.202467250432394,1.29082039587263
"Uninformative_bk_Santos (2018)","Uninformative_bk","Santos (2018)",0.01,1,2003,"FFmsy",0.903936516317563,0.165235478364573,1.11527615348096
"Uninformative_bk_Santos (2018)","Uninformative_bk","Santos (2018)",0.01,1,2004,"FFmsy",0.851196005669174,0.154433574873418,1.06059200334346
"Uninformative_bk_Santos (2018)","Uninformative_bk","Santos (2018)",0.01,1,2005,"FFmsy",1.04166842654741,0.190525322131936,1.30237170094779
"Uninformative_bk_Santos (2018)","Uninformative_bk","Santos (2018)",0.01,1,2006,"FFmsy",1.30972451950942,0.228896956950931,1.64974699949853
"Uninformative_bk_Santos (2018)","Uninformative_bk","Santos (2018)",0.01,1,2007,"FFmsy",1.59001828928942,0.251476812476263,2.02490643346436
"Uninformative_bk_Santos (2018)","Uninformative_bk","Santos (2018)",0.01,1,2008,"FFmsy",1.58826660107792,0.214027128918175,2.09619411867709
"Uninformative_bk_Santos (2018)","Uninformative_bk","Santos (2018)",0.01,1,2009,"FFmsy",1.28803624822457,0.160167716538612,1.83206181193556
"Uninformative_bk_Santos (2018)","Uninformative_bk","Santos (2018)",0.01,1,2010,"FFmsy",1.24359649683631,0.15698533370288,1.75601693096604
"Uninformative_bk_Santos (2018)","Uninformative_bk","Santos (2018)",0.01,1,2011,"FFmsy",1.50060034178662,0.191709126226647,2.16638697303339
"Uninformative_bk_Santos (2018)","Uninformative_bk","Santos (2018)",0.01,1,2012,"FFmsy",1.95583505806855,0.232362288601982,3.15310693745213
"Uninformative_bk_Santos (2018)","Uninformative_bk","Santos (2018)",0.01,1,2013,"FFmsy",1.93515943428732,0.195975431867913,4.33285364848337
"Uninformative_bk_Santos (2018)","Uninformative_bk","Santos (2018)",0.01,1,2014,"FFmsy",1.36860186786714,0.126589363972154,4.22892902648949
"Uninformative_bk_Santos (2018)","Uninformative_bk","Santos (2018)",0.01,1,2015,"FFmsy",0.564259535002908,0.0560855680108398,1.67587620418783
"Uninformative_bk_Santos (2018)","Uninformative_bk","Santos (2018)",0.01,1,2016,"FFmsy",0.449437715249744,0.0546190269224984,1.1303998119055
"Uninformative_bk_Santos (2018)","Uninformative_bk","Santos (2018)",0.01,1,2017,"FFmsy",0.377347248719604,0.0528780736734951,1.07016203707973
"Uninformative_bk_Santos (2018)","Uninformative_bk","Santos (2018)",0.01,1,2018,"FFmsy",0.269276125945559,0.0430892205157775,0.765419854669212
"Uninformative_bk_Santos (2018)","Uninformative_bk","Santos (2018)",0.01,1,2019,"FFmsy",0.330605113741294,0.0607268828318721,0.877701400144888
"Uninformative_bk_Santos (2018)","Uninformative_bk","Santos (2018)",0.01,1,2020,"FFmsy",0.149519867635349,0.0302793649412273,0.383456167545493
"Uninformative_bk_Santos (2018)","Uninformative_bk","Santos (2018)",0.01,1,2021,"FFmsy",0.0505619086083052,0.0117704631786912,0.116740296792558
"Uninformative_bk_Santos (2018)","Uninformative_bk","Santos (2018)",0.01,1,2022,"FFmsy",0.0484555504201542,0.0128462034518852,0.103528050458359
"Uninformative_bk_Santos (2018)","Uninformative_bk","Santos (2018)",0.01,1,2023,"FFmsy",0.0606161398390592,0.0178450984547122,0.128714354148503
"Uninformative_bk_Vieira (2019)","Uninformative_bk","Vieira (2019)",0.01,1,1989,"BK",0.65149774429424,0.507311894704675,0.794439229430482
"Uninformative_bk_Vieira (2019)","Uninformative_bk","Vieira (2019)",0.01,1,1990,"BK",0.578322391858014,0.421814269677702,0.721717184502075
"Uninformative_bk_Vieira (2019)","Uninformative_bk","Vieira (2019)",0.01,1,1991,"BK",0.532785398988436,0.364986512388089,0.686328990354242
"Uninformative_bk_Vieira (2019)","Uninformative_bk","Vieira (2019)",0.01,1,1992,"BK",0.536981687348284,0.391814786747689,0.695581869789199
"Uninformative_bk_Vieira (2019)","Uninformative_bk","Vieira (2019)",0.01,1,1993,"BK",0.508527404205554,0.375603984302451,0.706106565816513
"Uninformative_bk_Vieira (2019)","Uninformative_bk","Vieira (2019)",0.01,1,1994,"BK",0.518789473135756,0.401455725875274,0.747249442566313
"Uninformative_bk_Vieira (2019)","Uninformative_bk","Vieira (2019)",0.01,1,1995,"BK",0.502351823690593,0.395788856554589,0.771268423986948
"Uninformative_bk_Vieira (2019)","Uninformative_bk","Vieira (2019)",0.01,1,1996,"BK",0.509346424082191,0.407886432167646,0.80839349838924
"Uninformative_bk_Vieira (2019)","Uninformative_bk","Vieira (2019)",0.01,1,1997,"BK",0.504492988601428,0.408583457400327,0.825214083276239
"Uninformative_bk_Vieira (2019)","Uninformative_bk","Vieira (2019)",0.01,1,1998,"BK",0.439931073304903,0.349485622594718,0.806463651095927
"Uninformative_bk_Vieira (2019)","Uninformative_bk","Vieira (2019)",0.01,1,1999,"BK",0.373485309810176,0.279993194857686,0.784618957246711
"Uninformative_bk_Vieira (2019)","Uninformative_bk","Vieira (2019)",0.01,1,2000,"BK",0.322974863420037,0.23015479943235,0.768571920536608
"Uninformative_bk_Vieira (2019)","Uninformative_bk","Vieira (2019)",0.01,1,2001,"BK",0.320779014513979,0.227794318140957,0.772643801984235
"Uninformative_bk_Vieira (2019)","Uninformative_bk","Vieira (2019)",0.01,1,2002,"BK",0.34808451398243,0.260343344753527,0.79053816088159
"Uninformative_bk_Vieira (2019)","Uninformative_bk","Vieira (2019)",0.01,1,2003,"BK",0.331201791554181,0.243294308392763,0.793499371416706
"Uninformative_bk_Vieira (2019)","Uninformative_bk","Vieira (2019)",0.01,1,2004,"BK",0.335504277464515,0.245686070891358,0.804429142846983
"Uninformative_bk_Vieira (2019)","Uninformative_bk","Vieira (2019)",0.01,1,2005,"BK",0.345150403059775,0.252152941535665,0.813561596572982
"Uninformative_bk_Vieira (2019)","Uninformative_bk","Vieira (2019)",0.01,1,2006,"BK",0.330976170642704,0.237530154278859,0.812908980834568
"Uninformative_bk_Vieira (2019)","Uninformative_bk","Vieira (2019)",0.01,1,2007,"BK",0.294938815703105,0.201198363510088,0.801026691738991
"Uninformative_bk_Vieira (2019)","Uninformative_bk","Vieira (2019)",0.01,1,2008,"BK",0.248131604105062,0.152854823584316,0.780017290754646
"Uninformative_bk_Vieira (2019)","Uninformative_bk","Vieira (2019)",0.01,1,2009,"BK",0.224082997503362,0.127411070383548,0.771749411054698
"Uninformative_bk_Vieira (2019)","Uninformative_bk","Vieira (2019)",0.01,1,2010,"BK",0.23128820227099,0.131935955126429,0.778114403796627
"Uninformative_bk_Vieira (2019)","Uninformative_bk","Vieira (2019)",0.01,1,2011,"BK",0.237826811702818,0.134441676971805,0.788159709098964
"Uninformative_bk_Vieira (2019)","Uninformative_bk","Vieira (2019)",0.01,1,2012,"BK",0.21910563215956,0.11125218599088,0.793966778768561
"Uninformative_bk_Vieira (2019)","Uninformative_bk","Vieira (2019)",0.01,1,2013,"BK",0.177423598300388,0.0672040515574633,0.785913658560133
"Uninformative_bk_Vieira (2019)","Uninformative_bk","Vieira (2019)",0.01,1,2014,"BK",0.160053172539415,0.0418503913102891,0.785817709510873
"Uninformative_bk_Vieira (2019)","Uninformative_bk","Vieira (2019)",0.01,1,2015,"BK",0.179825867407194,0.0519243312499326,0.801182678305054
"Uninformative_bk_Vieira (2019)","Uninformative_bk","Vieira (2019)",0.01,1,2016,"BK",0.237178596216576,0.082500406881291,0.840859306885709
"Uninformative_bk_Vieira (2019)","Uninformative_bk","Vieira (2019)",0.01,1,2017,"BK",0.288269410764832,0.0894596303424169,0.882075665222639
"Uninformative_bk_Vieira (2019)","Uninformative_bk","Vieira (2019)",0.01,1,2018,"BK",0.342549065582428,0.105432546051117,0.90962828904479
"Uninformative_bk_Vieira (2019)","Uninformative_bk","Vieira (2019)",0.01,1,2019,"BK",0.408912292537885,0.149011751995228,0.932288069294826
"Uninformative_bk_Vieira (2019)","Uninformative_bk","Vieira (2019)",0.01,1,2020,"BK",0.464641430775131,0.175515930191085,0.946198114472342
"Uninformative_bk_Vieira (2019)","Uninformative_bk","Vieira (2019)",0.01,1,2021,"BK",0.53957815455194,0.227130897614295,0.960649624230751
"Uninformative_bk_Vieira (2019)","Uninformative_bk","Vieira (2019)",0.01,1,2022,"BK",0.621708077323274,0.303268714570286,0.974711570934853
"Uninformative_bk_Vieira (2019)","Uninformative_bk","Vieira (2019)",0.01,1,2023,"BK",0.699548236062619,0.362580430079555,0.98590782150539
"Uninformative_bk_Vieira (2019)","Uninformative_bk","Vieira (2019)",0.01,1,2024,"BK",0.771228715482825,0.429583625611797,0.990676258483015
"Uninformative_bk_Vieira (2019)","Uninformative_bk","Vieira (2019)",0.01,1,1989,"BBmsy",2.16232349087226,1.41495570877722,3.58722105529099
"Uninformative_bk_Vieira (2019)","Uninformative_bk","Vieira (2019)",0.01,1,1990,"BBmsy",1.90814676243344,1.18556166057896,3.34484579004204
"Uninformative_bk_Vieira (2019)","Uninformative_bk","Vieira (2019)",0.01,1,1991,"BBmsy",1.74924484468762,1.04138989275641,3.20298065723894
"Uninformative_bk_Vieira (2019)","Uninformative_bk","Vieira (2019)",0.01,1,1992,"BBmsy",1.76714871334918,1.12358112694642,3.19202488726983
"Uninformative_bk_Vieira (2019)","Uninformative_bk","Vieira (2019)",0.01,1,1993,"BBmsy",1.66702666265102,1.08791063341345,3.03994773075657
"Uninformative_bk_Vieira (2019)","Uninformative_bk","Vieira (2019)",0.01,1,1994,"BBmsy",1.71207471655682,1.17240843947309,3.05207490291517
"Uninformative_bk_Vieira (2019)","Uninformative_bk","Vieira (2019)",0.01,1,1995,"BBmsy",1.66186493839418,1.17301941914495,3.00459389295672
"Uninformative_bk_Vieira (2019)","Uninformative_bk","Vieira (2019)",0.01,1,1996,"BBmsy",1.6873563911271,1.22727613521296,3.0461800881359
"Uninformative_bk_Vieira (2019)","Uninformative_bk","Vieira (2019)",0.01,1,1997,"BBmsy",1.67211958595029,1.25011297339248,3.05319207265988
"Uninformative_bk_Vieira (2019)","Uninformative_bk","Vieira (2019)",0.01,1,1998,"BBmsy",1.44646989297725,1.09744084361334,2.89031320696982
"Uninformative_bk_Vieira (2019)","Uninformative_bk","Vieira (2019)",0.01,1,1999,"BBmsy",1.22243253723296,0.933530004274757,2.77318723682977
"Uninformative_bk_Vieira (2019)","Uninformative_bk","Vieira (2019)",0.01,1,2000,"BBmsy",1.0527308206804,0.795018745706729,2.69686924057885
"Uninformative_bk_Vieira (2019)","Uninformative_bk","Vieira (2019)",0.01,1,2001,"BBmsy",1.0387385180035,0.808423759431485,2.70369517072605
"Uninformative_bk_Vieira (2019)","Uninformative_bk","Vieira (2019)",0.01,1,2002,"BBmsy",1.12830319786405,0.907958016057574,2.76969713056365
"Uninformative_bk_Vieira (2019)","Uninformative_bk","Vieira (2019)",0.01,1,2003,"BBmsy",1.07549399070544,0.856779134899127,2.77624730216613
"Uninformative_bk_Vieira (2019)","Uninformative_bk","Vieira (2019)",0.01,1,2004,"BBmsy",1.08735150725791,0.869731653380632,2.82462209255097
"Uninformative_bk_Vieira (2019)","Uninformative_bk","Vieira (2019)",0.01,1,2005,"BBmsy",1.11459922532809,0.898317839540736,2.85036615240886
"Uninformative_bk_Vieira (2019)","Uninformative_bk","Vieira (2019)",0.01,1,2006,"BBmsy",1.06622538459865,0.856230595225507,2.84443775380526
"Uninformative_bk_Vieira (2019)","Uninformative_bk","Vieira (2019)",0.01,1,2007,"BBmsy",0.948084840542803,0.746112030295632,2.80641206424539
"Uninformative_bk_Vieira (2019)","Uninformative_bk","Vieira (2019)",0.01,1,2008,"BBmsy",0.790244079046385,0.583950112798923,2.75235478634869
"Uninformative_bk_Vieira (2019)","Uninformative_bk","Vieira (2019)",0.01,1,2009,"BBmsy",0.711250157826152,0.492367191075984,2.71728433121536
"Uninformative_bk_Vieira (2019)","Uninformative_bk","Vieira (2019)",0.01,1,2010,"BBmsy",0.735527350542246,0.521000072815129,2.74097407606495
"Uninformative_bk_Vieira (2019)","Uninformative_bk","Vieira (2019)",0.01,1,2011,"BBmsy",0.75754379533147,0.529410574915704,2.77166883752189
"Uninformative_bk_Vieira (2019)","Uninformative_bk","Vieira (2019)",0.01,1,2012,"BBmsy",0.704897288038401,0.439475742026891,2.78189788052017
"Uninformative_bk_Vieira (2019)","Uninformative_bk","Vieira (2019)",0.01,1,2013,"BBmsy",0.578856591776273,0.249004156328671,2.76201174808321
"Uninformative_bk_Vieira (2019)","Uninformative_bk","Vieira (2019)",0.01,1,2014,"BBmsy",0.522082319181226,0.153346380809555,2.76040074252318
"Uninformative_bk_Vieira (2019)","Uninformative_bk","Vieira (2019)",0.01,1,2015,"BBmsy",0.589519396274094,0.202417014199451,2.80063332496929
"Uninformative_bk_Vieira (2019)","Uninformative_bk","Vieira (2019)",0.01,1,2016,"BBmsy",0.782138132623598,0.306635332470171,2.94049754579305
"Uninformative_bk_Vieira (2019)","Uninformative_bk","Vieira (2019)",0.01,1,2017,"BBmsy",0.951812678666549,0.336457662963605,3.07771903239771
"Uninformative_bk_Vieira (2019)","Uninformative_bk","Vieira (2019)",0.01,1,2018,"BBmsy",1.13500294068735,0.396390723007968,3.21282061935057
"Uninformative_bk_Vieira (2019)","Uninformative_bk","Vieira (2019)",0.01,1,2019,"BBmsy",1.34298240536729,0.534292927102444,3.35233319267199
"Uninformative_bk_Vieira (2019)","Uninformative_bk","Vieira (2019)",0.01,1,2020,"BBmsy",1.54047455317957,0.637546712596559,3.45215576953731
"Uninformative_bk_Vieira (2019)","Uninformative_bk","Vieira (2019)",0.01,1,2021,"BBmsy",1.80671137237705,0.812248980888296,3.55888812663745
"Uninformative_bk_Vieira (2019)","Uninformative_bk","Vieira (2019)",0.01,1,2022,"BBmsy",2.08192117731728,1.02623117227356,3.69252064338786
"Uninformative_bk_Vieira (2019)","Uninformative_bk","Vieira (2019)",0.01,1,2023,"BBmsy",2.34013645572848,1.23957796677589,3.84425611157333
"Uninformative_bk_Vieira (2019)","Uninformative_bk","Vieira (2019)",0.01,1,2024,"BBmsy",2.53750278553358,1.46092389541744,3.96403067216295
"Uninformative_bk_Vieira (2019)","Uninformative_bk","Vieira (2019)",0.01,1,1989,"FFmsy",0.375985509082875,0.140681675242726,0.59063670518227
"Uninformative_bk_Vieira (2019)","Uninformative_bk","Vieira (2019)",0.01,1,1990,"FFmsy",0.25917642255823,0.0882120540999477,0.424038340999211
"Uninformative_bk_Vieira (2019)","Uninformative_bk","Vieira (2019)",0.01,1,1991,"FFmsy",0.359198573580049,0.115064903822901,0.616790992168876
"Uninformative_bk_Vieira (2019)","Uninformative_bk","Vieira (2019)",0.01,1,1992,"FFmsy",0.617469138646441,0.190212241721386,0.980564194980237
"Uninformative_bk_Vieira (2019)","Uninformative_bk","Vieira (2019)",0.01,1,1993,"FFmsy",0.434720332264248,0.119396076523451,0.667901848017814
"Uninformative_bk_Vieira (2019)","Uninformative_bk","Vieira (2019)",0.01,1,1994,"FFmsy",0.586167302475833,0.153109833660853,0.851611534857585
"Uninformative_bk_Vieira (2019)","Uninformative_bk","Vieira (2019)",0.01,1,1995,"FFmsy",0.493314613686658,0.120760442216168,0.694758420808289
"Uninformative_bk_Vieira (2019)","Uninformative_bk","Vieira (2019)",0.01,1,1996,"FFmsy",0.538359532366913,0.131235889249787,0.739863389740898
"Uninformative_bk_Vieira (2019)","Uninformative_bk","Vieira (2019)",0.01,1,1997,"FFmsy",0.919243929574276,0.219501370805462,1.24113472684027
"Uninformative_bk_Vieira (2019)","Uninformative_bk","Vieira (2019)",0.01,1,1998,"FFmsy",1.07286304825342,0.228690335782117,1.4142513920024
"Uninformative_bk_Vieira (2019)","Uninformative_bk","Vieira (2019)",0.01,1,1999,"FFmsy",1.15475281747025,0.214143696945067,1.49256861342093
"Uninformative_bk_Vieira (2019)","Uninformative_bk","Vieira (2019)",0.01,1,2000,"FFmsy",0.929909703145253,0.149819411308991,1.19693380216719
"Uninformative_bk_Vieira (2019)","Uninformative_bk","Vieira (2019)",0.01,1,2001,"FFmsy",0.694325840718525,0.110132713370798,0.869925089367582
"Uninformative_bk_Vieira (2019)","Uninformative_bk","Vieira (2019)",0.01,1,2002,"FFmsy",1.03609169341491,0.173887001767591,1.27523570457237
"Uninformative_bk_Vieira (2019)","Uninformative_bk","Vieira (2019)",0.01,1,2003,"FFmsy",0.89375767411615,0.141780825309911,1.10337720519085
"Uninformative_bk_Vieira (2019)","Uninformative_bk","Vieira (2019)",0.01,1,2004,"FFmsy",0.839542643486878,0.134073264393124,1.0428485678893
"Uninformative_bk_Vieira (2019)","Uninformative_bk","Vieira (2019)",0.01,1,2005,"FFmsy",1.02126776966688,0.166247663490325,1.2787665719078
"Uninformative_bk_Vieira (2019)","Uninformative_bk","Vieira (2019)",0.01,1,2006,"FFmsy",1.28045009444444,0.200307534565722,1.61915317906232
"Uninformative_bk_Vieira (2019)","Uninformative_bk","Vieira (2019)",0.01,1,2007,"FFmsy",1.57065783578177,0.220410941795263,2.00183807485648
"Uninformative_bk_Vieira (2019)","Uninformative_bk","Vieira (2019)",0.01,1,2008,"FFmsy",1.57919332860036,0.187939128521467,2.10455910317562
"Uninformative_bk_Vieira (2019)","Uninformative_bk","Vieira (2019)",0.01,1,2009,"FFmsy",1.29935469007735,0.140697000617039,1.85971639008929
"Uninformative_bk_Vieira (2019)","Uninformative_bk","Vieira (2019)",0.01,1,2010,"FFmsy",1.24040016049015,0.137897925359151,1.76777703997539
"Uninformative_bk_Vieira (2019)","Uninformative_bk","Vieira (2019)",0.01,1,2011,"FFmsy",1.4814417411133,0.168603312292565,2.16646515391218
"Uninformative_bk_Vieira (2019)","Uninformative_bk","Vieira (2019)",0.01,1,2012,"FFmsy",1.95160703276462,0.205332091640943,3.18821722767465
"Uninformative_bk_Vieira (2019)","Uninformative_bk","Vieira (2019)",0.01,1,2013,"FFmsy",1.99918914895275,0.173549839806384,4.57101148384574
"Uninformative_bk_Vieira (2019)","Uninformative_bk","Vieira (2019)",0.01,1,2014,"FFmsy",1.43790931059592,0.112131248564934,4.83913248179841
"Uninformative_bk_Vieira (2019)","Uninformative_bk","Vieira (2019)",0.01,1,2015,"FFmsy",0.571345064114681,0.0497116952882659,1.69580658775783
"Uninformative_bk_Vieira (2019)","Uninformative_bk","Vieira (2019)",0.01,1,2016,"FFmsy",0.437594597227383,0.0480684928931761,1.10709996728002
"Uninformative_bk_Vieira (2019)","Uninformative_bk","Vieira (2019)",0.01,1,2017,"FFmsy",0.359721461597765,0.0466023465659548,1.04250989155916
"Uninformative_bk_Vieira (2019)","Uninformative_bk","Vieira (2019)",0.01,1,2018,"FFmsy",0.25549709193589,0.0380689798476195,0.747398581244246
"Uninformative_bk_Vieira (2019)","Uninformative_bk","Vieira (2019)",0.01,1,2019,"FFmsy",0.309885916919721,0.0537426173354576,0.804062636594601
"Uninformative_bk_Vieira (2019)","Uninformative_bk","Vieira (2019)",0.01,1,2020,"FFmsy",0.137408524603807,0.0266813477980404,0.347611338399645
"Uninformative_bk_Vieira (2019)","Uninformative_bk","Vieira (2019)",0.01,1,2021,"FFmsy",0.0459893498018967,0.0102407476227444,0.106922029344119
"Uninformative_bk_Vieira (2019)","Uninformative_bk","Vieira (2019)",0.01,1,2022,"FFmsy",0.0436092215638929,0.0110385560873623,0.0921212968565505
"Uninformative_bk_Vieira (2019)","Uninformative_bk","Vieira (2019)",0.01,1,2023,"FFmsy",0.0547970081162265,0.0153194263492538,0.108644524534105
"zBRT_Jardim (1999)","zBRT","Jardim (1999)",0.01,0.44,1989,"BK",0.655515694885343,0.509295272506638,0.79410544917079
"zBRT_Jardim (1999)","zBRT","Jardim (1999)",0.01,0.44,1990,"BK",0.592531660641073,0.441024174630893,0.728071516792449
"zBRT_Jardim (1999)","zBRT","Jardim (1999)",0.01,0.44,1991,"BK",0.552282880383123,0.398484098874058,0.695863189717827
"zBRT_Jardim (1999)","zBRT","Jardim (1999)",0.01,0.44,1992,"BK",0.549425660945712,0.411028914958697,0.676964266225867
"zBRT_Jardim (1999)","zBRT","Jardim (1999)",0.01,0.44,1993,"BK",0.513216254526718,0.39239544374629,0.632715339023115
"zBRT_Jardim (1999)","zBRT","Jardim (1999)",0.01,0.44,1994,"BK",0.513321040918382,0.404901460522663,0.61606484765476
"zBRT_Jardim (1999)","zBRT","Jardim (1999)",0.01,0.44,1995,"BK",0.491559995229282,0.391520284881529,0.586743896969016
"zBRT_Jardim (1999)","zBRT","Jardim (1999)",0.01,0.44,1996,"BK",0.488777290663352,0.390605574397245,0.57434396519823
"zBRT_Jardim (1999)","zBRT","Jardim (1999)",0.01,0.44,1997,"BK",0.477830310878159,0.383851401107324,0.559078540143512
"zBRT_Jardim (1999)","zBRT","Jardim (1999)",0.01,0.44,1998,"BK",0.416988750222495,0.337784250911209,0.504255938125368
"zBRT_Jardim (1999)","zBRT","Jardim (1999)",0.01,0.44,1999,"BK",0.357190438501615,0.283093862123376,0.449689029704341
"zBRT_Jardim (1999)","zBRT","Jardim (1999)",0.01,0.44,2000,"BK",0.310049725866427,0.241031328498371,0.408649521304184
"zBRT_Jardim (1999)","zBRT","Jardim (1999)",0.01,0.44,2001,"BK",0.302615726055656,0.235100399454632,0.395889275270071
"zBRT_Jardim (1999)","zBRT","Jardim (1999)",0.01,0.44,2002,"BK",0.31675266528221,0.251400286013991,0.407025467389607
"zBRT_Jardim (1999)","zBRT","Jardim (1999)",0.01,0.44,2003,"BK",0.297201969963361,0.233600757353861,0.384333607737457
"zBRT_Jardim (1999)","zBRT","Jardim (1999)",0.01,0.44,2004,"BK",0.293925773432668,0.230559074403141,0.377963614134317
"zBRT_Jardim (1999)","zBRT","Jardim (1999)",0.01,0.44,2005,"BK",0.294528605308841,0.229231379587107,0.376587930704508
"zBRT_Jardim (1999)","zBRT","Jardim (1999)",0.01,0.44,2006,"BK",0.276858866673602,0.212992414491977,0.35745409383465
"zBRT_Jardim (1999)","zBRT","Jardim (1999)",0.01,0.44,2007,"BK",0.240925450332515,0.179766207768393,0.324246211842987
"zBRT_Jardim (1999)","zBRT","Jardim (1999)",0.01,0.44,2008,"BK",0.19579828795088,0.137960769132808,0.283060932534656
"zBRT_Jardim (1999)","zBRT","Jardim (1999)",0.01,0.44,2009,"BK",0.170122223860786,0.113520306240032,0.258848780052509
"zBRT_Jardim (1999)","zBRT","Jardim (1999)",0.01,0.44,2010,"BK",0.16894993403436,0.113817411325868,0.25262605866516
"zBRT_Jardim (1999)","zBRT","Jardim (1999)",0.01,0.44,2011,"BK",0.166730802345506,0.109490503792448,0.245800210872532
"zBRT_Jardim (1999)","zBRT","Jardim (1999)",0.01,0.44,2012,"BK",0.14380953857294,0.0900719699763542,0.224263053666494
"zBRT_Jardim (1999)","zBRT","Jardim (1999)",0.01,0.44,2013,"BK",0.101302356303137,0.0550618624445963,0.187077976621897
"zBRT_Jardim (1999)","zBRT","Jardim (1999)",0.01,0.44,2014,"BK",0.0782642152037248,0.0307961804740046,0.169950277678448
"zBRT_Jardim (1999)","zBRT","Jardim (1999)",0.01,0.44,2015,"BK",0.0819773707262708,0.0311648716480095,0.174632196447308
"zBRT_Jardim (1999)","zBRT","Jardim (1999)",0.01,0.44,2016,"BK",0.108698744884981,0.0478447400740006,0.198642414865136
"zBRT_Jardim (1999)","zBRT","Jardim (1999)",0.01,0.44,2017,"BK",0.126463990582229,0.0475611622311516,0.223576302103414
"zBRT_Jardim (1999)","zBRT","Jardim (1999)",0.01,0.44,2018,"BK",0.145564216827732,0.0487995384092808,0.251206716417781
"zBRT_Jardim (1999)","zBRT","Jardim (1999)",0.01,0.44,2019,"BK",0.179453881001037,0.0640656266505222,0.280349506992238
"zBRT_Jardim (1999)","zBRT","Jardim (1999)",0.01,0.44,2020,"BK",0.207171198856788,0.0622052510303371,0.30313459382651
"zBRT_Jardim (1999)","zBRT","Jardim (1999)",0.01,0.44,2021,"BK",0.25313480681942,0.0786619582006176,0.338849009817811
"zBRT_Jardim (1999)","zBRT","Jardim (1999)",0.01,0.44,2022,"BK",0.316735508242041,0.112255354963229,0.384117454469948
"zBRT_Jardim (1999)","zBRT","Jardim (1999)",0.01,0.44,2023,"BK",0.375654043152401,0.141745743637438,0.437281444796333
"zBRT_Jardim (1999)","zBRT","Jardim (1999)",0.01,0.44,2024,"BK",0.432274814668835,0.173924336932687,0.507277221765766
"zBRT_Jardim (1999)","zBRT","Jardim (1999)",0.01,0.44,1989,"BBmsy",2.38931858129545,1.35099491838974,4.49862218092876
"zBRT_Jardim (1999)","zBRT","Jardim (1999)",0.01,0.44,1990,"BBmsy",2.13213358085515,1.19074518936756,4.186682707249
"zBRT_Jardim (1999)","zBRT","Jardim (1999)",0.01,0.44,1991,"BBmsy",1.980483029118,1.09589354484067,4.00644281196439
"zBRT_Jardim (1999)","zBRT","Jardim (1999)",0.01,0.44,1992,"BBmsy",1.96868765311392,1.13516465427206,3.93371232180786
"zBRT_Jardim (1999)","zBRT","Jardim (1999)",0.01,0.44,1993,"BBmsy",1.84294859151359,1.09722580192181,3.70023077663339
"zBRT_Jardim (1999)","zBRT","Jardim (1999)",0.01,0.44,1994,"BBmsy",1.83428032157775,1.12921834166578,3.59242177864308
"zBRT_Jardim (1999)","zBRT","Jardim (1999)",0.01,0.44,1995,"BBmsy",1.75041840260918,1.11767579588753,3.38899009887987
"zBRT_Jardim (1999)","zBRT","Jardim (1999)",0.01,0.44,1996,"BBmsy",1.73086826323858,1.14481058742628,3.29237771707286
"zBRT_Jardim (1999)","zBRT","Jardim (1999)",0.01,0.44,1997,"BBmsy",1.6886975581775,1.15366099420889,3.17255809061684
"zBRT_Jardim (1999)","zBRT","Jardim (1999)",0.01,0.44,1998,"BBmsy",1.48160304170708,1.03418389726228,2.83316536491951
"zBRT_Jardim (1999)","zBRT","Jardim (1999)",0.01,0.44,1999,"BBmsy",1.26027650450677,0.918071717932692,2.51190539577491
"zBRT_Jardim (1999)","zBRT","Jardim (1999)",0.01,0.44,2000,"BBmsy",1.08552065555576,0.812525543829381,2.2593145760243
"zBRT_Jardim (1999)","zBRT","Jardim (1999)",0.01,0.44,2001,"BBmsy",1.05495154231129,0.812285803719225,2.1558456560141
"zBRT_Jardim (1999)","zBRT","Jardim (1999)",0.01,0.44,2002,"BBmsy",1.10976166381531,0.867790240667855,2.15987223723844
"zBRT_Jardim (1999)","zBRT","Jardim (1999)",0.01,0.44,2003,"BBmsy",1.03808817476505,0.823849008069159,2.00079582557413
"zBRT_Jardim (1999)","zBRT","Jardim (1999)",0.01,0.44,2004,"BBmsy",1.02667594400397,0.819145127464738,1.94126870093564
"zBRT_Jardim (1999)","zBRT","Jardim (1999)",0.01,0.44,2005,"BBmsy",1.02533361275363,0.827598672755442,1.90669853915916
"zBRT_Jardim (1999)","zBRT","Jardim (1999)",0.01,0.44,2006,"BBmsy",0.962257956449135,0.788549355733433,1.7988463704095
"zBRT_Jardim (1999)","zBRT","Jardim (1999)",0.01,0.44,2007,"BBmsy",0.832663131610651,0.704670474425824,1.57644084584192
"zBRT_Jardim (1999)","zBRT","Jardim (1999)",0.01,0.44,2008,"BBmsy",0.667542780808613,0.571559109932855,1.36796258229966
"zBRT_Jardim (1999)","zBRT","Jardim (1999)",0.01,0.44,2009,"BBmsy",0.578697966337748,0.488736436904631,1.2359466436617
"zBRT_Jardim (1999)","zBRT","Jardim (1999)",0.01,0.44,2010,"BBmsy",0.571858154407594,0.497644129351175,1.22259111739233
"zBRT_Jardim (1999)","zBRT","Jardim (1999)",0.01,0.44,2011,"BBmsy",0.563043368545177,0.482225909498405,1.2162967842164
"zBRT_Jardim (1999)","zBRT","Jardim (1999)",0.01,0.44,2012,"BBmsy",0.487186521483559,0.398887362648672,1.15242868796398
"zBRT_Jardim (1999)","zBRT","Jardim (1999)",0.01,0.44,2013,"BBmsy",0.347305035667413,0.225128389444746,1.01035461745616
"zBRT_Jardim (1999)","zBRT","Jardim (1999)",0.01,0.44,2014,"BBmsy",0.261360209027062,0.1215907883445,0.941860571636386
"zBRT_Jardim (1999)","zBRT","Jardim (1999)",0.01,0.44,2015,"BBmsy",0.277337450424585,0.136586614696397,0.978045778482839
"zBRT_Jardim (1999)","zBRT","Jardim (1999)",0.01,0.44,2016,"BBmsy",0.373228916427815,0.195168418658189,1.10749725047575
"zBRT_Jardim (1999)","zBRT","Jardim (1999)",0.01,0.44,2017,"BBmsy",0.431957256403036,0.189592850782682,1.25156307747059
"zBRT_Jardim (1999)","zBRT","Jardim (1999)",0.01,0.44,2018,"BBmsy",0.496319935940098,0.185661216445068,1.39828518927929
"zBRT_Jardim (1999)","zBRT","Jardim (1999)",0.01,0.44,2019,"BBmsy",0.616177632382086,0.225813732667855,1.5635139129891
"zBRT_Jardim (1999)","zBRT","Jardim (1999)",0.01,0.44,2020,"BBmsy",0.719412650659959,0.226514570263612,1.66721677009447
"zBRT_Jardim (1999)","zBRT","Jardim (1999)",0.01,0.44,2021,"BBmsy",0.881362827581356,0.275225434558309,1.8645490975211
"zBRT_Jardim (1999)","zBRT","Jardim (1999)",0.01,0.44,2022,"BBmsy",1.08778990340645,0.417591216273168,2.08904183968582
"zBRT_Jardim (1999)","zBRT","Jardim (1999)",0.01,0.44,2023,"BBmsy",1.31275252651523,0.538036279469589,2.3600069565534
"zBRT_Jardim (1999)","zBRT","Jardim (1999)",0.01,0.44,2024,"BBmsy",1.51979631315622,0.657652588133855,2.6092065740855
"zBRT_Jardim (1999)","zBRT","Jardim (1999)",0.01,0.44,1989,"FFmsy",0.401200343564217,0.230784271784506,0.669403907450219
"zBRT_Jardim (1999)","zBRT","Jardim (1999)",0.01,0.44,1990,"FFmsy",0.267395204907814,0.148744312006273,0.459488542026319
"zBRT_Jardim (1999)","zBRT","Jardim (1999)",0.01,0.44,1991,"FFmsy",0.364477487778569,0.196617618351892,0.636160323140086
"zBRT_Jardim (1999)","zBRT","Jardim (1999)",0.01,0.44,1992,"FFmsy",0.630803385553116,0.348532563893035,1.04452629132646
"zBRT_Jardim (1999)","zBRT","Jardim (1999)",0.01,0.44,1993,"FFmsy",0.445110636781736,0.243877811304904,0.710145862567563
"zBRT_Jardim (1999)","zBRT","Jardim (1999)",0.01,0.44,1994,"FFmsy",0.610024665030505,0.344000348085128,0.929583621058682
"zBRT_Jardim (1999)","zBRT","Jardim (1999)",0.01,0.44,1995,"FFmsy",0.519609612933966,0.297171590974823,0.765671010673202
"zBRT_Jardim (1999)","zBRT","Jardim (1999)",0.01,0.44,1996,"FFmsy",0.581320169042299,0.338415020672774,0.827307510903714
"zBRT_Jardim (1999)","zBRT","Jardim (1999)",0.01,0.44,1997,"FFmsy",1.01195804460397,0.59738879015549,1.40360773811735
"zBRT_Jardim (1999)","zBRT","Jardim (1999)",0.01,0.44,1998,"FFmsy",1.16876313397615,0.682520483134002,1.57275567615095
"zBRT_Jardim (1999)","zBRT","Jardim (1999)",0.01,0.44,1999,"FFmsy",1.23217134307419,0.686253335281556,1.61473444363269
"zBRT_Jardim (1999)","zBRT","Jardim (1999)",0.01,0.44,2000,"FFmsy",0.981167838689614,0.528245325549994,1.23204502047207
"zBRT_Jardim (1999)","zBRT","Jardim (1999)",0.01,0.44,2001,"FFmsy",0.747911252411487,0.406826528981972,0.914291772431203
"zBRT_Jardim (1999)","zBRT","Jardim (1999)",0.01,0.44,2002,"FFmsy",1.15710506796536,0.657611712209826,1.40465976984996
"zBRT_Jardim (1999)","zBRT","Jardim (1999)",0.01,0.44,2003,"FFmsy",1.01111794698979,0.573775944155847,1.21309250549072
"zBRT_Jardim (1999)","zBRT","Jardim (1999)",0.01,0.44,2004,"FFmsy",0.968350949627944,0.560276216798296,1.16093291742116
"zBRT_Jardim (1999)","zBRT","Jardim (1999)",0.01,0.44,2005,"FFmsy",1.20489508546183,0.711643014738068,1.44943679674196
"zBRT_Jardim (1999)","zBRT","Jardim (1999)",0.01,0.44,2006,"FFmsy",1.54880111206849,0.906258597493669,1.84962036794009
"zBRT_Jardim (1999)","zBRT","Jardim (1999)",0.01,0.44,2007,"FFmsy",1.94544141837851,1.08827703103228,2.2625505527927
"zBRT_Jardim (1999)","zBRT","Jardim (1999)",0.01,0.44,2008,"FFmsy",2.02937284352299,1.02915155287021,2.3017815630638
"zBRT_Jardim (1999)","zBRT","Jardim (1999)",0.01,0.44,2009,"FFmsy",1.7352494063663,0.836111992230891,1.99518347722207
"zBRT_Jardim (1999)","zBRT","Jardim (1999)",0.01,0.44,2010,"FFmsy",1.71969032018169,0.845243376255447,2.01699516287241
"zBRT_Jardim (1999)","zBRT","Jardim (1999)",0.01,0.44,2011,"FFmsy",2.15114777705322,1.06417374728824,2.58253473435351
"zBRT_Jardim (1999)","zBRT","Jardim (1999)",0.01,0.44,2012,"FFmsy",3.04592766330561,1.39031517360998,3.83210857115094
"zBRT_Jardim (1999)","zBRT","Jardim (1999)",0.01,0.44,2013,"FFmsy",3.63191084181841,1.3157552037581,5.47359875900017
"zBRT_Jardim (1999)","zBRT","Jardim (1999)",0.01,0.44,2014,"FFmsy",3.08515362980331,0.920884610802196,6.64374196870782
"zBRT_Jardim (1999)","zBRT","Jardim (1999)",0.01,0.44,2015,"FFmsy",1.3051538222797,0.411121809544216,2.74378678618149
"zBRT_Jardim (1999)","zBRT","Jardim (1999)",0.01,0.44,2016,"FFmsy",0.97970902446002,0.352847740960189,1.96676188253738
"zBRT_Jardim (1999)","zBRT","Jardim (1999)",0.01,0.44,2017,"FFmsy",0.862305719399227,0.316474906944064,2.08648918172287
"zBRT_Jardim (1999)","zBRT","Jardim (1999)",0.01,0.44,2018,"FFmsy",0.632590979066618,0.240945200067484,1.82286186698874
"zBRT_Jardim (1999)","zBRT","Jardim (1999)",0.01,0.44,2019,"FFmsy",0.74065800080447,0.315093492124696,2.05612842939763
"zBRT_Jardim (1999)","zBRT","Jardim (1999)",0.01,0.44,2020,"FFmsy",0.329759362381879,0.145429599787208,1.05955283066729
"zBRT_Jardim (1999)","zBRT","Jardim (1999)",0.01,0.44,2021,"FFmsy",0.103917132270793,0.0518755484480368,0.317692873602645
"zBRT_Jardim (1999)","zBRT","Jardim (1999)",0.01,0.44,2022,"FFmsy",0.0921780906089969,0.0496810892206519,0.246912441311974
"zBRT_Jardim (1999)","zBRT","Jardim (1999)",0.01,0.44,2023,"FFmsy",0.108910067195808,0.0616301102245088,0.266300246545378
"zBRT_Santos (2018)","zBRT","Santos (2018)",0.01,0.44,1989,"BK",0.6581200663906,0.508297734122241,0.793944099322048
"zBRT_Santos (2018)","zBRT","Santos (2018)",0.01,0.44,1990,"BK",0.591376847673571,0.437316530313289,0.727209440767432
"zBRT_Santos (2018)","zBRT","Santos (2018)",0.01,0.44,1991,"BK",0.548153136831873,0.394332247683187,0.692830824335284
"zBRT_Santos (2018)","zBRT","Santos (2018)",0.01,0.44,1992,"BK",0.545275788500575,0.40307580661685,0.676538613431864
"zBRT_Santos (2018)","zBRT","Santos (2018)",0.01,0.44,1993,"BK",0.514656978960232,0.382545991341237,0.636308046913916
"zBRT_Santos (2018)","zBRT","Santos (2018)",0.01,0.44,1994,"BK",0.514918218761677,0.398417537775357,0.619622085966503
"zBRT_Santos (2018)","zBRT","Santos (2018)",0.01,0.44,1995,"BK",0.493266993112805,0.386981102492045,0.589285061764791
"zBRT_Santos (2018)","zBRT","Santos (2018)",0.01,0.44,1996,"BK",0.49028569288541,0.387749938326588,0.577958290593675
"zBRT_Santos (2018)","zBRT","Santos (2018)",0.01,0.44,1997,"BK",0.479520238491862,0.380802247703933,0.56342455924687
"zBRT_Santos (2018)","zBRT","Santos (2018)",0.01,0.44,1998,"BK",0.418966477425859,0.332923920483239,0.505606032317847
"zBRT_Santos (2018)","zBRT","Santos (2018)",0.01,0.44,1999,"BK",0.356076872843274,0.27591125601105,0.449003207274245
"zBRT_Santos (2018)","zBRT","Santos (2018)",0.01,0.44,2000,"BK",0.309234863081622,0.228074178159884,0.40776808288622
"zBRT_Santos (2018)","zBRT","Santos (2018)",0.01,0.44,2001,"BK",0.300133771889098,0.224519209982045,0.396874543333655
"zBRT_Santos (2018)","zBRT","Santos (2018)",0.01,0.44,2002,"BK",0.31458410092194,0.244100682866149,0.402867507006275
"zBRT_Santos (2018)","zBRT","Santos (2018)",0.01,0.44,2003,"BK",0.294318715241197,0.226477605649583,0.383349332671885
"zBRT_Santos (2018)","zBRT","Santos (2018)",0.01,0.44,2004,"BK",0.292458803245742,0.222781982525173,0.376725958077152
"zBRT_Santos (2018)","zBRT","Santos (2018)",0.01,0.44,2005,"BK",0.292567876972694,0.224024390181598,0.375187565626564
"zBRT_Santos (2018)","zBRT","Santos (2018)",0.01,0.44,2006,"BK",0.274348890902383,0.209253613295521,0.356744030268409
"zBRT_Santos (2018)","zBRT","Santos (2018)",0.01,0.44,2007,"BK",0.238698387293018,0.175979436451961,0.323871967667087
"zBRT_Santos (2018)","zBRT","Santos (2018)",0.01,0.44,2008,"BK",0.191683696856306,0.132822965801269,0.278408328497333
"zBRT_Santos (2018)","zBRT","Santos (2018)",0.01,0.44,2009,"BK",0.165043301330296,0.107528786172406,0.252896086220479
"zBRT_Santos (2018)","zBRT","Santos (2018)",0.01,0.44,2010,"BK",0.164601166073464,0.108851663365414,0.252229863438517
"zBRT_Santos (2018)","zBRT","Santos (2018)",0.01,0.44,2011,"BK",0.162378893654291,0.110724729434817,0.244035014582479
"zBRT_Santos (2018)","zBRT","Santos (2018)",0.01,0.44,2012,"BK",0.139676103362854,0.0924385554532218,0.226987860133124
"zBRT_Santos (2018)","zBRT","Santos (2018)",0.01,0.44,2013,"BK",0.096316658342425,0.0505486312530081,0.196699630030286
"zBRT_Santos (2018)","zBRT","Santos (2018)",0.01,0.44,2014,"BK",0.0708030989955936,0.0284825007337096,0.173483820329257
"zBRT_Santos (2018)","zBRT","Santos (2018)",0.01,0.44,2015,"BK",0.076078302209606,0.0357299789249615,0.177600716053784
"zBRT_Santos (2018)","zBRT","Santos (2018)",0.01,0.44,2016,"BK",0.104199311721142,0.053873824823056,0.200682939251243
"zBRT_Santos (2018)","zBRT","Santos (2018)",0.01,0.44,2017,"BK",0.122885224565167,0.051948102944558,0.225047891529541
"zBRT_Santos (2018)","zBRT","Santos (2018)",0.01,0.44,2018,"BK",0.144164477263121,0.0519685935039893,0.250017351188755
"zBRT_Santos (2018)","zBRT","Santos (2018)",0.01,0.44,2019,"BK",0.178176659267604,0.0661282218241293,0.274559633196903
"zBRT_Santos (2018)","zBRT","Santos (2018)",0.01,0.44,2020,"BK",0.205386866903878,0.0642412974106061,0.295144546785421
"zBRT_Santos (2018)","zBRT","Santos (2018)",0.01,0.44,2021,"BK",0.251779451201459,0.0860489367141676,0.332163775514608
"zBRT_Santos (2018)","zBRT","Santos (2018)",0.01,0.44,2022,"BK",0.317255076604547,0.123253126477962,0.37766201752824
"zBRT_Santos (2018)","zBRT","Santos (2018)",0.01,0.44,2023,"BK",0.381173347283714,0.160083518336442,0.437942045113829
"zBRT_Santos (2018)","zBRT","Santos (2018)",0.01,0.44,2024,"BK",0.434360343686589,0.191079685598375,0.514250929912124
"zBRT_Santos (2018)","zBRT","Santos (2018)",0.01,0.44,1989,"BBmsy",2.40305489682444,1.37655331408127,4.14855728941792
"zBRT_Santos (2018)","zBRT","Santos (2018)",0.01,0.44,1990,"BBmsy",2.14912356586904,1.18909903703873,3.86678134892716
"zBRT_Santos (2018)","zBRT","Santos (2018)",0.01,0.44,1991,"BBmsy",1.99933586423281,1.07192716739263,3.71996655972313
"zBRT_Santos (2018)","zBRT","Santos (2018)",0.01,0.44,1992,"BBmsy",1.97711952054719,1.12560676659742,3.62783480510664
"zBRT_Santos (2018)","zBRT","Santos (2018)",0.01,0.44,1993,"BBmsy",1.84487929143778,1.08597168697985,3.39571472574997
"zBRT_Santos (2018)","zBRT","Santos (2018)",0.01,0.44,1994,"BBmsy",1.83605851438678,1.13756358558459,3.31048647525463
"zBRT_Santos (2018)","zBRT","Santos (2018)",0.01,0.44,1995,"BBmsy",1.75969993084699,1.12406270230233,3.13664728605384
"zBRT_Santos (2018)","zBRT","Santos (2018)",0.01,0.44,1996,"BBmsy",1.73863274800912,1.15868159658662,3.04756876004603
"zBRT_Santos (2018)","zBRT","Santos (2018)",0.01,0.44,1997,"BBmsy",1.69720078579595,1.16404679852417,2.9342738787528
"zBRT_Santos (2018)","zBRT","Santos (2018)",0.01,0.44,1998,"BBmsy",1.48702844129781,1.04157638088677,2.6346365011301
"zBRT_Santos (2018)","zBRT","Santos (2018)",0.01,0.44,1999,"BBmsy",1.26638447269854,0.902815444713852,2.39342197149015
"zBRT_Santos (2018)","zBRT","Santos (2018)",0.01,0.44,2000,"BBmsy",1.09759914343399,0.797603583312922,2.14807536417135
"zBRT_Santos (2018)","zBRT","Santos (2018)",0.01,0.44,2001,"BBmsy",1.06667672392658,0.804122613832399,2.03913302827602
"zBRT_Santos (2018)","zBRT","Santos (2018)",0.01,0.44,2002,"BBmsy",1.11328406924531,0.863545724336287,2.04052902827671
"zBRT_Santos (2018)","zBRT","Santos (2018)",0.01,0.44,2003,"BBmsy",1.04367401874763,0.814778173298262,1.90492830018709
"zBRT_Santos (2018)","zBRT","Santos (2018)",0.01,0.44,2004,"BBmsy",1.03333998854142,0.819671499200716,1.83565985388092
"zBRT_Santos (2018)","zBRT","Santos (2018)",0.01,0.44,2005,"BBmsy",1.03725423883779,0.828626532629397,1.79020539200455
"zBRT_Santos (2018)","zBRT","Santos (2018)",0.01,0.44,2006,"BBmsy",0.974127758969458,0.792755844119646,1.68916665413904
"zBRT_Santos (2018)","zBRT","Santos (2018)",0.01,0.44,2007,"BBmsy",0.840011334606091,0.701060364198056,1.49092520100339
"zBRT_Santos (2018)","zBRT","Santos (2018)",0.01,0.44,2008,"BBmsy",0.669795588976405,0.562883242867441,1.27375535916399
"zBRT_Santos (2018)","zBRT","Santos (2018)",0.01,0.44,2009,"BBmsy",0.57956629824434,0.476811391577782,1.11232782966274
"zBRT_Santos (2018)","zBRT","Santos (2018)",0.01,0.44,2010,"BBmsy",0.575073463203544,0.489763207067211,1.08062689373718
"zBRT_Santos (2018)","zBRT","Santos (2018)",0.01,0.44,2011,"BBmsy",0.564955579307352,0.475015598267783,1.05470899650248
"zBRT_Santos (2018)","zBRT","Santos (2018)",0.01,0.44,2012,"BBmsy",0.487517114067558,0.392280405396976,0.980219077887473
"zBRT_Santos (2018)","zBRT","Santos (2018)",0.01,0.44,2013,"BBmsy",0.340895830141026,0.221699355010977,0.880940367593513
"zBRT_Santos (2018)","zBRT","Santos (2018)",0.01,0.44,2014,"BBmsy",0.255795394996378,0.118789444178335,0.809139482083181
"zBRT_Santos (2018)","zBRT","Santos (2018)",0.01,0.44,2015,"BBmsy",0.275490369334968,0.135039402321074,0.82816066160739
"zBRT_Santos (2018)","zBRT","Santos (2018)",0.01,0.44,2016,"BBmsy",0.372680053188365,0.188822197031539,0.950954695609371
"zBRT_Santos (2018)","zBRT","Santos (2018)",0.01,0.44,2017,"BBmsy",0.430691083547069,0.184645222432065,1.07482740134979
"zBRT_Santos (2018)","zBRT","Santos (2018)",0.01,0.44,2018,"BBmsy",0.497684910280113,0.17591155553995,1.19071123356685
"zBRT_Santos (2018)","zBRT","Santos (2018)",0.01,0.44,2019,"BBmsy",0.621079064474939,0.220630666036637,1.33530059166797
"zBRT_Santos (2018)","zBRT","Santos (2018)",0.01,0.44,2020,"BBmsy",0.72073563007463,0.222371154149381,1.47687797356443
"zBRT_Santos (2018)","zBRT","Santos (2018)",0.01,0.44,2021,"BBmsy",0.899189176913564,0.266503135441499,1.64294483607719
"zBRT_Santos (2018)","zBRT","Santos (2018)",0.01,0.44,2022,"BBmsy",1.11297395587644,0.382575668084648,1.93793964105922
"zBRT_Santos (2018)","zBRT","Santos (2018)",0.01,0.44,2023,"BBmsy",1.33066673526375,0.46373268866555,2.23845931611133
"zBRT_Santos (2018)","zBRT","Santos (2018)",0.01,0.44,2024,"BBmsy",1.55222095625718,0.553135496029218,2.53191499449396
"zBRT_Santos (2018)","zBRT","Santos (2018)",0.01,0.44,1989,"FFmsy",0.397292510818504,0.249633113757626,0.659873159586033
"zBRT_Santos (2018)","zBRT","Santos (2018)",0.01,0.44,1990,"FFmsy",0.26680997193416,0.160707852570921,0.453164553190559
"zBRT_Santos (2018)","zBRT","Santos (2018)",0.01,0.44,1991,"FFmsy",0.361536911220458,0.212209133629168,0.632930159378138
"zBRT_Santos (2018)","zBRT","Santos (2018)",0.01,0.44,1992,"FFmsy",0.627355707713823,0.375290307404567,1.03809569267184
"zBRT_Santos (2018)","zBRT","Santos (2018)",0.01,0.44,1993,"FFmsy",0.442565033340483,0.263814553972224,0.706009557630101
"zBRT_Santos (2018)","zBRT","Santos (2018)",0.01,0.44,1994,"FFmsy",0.604682989332721,0.370777451414754,0.924009730322052
"zBRT_Santos (2018)","zBRT","Santos (2018)",0.01,0.44,1995,"FFmsy",0.515118112984063,0.318360406180398,0.764351463050922
"zBRT_Santos (2018)","zBRT","Santos (2018)",0.01,0.44,1996,"FFmsy",0.57349346488531,0.360458607605724,0.820946171670413
"zBRT_Santos (2018)","zBRT","Santos (2018)",0.01,0.44,1997,"FFmsy",1.0005139602709,0.634637864794375,1.40388464913575
"zBRT_Santos (2018)","zBRT","Santos (2018)",0.01,0.44,1998,"FFmsy",1.15812970923768,0.721684152525501,1.57556511680891
"zBRT_Santos (2018)","zBRT","Santos (2018)",0.01,0.44,1999,"FFmsy",1.22561290953295,0.73721423325478,1.60168569919068
"zBRT_Santos (2018)","zBRT","Santos (2018)",0.01,0.44,2000,"FFmsy",0.977485238358549,0.569989894166916,1.24424609453422
"zBRT_Santos (2018)","zBRT","Santos (2018)",0.01,0.44,2001,"FFmsy",0.74300633435863,0.439942744647146,0.917883393977655
"zBRT_Santos (2018)","zBRT","Santos (2018)",0.01,0.44,2002,"FFmsy",1.14217778532711,0.715839144813354,1.40494256767181
"zBRT_Santos (2018)","zBRT","Santos (2018)",0.01,0.44,2003,"FFmsy",1.00210704151252,0.619854295774118,1.21785519455243
"zBRT_Santos (2018)","zBRT","Santos (2018)",0.01,0.44,2004,"FFmsy",0.961866211087187,0.604092830374832,1.17618566358996
"zBRT_Santos (2018)","zBRT","Santos (2018)",0.01,0.44,2005,"FFmsy",1.19654454830801,0.777003233226744,1.47416697940885
"zBRT_Santos (2018)","zBRT","Santos (2018)",0.01,0.44,2006,"FFmsy",1.53310995530051,0.990840107142677,1.87523106472758
"zBRT_Santos (2018)","zBRT","Santos (2018)",0.01,0.44,2007,"FFmsy",1.93222253496993,1.2231820354491,2.28956597754498
"zBRT_Santos (2018)","zBRT","Santos (2018)",0.01,0.44,2008,"FFmsy",2.02144920139747,1.19604682200377,2.31563795539575
"zBRT_Santos (2018)","zBRT","Santos (2018)",0.01,0.44,2009,"FFmsy",1.73677442075065,0.99386033647111,2.00955462058171
"zBRT_Santos (2018)","zBRT","Santos (2018)",0.01,0.44,2010,"FFmsy",1.72051995691456,0.98895195588872,2.02300105707841
"zBRT_Santos (2018)","zBRT","Santos (2018)",0.01,0.44,2011,"FFmsy",2.149314884597,1.2391009741092,2.58318356908107
"zBRT_Santos (2018)","zBRT","Santos (2018)",0.01,0.44,2012,"FFmsy",3.04757577072777,1.61242770425534,3.80136654365013
"zBRT_Santos (2018)","zBRT","Santos (2018)",0.01,0.44,2013,"FFmsy",3.66267934072823,1.58061541951913,5.42790262165004
"zBRT_Santos (2018)","zBRT","Santos (2018)",0.01,0.44,2014,"FFmsy",3.17904829917964,1.12796098562113,6.59348550343454
"zBRT_Santos (2018)","zBRT","Santos (2018)",0.01,0.44,2015,"FFmsy",1.32842539073286,0.491053274671715,2.67850108394446
"zBRT_Santos (2018)","zBRT","Santos (2018)",0.01,0.44,2016,"FFmsy",0.980814412056963,0.402916474214313,1.90469459234088
"zBRT_Santos (2018)","zBRT","Santos (2018)",0.01,0.44,2017,"FFmsy",0.860341605983177,0.362810381281084,1.98106855059207
"zBRT_Santos (2018)","zBRT","Santos (2018)",0.01,0.44,2018,"FFmsy",0.627672020848801,0.285191487202207,1.74388379115632
"zBRT_Santos (2018)","zBRT","Santos (2018)",0.01,0.44,2019,"FFmsy",0.741655797205935,0.351393404444244,2.04042998867616
"zBRT_Santos (2018)","zBRT","Santos (2018)",0.01,0.44,2020,"FFmsy",0.323993819329846,0.161906927796266,1.06296802626991
"zBRT_Santos (2018)","zBRT","Santos (2018)",0.01,0.44,2021,"FFmsy",0.102421704903465,0.0552911168246735,0.325314743077598
"zBRT_Santos (2018)","zBRT","Santos (2018)",0.01,0.44,2022,"FFmsy",0.0909471905911168,0.0515614010423893,0.25758043388562
"zBRT_Santos (2018)","zBRT","Santos (2018)",0.01,0.44,2023,"FFmsy",0.107173279495576,0.061883641786404,0.296652507917467
"zBRT_Vieira (2019)","zBRT","Vieira (2019)",0.01,0.44,1989,"BK",0.653551503733898,0.508416749460898,0.791388298616807
"zBRT_Vieira (2019)","zBRT","Vieira (2019)",0.01,0.44,1990,"BK",0.580018234130545,0.433407247800284,0.725051964795181
"zBRT_Vieira (2019)","zBRT","Vieira (2019)",0.01,0.44,1991,"BK",0.532308054077129,0.378331483069053,0.688185260197851
"zBRT_Vieira (2019)","zBRT","Vieira (2019)",0.01,0.44,1992,"BK",0.528201461807618,0.399124272295471,0.6629737538287
"zBRT_Vieira (2019)","zBRT","Vieira (2019)",0.01,0.44,1993,"BK",0.492424019190253,0.377224897626164,0.615348340318145
"zBRT_Vieira (2019)","zBRT","Vieira (2019)",0.01,0.44,1994,"BK",0.496461809181759,0.397501301744525,0.594083708775974
"zBRT_Vieira (2019)","zBRT","Vieira (2019)",0.01,0.44,1995,"BK",0.473884578386472,0.383806026489932,0.558880072492298
"zBRT_Vieira (2019)","zBRT","Vieira (2019)",0.01,0.44,1996,"BK",0.474063018352901,0.386169714426104,0.54648361289
"zBRT_Vieira (2019)","zBRT","Vieira (2019)",0.01,0.44,1997,"BK",0.46722172184159,0.380303587188204,0.535591592439791
"zBRT_Vieira (2019)","zBRT","Vieira (2019)",0.01,0.44,1998,"BK",0.401276088471984,0.329655761815574,0.471349912755029
"zBRT_Vieira (2019)","zBRT","Vieira (2019)",0.01,0.44,1999,"BK",0.334698491966182,0.272018293306998,0.416148659954225
"zBRT_Vieira (2019)","zBRT","Vieira (2019)",0.01,0.44,2000,"BK",0.284518370477168,0.223096636748421,0.369424312219818
"zBRT_Vieira (2019)","zBRT","Vieira (2019)",0.01,0.44,2001,"BK",0.279440522853836,0.218658383156181,0.353195129950745
"zBRT_Vieira (2019)","zBRT","Vieira (2019)",0.01,0.44,2002,"BK",0.298452420706555,0.238121363978585,0.369961885529946
"zBRT_Vieira (2019)","zBRT","Vieira (2019)",0.01,0.44,2003,"BK",0.278972959754247,0.220775190275312,0.343157068897758
"zBRT_Vieira (2019)","zBRT","Vieira (2019)",0.01,0.44,2004,"BK",0.277539924827843,0.219997374844821,0.344023752761565
"zBRT_Vieira (2019)","zBRT","Vieira (2019)",0.01,0.44,2005,"BK",0.280023069098084,0.222075710020149,0.34639516563833
"zBRT_Vieira (2019)","zBRT","Vieira (2019)",0.01,0.44,2006,"BK",0.261602415012647,0.206521259522362,0.328535622527027
"zBRT_Vieira (2019)","zBRT","Vieira (2019)",0.01,0.44,2007,"BK",0.223122796380222,0.17105245757503,0.291708513883038
"zBRT_Vieira (2019)","zBRT","Vieira (2019)",0.01,0.44,2008,"BK",0.177007580938146,0.129992318271032,0.244166719276234
"zBRT_Vieira (2019)","zBRT","Vieira (2019)",0.01,0.44,2009,"BK",0.149072633688973,0.103441816708646,0.218448832815633
"zBRT_Vieira (2019)","zBRT","Vieira (2019)",0.01,0.44,2010,"BK",0.15223623273175,0.103919458146373,0.213742780292293
"zBRT_Vieira (2019)","zBRT","Vieira (2019)",0.01,0.44,2011,"BK",0.152378225871608,0.10283812078111,0.210648443188731
"zBRT_Vieira (2019)","zBRT","Vieira (2019)",0.01,0.44,2012,"BK",0.127195537490383,0.0859088288291828,0.194805007756637
"zBRT_Vieira (2019)","zBRT","Vieira (2019)",0.01,0.44,2013,"BK",0.0813127928192439,0.0444207154934931,0.152407956223204
"zBRT_Vieira (2019)","zBRT","Vieira (2019)",0.01,0.44,2014,"BK",0.0545707647583289,0.0226544208895819,0.133187453548429
"zBRT_Vieira (2019)","zBRT","Vieira (2019)",0.01,0.44,2015,"BK",0.0629719363641031,0.0306259744099379,0.136690733001576
"zBRT_Vieira (2019)","zBRT","Vieira (2019)",0.01,0.44,2016,"BK",0.0922299179109624,0.0486679843887458,0.166094197079162
"zBRT_Vieira (2019)","zBRT","Vieira (2019)",0.01,0.44,2017,"BK",0.105056701181727,0.0442314561841082,0.195726852802378
"zBRT_Vieira (2019)","zBRT","Vieira (2019)",0.01,0.44,2018,"BK",0.122566620482697,0.0416087775910242,0.226254626926188
"zBRT_Vieira (2019)","zBRT","Vieira (2019)",0.01,0.44,2019,"BK",0.157980241024211,0.0606462372830323,0.260645722494158
"zBRT_Vieira (2019)","zBRT","Vieira (2019)",0.01,0.44,2020,"BK",0.190007809291947,0.0584990831966953,0.288920725458841
"zBRT_Vieira (2019)","zBRT","Vieira (2019)",0.01,0.44,2021,"BK",0.244994300821848,0.0733626427652961,0.332567205840922
"zBRT_Vieira (2019)","zBRT","Vieira (2019)",0.01,0.44,2022,"BK",0.316155780428413,0.116030398249725,0.381812543089813
"zBRT_Vieira (2019)","zBRT","Vieira (2019)",0.01,0.44,2023,"BK",0.390229825570852,0.159801149578806,0.43869918834791
"zBRT_Vieira (2019)","zBRT","Vieira (2019)",0.01,0.44,2024,"BK",0.451997219323326,0.211439249792934,0.525535085251758
"zBRT_Vieira (2019)","zBRT","Vieira (2019)",0.01,0.44,1989,"BBmsy",2.49278990674597,1.54523434897501,4.96079758352464
"zBRT_Vieira (2019)","zBRT","Vieira (2019)",0.01,0.44,1990,"BBmsy",2.18758052404655,1.30677629968946,4.56020304488876
"zBRT_Vieira (2019)","zBRT","Vieira (2019)",0.01,0.44,1991,"BBmsy",2.00539332445254,1.12841416667757,4.3202298951733
"zBRT_Vieira (2019)","zBRT","Vieira (2019)",0.01,0.44,1992,"BBmsy",1.96304349651959,1.21011919993423,4.16934473675712
"zBRT_Vieira (2019)","zBRT","Vieira (2019)",0.01,0.44,1993,"BBmsy",1.82786290473842,1.15751996235064,3.8721329518362
"zBRT_Vieira (2019)","zBRT","Vieira (2019)",0.01,0.44,1994,"BBmsy",1.84740648320107,1.23432177096814,3.7618303316731
"zBRT_Vieira (2019)","zBRT","Vieira (2019)",0.01,0.44,1995,"BBmsy",1.77429670653879,1.22486096955578,3.52108961709186
"zBRT_Vieira (2019)","zBRT","Vieira (2019)",0.01,0.44,1996,"BBmsy",1.77818374147182,1.26675472152066,3.39452089241271
"zBRT_Vieira (2019)","zBRT","Vieira (2019)",0.01,0.44,1997,"BBmsy",1.75475035154442,1.28867583099709,3.2367961445418
"zBRT_Vieira (2019)","zBRT","Vieira (2019)",0.01,0.44,1998,"BBmsy",1.50601400217517,1.12105792189687,2.78342992904653
"zBRT_Vieira (2019)","zBRT","Vieira (2019)",0.01,0.44,1999,"BBmsy",1.25907636853676,0.934028340525687,2.35909539158535
"zBRT_Vieira (2019)","zBRT","Vieira (2019)",0.01,0.44,2000,"BBmsy",1.07643895823325,0.787796845058346,2.0830870195072
"zBRT_Vieira (2019)","zBRT","Vieira (2019)",0.01,0.44,2001,"BBmsy",1.04856381604718,0.799526907571799,1.98779714626053
"zBRT_Vieira (2019)","zBRT","Vieira (2019)",0.01,0.44,2002,"BBmsy",1.11630628507471,0.896302299885798,2.01444660410367
"zBRT_Vieira (2019)","zBRT","Vieira (2019)",0.01,0.44,2003,"BBmsy",1.04357497269393,0.842184995024025,1.90091251471558
"zBRT_Vieira (2019)","zBRT","Vieira (2019)",0.01,0.44,2004,"BBmsy",1.04039025999046,0.853403236550858,1.85131670769577
"zBRT_Vieira (2019)","zBRT","Vieira (2019)",0.01,0.44,2005,"BBmsy",1.05080422251262,0.879231709295565,1.80682171125494
"zBRT_Vieira (2019)","zBRT","Vieira (2019)",0.01,0.44,2006,"BBmsy",0.984134195103638,0.83460180562709,1.66405115978931
"zBRT_Vieira (2019)","zBRT","Vieira (2019)",0.01,0.44,2007,"BBmsy",0.839642556588917,0.719525596430877,1.44346988898467
"zBRT_Vieira (2019)","zBRT","Vieira (2019)",0.01,0.44,2008,"BBmsy",0.658618238647786,0.558980617113329,1.21580970297664
"zBRT_Vieira (2019)","zBRT","Vieira (2019)",0.01,0.44,2009,"BBmsy",0.558870912769092,0.463153291302061,1.06147596847283
"zBRT_Vieira (2019)","zBRT","Vieira (2019)",0.01,0.44,2010,"BBmsy",0.557762114203361,0.488477654869353,1.02697703091509
"zBRT_Vieira (2019)","zBRT","Vieira (2019)",0.01,0.44,2011,"BBmsy",0.556274396930157,0.48960928077241,1.00848810935021
"zBRT_Vieira (2019)","zBRT","Vieira (2019)",0.01,0.44,2012,"BBmsy",0.472202676846507,0.393754442042575,0.885197520822402
"zBRT_Vieira (2019)","zBRT","Vieira (2019)",0.01,0.44,2013,"BBmsy",0.30730166693729,0.201977757665378,0.705792846857058
"zBRT_Vieira (2019)","zBRT","Vieira (2019)",0.01,0.44,2014,"BBmsy",0.212755995386854,0.0977603409477696,0.6292615455036
"zBRT_Vieira (2019)","zBRT","Vieira (2019)",0.01,0.44,2015,"BBmsy",0.242404555638603,0.120638594621548,0.693547912614666
"zBRT_Vieira (2019)","zBRT","Vieira (2019)",0.01,0.44,2016,"BBmsy",0.354288424707248,0.183871861741656,0.899056090581759
"zBRT_Vieira (2019)","zBRT","Vieira (2019)",0.01,0.44,2017,"BBmsy",0.409487006736013,0.151591355027847,1.09312632155893
"zBRT_Vieira (2019)","zBRT","Vieira (2019)",0.01,0.44,2018,"BBmsy",0.48156331980633,0.148276027296246,1.26926447448405
"zBRT_Vieira (2019)","zBRT","Vieira (2019)",0.01,0.44,2019,"BBmsy",0.628320095455204,0.21612986325105,1.4677879564655
"zBRT_Vieira (2019)","zBRT","Vieira (2019)",0.01,0.44,2020,"BBmsy",0.735594358594066,0.212810701555737,1.62023022150066
"zBRT_Vieira (2019)","zBRT","Vieira (2019)",0.01,0.44,2021,"BBmsy",0.911155930531723,0.275046030223958,1.86273555572327
"zBRT_Vieira (2019)","zBRT","Vieira (2019)",0.01,0.44,2022,"BBmsy",1.16690417245987,0.454619886896382,2.17614264880525
"zBRT_Vieira (2019)","zBRT","Vieira (2019)",0.01,0.44,2023,"BBmsy",1.43262043821938,0.617241167033028,2.53686510765613
"zBRT_Vieira (2019)","zBRT","Vieira (2019)",0.01,0.44,2024,"BBmsy",1.69053476042106,0.817896920954479,2.84081683713588
"zBRT_Vieira (2019)","zBRT","Vieira (2019)",0.01,0.44,1989,"FFmsy",0.368058958455857,0.214131812341868,0.578916515943909
"zBRT_Vieira (2019)","zBRT","Vieira (2019)",0.01,0.44,1990,"FFmsy",0.250047749115259,0.138632134875623,0.405321303392409
"zBRT_Vieira (2019)","zBRT","Vieira (2019)",0.01,0.44,1991,"FFmsy",0.345070312931541,0.183810568588356,0.576474739957434
"zBRT_Vieira (2019)","zBRT","Vieira (2019)",0.01,0.44,1992,"FFmsy",0.598448866409984,0.324790519898944,0.941179676441121
"zBRT_Vieira (2019)","zBRT","Vieira (2019)",0.01,0.44,1993,"FFmsy",0.424491796420433,0.229284437844915,0.645208032463874
"zBRT_Vieira (2019)","zBRT","Vieira (2019)",0.01,0.44,1994,"FFmsy",0.575245203270019,0.321898753177764,0.84328737275819
"zBRT_Vieira (2019)","zBRT","Vieira (2019)",0.01,0.44,1995,"FFmsy",0.489402902822714,0.278824905893308,0.691738536855473
"zBRT_Vieira (2019)","zBRT","Vieira (2019)",0.01,0.44,1996,"FFmsy",0.542828737124463,0.319076731385759,0.752089458030895
"zBRT_Vieira (2019)","zBRT","Vieira (2019)",0.01,0.44,1997,"FFmsy",0.941830223138056,0.565203107645545,1.29001115988354
"zBRT_Vieira (2019)","zBRT","Vieira (2019)",0.01,0.44,1998,"FFmsy",1.1110503590712,0.654774310144483,1.45430357033842
"zBRT_Vieira (2019)","zBRT","Vieira (2019)",0.01,0.44,1999,"FFmsy",1.19249430638762,0.686023712123247,1.51797579898295
"zBRT_Vieira (2019)","zBRT","Vieira (2019)",0.01,0.44,2000,"FFmsy",0.96177247894212,0.539320079257249,1.2151932121606
"zBRT_Vieira (2019)","zBRT","Vieira (2019)",0.01,0.44,2001,"FFmsy",0.731343113359709,0.417693110083272,0.889635762113675
"zBRT_Vieira (2019)","zBRT","Vieira (2019)",0.01,0.44,2002,"FFmsy",1.11683095464771,0.670934337097187,1.31967548583697
"zBRT_Vieira (2019)","zBRT","Vieira (2019)",0.01,0.44,2003,"FFmsy",0.979204457969595,0.592503686874093,1.14545981682412
"zBRT_Vieira (2019)","zBRT","Vieira (2019)",0.01,0.44,2004,"FFmsy",0.930661618411669,0.582868454846973,1.0943041640724
"zBRT_Vieira (2019)","zBRT","Vieira (2019)",0.01,0.44,2005,"FFmsy",1.14901673063217,0.743246791737786,1.36245752656917
"zBRT_Vieira (2019)","zBRT","Vieira (2019)",0.01,0.44,2006,"FFmsy",1.4757519431642,0.961230523621444,1.72559679180808
"zBRT_Vieira (2019)","zBRT","Vieira (2019)",0.01,0.44,2007,"FFmsy",1.88095002845933,1.18186497463075,2.11899793308425
"zBRT_Vieira (2019)","zBRT","Vieira (2019)",0.01,0.44,2008,"FFmsy",2.02092738066716,1.17801659884363,2.23656533127762
"zBRT_Vieira (2019)","zBRT","Vieira (2019)",0.01,0.44,2009,"FFmsy",1.77012915992866,1.04557084425236,1.98856324365636
"zBRT_Vieira (2019)","zBRT","Vieira (2019)",0.01,0.44,2010,"FFmsy",1.72618069512276,1.04442833133101,1.90645002817528
"zBRT_Vieira (2019)","zBRT","Vieira (2019)",0.01,0.44,2011,"FFmsy",2.1403492543296,1.28791424714046,2.41217163438262
"zBRT_Vieira (2019)","zBRT","Vieira (2019)",0.01,0.44,2012,"FFmsy",3.0857603468338,1.71685313538414,3.59524950384845
"zBRT_Vieira (2019)","zBRT","Vieira (2019)",0.01,0.44,2013,"FFmsy",4.03564682313021,1.76175335474617,5.88543161753059
"zBRT_Vieira (2019)","zBRT","Vieira (2019)",0.01,0.44,2014,"FFmsy",3.75647520158752,1.27889836733782,7.81330395366855
"zBRT_Vieira (2019)","zBRT","Vieira (2019)",0.01,0.44,2015,"FFmsy",1.47819519303888,0.523638035920522,2.85537224785408
"zBRT_Vieira (2019)","zBRT","Vieira (2019)",0.01,0.44,2016,"FFmsy",1.02116456256673,0.415773441808985,1.84567895492298
"zBRT_Vieira (2019)","zBRT","Vieira (2019)",0.01,0.44,2017,"FFmsy",0.893894695071546,0.349916322297094,2.23291987964969
"zBRT_Vieira (2019)","zBRT","Vieira (2019)",0.01,0.44,2018,"FFmsy",0.641661525136128,0.254471191929506,1.94734622902303
"zBRT_Vieira (2019)","zBRT","Vieira (2019)",0.01,0.44,2019,"FFmsy",0.725900405596866,0.320886180660659,1.94716178275698
"zBRT_Vieira (2019)","zBRT","Vieira (2019)",0.01,0.44,2020,"FFmsy",0.314598196764304,0.147940968206828,1.04012196727029
"zBRT_Vieira (2019)","zBRT","Vieira (2019)",0.01,0.44,2021,"FFmsy",0.0980144548522518,0.0493642740620939,0.308175595102613
"zBRT_Vieira (2019)","zBRT","Vieira (2019)",0.01,0.44,2022,"FFmsy",0.0849311430209267,0.0464709179003754,0.201997730815805
"zBRT_Vieira (2019)","zBRT","Vieira (2019)",0.01,0.44,2023,"FFmsy",0.096645004231292,0.0569090748436838,0.209631402779576
